:081000006F401036245300205C
:101008000000000000000000A0000020D80D002013
:10101800A9BDF9F3980E00200000000000000000B0
:10102800980E0020A0000020000000000000000032
:10103800A000002000000000A00000200000000028
:10104800A0000020A0000020A0000020A000002098
:10105800A000002078110020A0000020000000005F
:10106800A0000020A000002008110020A0000020FF
:10107800500F0020A0000020A0000020A0000020A9
:10108800A0000020A0000020A0000020A000002058
:10109800A0000020A0000020A0000020A000002048
:1010A80001A0B7170040984B41111367070198CB6F
:1010B80003C707011377E70F2388E70013078008A2
:1010C80073370780137787083AC60F100000130795
:1010D80070052380E704130780FA2380E7040F10C4
:1010E8000000B847B70600069506558FB8C703C76E
:1010F800B7041377F70DA385E70403C7A7001367A1
:1011080027012385E700130750142394E7003727A6
:1011180000408346578093F6F60EA302D78089468F
:10112800A303D78003C7E7041377C70F1367170014
:101138002387E70403C7F70213672700A387E7029B
:1011480003C70701136717002388E70023800704F4
:10115800B247F3A707800F10000041018280EFF02B
:101168005FF4171500E01305650B970500009385DC
:10117800650A175600001306669E63FAC5008322A7
:10118800050023A0550011059105E3EAC5FE176582
:1011980003E013052524975500009385259C1386A5
:1011A800C19D63FAC5008322050023A055001105DF
:1011B8009105E3EAC5FE1385019E972501009385F5
:1011C800E5C56377B500232005001105E36DB5FE7D
:1011D80093025002739002BC8D4273904280854204
:1011E800739012BC8962938282887390023097024E
:1011F8000000938222E193E232007390523097E22A
:1012080000E09382A23573901234730020300000FE
:101218004111B7170040985F3AC6945F3247E39C84
:10122800E6FE3245410182804111814601468145F1
:10123800114506C6EF106008B72700401147238301
:10124800E780B7F700E0938707D0984B6D9B98CB62
:10125800984B5D9B98CB7300501001000100B24081
:1012680041018280397122DC4ED652D406DE26DA5C
:101278004AD8B7190040372A0040014681468145BF
:10128800114503D4890003497A8083445A80EF10BA
:10129800C00291472303FA8003C6E90483C7A90063
:1012A80042044180A18B1379F90F93F4F40F13765C
:1012B800F60F99E31366360013078008F3370780A3
:1012C80093F787083EC60F100000B7170040930633
:1012D80070052380D704930580FA2380B7040F1084
:1012E8000000238207022380070432457325058006
:1012F8000F10000073350780137585082AC80F1072
:1013080000002380D7042380B7040F100000238730
:10131800C704238007044246732606800F10000086
:1013280003D68700137606206DC6733707801377B8
:1013380087083ACA0F1000002380D7042380B70417
:101348000F10000003C7F7001377C70FA387E70044
:1013580003C7F70013671700A387E7003727004084
:10136800A303D7808346578093F6F60EA302D7804F
:10137800130780202394E70023800704D247F3A7AC
:1013880007800F100000B7F700E0938707D0984B4D
:101398001367470098CB984B5D9B98CB7300501010
:1013A8000100010013070010937704306397E700EA
:1013B800930780020100FD17F5FF93078008F3B734
:1013C800078093F787083ECE0F100000B71700403C
:1013D800130770052380E704130780FA2380E704C6
:1013E8000F10000037270040A3032781A30297802E
:1013F8002394870023800704F247F3A707800F1080
:101408000000F2506254D2544259B259225A216112
:10141800828073370780137787083ACC0F10000053
:101428002380D7042380B7040F10000003C7F700F8
:101438001377C70FA387E70003C7F70013671700E1
:10144800A387E70037270040A303D7808346578048
:1014580093F6F60EA302D78011472394E700238062
:101468000704E24729BFB717004083D5870037270D
:10147800004003C8A70083C6E70403437780834876
:101488005780C2050111C1811378F80F93E6360021
:101498001373F30F93F8F80F130780087336078058
:1014A8001376860832C20F100000130E70052380D1
:1014B800C705130680FA2380C7040F100000238293
:1014C800070223800704924EF3AE0E800F1000002F
:1014D80073370780137787083AC40F1000002380FA
:1014E800C7052380C7040F1000002387D704238073
:1014F80007042247732707800F100000B7F600E0A3
:1015080003A706D11367470023A8E6D003D707022D
:1015180083A6019EB707800013770760F58F498F70
:1015280063910718E57791075D8F4207418393061A
:101538008008F3B7068093F787083EC60F100000AF
:10154800B7170040130670052380C704130E80FAEE
:101558002380C7050F1000002390E70203C7A700E8
:10156800136727002385E700238007043247732782
:1015780007800F10000003D7870013770720630642
:101588000712F3B6068093F6860836C80F100000D7
:101598002380C7042380C7050F10000003C7F70086
:1015A8001377C70FA387E70003C7F7001367170070
:1015B800A387E70037270040A303C78083465780E7
:1015C80093F6F60EA302D780130780202394E70032
:1015D80023800704C247F3A707800F10000037F7DE
:1015E80000E0832707D1DD9B2328F7D07300501034
:1015F80001000100218909C9B797004023AE0712ED
:10160800B7C7004023AA072493F705301307001033
:101618006397E700930780020100FD17F5FF1307A2
:101628008008F337078093F787083ECC0F10000037
:10163800B7170040130670052380C704930680FA85
:101648002380D7040F10000037250040A3036580CE
:10165800A30215812394B70023850701238007047B
:10166800E245F3A505800F10000073370780137754
:1016780087083ACE0F1000002380C7042380D704C0
:101688000F10000003D70702460745832390E7029F
:1016980023800704F247F3A707800F1000000561B5
:1016A8008280F177FD177D8FB5BDF3B6068093F67E
:1016B800860836CA0F1000002380C7042380C70598
:1016C8000F10000003C7F7001377C70FA387E700C1
:1016D80003C7F70013671700A387E7003727004001
:1016E800A303C7808346578093F6F60EA302D780DC
:1016F80011472394E70023800704D247E9BD797195
:1017080022D426D2814601468145AA843714004056
:10171800114506D64AD0EF00503A0349E4021305B2
:101728008015DD2E1379C90F1369190093078008F6
:1017380073B70780137787083AC60F10000013069F
:1017480070052300C404930680FA2300D4040F1004
:101758000000230204022300040432477327078091
:101768000F10000073B70780137787083AC80F1067
:1017780000002300C4042300D4040F100000230732
:101788002403230004044247732707800F10000036
:1017980037F700E0130707D00C4B93E545000CCB57
:1017A800F3B5078093F585082ECA0F1000002300B3
:1017B800C4042300D4040F1000008345F40093E50B
:1017C8000504A307B40023000404D245F3A505804B
:1017D8000F100000F3B5078093F585082ECC0F1085
:1017E80000002300C4042300D4040F100000A165E6
:1017F800CD8C2310940223000404E245F3A5058050
:101808000F1000000C4BDD990CCB73005010010039
:101818000100F3B7078093F787083ECE0F1000004A
:101828002300C4042300D4040F100000FD5723161E
:10183800F4028347640493E717002303F4042300A6
:101848000404F247F3A707800F100000B250225497
:1018580092540259456182800111814601468145B1
:10186800114506CEEF007025B727004011472383A6
:10187800E780B717004083C6E70483C7A70093F63D
:10188800F60FA18B99E393E6360013078008F33728
:10189800078093F787083EC20F100000B717004073
:1018A800130670052380C704930580FA2380B704C4
:1018B8000F100000238207022380070412457325B6
:1018C80005800F10000073350780137585082AC43A
:1018D8000F1000002380C7042380B7040F100000F6
:1018E8002387D70423800704A246F3A606800F1097
:1018F800000073370780137787083AC60F10000077
:101908002380C7042380B7040F10000003C7F70023
:101918001377C70FA387E70003C7F70013671700FC
:10192800A387E70037270040A303C7808346578073
:1019380093F6F60EA302D78011472394E70023807D
:101948000704B247F3A707800F100000B7F700E0BD
:10195800938707D0984B1367470098CB984B13672A
:10196800870298CB984B1367870098CB7300501069
:10197800984B1367870098CB730050100100010043
:10198800F24005618280411113068008F337068012
:1019980093F787083EC00F100000B7170040930563
:1019A80070052380B704130880FA238007050F10F9
:1019B8000000238207022380070402477327078059
:1019C8000F100000B7F600E0938606D0984AF17829
:1019D800FD181367470098CA03D7070213770760F3
:1019E800498F33771701E578910833671701420764
:1019F8004183F338068093F8880846C20F10000028
:101A08002380B704238007050F1000002390E70206
:101A180003C7A700136727002385E700238007046F
:101A28001247732707800F1000007336068013765D
:101A3800860832C40F1000002380B70423800705EE
:101A48000F10000003C7F7001377C70FA387E7003D
:101A580003C7F70013671700A387E700372700407D
:101A6800A303B780034657801376F60EA302C780F8
:101A780011472394E70023800704A247F3A70780B0
:101A88000F1000009C4A93E787029CCA9C4A93E780
:101A980087009CCA730050109C4A93E787009CCA31
:101AA8007300501001000100218909C9B79700404F
:101AB80023AE0712B7C7004023AA0724930780085C
:101AC800F3B7078093F787083EC60F100000B717D3
:101AD8000040130770052380E704130780FA23806A
:101AE800E7040F10000003D7070246074583239039
:101AF800E70223800704B247F3A707800F1000000E
:101B0800410182809387419E984309C79C438297ED
:101B180023A2019E73002030B7F70700DC53411160
:101B280023A0F19EB7170040984B1367070198CB85
:101B380003C707011377E70F2388E7001307800817
:101B480073370780137787083AC60F10000013070A
:101B580070052380E704130780FA2380E7040F1039
:101B680000001307000C6319E50203D78700136709
:101B7800070C2394E700B717004003C70701136752
:101B880017002388E70023800704B247F3A70780DC
:101B98000F1000004101828003C7A700937605203B
:101BA800C9C2118B39E703C7E70403C6E7041377F3
:101BB800F70F136636002387C70403C6A70013660A
:101BC80046002385C70003D6870083D587004206D1
:101BD80093E5050C2394B7004182A5470100FD1742
:101BE80093F7F70FE5FFB71700402394C700238743
:101BF800E70493770510DDCB371700408347A7002C
:101C080093E707012305F7009377F50185E3B727E5
:101C1800004003C7578013670701A382E7801D4769
:101C280015A0136727002385E700E1B72547636BF5
:101C3800F704B727004003C757801377F70EA3822E
:101C4800E780054742054181A383E780B717004035
:101C58001367050C2394E7002394A700C9C203C7A0
:101C6800570483C65704418B858A558F09F703C7E4
:101C78002701418B09D303C7A7001377D70F238503
:101C8800E700D5BD9377050199EBB727004003C757
:101C980057801377F70EA382E780094765B7B72700
:101CA800004003C757801377F70E85BF93778501E8
:101CB80081EFB727004003C757801377F70EA38239
:101CC800E78013071005BDBFB727004003C757803B
:101CD8001377F70EA382E78013077005A5B703C72C
:101CE800A7001377B70F61BF37E700E01C435443E1
:101CF8007D56A183E206D58F9306071890C2D0C2FD
:101D080017060000130646E097F6FFFF9386862F16
:101D18008C5E90DE23A2A19E11661305071010C1E8
:101D2800130707201388419E10C30327080075FF77
:101D380037E700E011662320C7180F1000008CDE7B
:101D4800939687002320D710E1832322F7108280FF
:101D58000111814601468145114506CEB92B9307ED
:101D68008008F3B7078093F787083EC60F10000076
:101D7800B7170040130770052380E704130780FA9C
:101D88002380E7040F10000003C7670413671700D8
:101D98002383E70423800704B247F3A707800F10C3
:101DA8000000F2400561828037E700E01C4354439D
:101DB800A183E206D58F1CC1FD572320F7182322E3
:101DC800F718828013178500B7E700E023A0E71013
:101DD800618123A2A7108280411181460146814575
:101DE8001145E12913078008F337078093F787081F
:101DF8003EC40F100000B71700401306700523807B
:101E0800C704930680FA2380D7040F100000FD55FD
:101E18002396B70223800704A245F3A505800F1077
:101E2800000073370780137787083AC60F10000041
:101E38002380C7042380D7040F10000003C767045A
:101E4800136717002383E70423800704B247F3A727
:101E580007800F10000001A09307E0043305F50286
:101E680095473355F50201007D1575FD82804111B6
:101E780022C406C62A847D1442041305803E41808C
:101E8800E13F75F8B2402244410182802E96AA872C
:101E98000F70B678828000009305000273A0458019
:101EA80082457390153492402242B2424243D24353
:101EB8006244F244025592552256B2564257D257BE
:101EC8006258F25806499649264AB64A464BD64BB6
:101ED800664CF64C065D965D265EB65E465FD65F3E
:101EE8000961730020304111B7170040985F3AC666
:101EF800945F3247E39CE6FE324541018280B7E7B2
:101F080000E03707001023A0E720828041119307E3
:101F18008008F3B7078093F787083EC60F100000C4
:101F2800B7170040130770052380E704130780FAEA
:101F38002380E7040F100000C8DB23800704B247A2
:101F4800F3A707800F10000023A601A24101828099
:101F5800B7170040130700032388E702854723A625
:101F6800F1A273002030B717004083A7470C096718
:101F7800F98F639B0716797122D44AD006D626D2E8
:101F88004ECE52CC930730032A891304D5FC63E75D
:101F9800A7003704C0A81304D4FC2A9448002935A4
:101FA800EFF00FA7B307A4406376A400B707C0A853
:101FB800A297898F3747F6A68117130707C6637D4F
:101FC800F700124501350945B2502254925402597E
:101FD800F249624A4561828022850D3F130700035A
:101FE800B71700402388E702373700408347570078
:101FF80093F70704BDCB3714004083470403E20777
:10200800E18763CF070C6945BD3A8347E40493042D
:10201800800893E7370073B70480137787083AC4BA
:102028000F100000130A700523004405930980FA75
:10203800230034050F1000002307F40423000404D0
:10204800A247F3A707800F10000083470403E207A5
:10205800E18763CE070013058057FD3B1305503415
:10206800653C12458533014585B7010041B79307A3
:1020780000032308F4024A85513DF3B4048093F425
:10208800840826C60F1000002300440523003405E9
:102098000F1000008347A40093E787002305F4008E
:1020A80023000404B247F3A707800F1000008347FA
:1020B8000403E207E18763C40700EFF0EFF91305B3
:1020C8005034993CB7170040130700032388E702F0
:1020D8001245CD390545975000E0E78020C461B727
:1020E8001245CD310D45CDB501458280411122C43F
:1020F80006C637140040A301040497C000E0E78037
:10210800A0B7EF00D02BC5BF373700408347470043
:102118009946BD8B6394D70083475700B735004075
:10212800138701A8138811A89708010093884846C7
:102138001385E1A72DA003C68500834707008346C2
:1021480008001376F60F850793F7F70F639ED700FD
:10215800835705008507C207C1832310F50083C78D
:10216800A500F1FB7300203083460700C696238044
:10217800C6002300F700E5B7197106C212C416C6D7
:102188001AC81ECA22CC26CE2AD02ED232D436D68F
:102198003AD83EDA42DC46DECAC0CEC2D2C4D6C67F
:1021A800DAC8DECAE2CCE6CEEAD0EED2F2D4F6D66F
:1021B800FAD8FEDA938541A28841E70005009240EB
:1021C8002242B2424243D2436244F24402559255FB
:1021D8002256B2564257D2576258F2580649964983
:1021E800264AB64A464BD64B664CF64C065D965D7B
:1021F800265EB65E465FD65F096173002030230312
:10220800048015472303E48001002302A480828010
:1022180083076480E3CE07FE23030480828083075C
:102228006480E3CE07FE0345448082808307648090
:10223800E3CE07FE2302A4808280411126C44AC24D
:102248004EC006C61377F50BAD47AA892E8995446B
:102258006306F70019456537653F8D444E85453758
:10226800FD59FD1463983401B240A24412498249D1
:1022780041018280135509011375F50F453F220965
:10228800CDB7011126CC06CEB70408005137154545
:10229800BD37713769372AC6A53F32459377150090
:1022A80089EB136515001375F50FF240E2440561DB
:1022B8008280FD14E9FC0145CDBF3971B7F70700ED
:1022C80006DE26DC4ADA4ED852D656D45AD25ED02A
:1022D80062CE03AB47027D57B7E700E083AA070049
:1022E80022C603AA470023A0E71823A2E718B71BB2
:1022F8000040930770052380FB04930780FA23802E
:10230800FB0483C74B041147AA8993E7070E23826E
:10231800FB04372400401305F00F2303E4802E8CC0
:102328003289B684E93DED35938779FF93F7F70F46
:102338000947137BFB006362F712A14737070800C0
:102348006307FB00B70707003E9C378707007955EE
:10235800637EEC02B3878401636AF702A947639836
:10236800F90689E481446D3526850DA0E285094585
:10237800E93505090345F9FFFD14050C453D81C400
:102388009377FC0FFDF7F53D69FD7D55B7170040C4
:10239800130770052380E704130780FA2380E704F6
:1023A80003C74704418B2382E704F250B7E700E0F4
:1023B80023A0571123A24711E25432445259C2595B
:1023C800325AA25A125B825B724C21618280A54705
:1023D800639AF906A1478569631DFB029387F9FF94
:1023E800B3869700B374FC00B69493C7F7FFFD8CCF
:1023F80033FC8701416B856B9387F9FFB3F787013E
:1024080099E363FF340193D94900C147E3E637FFF5
:1024180091BF9307F00FE9B78567C169FD17C9B781
:102428001305800D6388690113050002638479012F
:1024380013051008E2851135A93521D94E9CB384BE
:102448003441C1B7E2852D45CD3BCA94E30C99F0E0
:102458000509F133A30FA9FED5BF9387F9FF93F7B9
:10246800F70F636FF70AA1476319FB06B707080060
:102478003E9C83C75B043707070093F7070299E37D
:1024880037870700B70708003E977955E370ECF0E7
:10249800B3079C00E36CF7EE8947639AF9048980D7
:1024A800D549E38104ECE2850945413B110903273D
:1024B800C9FF91472320E48003076480E34E07FEA9
:1024C80023033481FD17EDFBFD14110C81C49377B0
:1024D800FC0FE9FF7D3371F54DBD83C75B043707FA
:1024E800070093F70702D5F33787070079BF8547B9
:1024F800E384F9F2E2852D4589339389F4FFE38378
:1025080004E6313B93F7390091EB832604800327D7
:10251800090093074900E398E6E43E89CE84F1BFB9
:10252800B5476396F9001305900BD13925BDB1471E
:102538001305B00AE38BF9FE99476394F904A147A0
:102548006315FB00B70708003E9CE2852D45F53171
:1025580081440D4BA149E1316396640183270480CE
:102568002320F9008504E39834FF83270480131798
:102578002C01635507002312F900EDB32322F9005B
:10258800D5B39D476399F90281451305B0047531A8
:10259800BD442320090023220900FD59493193F73E
:1025A8007400CA9703C70700FD14398D2380A7005C
:1025B800E39634FF45BB91476399F900130560061C
:1025C8003D39B931130590098DB7E38D09D8F15418
:1025D80059BB23AC05FE1C4199E30CC182803E87A0
:1025E80083A787FFEDFF232CB7FE8280411126C207
:1025F800B7E400E04AC003A90400B707200006C6F4
:1026080022C43379F90023A0F4180F10000009E55B
:1026180023A02411014535A09565938505D0C98D62
:102628002A842105B3C5050833450508EF10902E07
:1026380065D1FD572320050042A17CA123A02411C8
:102648002105B2402244924402494101828041114D
:10265800B7E700E04AC003A9070026C237072000F1
:1026680006C622C4AA843379E90023A0E7180F100C
:10267800000083A781A80144014685E301C8A2851B
:10268800138581A897E000E0E780A0A2A1652685D0
:1026980097E000E0E780E0F30DA003C7E7FF6319C8
:1026A800970205CCA285138581A897E000E0E78012
:1026B80040A0A1652685EF208015B24022852244DE
:1026C800B7E700E023A02711924402494101828024
:1026D80011E03E8683A787FF4DB73E84E5BF37E705
:1026E80000E01C43B70620002320D718F58F0F10F1
:1026F800000019C191C111E637E700E02320F71067
:1027080082802E960F70B650D5BF37E700E01C4385
:10271800B70620002320D718F58F0F10000019C125
:10272800014785E137E700E02320F7108280B38670
:10273800E50003A80600B306E5007D1623A0060100
:10274800110775F6C5B737E700E01C43B706200048
:102758002320D718F58F0F10000001C53307C500D7
:1027680011E637E700E02320F71082800505A30F64
:10277800B5FEE31DE5FEF5B7B7E600E09C42370677
:1027880020002A87F18F23A0C6180F1000000145EA
:10279800B306A7008386060091E637E700E023200A
:1027A800F71082800505EDB70111B7E700E026CAEA
:1027B80084434AC83707200006CE22CC2A892E86B1
:1027C800F98C23A0E7180F1000009305F00432C617
:1027D80033450608EF1010142A8401C53246CA850D
:1027E800FD3DF24022856244B7E700E023A0971040
:1027F8004249D2440561828037E700E01C43B706AE
:1028080020002320D718F58F0F10000001C599C1AB
:10281800014711EA37E700E02320F71005458280D9
:102828000507E309E6FE3308E500B386E50003483B
:1028380008009422E306D8FE37E700E02320F710CB
:102848000145828037E700E01C43B70620002320BB
:10285800D718F58F0F1000001307F6FFBA952A96C0
:102868006317C50037E700E02320F710828098211E
:10287800FD150505A30FE5FEE5B737E700E01C43A6
:10288800B70620002320D718F58F0F10000001C5C8
:102898003307C50019E637E700E02320F7100145A4
:1028A800828014210505E398B6FEE31CE5FE37E7B0
:1028B80000E02320F71005458280797126D29384A1
:1028C80001AA22D4804006D64AD04ECE52CC56CA4F
:1028D8005AC85EC662C44DC437C9C901814B138B3F
:1028E80081A91309F937170A0100130AAAEF970AF1
:1028F8000100938AAAEC970901009389A9F33E2065
:1029080099EF5C44639A0B009CC0032CC400228599
:10291800EF10B00C628489A823A6FB00FDB78327BB
:102928000B0082971C443307F5406376F50003A734
:1029380089001D8F2A976368E9062E200820EF106A
:10294800106D5C405844A9CB0C44170601000326BF
:10295800E6EEAE97BE8663E4B70063E4C700B386CD
:10296800C74014C4A28B3A8459F8170701000327FB
:10297800E7E5894763E6E7009707010023A807E42E
:10298800B250225492540259F249624AD24A424BF6
:10299800B24B224C4561828063940B0098C0B5B756
:1029A80023A6EB009DB703274A021DCB63EDA702C0
:1029B8003385A7401C2099EF03479A0183A6890015
:1029C8006117B307A7003E8563E4E70063E4D70017
:1029D8003385D74083A70A016374F50023A8AA00AA
:1029E800A28B404451B703A78900BA97D1B7011108
:1029F80026CA06CE970401009384C4E322CC4AC8B1
:102A08004EC652C49C288844D9CFB7E700E003A932
:102A180007003707200023A0E7183379E9000F10D3
:102A2800000003C701A919CB23A02711F240624473
:102A3800D2444249B249224A0561828017070100FF
:102A48001307C7108357C70AA1CB9C440324870ADE
:102A58006304F40497090100938949D603A709017F
:102A68002285630BF702138A81A983270A008297BC
:102A78006368A40C83270A00098C829783A709013D
:102A880098443354F40AB307A4003E8563E48700EE
:102A980063E4E7003385E740B7E700E023A02711A8
:102AA8009C44639BA70217040100130424D118480F
:102AB80083A781A96319A70882979444374736FEEC
:102AC800130707C83697B307A7003E8563E4E700F6
:102AD80063E4D7003385D740170401001304042AA0
:102AE8005C5C89CB83A6C1BB9C463707CDFF7D17AD
:102AF800F98F9CC611E1884485475CD0970701008F
:102B080083A787D0829715E15C5C99CF5C5089CF09
:102B1800978002E0E780E0BD977002E0E78080419F
:102B28009707010023AE0726493B5C5CE38007F06A
:102B380003A7C1BB1C47B7063300D58F1CC7FDB51B
:102B48009C443E9405BF829714489844B387A600D6
:102B58003E8563E4D700E3E1E7F83385E740ADBF9E
:102B680023A6A1A801C585472388F1A88280AA8742
:102B780099E5170701000347E7CC09C7D5B71147FF
:102B88006369B70017070100130787C9B3C5E520B4
:102B98009CC1828083A7C1A881CF411106C68297B4
:102BA80083C701A999E323A601A8B2404101828005
:102BB80083C701A981E723A601A8828082804111E9
:102BC80022C426C206C64AC0970401009384041B87
:102BD80083C7340217040100130484C4B9C317045B
:102BE80001001304A4BD138941AA032709001C206E
:102BF80014300146B3A5E7208E21B5C911C21CA027
:102C08000820636DD50697070100238907BA83A7B3
:102C180081A9D5E7B2402244924402494101828009
:102C280082971C40F5FF9707010083C7A7C185E37A
:102C3800DC48858B89CFD84C9947631EF7009707E6
:102C4800010023A70714EF1000105C4482971C446E
:102C5800D9D7829769B7D84C9D47E31AF7FE9707EB
:102C6800010023A70712EF10000E1C48C5B78507FF
:102C780093F7F70F0546E3EFD7F651B73327E5206B
:102C88000E2323100700239901A883A7C1A9B347DE
:102C9800F5209C4382971C208326090003D721A98D
:102CA8003377E540B3A6D7209222518F9AA299C3D1
:102CB80085071CA018201C30E36EF7F4A9B7970706
:102CC800010083A7A7B71CC8CD3E83C73402B9F358
:102CD80083C7140299CBDC4C89EB97070100A38FBB
:102CE800070A977002E0E78040419707010083A731
:102CF800A7B18DD31C4899DF183083260900814776
:102D080063C7E702D84C9147E3E6E7F0970701006D
:102D180083C747E2918BE39F07EE83C701A9E39B33
:102D280007EE2244B240924402494101C9B133A698
:102D3800D7201222E31006EE8507D9B7B7C700409F
:102D48001387C72014431396264910C301000100B6
:102D58009387872617050100032505A89C436A0564
:102D680014C393C7F7FF99835D8D828023A6A1AA18
:102D78008280411122C417040100130424001C445A
:102D880026C206C6858B9704010083A464E291EBF2
:102D9800EF20B0472244B2402685924441016F108B
:102DA800704398289707010023AE07FC8947E30181
:102DB800F7FE0146930550020145EF1000298145B1
:102DC80017D501E01305E5535D33014681450545F7
:102DD800EF10400E5C44858BC5DFB240224492441C
:102DE800410182809707010083A747E0639B07168C
:102DF800011122CC2A84094506CE26CA4AC84EC6E5
:102E0800EF2050489389C1BA03A6090093078007A9
:102E18001389C1B97CD2238801A883270900938428
:102E2800C1BBB7053300D8572285719B13671700BC
:102E3800D8D798431377F7CF98C398431377F7CF2A
:102E48001367072098C398401447CD8E14C7B70658
:102E580003009386862534CA5457F59A54D7984365
:102E68003424137707F893F6F607558F98C3EF10B5
:102E7800904D83A60900370500827D15DC4293E753
:102E88001700DCC203260900030784065C56937505
:102E9800F703E605E98FCD8F5CD69305A0039C4028
:102EA80063D5E508F84FB70500074D8FF8CFB7C7CA
:102EB800898E938767ED1CC6B7575500938757557A
:102EC8005CC28347A40683444406DD8C8947170700
:102ED80001002323F7EC9707010023A707EA7C44A6
:102EE800BCDE9707010083C7E79599C7FC52FDFF31
:102EF8009707010023A807E818289D47814517254B
:102F080000001305C5036306F70017050000130545
:102F180085E6B13910386244F2404249B249A68583
:102F2800D244014505616F00F0789305200263DA09
:102F3800E500F84FB70500F9FD156D8FB7050005D9
:102F4800ADB7B70500F96945FD156357E500F84FBA
:102F58006D8FB705000391BFF84F6D8F1317872941
:102F6800B1B7828097070100938747BEE8530547AA
:102F780054256390E60203C747079147631AF70091
:102F8800011106CE2AC6EF10F0203245F240056145
:102F980091BD828083278511E5CB411122C406C6E5
:102FA80058258345E5049437D2272A841377C70F19
:102FB8001395466063F7C50663510506882793F69F
:102FC800F60794B70546936627006314C500936611
:102FD800170054A4D8430907D8C3032504114CB8D3
:102FE8002E86CC430905EFF08FEF832784115438E0
:102FF800D8433697D8C3DA27158FDAA789473CBC58
:103008000347640397F7000083C7E77E6369F70601
:10301800B24022440145410182801367170058A439
:103028006DBF9376F60F63550502882785451366AD
:1030380027006314B5001366170050A454B8A3847E
:10304800070085473CBC832784119C43D5FBC9B73F
:103058001367170058A454B8A38407000325041164
:10306800CC430905EFF0AFE7832784115438D843E0
:103078003697D8C3DA27158FDAA78D47E1B75C24CE
:1030880093E707015CA469B705458280411183A7CE
:1030980041B822C406C6858B2A84CDEB782983578C
:1030A800051D63E5E70A4165130525F597F001E07D
:1030B800E780E0EE41CD3C253EA583270412ADE331
:1030C8002320A4122322A41285472311F4042320C9
:1030D80005007C2854415EA5583418A5054718B545
:1030E8001385170217070100032707CD15811C4315
:1030F8007D151375F50F9CC25C43DCC21C479CC64A
:103108005C47DCC61C4B9CCA5C4BDCCA1C4F9CCE83
:103118005C4FDCCE0DC19386060213070702C1BFC0
:103128008327441288C3835724042322A4128507C3
:10313800B3C7070859BF17070100130727A11E27A0
:1031480085071EA7B2402244410182805C242309DE
:103158000400054593C747005CA4EDB7142D8547C7
:1031680063ECD70A1C3D2A870145CDEB5C2713F594
:1031780007013C2B99CB8346670397F7000083C769
:10318800976763ECF60001E5828049E58280835702
:10319800271E0357671EBA9721A08357271E75F964
:1031A8000145ADCF9387C71217F500000355456950
:1031B800B3B5A70237460F0041111306062481460E
:1031C80022C426C206C67D543385A702970003E0B1
:1031D800E780400197F4000083C45462AA949707DB
:1031E800010083A7E79F03A707099C433354E40A18
:1031F800FDFB83A781A9829781476364A400B30775
:10320800A440B240224433B59700134515009244B8
:10321800410182808147B5BF01458280828003A732
:10322800C1BA3C5BFDFF01000100828039C9011170
:103238006C0022CC06CE2A84EF20004B15C9FD571E
:10324800630DF502B24797F5000083C5355B63EB64
:10325800B700034594026244F240B385B740056164
:103268006F10405F17F700000327475DBA97D5B77F
:103278006244F24005616F20A00BF2406244056190
:1032880082808280797152CC170A0100130A0A8C55
:1032980026D283244A0906D622D44AD04ECEC5C89F
:1032A80097070100938787ADD44F15476384E604D9
:1032B800DC532A8989CF977002E0E78080439770B2
:1032C80002E0E78020C79707010023AB07ACFD5950
:1032D8006C002685EF2040411DE5172500001305E9
:1032E8006505EFF0FF8783A7C1BA3707100098C7B5
:1032F8000547B8DB0D45B250225492540259F249A1
:10330800624A45618280637435013244AA898440E7
:10331800E1F0FD571305F00FE38FF9FC914763F1D6
:1033280087029307B4FF2320F9002324FA0A99E7B8
:1033380097F7000083A787502320F900014565BF50
:1033480097F7000083A7874FED17A297E9BF0945B4
:103358005DB7797126D206D622D44AD04ECE52CC49
:1033680056CA5AC85EC68347550303447513AA84D0
:103378003E941374F40F9307400263F68700130416
:10338800B4FD1374F40F03A9841383A9C413A38B86
:10339800841222864A85CE85970003E0E78000A143
:1033A800058915E503CBD412014A814A337B6403AE
:1033B800930B500252864A85CE85970003E0E7803A
:1033C800E09E05890DC563916A031374FA0F238B78
:1033D8008412B250225492540259F249624AD24A93
:1033E800424BB24B45618280850A939A4A60050A2E
:1033F800E3127AFDE9BF832785090356050479712D
:1034080093D60701BD8EB3C60608358E935756402E
:10341800898B135776485D8F93573640918B5D8F14
:1034280093571640A18B5D8F93171600C18B5D8F44
:103438009317360093F707025D8F9317560093F79B
:1034480007045D8F9317760093F7F70F22D45D8FEB
:103458002A849357D6001355B6001189898B935542
:103468008600C98F1355F6002582C98F218AD18F0E
:1034780013961500418AD18F1396350013760602EC
:10348800D18F1396550013760604D18F13967500C5
:103498001376F60FD18FA207C5455D8F3307B702A4
:1034A80026D24AD04ECE032984138329C4135AC87E
:1034B80006D652CC56CA3697334707081356574094
:1034C800098A93577748D18F13563740118AD18F7D
:1034D80013561740218AD18F13161700418AD18FAE
:1034E8001316370013760602D18F1316570013767A
:1034F8000604D18F131677001376F60FD18F135861
:10350800B7001356D70013784800098A1355870067
:10351800336606011358F700258333660601218BAD
:10352800518F13161500418A518F131635001376E3
:103538000602518F1316550013760604518F131681
:1035480075001376F60F518F2207D98FB387B7020C
:103558005EC6B697B3C7070813D55740098913D76E
:103568007748498F13D537401189498F13D51740AC
:103578002189498F139517004189498F1395370081
:1035880013750502498F1395570013750504498F64
:10359800139577001375F50F598D13D8B70013D706
:1035A800D70013784800098B13D6870033670701C3
:1035B80013D8F700A58333670701A18BD98F131799
:1035C8001600418BD98F1317360013770702D98F4E
:1035D80013175600137707041E06D98F1376F60FB4
:1035E800D18FA2073367F5003307B70213065002DD
:1035F8004A85CE853697B98EB3C4060833F6C40219
:10360800137BF60F97F002E0E780407A058905E919
:10361800834AD412014A930B5002B38A9A02814416
:1036280093DA0A0126864A85CE8597F002E0E7807C
:10363800E07705890DC563914A0313FBF40F230B4B
:103648006413B250225492540259F249624AD24A3F
:10365800424BB24B45618280050A137AFA0F850402
:10366800E39274FDE9BF8327C5080356850879717D
:1036780093D60701BD8EB3C60608358E93575640BC
:10368800898B135776485D8F93573640918B5D8FA2
:1036980093571640A18B5D8F93171600C18B5D8FD2
:1036A8009317360093F707025D8F9317560093F729
:1036B80007045D8F9317760093F7F70F22D45D8F79
:1036C8002A849357D6001355B6001189898B9355D0
:1036D8008600C98F1355F6002582C98F218AD18F9C
:1036E80013961500418AD18F13963500137606027A
:1036F800D18F1396550013760604D18F1396750053
:103708001376F60FD18FA207C5455D8F3307B70231
:1037180026D24AD04ECE0329040A8329440A5AC81D
:1037280006D652CC56CA3697334707081356574021
:10373800098A93577748D18F13563740118AD18F0A
:1037480013561740218AD18F13161700418AD18F3B
:103758001316370013760602D18F13165700137607
:103768000604D18F131677001376F60FD18F1358EE
:10377800B7001356D70013784800098A13558700F5
:10378800336606011358F700258333660601218B3B
:10379800518F13161500418A518F13163500137671
:1037A8000602518F1316550013760604518F13160F
:1037B80075001376F60F518F2207D98FB387B7029A
:1037C8005EC6B697B3C7070813D55740098913D7FC
:1037D8007748498F13D537401189498F13D517403A
:1037E8002189498F139517004189498F139537000F
:1037F80013750502498F1395570013750504498FF2
:10380800139577001375F50F598D13D8B70013D793
:10381800D70013784800098B13D687003367070150
:1038280013D8F700A58333670701A18BD98F131726
:103838001600418BD98F1317360013770702D98FDB
:1038480013175600137707041E06D98F1376F60F41
:10385800D18FA2073367F5003307B702130650026A
:103868004A85CE853697B98EB3C4060833F6C402A6
:10387800137BF60F97F002E0E7804053058905E9CE
:10388800834A1408014A930B5002B38A9A0281446E
:1038980093DA0A0126864A85CE8597F002E0E7800A
:1038A800E05005890DC563914A0313FBF40F230FFC
:1038B8006407B250225492540259F249624AD24AD9
:1038C800424BB24B45618280050A137AFA0F850490
:1038D800E39274FDE9BF797122D426D22E84AA849A
:1038E8004146972503E09385A5C10A8506D69730FA
:1038F80000E0E780802B4146972503E0938545C08B
:103908000808973000E0E780402A3C3010088A8594
:10391800DC875C2026855C875C30DC86976002E06B
:10392800E780A0390347F1011C200145631EF70019
:103938000347E1011C3001456318F7000345D10135
:103948003C201D8D13351500B25022549254456108
:103958008280011122CC26CA4AC84EC606CEAA8445
:1039680017F400000324C42A13092500854905C05B
:103978009C303830858B6304F700405CCDBF194616
:10398800930544004A85EFE03FE7E31835FFF2402E
:1039980022856244D2444249B2490561828041117C
:1039A80022C426C24AC006C617F4000003244426CF
:1039B80093042500054901E8B24022852244924437
:1039C800024941018280A6851305A4022937E3052F
:1039D80025FF405CCDB7411122C426C24AC006C6A5
:1039E80017F400000324C42293042500054901E8C4
:1039F800B240228522449244024941018280A68530
:103A08001305A401C93DE30525FF405CCDB70111AD
:103A180026CA644122CC4AC84EC652C406CE2A845D
:103A28001D4993096505054A3C4463E4F4000545CE
:103A3800A1A05834DC2063192705034784026304D6
:103A4800F7008440D5B7D83083475405E31BF7FE09
:103A580019469305640513856400EFE0FFD985478F
:103A6800E311F5FED82483479402E31CF7FCFA24FB
:103A78003E34E318F7FC0145F2406244D24442491F
:103A8800B249224A05618280E31DF7FAD83083479C
:103A98005405E318F7FA1946CE8513856400EFE05C
:103AA800BFD5E31045FBC1BF011122CC26CA06CE03
:103AB8002AC42EC617F4000003240415854419E00F
:103AC80001450DA09C841830858B6304F7000044E1
:103AD800FDB719469305A10013052400EFE0DFD1D7
:103AE800E31795FEF2406244D244056182800000EB
:103AF800EFF04F8A7300000000000000938201A9D4
:103B08000383020023800200630F0300F3251034AF
:103B18002EC0970500009385E5FD73901534EF00DE
:103B2800405B7300203086DCEF00A05AE6508280AC
:103B3800000041114AC01389C1B90327090026C2F0
:103B480006C61C5F22C4938481B993D76748B5CF52
:103B5800930700061CDF17F4000013042422184CF6
:103B6800930700086317F7009C409C4393F70704EA
:103B78001CCC1C4093F7070489CB83A781A98297A3
:103B880048D81C4093F7F7FB1CC01C4093F707026A
:103B980089CF1C4003A7C1BAB706080093F7F7FD01
:103BA8001CC05C5414C786077CD71C4893F70704CD
:103BB80089EF85475CC83707020083A7C1BA98C751
:103BC8001307000C18C81854F8D383270900985F06
:103BD8001357474811CF985F1367070198DF83A7EA
:103BE800C1BA23A20706854717F700002320F71A52
:103BF8009C40D8431357174819C7D843759BD8C357
:103C0800D843799BD8C3B240224492440249410127
:103C1800828005377300203097F7000093870716D6
:103C28003707040088DB698F01CF03A7C1BAFD56A7
:103C380034D797F60000938666B8D84E0507D8CED5
:103C48001377850019CF984783A6C1B91367170062
:103C580098C71307000898CBD856719B13671700AD
:103C6800D8D61377150001CFD84383A6C1B91367F7
:103C78001700D8C3D856719B13671700D8D6137787
:103C8800650019CF1377450059C398431367170088
:103C980098C383A6C1B9D856719B13671700D8D6A5
:103CA8004167698F0DC397F6000083C666F1C18A24
:103CB80017F70000130787E9A5C28346470793E66D
:103CC8000602230AD70637070200698F01CF984BEF
:103CD8001377070819C3054798CB83A7C1BA3707D5
:103CE800020098C7B70708007D8D0DC117F70000BF
:103CF800034717ED058B97F70000938727E51DCB42
:103D080003C7570713672700A38AE7068280D847A7
:103D180013671700D8C7B5BF834647070946BD8A4A
:103D28006388C600834647070D46BD8AE39DC6F8EB
:103D3800914641BF03C75707118B69DB03C7570774
:103D480013678700D1B783A6C1BA17F70000130716
:103D5800E7021C43858B91E75C43858B99E3FC5212
:103D6800EDFB97F7000023A5070282809386C1B96F
:103D78002A8788421C5D93D75748D1E781C51C59CB
:103D8800BD839CA115C69C42945BC60693D7660169
:103D980063D6060093E707C0B3C707088316060073
:103DA80093975760B9C6BE968947B3C6F60216A25E
:103DB80083A7C1BABC4B083393D757488DCF29C5C1
:103DC80097F6000083A606FD93F606049307950070
:103DD80009459DCABA979C230547194593F6F706E6
:103DE8006394E60201459397476063DF070039450E
:103DF80082801EA275BF2A9748331375F5077D1573
:103E08003335A00082800545828083A741BA99CBCB
:103E1800944BD04B9842518F98C294439C479842F8
:103E2800D98F9CC21386C1BA0548184283A6C1B966
:103E380097F70000938787F46312050503A8060027
:103E48001368080823A0060183C62702B3C5D52036
:103E580054479385A50C13981649232607010F107C
:103E68000000184237060200860510C7130600082E
:103E780090CB6CD354C72380A1BA82808842137533
:103E8800F5F788C283C62702B3E5D5205447938542
:103E9800E50E1395164948C70F100000184237065B
:103EA8000200860510C71306000890CB6CD354C7D0
:103EB8000945D1B7411122C4AA8706C626C22E8554
:103EC8001384C1BAB285DDE71C40F8537DFF37077C
:103ED800020098C797F7000023A607EA97F40000A6
:103EE80093844490DC5085C7B7E700E0370720008B
:103EF80023A0E728B7F700E0938707D0984B6D9B7E
:103F080098CB984B1367870398CB73005010F53DF7
:103F180083A7C1B998431317772998C3D857719BBA
:103F2800D8D797F7000023A507E697F7000023A93D
:103F380007E41C40094798C3DC5099CB37F700E0E9
:103F4800832707D193E787002328F7D07300501001
:103F5800144017F70000130767E21C47858B91E7A9
:103F68005C47858B99E3FC52EDFBB24022449244B6
:103F7800410182800D47639EE70497F7000023A361
:103F880007E097F7000023A107E097F40000938467
:103F98006485DC5085C7B7E700E03707200023A019
:103FA800E728B7F700E0938707D0984B6D9B98CB2D
:103FB800984B1367870398CB73005010B93583A7C4
:103FC800C1B998431317772998C3D857719BD8D785
:103FD800A5B70547E39EE7F697F600009386868027
:103FE800DC5285C7B7E700E03707200023A0E728A1
:103FF800B7F700E0938707D0984B6D9B98CB984B09
:104008001367870398CB730050101C40D0471317D1
:104018001649D8C70F1000001C403707020098C780
:104028001307000897F5000023A2E5D603A7C1B936
:1040380018431357774819C71307E018F8D3D0C7A0
:10404800DC52E5BD1307E01AD5BF83A741BA89CF73
:10405800D44303A8870098423367070198C2D4471E
:10406800DC4B9842D98F9CC2054783A7C1B99505F7
:10407800631EE50298431367070898C3984F1377A0
:1040880007C01367A71398CF13078007B8BB939788
:1040980035009387C70317F70000130727CE1CD7EF
:1040A8002380A1BA19C2060610D782809843094511
:1040B8001377F7F798C3984F137707C01367271339
:1040C80098CF1307F007B8BB939745009387C703AA
:1040D800D9B783A7C1BA8847D847798D11C588C78A
:1040E80083A781BA91C382878280896703A7C1BAEF
:1040F800938707F47CD383A6C1BB83A7060993D70C
:10410800A74991C783A7060993D7974999E37C5391
:10411800EDF782804111B7E700E022C480433707FA
:10412800200006C6798C23A0E7180F10000011C1E3
:1041380099E5B7E700E023A08710014549A80D05D8
:1041480033450508130740037199B34705086362AF
:10415800A70203A501C583A681C4639FA60017E72C
:1041680000000327276B71D7C207DD8D054502972D
:10417800C9B703A5C1C4C5B77A2131EF5A21636C09
:10418800F704B306F740214817E600001306066354
:104198006375D80283280500035866009386870054
:1041A8001D8FAA966117DAA223A016012393060091
:1041B80014C15EA1130788FF7AA27A226EA1210595
:1041C800B307F7407EA2B7E700E023A08710B2400C
:1041D800224441018280084149B7B7E700E08C4397
:1041E8003707200023A0E718F98D0F10000001E51C
:1041F80023A0B710828003A301C583A881C49A872E
:10420800814663F8170903A807006367F508636523
:10421800A80813878700636EE506F2232167050760
:104228006317E600138631B61822050718A217E5AA
:1042380000001305A558D2237A212393070032974B
:10424800334707087AA16383670203A3C1C4630FD6
:10425800F30003D36600631B0300DE2223A00601DC
:1042680021073E962106D2A27AA1B6879843630217
:10427800170383A6C1C4630ED700762399EAD62311
:1042880052231843A106B296D6A398C37E21A1074C
:104298007EA1B7E700E0A9BFBE86C2879DB7AA87FF
:1042A80003A701C503A681C4B305B5406314E6009E
:1042B8003E8529A8930687001843E3E9D7FEE3F76C
:1042C800E7FE2E85E3E4D5FEE3F2E5FE82804111A8
:1042D80026C206C622C44AC097F4000083A4848C70
:1042E8006383041003A4C40AAA86054535C03C2488
:1042F8001307700A6390E70858301C3417E9000068
:104308001309495303268900B387E7020357C900F5
:10431800B387E7021307003293870719B3D7E70279
:1043280003A744093E97BA846364F7006364C7002F
:10433800B304C74083A781A984C28297B387A440E6
:1043480063F5A40003278900BA9789EB1305F00FDA
:10435800B240224492440249410182805830930677
:10436800204E3307D702E3F3E7FE930780FA3CA415
:104378000145F9BF1307800AE39AE7FC83A781A9DF
:1043880082972A893545EF10E06FAD4717F700008F
:104398002324F7A058301C3417E60000130686497A
:1043A800B387E7025A261046B387E702130700329D
:1043B80093870719B3D7E70203A744093E97BA863C
:1043C8006364F7006364C700B306C740E310D9F815
:1043D80017E502E01305458CEFE08FF883A7C1BA13
:1043E8000947F8D7A5B70545A5B7397156D297FA41
:1043F8000000938AAA9883A70A033707080026DAD9
:1044080006DE22DC4AD84ED652D45AD05ECE62CCD2
:1044180066CA6AC86EC6F98F97E4000083A48478D8
:104428006384071C83A9C40A83C7990003A4C9002D
:1044380092073E942820B14705053305F5025E2012
:104448003E9533450508EFE06F9AAA8C6305051A77
:10445800130DC5002324A50134203146370B030072
:10446800B386C602231304000149138AC1BA938B89
:10447800C1B9938DC1BB130B8B15054CEA9654C477
:1044880083C679009307D00783250A00B386F6020E
:10449800C1679CC5370833008606B4D183A60B00D4
:1044A80090421376F6CF90C290421376F6CF1366F9
:1044B800062090C203A50D0010453366060110C5FD
:1044C80003A6090023A865059305500290C672202B
:1044D8005444B2962324DD0014300146CA96A30141
:1044E800DD0003C5040897F6000023AB0688B13E3B
:1044F80083260A00CC4613961549D0C60F10000033
:1045080083260A003706020090C61306000823A86F
:10451800CA0003A60B00104213567648631F860B89
:104528001306E018F0D2CCC617F600002322068640
:1045380017F600002326068423A08601EFF0BF802B
:10454800EF10A04C83A64A00858AD9CAEA85268539
:1045580097E002E0E780607A0DE903465D0049C212
:1045680076204E20B29663DDB606B428AC48032503
:104578008D00918E8906B695EFE06F9623020D00A7
:1045880003465D007620B29676A003260A00310D18
:104598003452FDFE342005091379F90FE362D9EE90
:1045A8009C246685A381FC001C20A3820C00238325
:1045B800DC002382FC006254F250D2544259B259B2
:1045C800225A925A025BF24B624CD24C424DB24D87
:1045D8002161179301E0670003531306E01A99B7A6
:1045E800FD562302DD0055B783A7C1BAFC5781C722
:1045F80085472388F1A8F2506254D2544259B259DF
:10460800225A925A025BF24B624CD24C424DB24D46
:1046180021618280411122C406C626C24AC02E8466
:104628008DCD13F91500814741476302090413171B
:1046380045003E97B1463307D70283A481AAB31732
:10464800F02833C90708BA949C40C840829723A031
:10465800040023A2040033448900B2402285224486
:104668009244024941018280B356F448E9F2850731
:10467800E39CE7FECDB7011126CA06CE22CC4AC874
:104688004EC6AE84A1C593F7150001444147B1CB8E
:1046980093174500A2973147B387E702938981AA08
:1046A80003A909003E998327090081C7032549000A
:1046B800829731473307E40283A70900BA979C47DA
:1046C8008DC733148028B3470408BD8CF240624478
:1046D8004249B2492685D24405618280B3D68448CE
:1046E800C5FA0504E31CE4FECDB723200900232204
:1046F8000900C1BFAA8703A501AA11E182803A2156
:104708006315B7001821E30BF7FE4845FDB779712B
:10471800B7E700E022D4804352CC06D626D24AD04E
:104728004ECE56CA5AC85EC662C43A8A37072000B7
:10473800798C23A0E7180F10000005E123A087104B
:104748000945B250225492540259F249624AD24A57
:10475800424BB24B224C4561828083A781A9B6891E
:104768002A89AE8A328B938B81AA829703A70B0082
:104778008144B146C147338CD402330687011042C5
:1047880035EEC165938505F04145EFF0BF9819ED09
:1047980097E7000083A7070881C7814511458297DD
:1047A800B7E700E023A087102D4561BF138701AA52
:1047B8001C43A1E308C323000500B31790283EA1BA
:1047C80083A70B0023260500232465012322450126
:1047D800E29723A0270123A2570123A4470163845A
:1047E800090023809900B7E700E023A0871001455E
:1047F80089BF3E87DC47F5FF48C775BF8504E39C42
:10480800F4F6B7E700E023A0871021451DBFB7E7FE
:1048180000E09843B706200023A0D718758F0F1023
:10482800000097E6000083C676F96371D50283A677
:1048380041AA3325D5201621D58D0EA197E6000073
:1048480023A606F823A0E7100145828023A0E710DD
:104858000D4582800111B7E700E022CC804337077D
:10486800200006CE26CA4AC8798C23A0E7180F1064
:104878000000BD4763E7A70431473307E50283A774
:1048880081AABA979C4395CF3315A0282E89B345A2
:10489800050801452EC6B93DAA8409C9B245014596
:1048A80097C000E0E780809823A42401B7E700E0E0
:1048B80023A087100145F2406244D2444249056171
:1048C8008280B7E700E023A087100945EDB797E697
:1048D800000083C6262383A781B201476394E600BC
:1048E800014582808E23138687026394A5003E8546
:1048F800828005071377F70FB287CDB797E70000D7
:1049080083C75720AA86850703A541B3014712210B
:104918006307D60005071905E36BF7FE014582809A
:104928002A8703A5C1B311E182801C45B227636BB6
:10493800C70003584500B306C8006355D700814631
:10494800639406010841C5B703D3A70093880701FC
:104958006316E30091C192A13E8582808506C687D1
:10496800B3C60608F1BF97E6000083C6A61983A759
:1049780081B601476394E60001458280AE23138621
:10498800C7036394A5003E85828005071377F70F58
:10499800B287CDB7411122C406C697E7000023812C
:1049A800072203A481B705C06C390145B315B028A7
:1049B800B3C5050897C000E0E780E0D29307102749
:1049C8003305F50202942244B24081450145410174
:1049D8006FE0EF99411106C6383D19C73425631EAB
:1049E800D702B24041017DB73C2DE5DF3825E30A07
:1049F800F7FE3CA5814517E5FFFF1305E556EFE0F7
:104A08000F9797E7000083C7E7E389C783A7C1BA71
:104A18005147F8D3B240410182803C2D89C7E39ABF
:104A2800F6FC38A5C1BFD5FEEDBF41114AC017E954
:104A380000001309A9348327890022C426C206C6A8
:104A480097E4000093848410858BE0509DCB97E712
:104A5800000023A9073283C74407C18B85CFEF0025
:104A6800D07A83C7440793F70702E5DF83C7440773
:104A7800228593F7F70C238AF40697B001E0E780C4
:104A8800A0A8EF00907822852244B24092440249BF
:104A9800410109B783C75407858B91CBEF00F076A6
:104AA8008D47230EF406BC5822858297D9BF83C749
:104AB80044071547BD8B6395E7048347B406034550
:104AC80034060146930550025D8DEFF00FD801467C
:104AD80081450545EFF00FBE8327C900858BD5D3E7
:104AE800228597E7000023A1072A97B001E0E78015
:104AF800608941F9B24022449244024941018280CE
:104B080083C744071947BD8BE39DE7F68347B4067F
:104B1800034534060146930550025D8DEFF0EFD250
:104B2800014681450545EFF0EFB88327C900858B1D
:104B3800A9DB228597E7000023A8072497A001E0B6
:104B4800E780C05D7DB7411122C426C206C67C2518
:104B580078452A84BD8B1CA91CA31D476445639511
:104B6800E7340547B8A08347F5058D466393D71802
:104B78005E2DCDE37C491147B18B638DE708314742
:104B88006398E700034715068347F5076304F708AA
:104B98008547BCB019469305640313854400EFD0DC
:104BA8001FB4BC20990793F7F70FBCA0034704066E
:104BB8001377070401CFB83013670704B8B07844F7
:104BC800BA975838B8B3BC208507BCA097E700004F
:104BD800238807FEBC2013F7F703050718B8034717
:104BE800E4051A07D98FBCA083475403858B91E746
:104BF8000347440389476317F70078441C2393E766
:104C080007041CA37C44183898B3B2402244924449
:104C180041018280A147BCB08357C40697E50000D4
:104C28009385C5F21386C1BADCA08357C40603472F
:104C380014067444A1831207BD8BD98FDCB2B4204B
:104C48008547890693F6F60FB4A017E700000347D7
:104C580027F7631EF706183C9387E6008E07231A8A
:104C6800F4069387C708B387E702794510420948D5
:104C7800238A0507C1650CC6938707FBB3C70708D6
:104C880093877716B3C7A70233C70708B387A70266
:104C980086073CD2BC3093E70701BCB07C44B6978A
:104CA8008346240693E60604B4B3B4207C44B6973E
:104CB800D8A3B4207C4421837D8BB69783463406E1
:104CC8009606558FD8B3BC208D07BCA021B71042DB
:104CD800F947385205833357F7023C5268528583A7
:104CE800FD8BAA977CD28D47238AF50633470708A0
:104CF80055B71946639BC7125E2DC1E3930565033B
:104D0800B8B013854400EFD09F9DBC201385A40044
:104D18009907BCA0BC3093E72700BCB08347540375
:104D2800898B95CF0C58BC299DCB1946D105EFD05E
:104D38001F9B78441C2393E707F81CA3BC20990702
:104D480093F7F70FBCA00347040613770704E30F94
:104D580007E6B430784493E60604B4B095B58347C3
:104D6800D40391C778441C2393E707F81CA319467A
:104D78009305E403EFD0BF96D1B7A147BCB08357E2
:104D8800C506DCA08357C506034615066C45A183F6
:104D98001206BD8BD18FDCB1B02017E500001305DA
:104DA800E5DA9385C1BA09061376F60FB0A097E73E
:104DB800000083C7E7E06398E704183C9307E60020
:104DC8008E07231AF4069387C708B387E702794842
:104DD8008946230AD5069441C1658CC6938707FB8B
:104DE800B3C7070893877716B3C7070333C70708FE
:104DF800B38707038607BCD2BC3093E70701BCB072
:104E08007C44B29771BD8C41B851F947058333573B
:104E1800F702BC5103A845068583FD8BC297FCD1D8
:104E2800230AD50633470708C1BFA147BCB083573B
:104E3800C506DCA08357C506034615066C45A18345
:104E48001206BD8BD18FDCB1B02017E50000130529
:104E5800E5CF09061376F60FB0A097E7000083C7E1
:104E680027D683A5C1BAE391E7FA183C9307E60071
:104E78008E07231AF4069387C708B387E702F94613
:104E88000948230A0507416588C5938707FBB3C707
:104E9800070893877716B3C7D70233C70708B387BE
:104EA800D7028607BCD189BF0547639EE706B1478D
:104EB8001CB983475503898BA1CB0C59BC29A9C7B9
:104EC8001946D10513858400EFD07F8178441C23CF
:104ED80093E707F81CA3684419469305640309057A
:104EE800EFD0EFFF116797E7000083A727D3F98F6B
:104EF800E38C07CE7C24B98BE39807CE78441C2337
:104F080093E707021CA3CDB18347D40389C79C202C
:104F180093E707F89CA0684419469305E403210524
:104F2800EFD0EFFB4DBF522D0C559307660093F75A
:104F3800F7031CB913858400E5B7011126CA97E465
:104F480000009384A4E39C4422CC06CE17E400001E
:104F58001304C4BF858B6850C9C32AC697E70000ED
:104F680023A207E2EF00702A034744078947324526
:104F78006307F700034744078D47631CF70283A6BE
:104F8800C1BABC520357450785831307C71263F29A
:104F9800E702BC528583B1C3914703474407E31E28
:104FA800F7FE6244F240D244056117A301E06700AE
:104FB800C37D382D3C3D09CF34256309D70263886A
:104FC800F60238A56244F240D24405616FD09FE1F1
:104FD80099CF382509EF3CA5F5B72AC6EF00F0228E
:104FE80062443245F240D24405616DB2EDF7DC4CC3
:104FF800EDF70347440789476307F700034744076A
:105008008D47E31CF7FC914703474407E31EF7FE6F
:1050180049BF630E0530011122CC06CE26CA4AC804
:105028004EC652C456C2582585472A846316F72CA3
:1050380097E70000938787D4D44F1547638AE60023
:10504800D44F0D476386E600D84FAD476312F70289
:105058006C386244F240D2444249B249224A924AE8
:1050680001450561B315B028B3C505086FF02FFADF
:1050780016311307006497E40000938424AD334786
:10508800D7029C20E8D0850793F7F70F9CA063CA46
:10509800E70097C000E0E780C0A897E700002387F3
:1050A80007AA78249D47631FF70483479406B1C372
:1050B8008356040763ECF6020C24930730041CACF7
:1050C8001305300493F6F60F0146978002E0E78057
:1050D800000222856244F240D2444249B249224A3F
:1050E800924A056117B301E06700A31885062318E3
:1050F800D40693053002054597C000E0E780409B41
:105108002301A4060549238A2407183C8D47631CFC
:10511800F70E97B000E0E780000B0D89630F0514C8
:1051280063162517930760023CA4930750023CAC12
:105138009307700278243CBC85476302F7088965A9
:105148009385F5701305102717DA0000130A8A6E85
:105158008349740197C000E0E78000980E30835AB5
:10516800CA002A8913060064B3855503814613854E
:105178000532B335B50097E002E0E780A006AA84BF
:10518800B335590337460F00130606248146330505
:10519800590397E002E0E780E00483270A00AA9415
:1051A8008297B307950003278A00BE8563E4A700AA
:1051B80063E4E700B385E7404E85EFF0AFE9834746
:1051C8005403898BE9CB8347C403F1C70C58E1C565
:1051D800BC25F1C38947230AF4021946B105130512
:1051E8006403EFD0CFCF0347C407894763E9E70AD1
:1051F80022856244F240D2444249B249224A924A44
:1052080005616FD03FBE89467C346315D70213F71A
:10521800170019CB898B1307500291EB9307700283
:1052280038A43CAC814739B713076002C5BF930760
:105238006002FDB799CF93F617001307500291E665
:10524800898B13B717001307670238A4230D0400CE
:10525800D1BF3C2C130740026368F7009307500244
:105268003CAC3C2C3CA47DBF850793F7F70F3CACC6
:1052780013077002E364F7FEEDB713077002930794
:1052880050023CAC38A4930760026DB51307500276
:1052980093077002FDB78547230AF402A9B70327CD
:1052A800C40A83A681A93C27ADC31C37583397D4B9
:1052B8000000938424589044B387E702DA24B38724
:1052C800E7021307003293870719B3D7E7020327CA
:1052D80044093E973A896364F7006364C700330959
:1052E800C7408296B307A9406374A9009844BA9747
:1052F80003576407E3FEE7EEF2406244D2444249B2
:10530800B249224A924A056182808324840982969E
:1053180063E9A400835764073385A440E37AF5EC76
:10532800E1BF97D7000083A76751BE94E5B7828095
:1053380001114EC697E900009389498122CC03A444
:10534800C9094AC817D900001309C94E0357C9002B
:1053580026CA835464088327040906CEB384E4026A
:1053680037470F009306F7231307072452C456C282
:105378005AC0B694B3D4E40263EE9702138A81A9A3
:10538800B384974083270A00829763E9A402338590
:10539800A4406349050283570404A30F040085074A
:1053A8002310F40483470414639E07102285EFD06A
:1053B8005FFA21AA03278900BA97C9B7832789000A
:1053C800BE94F1B783270A0082970327840863668F
:1053D800E50A198D7E3C0357C9008E07B387E7029B
:1053E8001307003293870719B3D7E70263ECA708BE
:1053F800B74A0F00138BFA23938A0A2483570404AD
:1054080085072310F4048347041481E72285EFD02D
:105418005FF4228597C001E0E780A0CB63130524E1
:10542800032604090327C408832689003297BA870C
:105438006364C7006364D700B307D740783C03565A
:10544800C9002328F408050778BC03576408330704
:10545800C7025A9733575703B384E74063F5E70009
:10546800998EB384F60083270A00829763E6A40422
:105478003385A440E34405F839BF83278900998F11
:105488003E9589BFA145228597C001E0E78080BC91
:10549800A305A40297D7000083A7C7376383071C17
:1054A8006244F240D2444249B249224A924A024BEB
:1054B800894515450561828783278900A697338525
:1054C800A7404DBF2285EFD01FF3228597C001E08A
:1054D800E78020C0631705180355C900835764087F
:1054E800B7460F001386F623B387A70293860624D0
:1054F80003270409230B0402832A8900B297B3D730
:10550800D702636AF716B307F7408326C408232433
:10551800F408014BB387E600BE8463E4D70063E474
:105528005701B38457411E3023289408A1CB8356D2
:1055380004045A3037460F0056B03387E640B38725
:10554800E7023A301306062481468145BA97B3C765
:1055580007083385A7023EB097E002E0E78080C8DD
:1055680011CD2695B3349500A695AA876314BB0080
:1055780063645501B30755412328F40883270A00BB
:105588008297AA8483270A008297E30D95FE8327D2
:105598000A0083248408829763E4A40E3385A44018
:1055A800630B050E035AC90083576408B7440F00FC
:1055B8001387F423B387470393840424BA97B3D794
:1055C800970217D7000003477723BA9763E5A70C1C
:1055D800B3359502835A24025286814633059502D3
:1055E80097E002E0E78000C03389AA0033854A03C8
:1055F80037460F00130606248146814597E002E0EE
:10560800E78040BE15C1B337950252868146B385FF
:10561800B4023385A402BE9597E002E0E78080BC1F
:10562800B38AAA40231154033545A92923AE890812
:1056380038348547631AF704930700FD7CA4814535
:1056480003A501B9EFD0AFD2954717D7000023259E
:10565800F7743707100083A7C1BA98C7060923A8AB
:105668002707F2406244D2444249B249224A924A48
:10567800024B05618280B3065701B387F64071B5C6
:1056880083278900BE9419BF930710FC7CA4814529
:1056980003A581B845BF97D7000023A707548347C0
:1056A80009018DC303A5C1B7EFD04FEC624483272E
:1056B8004900F240D2444249B249224A924A024B36
:1056C80005618287834594026244F240D24442498C
:1056D800B249224A924A024B01450561B315B028E6
:1056E800B3C505086FF0AF92011122CC26CA4EC689
:1056F80006CE4AC852C456C25AC038358547832494
:1057080005092A84AE896314F70C83570508835A60
:10571800C50317DA0000130AEA11035BCA0063FC29
:10572800571914296399E618032785116315071873
:105738000327450A6311071874351D47639DE6164C
:105748002A3DB38AFA409307204E330555030329AF
:10575800440937460F001306062481463305F5022F
:1057680097D7000083C7870933592503B335AB02A0
:105778003E9933490908231324093305AB0297E0FE
:1057880002E0E78020A6B307950033B5A7002E9561
:1057980003278A00BE8419E163E4E700B384E74085
:1057A800B307690337470F009306F7231307072446
:1057B80023A09900B697B3D7E702D69763E4F4001D
:1057C8009D8C31A003278A00B307F740BE94138944
:1057D80081A98327090023A09900829763E2A41076
:1057E8003385A440635D050A8327090017DB0000A1
:1057F800130B4B04829703A709006369E50E198D03
:105808007E3C0357CB008E07B387E70213070032AD
:1058180093870719B3D7E70263EFA70C374A0F003E
:10582800930AFA23130A0A248357040485072310CA
:10583800F4048347041481E72285EFD09FB12285C1
:1058480097C001E0E780E08861E5832604098327A3
:10585800C40803278B00B697BE8463E4D70063E4CB
:10586800E700B384E7407C3C8356CB0023289408A8
:1058780085077CBC83576408B387D702D697B3D70C
:10588800470363E6F40A9D8C8327090023A0990047
:10589800829763E1A40A3385A440E34705F897D7C4
:1058A800000083C7B7F563E6A70697D7000023ADC6
:1058B80087320145B9A88357640837470F00930614
:1058C800F723B387670313070724B697B3D7E7020D
:1058D800E3F8F4EE03278A002697B304F740C5BD22
:1058E80097D7000083A787F5BE94DDBD83278B007B
:1058F800998F3E9531B7A145228597B001E0E780A1
:105908006075A305A40297D7000083A7A7F081EFCD
:105918007D55F2406244D2444249B249224A924AF1
:10592800024B05618280894515458297D5B71D8F41
:10593800BA9499BF83278B00BE94B1BF83A7C1B91E
:1059480098433706CEFF7D161377F7CF13670710F6
:1059580098C303A7C1BB1447370803001375F51F85
:10596800F18E14C783A6C1BA23A8060523A407008D
:10597800904B93F5F507130888151366F60390CB3B
:1059880090431366060890C3F04F137606E0498EDD
:10599800F0CF23AC070423A007065057759A50D7B9
:1059A8009043137606F84D8E90C31306401FF0D22D
:1059B80017D60000232E063C17D600002322063CEB
:1059C800054690C29043B70533001376F6CF90C3CF
:1059D80090431376F6CF1366062090C310474D8E7A
:1059E80010C723A80605D8531317F728D8D3254777
:1059F800F05201C6B04FE37DC7FED8531317F748DE
:105A0800D8D3A8531335450082801387C1BA1443ED
:105A1800BC4ABD9BBCCA01000100010001001C4337
:105A2800B44B93F6F68FB4CB944393E6860094C3B5
:105A3800010001000100010083A6C1B99C4293F74F
:105A4800F7CF93E707109CC203A6C1BB1C46B70655
:105A5800CEFFFD16F58F1CC61C4337070300B8CBD5
:105A680083A741BA99CBD44390479842518F98C2A3
:105A7800944BDC4B9842D98F9CC297D7000023AD3A
:105A88000730828083A7C1BA9C438D8BE9C7411137
:105A9800B7E700E04AC003A9070026C2370720007D
:105AA80006C622C4AA843379E90023A0E7180F1098
:105AB800000017D400001304642C584C8D47631A57
:105AC800F70097D7000083A727050146814545457C
:105AD800829719476391E4048347140289CB83476B
:105AE80004026396970097D70000A389072A584CA9
:105AF800A1476315F700930780101EB0238801A8FB
:105B08002937B2402244B7E700E023A02711924486
:105B18000249410182809D47639BF4008347140238
:105B2800F9D7034704028D47E313F7FC6DBF544CC4
:105B38006389E600584C6306F700584CA147E31FF9
:105B4800F7FA83471402DDFB5C4C2300F402854717
:085B5800A300F40265B782808E
:105B600097010020938181EC17A101201301814945
:105B700017B5FFFF1305854997A5FF1F9385854836
:105B800017A6FF1F1306066963FAC50083220500E6
:105B900023A0550011059105E3EAC5FE17A5FF1FD7
:105BA0001305255C02852A8309CA83830500230027
:105BB00073007D16050385056DFA82802A8311C660
:105BC0002300B3007D16050365FE828003460500B1
:105BD00083C60500050585056313D60065FA330500
:105BE000D6408280B717004083C5870503C8970554
:105BF00003C7970593F5F50F1378F80F1367870020
:105C0000A38CE70403C797051377B70FA38CE704AA
:105C100003C7A70513671700238DE7043717004054
:105C20008347A705858BEDFF0565C1463717004003
:105C30009308F5FF0346A70513661600230DC70456
:105C40000346A705058A6DFE0356C705FD16C20665
:105C50001346F6FF33761601C182B297E1FEA10723
:105C60009183130505801D8DA30C07054205230CA8
:105C7000B70441858280B717004003C777051A052E
:105C80001377E70FA38BE70413974500598D13652E
:105C900035001375F50FA38CA70403C7A705C189A9
:105CA00091C513672700238DE70482801377D70FF0
:105CB000DDBFB717004003C777051377E70FA38B46
:105CC000E704130700F8A38DE7043D47238CE7049E
:105CD00013075003A38CE70403C7A7051377D70F57
:105CE000238DE7048280371700408347A70593E799
:105CF0001700230DF7048347A705858BEDFF3717A2
:105D000000408347A705E207E187E3CC07FE035580
:105D1000C705520551818280B717004003C7E704C9
:105D20000D8941111377C70F498F93068008F3B689
:105D3000068093F6860836C60F100000930670059D
:105D40002380D704930680FA2380D7040F10000025
:105D50002387E70423800704B247F3A707800F10C7
:105D6000000041018280B717004003C7E7020D8998
:105D700041111377C70F498F93068008F3B6068049
:105D800093F6860836C60F10000093067005238030
:105D9000D704930680FA2380D7040F1000002387CE
:105DA000E70223800704B247F3A707800F10000023
:105DB0004101828041112A830148930E407E130FD6
:105DC0000019930F40069318030193D8080163EF5D
:105DD0001E0113030019337365028542FD4363F00E
:105DE000B20A8D4F214F930E400689A87D13336E62
:105DF000E3039308E016630E0E00336EF30393087B
:105E0000D01663080E009378330093B81800938877
:105E1000D816C29813980801135808016DB793F863
:105E20001500138EF5FF6371BF04F908C29813982B
:105E3000080193150E0113580801C181E391F5FF84
:105E40008545630B0300B378D5038145638608005D
:105E50009375350093B51500F105C29513980501AA
:105E6000135808018945D9BFB3881341C2981398C4
:105E7000080193150E0113580801C1818DB77D16D5
:105E8000329879463307C70213D61700BE07420877
:105E90001358080132976146B3F6C60213068070A4
:105EA000B386C6023697A166F58F4207D98FB7161B
:105EB000004003C7F60213770708A303E100034677
:105EC000710003C7F60213770708E314E6FE0347E1
:105ED0007100B71600405DCF130780087337078045
:105EE000137787083AC40F10000037170040930655
:105EF00070052300D704930680FA2300D7040F10FF
:105F00000000232A07038346170393E60608A30825
:105F1000D702230007042247732707800F100000D1
:105F20001166371700407D16545B4C5FAD8EF18EC5
:105F3000E5FE93068008F3B6068093F6860836C61B
:105F40000F100000930670052300D704930680FA13
:105F50002300D7040F1000005CDB8347170393E78F
:105F60000704A308F70223000704B247F3A707803A
:105F70000F1000004101828003C7F6021377070863
:105F8000A303E1000346710003C7F6021377070875
:105F9000E314E6FE0347710065D33DBF55714EDF44
:105FA00086C7A2C5A6C3CAC152DD56DB5AD95ED781
:105FB00062D566D36AD16ECFAA8982C0EF00706FB6
:105FC00093078008F3B7078093F78708BEC20F10C6
:105FD0000000B7170040130770052380E70413077C
:105FE00080FA2380E7040F10000003C7F70213773D
:105FF000770FA387E70203C7F70213678700A3871A
:10600000E702238007049647F3A707800F100000DC
:10601000130B80C1334B65039167938707E8130A1D
:1060200030029546B347F502330A4B033EC8FD875D
:106030003ED2BD67938707A6334AFA021357FA4147
:106040003ACA330740413AD47D873ACC1307A0FBC4
:106050003307EB02B347F702138729003ECEFD87D3
:106060003ED68567938707FA3399E70063E43601E4
:1060700033993701E1679387076A3345F502930740
:1060800000103309A9023349F90293074006330986
:10609000F9029307D0073349F9029357F9413ED8E3
:1060A0008547B3963701B397E7008D878D863EC449
:1060B00036C6954763E9374B930750473687B30792
:1060C000F7023D67130707A6814A814B1304800836
:1060D000371D0040930480FAB3876703B307F0408D
:1060E000B3C7E7023ED0FD873EDA733704801377EB
:1060F0008708BAC40F100000130770052300ED04D1
:10610000930D0D0423009D040F10000003473D056F
:106110001377870FA309ED0403473D0513671700A5
:10612000A309ED0423000D042647732707800F10F1
:106130000000130C7005916C733704801377870887
:10614000BAC60F100000930770052380FD0023805E
:106150009D000F10000003473D05A166136707026D
:10616000A309ED0403570D053367970142074183E7
:106170002318ED0403570D05558F2318ED042380D4
:106180000D003647732707800F10000003473D05B9
:1061900013770702630D073C03473D05218B6DDF35
:1061A000880097B0FF1FE78060C0733704801377C3
:1061B0008708BACA0F10000023808D0123809D003C
:1061C0000F10000003473D05A1661377F70DA309E3
:1061D000ED0403473D0513670702A309ED040357C8
:1061E0000D0533679701420741832318ED040357D8
:1061F0000D05558F2318ED0423800D005647732796
:1062000007800F10000003473D051377070263075F
:10621000073803473D05218B6DFF97A0FF1FE780DF
:1062200060FF2A873ADC97A0FF1FE780A0FE625735
:10623000E30AE5FE03570D0506453367970142075C
:1062400041832318ED0497B0FF1FE780E0B70347B1
:106250003D05218B6DDF03570D0583462D05116626
:106260007D16B386C602C247718F13D6F641BA9621
:10627000B388F640925733B7E60032971D8FD24766
:10628000B3B61601158F63C6E700631CF700637A87
:106290001A01E247634BF7326395E700A25763E6C2
:1062A000F832894663F576337337048013778708AD
:1062B000BAD00F100000130770052300ED0423006F
:1062C0009D040F10000003473D0593F6F90F137767
:1062D000870FA309ED0403473D05558FA309ED047E
:1062E00023000D040657732707800F1000001306C4
:1062F000700503473D051D8B6313373773370480E3
:1063000013778708BAD40F10000013077005230015
:10631000ED0423009D040F10000003473D05916626
:106320001377F70DA309ED0403473D051367070233
:10633000A309ED0403570D05558F2318ED040357EA
:106340000D05A166558F2318ED0423000D04265773
:10635000732707800F1000009306700503473D0563
:10636000137707026307073203473D05218B6DDF73
:10637000880097B0FF1FE78060A37337048013770E
:106380008708BAD80F100000130770052300ED042A
:1063900023009D040F10000003473D05916613770D
:1063A000F70DA309ED0403473D0513670702A30991
:1063B000ED0403570D05558F2318ED0403570D0504
:1063C000A166558F2318ED0423000D04465773274B
:1063D00007800F1000009306700503473D051377F3
:1063E00007026303072E03473D05218B6DFF97A02E
:1063F000FF1FE78020E22A8C97A0FF1FE78080E143
:10640000E30C85FF03570D0591660645558F23184C
:10641000ED0497B0FF1FE780209B03473D05218BCC
:106420006DDF7337048013778708BADC0F10000024
:10643000130770052300ED0423009D040F100000D6
:1064400003473D051377F70DA309ED0423000D0461
:106450006657732707800F10000003570D0583460A
:106460002D0511667D16B386C602718FC25713D6ED
:10647000F641BA9633B7E600329733882641B3B671
:1064800006011D8F158F6346E000631A0726630817
:1064900008261305800C3307E5020256D256B335A1
:1064A000050333050503BA95EFB0D2149306150022
:1064B00033B5A6002E951357F501BA9633B7E6000B
:1064C0002A971316F70185820587D18E6346E0006F
:1064D0006313072E6381062E0356CD021582B30582
:1064E000D60033B6C50032976348E000631607361E
:1064F0001307F00F6372B736094763735727930783
:106500008008F3B7078093F78708BEDE0F100000FE
:10651000B7170040130770052380E704130780FABC
:106520002380E7040F10000003D7C7028966811695
:10653000558F420741832396E70223800704F657CD
:10654000F3A707800F100000BE402E449E440E4962
:10655000FA596A5ADA5A4A5BBA5B2A5C9A5C0A5D53
:10656000FA4D6961828022479307504789BE73378D
:10657000048013778708BAC80F10000023808D01AC
:1065800023809D000F10000003473D05136707029D
:10659000A309ED0423800D004647EDB67337048050
:1065A00013778708BACC0F10000023808D01238059
:1065B0009D000F10000003473D0513670702A30964
:1065C000ED0423800D0066471DB9E39F0BCC724696
:1065D000B2569315170013D3F80113951800B3653D
:1065E000B3003ADE46DCEFB0F2007257850B93FB46
:1065F000FB0F6346E00031EFE258638C080493061A
:10660000150033B5A600AA9513D7F501BA9633B78E
:10661000E6002E9785827E07558FF336048093F629
:106620008608B6CE0F10000023808D0123809D00C8
:106630000F1000008356CD02369742074183231680
:10664000ED0223800D007647732707800F100000AE
:10665000E5B49306F5FF13351500898D75B77337CB
:10666000048013778708BAD20F1000002300CD04EE
:1066700023009D040F10000003473D05558FA3091B
:10668000ED0423000D041657732707800F10000038
:106690008DB17337048013778708BAD60F100000C6
:1066A0002300DD0423009D040F10000003473D0577
:1066B00013670702A309ED0423000D04365773275F
:1066C00007800F10000059B97337048013778708CB
:1066D000BADA0F1000002300DD0423009D040F1020
:1066E000000003473D0513670702A309ED042300DB
:1066F0000D045657732707800F100000F9B9930552
:10670000800C3387E50233850503B3B50503BA95DD
:10671000154763733705A247130750473387E702CE
:10672000330660413306E6023D67130707A633468A
:10673000E6029356F641EFB0E26B1306F5FF133510
:106740001500898D13D7F5013A963337E6002E9759
:106750009316F70105828DBBB247130750477DBFE3
:106760001307800873370780137787083AC10F1023
:106770000000B7160040130770052380E6041307D6
:1067800080FA2380E6040F10000003D7C6020566D6
:1067900001161377F70F518F420741832396E602C4
:1067A000238006040A47732707800F100000850A1C
:1067B00093FAFA0F1DBA33E6E60059CE0356CD021E
:1067C000B335D0003307E0400D8F3305D04015823C
:1067D0006345E00051E36371A608094763705705FC
:1067E00093078008F3B7078093F787083EC30F101D
:1067F0000000B7170040130770052380E704130754
:1068000080FA2380E7040F10000003D7C7027D8BB6
:106810002396E702238007049A471DB37337048049
:10682000137787083AC50F1000001307700523007F
:10683000ED0423009D040F1000000357CD02856670
:1068400081161377F70F558F420741832316ED0208
:1068500023000D042A4781BF93078008F3B7078000
:1068600093F787083EC70F100000B71700401307C3
:1068700070052380E704130780FA2380E7040F10D4
:10688000000003D7C7029606369742074183239636
:10689000E70223800704BA4765B141111307800856
:1068A000F337078093F787083EC40F100000B7172F
:1068B0000040930570052380B704130680FA2380F7
:1068C000C7040F10000083C6170393F6860EA38833
:1068D000D70223800704A246F3A606800F1000000B
:1068E00073370780137787083AC60F10000023809C
:1068F000B7042380C7040F10000003C71703498F94
:10690000136707011377F70FA388E70223800704B3
:10691000B247F3A707800F100000410182800111E8
:1069200022CC06CE2A8497A0FF1FE780A08E229556
:10693000B707C0A863F5A700B70740573E95930770
:106940008008F3B7078093F787083EC60F10000052
:10695000B7170040130770052380E704130780FA78
:106960002380E7040F100000C8DB03C71703136779
:106970000702A388E70223800704B247F3A7078032
:106980000F100000F240624405618280411113073C
:10699000000211C57D151335150013174500930727
:1069A0008008F3B7078093F787083EC60F100000F2
:1069B000B7170040930670052380D704930680FA2A
:1069C0002380D7040F10000083C617031347F7FF77
:1069D000758FA388E70223800704B247F3A70780D7
:1069E0000F10000041018280914763EAB70897E7E2
:1069F00002009387E7B28A05BE9598413E97B71784
:106A000000409387470B028794431345F5FF3717E0
:106A10000040E98E94C39306070B9C42E98F9CC209
:106A20009307070A9843798D88C3828090439346E1
:106A3000F5FF37170040758E90C31306070B1C42F5
:106A4000C98F1CC29307070A9843F98E94C38280AA
:106A5000944337170040C98E94C39306070B9C429A
:106A60001345F5FF65BF94431347F5FF758F98C332
:106A7000B71700409387070A9843498F98C38280CD
:106A80009843498FEDB7914763EAB70897E702004B
:106A9000938747AA8A05BE9598413E97B71700404D
:106AA0009387470D028794431345F5FF371700403E
:106AB000E98E94C39306070D9C42E98F9CC293070D
:106AC000070C9843798D88C3828090439346F5FFE5
:106AD00037170040758E90C31306070D1C42C98FEF
:106AE0001CC29307070C9843F98E94C38280944389
:106AF00037170040C98E94C39306070D9C42134577
:106B0000F5FF65BF94431347F5FF758F98C3B7171B
:106B100000409387070C9843498F98C3828098431D
:106B2000498FEDB7371700408357870109C5CD8FCF
:106B3000231CF700828093C5F5FFED8FD5BF7971D7
:106B400022D43714004026D24AD003592402835459
:106B5000040206D64209C2044ECE52CC56CA13597C
:106B60000901C1802DE11379F9F793F4F49F4209EB
:106B7000C20413590901C18093078008F3B7078045
:106B800093F787083EC40F10000093077005230099
:106B9000F404930780FA2300F4040F10000023117B
:106BA00024032310940223000404A247F3A70780C0
:106BB0000F100000B250225492540259F249624A16
:106BC000D24A45618280B7F5070081463000B105A1
:106BD000194597A0FF1FE780806E22478967F98FCC
:106BE000F1FB1369090893E4044093098008F3B7A3
:106BF000098093F787083EC00F100000930A7005C4
:106C000023005405130A80FA230044050F100000E6
:106C10002311240323109402230004048247F3A7C2
:106C200007800F100000294597A0FF1FE780002371
:106C3000F3B9098093F989084EC20F1000002300B0
:106C40005405230044050F1000008357040293E706
:106C500007202310F40223000404924781BFB747A2
:106C600000404147A381E70009472380E70003C7AD
:106C70000700136747002380E700130700FA23800B
:106C8000E70003C7170013670701A380E70003C7E6
:106C900017001377E70FA380E70082808947374703
:106CA0000040631DF5008347170093E70704A30026
:106CB000F700B7470040A381A700828083471700F1
:106CC00093F7F70BEDB789476308F50263E2A70274
:106CD0001DE9B747004003C707001377770F2380EC
:106CE000E70003C7170013670702A380E70082804D
:106CF0008D47630AF5008280B747004003C707004D
:106D000013678700E9BFB747004003C70700137741
:106D1000770F2380E70003C717001377F70DF1B74C
:106D2000B747004003C70700B74600401377F70E88
:106D30002380E7002382A70089679387177103C721
:106D400066001377070419E3FD17F5FB82804111F4
:106D500026C2AA842E8522C406C62E84EF80800A0D
:106D6000B747004003C7070026859D461377F70EF7
:106D70002380E70023968700269405474204238357
:106D8000E700418037470040374600409317050130
:106D9000C183639C87003747004083477700F5FF36
:106DA000B240224492444101828083457700E3E26D
:106DB000B6FE8347050005052308F600C1BFB747A7
:106DC00000401147A381E74009472380E74003C7FC
:106DD0000740136747002380E740130700FA23802A
:106DE000E74003C7174013670701A380E74003C7C5
:106DF00017401377E70FA380E74082808947630538
:106E0000F50463E2A70205E5B747004003C7074062
:106E10001377770F2380E74003C7174013670702F4
:106E2000A380E74082808D476307F5028280B747E1
:106E3000004003C707401377770F2380E74003C75D
:106E400017401377F70DE9BFB747004003C7074066
:106E500013678700C1B7B747004003C707401367F0
:106E60008700E1BFB747004003C707401377F70E1D
:106E70002380E7402382A74037470040834767408D
:106E800093F70704E5DF8280B747004003C7074058
:106E90001377F70E2380E7407D572382E74037477B
:106EA00000408347674093F70704E5DF0345474009
:106EB0008280B717004003D787009306000C137732
:106EC000070C630FD70403D78700137707101DC77C
:106ED00003D7870083D787007D8B09EB93F70720C3
:106EE000A1C73755E80113050580828037C5981280
:106EF000FD8B130505E03345F502828003D787003B
:106F000083D7870013770720FD8B11C73755E8011A
:106F100013050580CDB73725F40013050540E1BF03
:106F20002165130505D082803725F400130505403F
:106F30008280B7F700E088478280B717004083C798
:106F40006704411193F7F70F13F7D70F19C113E730
:106F5000270093078008F3B7078093F787083EC69A
:106F60000F100000B7170040930670052380D70468
:106F7000930680FA2380D7040F1000002383E704D0
:106F800023800704B247F3A707800F1000004101D8
:106F90008280411193078008F3B7078093F7870831
:106FA0003EC60F100000B71700401307700523807E
:106FB000E704130780FA2380E7040F10000003C7DB
:106FC0006704136707012383E70423800704B2479C
:106FD000F3A707800F1000004101828032858147AE
:106FE00037370040A14663C3A70082800346B7003D
:106FF000E30ED6FE3386F50003460600850723041C
:10700000C700D5B797E6FF1F93864622AA87884216
:1070100017B70020130787E0AA9763E9E7000A87FC
:10702000130707FC6364F7009CC282807D55828051
:10703000411122C406C62A84AD3D2947B307E502A3
:10704000B2408D83B3D7870222449507B3D7E702B6
:1070500037370040C207C1832316F7004101828001
:10706000716541111305052006C6D937B7370040B1
:10707000130770F82381E7000D47A381E70013078A
:107080000004A380E70005472387E700B2404101E1
:10709000828037370040834727001A0593F7F703AC
:1070A000C98F93F7F70F2301F700828019CDB73707
:1070B000004003C717004D8FA380E70003C70700F8
:1070C000136787002380E7008280373700408347BB
:1070D000170093C5F5FFED8FA300F7008280AA95F6
:1070E000C205C18137370040A146373600409317AB
:1070F0000501C1836393B70082800348B700E30BA7
:10710000D8FE8347050005052304F600CDB782802D
:1071100017A3FF1F6700E3D521B1411193050010AC
:10712000014506C601348D4529657D3805658D45C7
:10713000993A3536B2400545410171B6411122C434
:1071400006C603C7050089471385819E0544631C55
:10715000F702DC41294403C7070083C71700A207D1
:10716000D98F4167130717EE639FE7002300D5000F
:10717000814793F6F60F938581C7139707014183E3
:107180006366D70201440346050001CE83A7C19E72
:1071900089CBDC4399C7938581C7014582972384B6
:1071A000019EB24022852244410182803307F600CD
:1071B000034807003387B70085072300070175BF21
:1071C00003C705008947631FF704DC4103C70700B5
:1071D00083C71700A207D98F4167130717EE639F74
:1071E000E70232852390060003C6919E21C2411119
:1071F0002390C600938501D706C697A0FF1FE7809E
:10720000404EA384019E83A7C19E89C79C4399C316
:1072100001458297B24001454101828023900600DA
:1072200029458280239006000545828001458280A1
:10723000058909CD97E6FF1F938646924146914501
:1072400017E5FF1F130545926FF0505401458280EA
:1072500009C523A6A19E01458280454582805147EC
:107260006360C7024111138501D706C6A384C19E7E
:1072700097A0FF1FE780E046B240014541018280B0
:107280001305E00F828017E702001307E79B93774F
:10729000050F9376F500BA97B69783C50700935705
:1072A000850093F6F70093F7070FBA97B69783C652
:1072B00007009357050113F6F70093F7070FBA97E6
:1072C000B29783C707001356C501A206C207BE9630
:1072D000120693578501BD8B32973E9703450700F1
:1072E000AE966205369582801D71A2CCA6CACAC828
:1072F0002A84AE84328997D502009385A51B130694
:10730000C003480086CECEC6D2C4D6C2DAC0EFE0F3
:107310009F899307000C6307F90A9307001063061F
:10732000F90A930700086315F9081149A94922854C
:107330000147834705000346150093162700E2071F
:107340004206D18F03463500A6960507D18F034626
:10735000250011052206D18F9CC2E31C27FD93173F
:10736000290085093384F4008A09B304F0404A8B6C
:10737000194A914AB3672B030325C4FFB1EB931756
:10738000850061815D8D01379307FBFFB3C727033C
:107390008A07938707048A9783A747FC3D8DB30725
:1073A00094009C43050BA98F1CC01104E3143BFD02
:1073B000F6406644D6444649B649264A964A064BA4
:1073C000256182801949B1499DB72149B94985B7DD
:1073D000E3572AFDE39557FD7D35D1B79C418346A0
:1073E000050013D78701358F834645002300E5004C
:1073F00013D70701358F834685002302E50013D795
:107400008700358F2304E5000347C5008346150038
:10741000B98F2306F500DC4113D78701358F8346EA
:107420005500A300E50013D70701358F834695006B
:10743000A302E50013D78700358FA304E5000347B7
:10744000D50083462500B98FA306F5009C4513D7C8
:107450008701358F834665002301E50013D70701B7
:10746000358F8346A5002303E50013D78700358FAA
:107470002305E5000347E50083463500B98F230760
:10748000F500DC4513D78701358F83467500A301CE
:10749000E50013D70701358FA303E5008346B50048
:1074A00013D78700358FA305E5000347F500B98F93
:1074B000A307F50082800347050097D70200938752
:1074C000A7689376F7001377070F3E973697034721
:1074D00007002300E500034715009376F7001377B4
:1074E000070F3E97369703470700A300E5000347C1
:1074F00025009376F7001377070F3E9736970347DB
:1075000007002301E500034735009376F700137762
:10751000070F3E97369703470700A301E50003478F
:1075200045009376F7001377070F3E97369703478A
:1075300007002302E500034755009376F700137711
:10754000070F3E97369703470700A302E50003475E
:1075500065009376F7001377070F3E97369703473A
:1075600007002303E500034775009376F7001377C0
:10757000070F3E97369703470700A303E50003472D
:1075800085009376F7001377070F3E9736970347EA
:1075900007002304E500034795009376F70013776F
:1075A000070F3E97369703470700A304E5000347FC
:1075B000A5009376F7001377070F3E97369703479A
:1075C00007002305E5000347B5009376F70013771E
:1075D000070F3E97369703470700A305E5000347CB
:1075E000C5009376F7001377070F3E97369703474A
:1075F00007002306E5000347D5009376F7001377CD
:10760000070F3E97369703470700A306E500034799
:10761000E5009376F7001377070F3E9736970347F9
:1076200007002307E5000347F5009376F70013777B
:10763000070FBA97B69783C70700A307F5008280A4
:107640000347650083477500A303E5000347550022
:107650002303E500034745002302F5008347B500F7
:10766000A302E50003479500A304F5008347A500A6
:10767000A305E500034785002304F5008347F500D3
:107680002305E5000347C500A307E5000347D50030
:107690002306E5000347E5002307F500A306E50000
:1076A00082808348050003484500194783458500CB
:1076B000B388E8028346C50097D702009387C7E8DE
:1076C0003308E802BE9803C65800B385E5023E9829
:1076D0000343380033466600B386E602BE9503C313
:1076E000450033466600BE9603C326003346660057
:1076F0002300C5000343580003C628003346660034
:1077000003C335003346660003C3460033466600B4
:107710002302C5000343280003C64800034848006D
:107720003346660003C3550083C525003346660013
:1077300003C3360083C65600334666002304C500E3
:1077400003C6380083481500334606010348550038
:107750002D8EB388E80283459500B18E2306D500AF
:107760008346D5003308E802BE9803C65800B385A7
:10777000E5023E980343380033466600B386E602CE
:10778000BE9503C3450033466600BE9603C326007C
:1077900033466600A300C5000343580003C6280013
:1077A0003346660003C335003346660003C3460014
:1077B00033466600A302C5000343280003C6480001
:1077C000034848003346660003C3550083C52500BF
:1077D0003346660003C3360083C656003346660050
:1077E000A304C50003C638008348250033460601BC
:1077F000034865002D8EB388E8028345A500B18E4D
:10780000A306D5008346E5003308E802BE9803C608
:107810005800B385E5023E980343380033466600BE
:10782000B386E602BE9503C3450033466600BE96A6
:1078300003C32600334666002301C50003435800F6
:1078400003C628003346660003C33500334666008E
:1078500003C34600334666002303C50003432800E4
:1078600003C648003346660003C35500334666002E
:1078700003C336000348480083C52500334666002D
:107880002305C50003C6380083C65600834835006B
:1078900033460601034875002D8EB18EB388E80289
:1078A0002307D5008346B5008345F5003308E80279
:1078B000BE9803C65800B386E6023E9803433800DC
:1078C000334666003387E502BE9603C3460033465F
:1078D0006600BA9703C72700318FA301E50003466E
:1078E000580003C72800318F03C63600318F03C606
:1078F0004700318FA303E5000346280003C7480073
:10790000318F03C6560083C62600318F03C6370069
:1079100083C75700318FA305E5000346480003C71E
:107920003800318F358FB98FA307F50082807971C8
:1079300022D426D24AD006D64ECE834705002E84C6
:10794000B2842300F100834715001309060A2302BD
:10795000F100834725002304F10083473500230607
:10796000F10083474500A300F10083475500A302BF
:10797000F10083476500A304F10083477500A30667
:10798000F100834785002301F1008347950023031D
:10799000F1008347A5002305F1008347B5002307C5
:1079A000F1008347C500A301F1008347D500A3037D
:1079B000F1008347E500A305F1008347F500A30725
:1079C000F1009307000863DED71A9307000C9309B0
:1079D000060C63D4D71A9305060E0A8501340A856E
:1079E00085310A85C93C9385040D0A85C53A0A8507
:1079F0004D390A85B1310A857D3C0A85CE85F93A33
:107A00000A8545310A852D390A8575349385040B1D
:107A10000A85E9320A8571310A851D310A85613C82
:107A20000A85CA85653A0A85AD390A8511390A85FC
:107A30005934938504090A8555320A859D310A8592
:107A400001310A858D3C938504080A85413A0A85EF
:107A500089390A85F5360A85B93C938504070A8574
:107A6000B53A0A853D390A85E13E0A85A9349385F0
:107A700004060A85A5320A852D310A85D1360A8584
:107A80001D3C938504050A85913A0A8519390A85B2
:107A9000453E0A850D34938504040A8581320A85A2
:107AA00009310A85713E0A853934938504030A85B4
:107AB00035320A85FD360A8561360A85ED3A9385A9
:107AC00004020A85213A0A85E93E0A85953E0A851F
:107AD000DD32938504010A8511320A85D9360A857B
:107AE00085360A85C93AA6850A85CD3883470100BF
:107AF0002300F40083474100A300F4008347810082
:107B00002301F4008347C100A301F400834711005F
:107B10002302F40083475100A302F400834791003D
:107B20002303F4008347D100A303F400834721001B
:107B30002304F40083476100A304F4008347A100F9
:107B40002305F4008347E100A305F40083473100D7
:107B50002306F40083477100A306F4008347B100B5
:107B60002307F4008347F100A307F400B250225426
:107B700092540259F24945618280CE850A85B9380E
:107B800051B5CA850A85EFF07F8545B52D71B707D8
:107B9000200023263111232E1110232C8110232A9B
:107BA0009110232821112324411123225111232034
:107BB00061119389F5FFF91763F6370301448320B8
:107BC000C11122850324811183244111032901114C
:107BD0008329C110032A8110832A4110032B01102D
:107BE0001561828093F7F500AE84E9FB2A8A79D586
:107BF0003689E9D60545B28A2E8BEFB0624A2A84CF
:107C000055DD1306001081450A85EFD03FFB4A85FC
:107C1000130600088A85EFF02FED0149B305240112
:107C200033052A01930600080A8641090933E367F0
:107C300099FEA29903C70900BD469307F7FF93F782
:107C4000F70F63E0F602B30794003E8683C6F7FFA2
:107C50006399E600FD17B306F640E3E9E6FE338BD1
:107C6000E44023A06A01A1BF411122C406C62A84B0
:107C7000EF50D00D1307F5FFF55763EBE700018DCB
:107C80003335A0003305A040B24022444101828038
:107C90000145DDBF397122DC26DA2E84AA84AA854B
:107CA0004146138581ED06DEEFD0FFEF1306B4FEEB
:107CB000938554011384419F080810C0EFD0BFEE94
:107CC0004D469D45138581EEEF50207410400C0801
:107CD000138581EE32C6EFB0627D324601CD0C08CD
:107CE000138581EEEFD03FEC4D469D45138581EE27
:107CF000EF50A0686254F250D25485471787002095
:107D0000A30EF7040546E945178500201305150560
:107D100021616F508066C167F917630FF504411147
:107D200006C622C48547639EF50241641305F4FF2D
:107D3000938581E9EFF0802F1305F4FF938581E8A7
:107D4000EFF0C02E1305F4FF938581E7EFF0002ECE
:107D50001305F4FF2244B240938581EA41016FF09C
:107D6000E02C89476396F5008545EF10212155DD0C
:107D7000B2402244410182808280411122C4416488
:107D80001305F4FF938581E906C6EFF0202A130559
:107D9000F4FF938581E8EFF060291305F4FF9385E4
:107DA00081E7EFF0A028938581EA1305F4FFEFF057
:107DB000E02717050000130545F6EF104113224494
:107DC000B24097D6FF1F9386E6E141469305100225
:107DD00017D5FF1F1305C5E141016FF0201B797115
:107DE00026D24ECE52CCB6842E8ABA89814601471D
:107DF000ED4522D44AD006D62A8932842315C10003
:107E0000EFC0806E2AC621CD2286D28597A0FF1FA3
:107E1000E780208DCE854A85EFD0407B0589494497
:107E200015C1920497D7FF1F938787DCA69783D746
:107E3000A70001462C004A852314F100EFE0203F03
:107E40002A8409C5ED452800EFC0302EB2502285A6
:107E5000225492540259F249624A45618280554443
:107E6000F5B7011122CC26CA4AC84EC652C456C222
:107E70005AC006CEAA842E89B2890D44138A81E99C
:107E8000894A514B03D609005287A546CA852685E3
:107E9000B9370DC59307B5FE93F7F70F63EEFA00F8
:107EA0000565130585389790FF1FE78020FB7D143B
:107EB0001374F40F61F819A0E31B65FFF2406244EC
:107EC000D2444249B249224A924A024B0561828019
:107ED0000111054693051008680006CE22CC26CA7B
:107EE000EF50A05217D4FF1F130444CE938481A7F0
:107EF000EF302021A301A40003C554001181EF201D
:107F0000404D2302A40003C554003D89EF20604C7E
:107F1000A302A40003C544001181EF20804B23037A
:107F2000A40003C544003D89EF20A04AA303A40098
:107F300003C534001181EF20C0492304A40003C508
:107F400034003D89EF20E048A304A40003C52400C9
:107F50001181EF2000482305A40003C524003D89BA
:107F6000EF202047A305A40003C514001181EF20D2
:107F700040462306A40003C514003D89EF20604558
:107F8000A306A40003C504001181EF208044230749
:107F9000A40003C5040097840020938464DB3D891A
:107FA000EF20204383C75401A307A40013066100F8
:107FB00085839387170293055100130580252308B5
:107FC000F400EF20A042834751008345C1000145E2
:107FD000A308F400834761002309F400930700021B
:107FE000A309F400EF20404583C6E401230AA4005E
:107FF0000547930710046384E60093072004A30A4F
:10800000F40093075004230BF400EF5020547D1527
:108010007557930710036374A70093070003A30B1E
:10802000F4008347140109469305F0072380F1A06B
:10803000834724012800A38FF19E83472400238FC8
:10804000F19EEF50803C0347810083075100631885
:10805000F70003479100830761006307F7021306E7
:10806000F00F9305F00F0145EF30105D834751008D
:1080700009469305F0072304F100834761002800B7
:10808000A304F100EF50602F85471306710085456A
:1080900013055030A303F100EF60027017D6FF1FE5
:1080A0001306C6B2E14513057030EF60E26E17D6D5
:1080B000FF1F130626B0D54513056030EF60C26D73
:1080C000F2406244D24405618280411106C60547F0
:1080D000AA85930700056304E5009307000417D6FB
:1080E000FF1F1306A6AE178500200345C5C7230A48
:1080F000F600EF20603417D6FF1F130626AD230AC3
:10810000A600B240E1451305703041016F60C268BE
:108110009787002083C717C5858317D6FF1F1306CF
:10812000E6AA93871702E145130570302308F6008D
:108130006F60826682800111054668009305100811
:1081400006CEEF50802C8345C100178500200345E3
:1081500085C1EF20602E17D6FF1F130626A7230A1E
:10816000A600E14513057030EF600263F24005613F
:10817000828039714ED65ECE06DE22DC26DA4AD8FF
:1081800052D456D25AD08347050013073004AA8B25
:1081900093F6B70FAE896386E60013075004639C1D
:1081A000E70603C71B00930700046316F70603C71F
:1081B0002B00930710026310F70603C73B009307D9
:1081C0003002631AF704178B0020130B6BB80347B8
:1081D0000B0285476301F704834A0B00639D0A0283
:1081E000354693053008138581E6EF500022054699
:1081F000930500091385019FEF502021138A019FE9
:1082000083470A006399370D4E86938581E65E8524
:10821000EFA0B26A69E1F2506254D2544259B259A5
:10822000225A925A025BF24B21618280B385FB0095
:1082300083C605006383E6188507E3E937FF014538
:10824000EFF09FA269F991449307500263E9340962
:10825000CE84F114F9CC8547639BF40803C44B002A
:1082600001491304F4FD1374F40F4E86DE85138563
:1082700081E6EFD05F93354693053008138581E69C
:1082800023003A01EF50600F05469305000913855E
:10829000019FEF50800E83C70B001307700463919A
:1082A000E70A8D47E399F4F699472309FB00930702
:1082B00010066383FA08930720066381FA08930780
:1082C0003004E39AFAF48D47A307FB00230A8B00DE
:1082D000A3092B01B5A8914713075002B9BF3387F3
:1082E0009B0003470700E306F7F6850485B7894737
:1082F000639FF40003C44B0003C95B001304F4FD47
:108300001309F9FD1374F40F1379F90FB9BF8D47F1
:10831000E393F4F003C44B0003C95B0083CA6B0012
:108320001304F4FD1309F9FD1374F40F1379F90F15
:108330002DBF0149014415BF854779B7894769B702
:10834000130730046395E70495E48D472309FB0088
:108350006254F250D2544259B259225A925A025B94
:10836000F24B03C5F1A61306800C930500022161B0
:108370006F60107D85476398F40091472309FB00E7
:10838000230A8B00F1B791472309FB0081B713073C
:108390005004E39FE7FA91E4978700202383079C2A
:1083A00045BF85476395F40023099B00D1BF8947EA
:1083B000E393F4E623099B0011BF1387F9FFB3078A
:1083C000F7401147E379F7E4154685052800EFD01B
:1083D0008FFD014581479305D0041306E0049546BF
:1083E00038003E97030707001307F7FC1378F70FD1
:1083F000E3E305E33305C50285073A95E392D7FE2B
:1084000081B5411122C406C626C217840020130478
:108410002494034724019947631BF704978700209E
:1084200023A40792930720108544231CF4002308FB
:108430009400EF306072130520039790FF1FE780D0
:10844000E0A183453401034544010546EF30B046C1
:10845000FD576313F50C97870020238B078E1305B8
:1084600020039790FF1FE780609FEF30A070834745
:10847000240181EF1306F00F9305F00F0145EF3053
:10848000B01B978700202385078C0347240185476D
:108490006310F702834544011306F00F0545EF30E2
:1084A000F02C834544011306F00F0545EF30D0183A
:1084B0000347240189476310F702034634018345CB
:1084C00044010945EF30902A0346340183454401B5
:1084D0000945EF307016034724018D476317F700F5
:1084E000014681450D45EF3070280347240191472F
:1084F0006319F700834544011306F00F1145EF306F
:10850000F0262244B240924403C5F1A61306401F50
:10851000C14541016F60D062834744010347340184
:10852000A3089400A309F400230AE4000DBF238EDE
:10853000019E23AC019E2389019EA388019E6F109A
:10854000807A011122CC26CA938781EC06CE03C61D
:10855000E70083C5F7008946AA84EF306062FD57C3
:108560002A846318F502A94705466C00138781E940
:10857000A54626852306F100EFF07F861306401FEF
:10858000C14503C5F1A6977700202383077CEF60E0
:10859000305BF24022856244D24405618280011141
:1085A000177700202328077A22CC26CA9777002045
:1085B0009387077A06CE05472398E700130700053F
:1085C00098DB177700202321077817770020230BEB
:1085D0000776138481EC094797740020938484768E
:1085E00098C4034704002AC6238CE700584098C764
:1085F00097770020A38A07769777002023AE077627
:10860000EF3080558347040032459DE30345140055
:10861000894571153335A0002380A400EF407064B4
:10862000EF30C07D0145F2406244D2440561828052
:10863000093FAA877D55E3C807FE2380F400CDB724
:108640009D4763EFC70085473396C7001375D60A69
:10865000930710040DE1137626059307200401EE1D
:10866000177500200345B56F09469307100463147E
:10867000C5009307200419462310C70013073004D0
:108680002380E6001307F004A380E60013074004EC
:108690002381E60013075004A381E6002382F6003D
:1086A000A382B600828083D7A50017C7FF1F035798
:1086B000C7540111998FC20722CC26CA06CE4AC8D8
:1086C000C1836547B28436846380E70613070002DE
:1086D0006386E7065D476390E7049775002083C5CE
:1086E0003568FD1513076100340003C691EC93B59E
:1086F0001500231301000149A13781CC19C8035982
:108700006100994763E027034A862C002685EFD055
:108710008FC923102401F2406244D24442490145EA
:10872000056182800149F5B79777002083A74765E7
:108730002380F40085472310F400F1BF054693051C
:108740001008280023040100EF40304C83478100CB
:10875000FD1793B71700E9BF011122CC2A84054504
:1087600006CEEF60401BB94517C502001305856CA6
:1087700023130100EF60A006F14517C502001305A1
:108780006569EF60C005EF100056A388019E9777DA
:1087900000209387E75BA388070023A20700977751
:1087A000002023A3075A2389019EA38E019EEF3048
:1087B000603C130761003400228503C691EC9145AB
:1087C0004135130661002C002285EFF08FE9F2405D
:1087D000624405618280797126D293140601C180BA
:1087E00022D42A8426854AD006D64ECE52CC56CAEA
:1087F0005AC82E89EF60204D83C7119F95E7D94550
:1088000017C502001305855FEF50707D2285A937DB
:108810007D59B25022549254F249624AD24A424B94
:108820004A850259456182804A85A685EF10A05588
:108830002A8971F59774002093848451DC40138A4F
:1088400081EC03274A008507DCC0638AE700E372F6
:10885000F7FCF14517C502001305455875B7EF60E1
:10886000C0421545EF604001AA89EF10805D19C52F
:10887000E14517C502001305A55479B79777002085
:1088800023AA074C854709479CC497770020938704
:10889000674B98C703470A0009C703C50700EF30B5
:1088A0002037A388019E2389019EA38E019E8347C2
:1088B0000A00114B238CF400EF30C02B9777002077
:1088C00023A407488547CE851545A388F400EF60AB
:1088D00060021945EF50507A03461A00AA8A13071E
:1088E0006100340085452285A13B81491306610062
:1088F0002C002285EFF0EFD6639F6901D6851945DC
:10890000EF50507F83471A000D47639EE7001145E3
:10891000EF606000FDBD130520038509EFE04FFF08
:1089200093F9F90FE1B7F117054793B71700238EB5
:10893000E19EDCD423AC019EEF60803A856513068E
:1089400040069385058003C5F1A6EF60701FD1B581
:10895000011113076100340003C691EC894506CE6E
:1089600022CC231301002A84E139130661002C0074
:108970002285EFF00FCF13052003EFE06FF9130608
:1089800061002C002285EFF0CFCD13052003EFE02E
:108990002FF8130661002C002285EFF08FCCF240F7
:1089A000624405618280597186D6A2D4A6D2CAD00B
:1089B000CECED2CCD6CADAC8DEC6E2C4E6C283CAFC
:1089C000850093FA0A0263930A0497790020938939
:1089D00029388547A38DF90083D7A500368997C626
:1089E000FF1F83D68621958F83C6E901C2072A8A95
:1089F0003284C18391EEF94663ECF600B716884ADB
:108A000093860608B3D6F600858A99C2A14AB1A812
:108A1000F517C207C183F54663E6F67897C60200EC
:108A2000938686328A07B6979C43B69782872286BA
:108A30002654B6509654F649D64A464BB64B264C69
:108A4000964CCA8652850659664A854765616FC04D
:108A5000F03C17F6FFFF13062624CA852285977778
:108A60000020A3820730EF10D005B650265496544C
:108A70000659F649664A464BB64B264C964C5685E7
:108A8000D64A656182804A86A285138561F0238972
:108A9000019EEFD04F91D1BF938BC19F83C70B0035
:108AA00091CF1387819F1C438DC3FD171CC399E38E
:108AB0002389019E0145EF60401845BF03C5219FF2
:108AC000CA8513351500EF6020119384D19F03C729
:108AD000040085470D456313F7000945EF50D05951
:108AE00003C7040085472A8B631AF702CA85938659
:108AF00081EB70102285EFF06F89AA84DA85094531
:108B0000EF50505F95E8CD4517C502001305C541EC
:108B1000EF50F04C0545EF604012CDBD4A85EFA007
:108B2000C2584AD6AA842DC5A2854A86EFD0AF87FF
:108B3000DA850D45EF50105C1389219F83470900AA
:108B4000639807281145EF5030533257BD472A8BA1
:108B50006305F704D54517C502001305653BEF50C3
:108B60001048E94517C502001305C538EF503047D6
:108B70003255B54AEF509048894513858188EF50AA
:108B800010462685EFA0E2520545EF60000BF1BDCF
:108B9000DA850D45EF501056BDB783C70B0003C6ED
:108BA0001400D5C383C7240003C734001384819FF6
:108BB000E2074207D98F03C75400E14517C50200F9
:108BC00013058531D98F03C7440032C6231401022F
:108BD0002207D98F1CC0EF509040D14517C5020025
:108BE0001305052EEF50B03F0840EF503041894546
:108BF00013854188EF50B03E1C4032463810B337E1
:108C0000F00014188D4552852300F900EFF05FA3A2
:108C100030100C185285EFF0CFA413052003EFE0BD
:108C20002FCF30100C185285EFF0AFA3130520039F
:108C3000EFE00FCE30100C185285EFF08FA2268592
:108C4000EFA0224785BD83C70400938B81ECA380EE
:108C5000CB002380FB0011C69307D6FF93F7D70FF5
:108C6000A9EB8547A387F90083C7240003C7340015
:108C700003CCB400E2074207D98F03C75400D98F51
:108C800003C744002207D98F23A2FB0005476304D2
:108C9000EC04D14517C5020013050521EF5030340F
:108CA0002685EFA002410545EF503079930A000870
:108CB0006DBB85476307F6009377D60F1147639422
:108CC000E700894745B789476305F6009D47E31DDF
:108CD000F6F88D4741BF99E7E14517C50200130536
:108CE000E51A6DBF03C4640083C7740083CCE4003D
:108CF0006204C2075D8C83C794005D8C83C78400C7
:108D0000A2075D8C23A48B00EF4050041307F5FFEE
:108D1000F55763FCE70463958C012285EF40A07F43
:108D200083C7A40052852386FB0083C7B400A386B3
:108D3000FB0083C7C4002387FB0003C7D400238A3A
:108D4000F900A387EB00A389E900EFF05F85FD57E9
:108D50006314F504D94517C502001305E50FEF505C
:108D600010282685EFA0E23475B36317A400E399B9
:108D70000CFAEF40D0006DB7E14517C502001305AE
:108D8000250FEF50D025528523008901EFF05FBCFD
:108D90000545EF50503865B517750020034585FA35
:108DA000EF00907501CDCD4517C50200130585096B
:108DB000EF50F0225285EFF03F9A65B78547DA858C
:108DC0001145A388F19E2300F900EF50B03285BD14
:108DD0003256A6855285EFF01FA0E30205E6C9B51D
:108DE0008547CA8522852387F900EF403053B5B9FE
:108DF0009547938481EC2380F4009777002023A586
:108E000007F493071010054BCA852285239CF900AF
:108E100023886901EFE0AFAF03470400AD47631E4D
:108E2000F70803473400A9476314F700A3876901D3
:108E300003473400AD476315F7008947A387F9005E
:108E400003473400B1476318F7008D47A387F90043
:108E50009D472380F400EF20707AEF20F04F130538
:108E600020039780FF1FE78060FF834514000345C0
:108E700024000546EF302024FD57631BF506854787
:108E800005460C18138781E7ED4652852308F10249
:108E9000EFE0FFF41306401FC14503C5F1A6977725
:108EA0000020238707EAEF60A0491305200397807D
:108EB000FF1FE780A0FAEF20F04B03470400B14703
:108EC000E315F7BA85476319F9021306F00F930506
:108ED000F00F0145EF20507697770020238A07E6B0
:108EE0001306401FC14503C5F1A6EF606045B5BE3E
:108EF0008547A388F90055BF89476318F900834562
:108F000014001306F00F0545F1B78D47E316F9FC81
:108F1000034624008345140009456DBFCA85228598
:108F2000EFE0EF9E8D47A387F90001468547814515
:108F300001452388F90017770020232707E0A38C39
:108F4000F900EF30401715B6B75744459387D7F46B
:108F50003ED2B7574441938757043ED495679387D1
:108F6000F744231EF10093070005230FF1009167DA
:108F70009387B7542310F102930790052301F10260
:108F8000B7574D459387479511464C1022853ED6DD
:108F9000EFA0A21251ED8547230CF100A14763F029
:108FA000270303455400834764006205C2075D8DB3
:108FB000834784005D8D83477400A2075D8DEFE0D9
:108FC000BFCA21C58947230CF100B7574445938791
:108FD000D7F43ED883478101138781EA8946230A63
:108FE000F10215460C185285EFE07FDF13054006AD
:108FF0009780FF1FE780E0E71306401F9777002068
:10900000238807D493050010F9BD8347440081EFFE
:10901000230C0100EFF06F8B05469305100828081C
:10902000EF40A0355DB78547230CF1000545DDB75E
:1090300011462C102285EFA042084DE902D802DA31
:1090400002DC231E01029D4763F027030345440011
:10905000834754006205C2075D8D834774005D8DB0
:1090600083476400A2075D8DEFE01FC011CDB757A5
:109070004441938757043ED88947A30EF1021387D2
:1090800081EA89463946B9BF054693051008280884
:10909000230C0100EF406037B757444193875704D2
:1090A0003ED883C701A0230AF10283C7F19FA30A18
:1090B000F10283478101230BF102EF50506B83C70C
:1090C000E19F230CF1028547A30CF10293070020D6
:1090D000A30BA102231DF102EF4040477D1513357C
:1090E000E5FF230EA102A30E010251BF0D466C083D
:1090F0002285EF90927C0DED0347340093076004C6
:109100001305440085456303F7008145EF30A05106
:1091100095679387F7442318F10293070005230905
:10912000F102A309A102138781EA894611465DBDB8
:109130000D460C102285EF9052781DE17519854778
:10914000930534004A86138581EBA38EF19EEFC010
:109150009FA59375F90F138581EBEF10403279B518
:1091600011466C102285EF905275E31105E8CA850F
:109170002285EFD0DFF99147E3FA27E783474400E0
:109180000547E365F7E61308F00F1307F00F9306A2
:10919000F00F1306F00F9305F00F1305F00FEF40DB
:1091A000803FA9B5CA852285EFD07FF66FF0FF8B8F
:1091B00017C7FF1F130707798347C70063F5A70089
:1091C0000356470011E633B5A7001345150082800A
:1091D00014437D16938516000CC383C606000C4706
:1091E0002312C700B396F600CD8EA10714C723063D
:1091F000F700D9B797C7FF1F9387C774944733D732
:10920000A60098C703C7C700098F2386E700FD574C
:10921000B397A70093C7F7FF33F5D7008280797122
:1092200026D24AD0B2842E891306002E814522D43C
:1092300006D62A84EFC09F98814601473D46939702
:109240000601C18363E2970431C7035624008947AE
:1092500063E2C704130524008A85814781463D489F
:1092600085482310D5042391D500B296C206231059
:10927000F502C182631207058146139606014182F9
:1092800063609606014501A8B307D90083C70700AC
:109290006379F6007D55B2502254925402594561CB
:1092A000828089CB8607A29703D707000507239002
:1092B000E7000547850661B70356050005073393A8
:1092C000E800B297C207C183035625008607C2078C
:1092D000C183338EC70009058905E374C3F95DBFF7
:1092E000B307D90003C7070015C306079307070292
:1092F00033872700835707FE93851700938707035B
:109300008607A2972310B7FE2390C7008506B5B73E
:1093100097E7FF1F83C787F7A1CF411126C297C4E4
:10932000FF1F9384246222C403D4440197E5FF1FE6
:109330009385C5E517E5FF1F130545F9228606C687
:10934000F93D0DE197E5FF1F938545E4A295224481
:1093500003D66401B240924417E5FF1F13050525AB
:10936000410175BDB240224492447D554101828045
:109370007D558280411126C297E4FF1F9384845C4F
:1093800083D7648406C622C499EB97E7FF1F239E08
:1093900007DE0145B24022449244410182804145AA
:1093A000EF50804D83A784F42A8499E7AA8541452C
:1093B000EF5040547D55F9BF03D6648403A5C4F42F
:1093C00097D5FF1F9385655C8297AA84A285414546
:1093D000EF504052DDD8F9BF97C7FF1F93878756DC
:1093E000D45BB84363E4E6007D55828017D6FF1F47
:1093F00013064655035746048506D4DBB385E700BC
:109400000507520751832312E604D857C166238209
:10941000A5042A97C11663F5E600C176BD06369706
:10942000945BD8D73697C166C11663F5E600C1765E
:10943000BD06369798DB945FD85FE3F7E6FA97E5C9
:10944000FF1F9385255003D66584850694DF130797
:109450001600420741832393E5843E9685652E9648
:109460002303A60413070780014511E321B7828077
:1094700001114EC6AA893D454AC806CE22CC26CA4D
:1094800052C456C22E892D3339C9138A2900854406
:109490008147C14A8607139407010545A13B4180D6
:1094A000B367A40083560A02C207C18363E2D704EC
:1094B00003560A003387D740635CC70293840402D3
:1094C0008604CE9403D704000545BA97958F9387F9
:1094D00007038607BE9983D709002310F900F240DD
:1094E0006244D2444249B249224A924A056182808A
:1094F0008504090AE39054FB7D55D5B7797122D4D0
:109500004AD04ECE06D626D252CC17C4FF1F130423
:109510006443B54917C90200130949B18347D40010
:1095200063EDF90C8A07CA979C43CA9782878564C2
:1095300017DAFF1F130A0A41FD1483574402638B95
:10954000071A83574A0403576402998FE58FC207AD
:10955000C183A29703C54704413545E183574402BF
:10956000FD172312F402D1BF97C40200938444B3C1
:10957000096A0357A401835784016362F7244D46A7
:1095800097E5FF1F938585C017E5FF1F13050502AB
:10959000EFF0FFC83DE18357440103576401BA97D8
:1095A000231EF40097C7FF1F239B073A97C7FF1F8F
:1095B0002399073A97C7FF1F2387073A99478DA03A
:1095C0004145EFF0FFBE11E90145B25022549254DB
:1095D0000259F249624A456182802145EFF09FC1FC
:1095E000AA84131A05012145EFF0DFC0135A0A01BE
:1095F000BD882147D2876384E4007D55F9B7135AAB
:109600004A001147E31BEAFE1377F50FA207BA974A
:109610007D47B3F7E70213750502C98FF9FF854748
:10962000A306F400E5BD0D45EFF09FB851DD0545FB
:10963000EFF05FBC2307A4000945EFF0BFBB137533
:10964000F50F11ED8347C400184493F677003357A4
:10965000D700E19B2306F40018C48947D1B785479A
:10966000631CF50813060009A14517E5FF1F130544
:10967000E5B1EFC0AFD413060007A54517E5FF1FFE
:109680001305C5B9EFC08FD361469D4517E5FF1F90
:109690001305C5BFEFC08FD2B717080817E7FF1F24
:1096A000130747C0938787801306001297E5FF1FB3
:1096B0009385C5AD17E5FF1F130545C11CC35CC3EA
:1096C000EFF0FFB51DF913060002954517E5FF1FE2
:1096D0001305C5ABEFC08FCE1306000297E5FF1F41
:1096E0009385C5AA17E5FF1F130545ECEFF03FB3BF
:1096F000E31505F09D472DB78947E310F5F0914735
:1097000005B713050002EFF0BFAAE30F05EA4145D4
:10971000EFF05FAE2319A4004145EFF0BFAD8357D2
:1097200024014205418193C7F7FFC207C183E316B5
:10973000F5EC8D47F5B52145EFF09FA7E30605E869
:109740002145EFF03FAB1375F50FEFF0FFC8E316BF
:1097500005EA83572401FD172319F40083572401D8
:10976000F9FB0347E4008547E30C07EAB1474DBD29
:109770003945EFF0FFA3E30905E41545EFF09FA796
:1097800013051510231AA4001545EFF0BFA6050513
:10979000231BA4001145EFF0FFA51105231CA40015
:1097A00013060014814517E5FF1F1305259EEFC022
:1097B000EFC097C7FF1F2394071A954795B50D452E
:1097C000EFF01F9FE30205E00D45EFF0BFA28357C6
:1097D000A40113871700A69783C70700231DE40081
:1097E000A297D2972384A78469B3034524023DC579
:1097F000EFF01F9CE30A05DC0345240283540402B6
:10980000EFF05F9F0357A401B387A400C2078356FC
:10981000C401C183BA97E3E2F6DE83453402C2078E
:10982000C183014609656390E70219C2231DF40054
:1098300097C7FF1F238907128357A401E390D7CE50
:10984000EFF01FAD75B51306170022972A97230472
:10985000B7841317060141830546F1B79305E1006C
:1098600017E5FF1F130585D4EFF09FC0E30E05D465
:10987000E34505D88357E1003D476366F702035788
:10988000A401231FF40093061700231DD400229780
:10989000896636972304F7840357A4018357C401CC
:1098A000E31EF7C671BF41476391E7028357A401E6
:1098B000E38507D48D472310F40289472301F4027E
:1098C0008357E401A301F402C1BF45476397E70052
:1098D000B70703008D071CD0C1B74947E39FE7D006
:1098E000B7070700AD07C5BF9305E10017E5FF1FE8
:1098F0001305C59DEFF0DFB7E30805CCE34F05CEB8
:109900000355E1009307F00F63E9A7001375F50F06
:10991000EFF09FACE30405C0CDB193070010E30264
:10992000F5E49307D011E3EAA7CC1305F5EF420560
:1099300041811317150097B702009387677FBA9785
:1099400083D707002317A1002312F40297B7020060
:109950009387077CAA9783C707002304F402A147D3
:10996000C1B10345840211CDEFF09F84E30E05C41D
:1099700003458402EFF01F8883574402AA972312FD
:10998000F402A54771B99305E10017E5FF1F130520
:10999000E5C1EFF0FFADE30905C2E34005C603579B
:1099A000E100F547E3EBE7C49316170097B7020011
:1099B00093874772B69783D707002313F40297B7AC
:1099C00002009387276FBA9783C70700A304F402A6
:1099D000A947B9B10345940211CDEFF06FFDE3053E
:1099E00005BE03459402EFF0FF8083576402AA97F7
:1099F0002313F4020357640285669307F7FFC20737
:109A0000C183E3FCD7BE5C58E3E9E7BEAD4709B9C3
:109A10008347C40018441305000293F677003357B8
:109A2000D700E19B18C42306F400EFF06FF8E30DB4
:109A300005B84145EFF00FFCAA844145EFF08FFBDC
:109A400018585C54B70600014207938606F05D8FF4
:109A500093978400F58F931685004205C2044181D7
:109A6000C1802181A180C98EC58FC206C207C18273
:109A7000D58FE314F7B8B54765B683574400E39E26
:109A800007B6054599B6411126C2AA844AC006C642
:109A900022C42E89EF104066B1C02A847D550DC8BE
:109AA00097C7FF1F938707EA0966130606F58145E6
:109AB0003E85EFC0AF9017E7FF1F1307A7E82324E9
:109AC00097F4232627F5054758D540DD20C10145E9
:109AD000B240224492440249410182807D55CDBF6B
:109AE000797106D622D426D24AD04ECE25CDBDC914
:109AF00097C4FF1F938404E583C7D4000547CD179F
:109B000093F7F70F6370F70688C035452392B400CA
:109B1000EF4090562AC64145EF407058AA89EFF0B1
:109B2000FF9D2A84EF405050B245EF4050562A899D
:109B30004145EF40D0564E99B305A9403545EF4019
:109B4000B0576347040005C083D74400014481CF68
:109B5000C54517B5020013056553EF405048B94796
:109B6000A386F4007D54B2502285225492540259A7
:109B7000F249456182800111354506CE26CA4AC8A0
:109B80004EC622CCEF40504F2A894145EF4030511C
:109B900097C4FF1F938404DB03C7D400B947AA8985
:109BA0006315F7060544EF403048CA85EF40304E54
:109BB0002A894145EF40B04E4E99B305A94035453D
:109BC000EF40904F1DC8C14517B502001305C54AA7
:109BD000EF40F040885C7D54EF405042894513854A
:109BE0004189EF40D03FCD4517B5020013058547A9
:109BF000EF40F03EB947A386F400F240228562446C
:109C0000D2444249B24905618280EFF03F8F8547D7
:109C1000E31AF5F883C70401D1F7985CDC5CE31321
:109C2000F7F8EFF02FF53334A000B5BF97C7FF1F4B
:109C3000938747D109664111130606F581453E8594
:109C400006C6EFB0BFF73947A306E500B2404101B1
:109C500082806D712324811023202111232611106D
:109C6000232291102A8417E9FF1F1309A9C219C9D9
:109C70009377F50081EBAA85034589101306C00B85
:109C8000EF104014834589109306C00B228617E518
:109C9000FF1F130525C0EF10E0133145EF40D03D05
:109CA00083458910AA8422860A85EF10F06C13067A
:109CB000001097E5FF1F9385E5BD0A85EF90E23F11
:109CC0002A84A6853145EF40F0428320C110333508
:109CD00080000324811083244110032901103305DF
:109CE000A0405161828097E7FF1F9387A7BAA384A2
:109CF0000710239207108280411122C406C626C293
:109D00004AC02A84CD37D14763FA87007D54B240D8
:109D100022852244924402494101828097E7FF1F35
:109D200023AA07C6C16797E4FF1F9384A4B613064E
:109D3000C00B8145228523A2F41023848410EF10E8
:109D400060083145EF4050332A890146A2852685B7
:109D5000EF10906281479306F00F41473386F4007D
:109D600003460600631FD6008507E399E7FE01441A
:109D7000CA853145EF40103851F88547A384F41067
:109D800079B77D54F5B7011126CA06CE22CC4AC850
:109D90004EC652C456C297E4FF1F9384A4AF83C734
:109DA000941091CFAA8901CD2E8491C903A70410E4
:109DB000B7F70200938707F0998F63FDB700253747
:109DC0007D55F2406244D2444249B249224A924A05
:109DD000056182802E9723A0E410130A0010930AD5
:109DE000001003D54410B307AA403E89C207C183BF
:109DF0006373F4002289420913590901CE854A860A
:109E00002695EFB05FDA83D744103304244142042F
:109E1000CA97C207C1832392F410CA994180639FF5
:109E2000570103D56410930715002393F410EFF046
:109E30005FE251F597E7FF1F239007B65DF00145FC
:109E400049B7411122C406C626C24AC017E4FF1F03
:109E5000130444A483479410B5CF032704109547F7
:109E600063FAE7060355441011CD13060010098E5E
:109E70009305F00F2295EFB07FD403556410EFF0F7
:109E80005FDD29E997E4FF1F83A4C4B0EF10C0266B
:109E90002A891306000F9305F00F17E5FF1F13051E
:109EA00065A0EFB0BFD1B767533144C0938747A5D2
:109EB00093C4F4FF1CC004C4232624012244B240EE
:109EC0009244024997E7FF1FA38A07AC014541016D
:109ED0006FF03FD8EFF03FE1B24022449244024994
:109EE0007D5541018280797122D406D626D24AD08E
:109EF0004ECE52CC56CA5AC817E4FF1F1304849999
:109F00008347941081CF7D55B25022549254025908
:109F1000F249624AD24A424B45618280D1472A893E
:109F2000E3E3A7FE2545AE89328AEF40F014AA8408
:109F30000146CA852285EF103044A6852545EF40AD
:109F4000701B1440B7675331938747A544401844AA
:109F5000832AC400E399F6FA93C7F4FFE395E7FA7E
:109F6000B7F702001387A4FF9387A7EFE3EDE7F8A5
:109F7000EF108018E31955F9D2854E85EFF0BFB088
:109F800059F18549130B0010268A63749B00130A4C
:109F900000102545EF40500E4E86AA8ACA852285BC
:109FA000EF10903DD6852545EF40D01485099315D7
:109FB0000A01C209C181228593D90901EFF05FB27C
:109FC00019E9B3844441E9F0EFF0FFBA2AC6EFF093
:109FD000FFC5324515BF7D55D5BF83A781A089CB6D
:109FE000411106C68297B24023A2A1A041018280FE
:109FF0009387C1A094431386160090C397E7FF1F71
:10A000009387079AB6972380A7008280011122CCFC
:10A0100026CA4AC84EC652C456C25AC006CE2A8460
:10A02000AE840149138A81A09389C1A097EAFF1FDA
:10A03000938A0A97138B41A0631C9900F2406244F3
:10A04000D2444249B249224A924A024B0561828077
:10A0500083270A0099C7228582972320AB00050930
:10A06000E1BF83A7090013871700D69723A0E90053
:10A0700023808700EDB7011122CC17E4FF1F1304E2
:10A08000E4955C40184406CE26CA8907636FF7043E
:10A090004444034714019D478504BA9463CC970454
:10A0A00083470400898B99CFA1479306F00F858FD2
:10A0B000B397F600B3D6E64003470401F58FD98F76
:10A0C0002308F400A3089400034704009347F7FF14
:10A0D000898B659BD98F2300F40097E7FF1F23A18D
:10A0E000079097E7FF1F23AF078EF2406244D244E8
:10A0F0000561828093D5344005EF85476393F5066B
:10A10000034504007A057D851375F50FF9359D88A3
:10A11000A308940083470400A9CC898BB9CB2147BD
:10A12000058F9307F00FB397E7002308F40069BF8A
:10A1300083470400FD15898B91CB9307F00FB3D7AC
:10A14000E74003470401D98F2308F40003450401C5
:10A150002EC6EFF09FE8B2458547E383F5FAE3D8D2
:10A16000B7FA034504007A057D851375F50F793D2F
:10A1700079BF97E7FF1F238B0786B9B797E7FF1FC4
:10A180009387C78503C707009376170091EA0605F2
:10A19000098913651500719B598D2380A700828062
:10A1A0009376470015E191EA136747002380E700A3
:10A1B00097E7FF1F23AA078282809847050798C761
:10A1C000D8470607D8C745BD89E6D8430507D8C391
:10A1D00082809847050798C7D84706071367170076
:10A1E000D5B7011126CA4AC84EC606CE22CC52C4E3
:10A1F000AA892E89814463CA2401F2406244D24470
:10A200004249B249224A05618280B387990003CA54
:10A210000700850413557A0013148A016184B93F3D
:10A22000135564400589993F135554400589B93742
:10A2300013554440058999371355344005893D3FEE
:10A240001355244005891D3F0584137514003D37BF
:10A2500013751A00253745B7411122C406C617D415
:10A26000FF1F1304A4778347140189C70345040122
:10A27000EFF0BFD683470400B240E19B2300F40017
:10A28000224497D7FF1F23AD077497D7FF1F23AB37
:10A29000077497D7FF1F239B07744101828063C314
:10A2A000C5008280B307C5003307B50003C80700A7
:10A2B000834607008505230007012380D7007D160C
:10A2C000F9BF79714AD04ECE5AC82E89AA89328BED
:10A2D00081451306C00317D5FF1F1305656C22D4F3
:10A2E00006D626D252CC56CA5EC662C4EFB01F8DC7
:10A2F00023A601A023A401A089471304F9FF63CE7C
:10A3000027034A86CE8517D5FF1F13056569EFB071
:10A310009F892286814517D5FF1F13056568413740
:10A32000B250225492540259F249624AD24A424BE4
:10A33000B24B224C014545618280B387890022855A
:10A3400003CA0700EF8072562286CE85AA84EFB03A
:10A350009F851306FAFF8145268591371306E9FF8D
:10A36000D28526852D3FA947B34AF402B367F4028C
:10A3700091C3850A0149938BFAFF294C631F590148
:10A380002685EF801253EFF03FED83A5C1A017D5CE
:10A39000FF1F1305E560029B61B7228A63832B01CF
:10A3A000294A5285EF807250AA89528663530A0067
:10A3B0000146B30589034E8505095914A695EFB0EA
:10A3C0008FFED2854E85EFF0DFE14E85EF80724E35
:10A3D00075B725479377F50F6347A70013850703E4
:10A3E00062056185828013857703DDBF1307400610
:10A3F000B367E502930630063345E5021307F00321
:10A40000130505036205618563EDF600138767FF99
:10A410009306900563ECE600938777051397870111
:10A4200061872380A5002300E600828013070003D4
:10A43000EDDB93870703DDB70547AA876399E5003E
:10A4400013050005639BB700130580058280130583
:10A4500000046394E700130580048280930755008D
:10A460001307250003C6070083460500FD172300D8
:10A47000C500A380D7000505E396E7FE82808147EB
:10A48000FD1563C3B70082803307B500B306F5003E
:10A490000348070003C60600850723800601230042
:10A4A000C700F9BF411122C403C4850006C6137456
:10A4B00004022DEC83CE05000948639B0E0703A818
:10A4C0004500834E08000348180022083368D8016D
:10A4D000C16E137FD8FF851E630EDF018D679387E2
:10A4E000279029446314F8022244B2408547410171
:10A4F0006FB0C01221E305476390E604D845834658
:10A5000006002300D70003A701A211E7B24022856D
:10A51000224441018280184375DBC8459387F1A12D
:10A520001D8D3335A00006050297CDB72144F9BF34
:10A530000544E9BF2D44D9BF3544C9BF411106C602
:10A5400022C403C48500418835EC3DEF03C70500F4
:10A5500089476315F706DC41328503C7070083C7C7
:10A560001700A207D98F4167130647FE638AC70009
:10A570006365F602FD07C207C18305476362F70200
:10A5800085472390F600DC4583C707002300F500CC
:10A59000B240228522444101828015176386E7007C
:10A5A000239006002944EDB7CC4595472390F6004B
:10A5B00015469770FF1FE780C012D9BF2390060091
:10A5C0000544F9B72144E9B72D44D9B7C167F91754
:10A5D000630CF502411122C406C685472A84639A9A
:10A5E000F50022852244B240938581A141016FC0CC
:10A5F000F02389476396F5008545EFE0301875D163
:10A60000B2402244410182808280411122C42A84C6
:10A610004165938581A17D1506C6EFC030211705E0
:10A6200000001305E5FA0588EFE0700C05C0224430
:10A63000B24097A6FF1F9386A67C4146C54517A545
:10A64000FF1F1305A57C41016FC05014B240224486
:10A6500001454101828009C523A0A1A20145828054
:10A660004545828011476363A70897B60200938629
:10A67000E6AF0A0536951841AE87B2853697028750
:10A68000054761456397E70083470600A38FF1A064
:10A690000145828005476145E39DE7FE834706004B
:10A6A000238FF1A0F5B705476145E394E7FE8347A3
:10A6B0000600A38EF1A0E9BF05476145E39BE7FCD7
:10A6C00083470600238EF1A0E1B715476145E39269
:10A6D000E7FC4111138501A1154606C69770FF1FBF
:10A6E000E7802000B2400145410182800945828017
:10A6F0001147AA876368A70417B70200130747A882
:10A700008A07BA979C432E85BA97828783C7F1A19F
:10A710002300F5000145828083C7E1A1D5BF83C72F
:10A72000D1A1FDB783C7C1A1E5B7411115469385F6
:10A7300001A106C69770FF1FE780A0FAB24001454D
:10A74000410182800945828011456FB03F854111EA
:10A7500093962500AA852D4506C69770FF1FE780B2
:10A7600000B6B240014541018280011122CC06CEE3
:10A770003714004026CA4AC84EC652C483447405E2
:10A78000034AB4058349840503499405EFB06FD2A9
:10A790008347A40593F4F40F137AFA0F93E7170095
:10A7A000230DF40493F9F90F1379F90FB71700404B
:10A7B00003C7A705058B6DFF03D5C705A38D470507
:10A7C000238C3705A38C2705A38B9704F2406244A2
:10A7D000D2444249B249224A05618280411193978D
:10A7E000050122C406C626C2C1872E8463D0070293
:10A7F0009770FF1FE780E0E519C1EF40300D21653C
:10A80000218DB240224492444101828093F7150089
:10A8100013C51500FDF78964B3F795009DC3EFE0FC
:10A820003155EFF07FF237F60200130606E0896536
:10A8300003C581A2EF40D030258C1315040141815E
:10A84000C9B7916733F5F5004DDD33C4F500F5B7B1
:10A850002D71232A9110FD74E98C232C811023285B
:10A860002111232631112A84AE89328993060010E2
:10A870000A86A6852D45232E11109770FF1FE780AD
:10A8800000A413154401498113962900CA850A952D
:10A890009770FF1FE780E0E4A685856601462545A1
:10A8A0009770FF1FE780A0A10A86A6859306001077
:10A8B00029459770FF1FE78080A08320C1110324E2
:10A8C000811183244111032901118329C1101561CC
:10A8D0008280011183A7019E06CE22CC26CABD8BA1
:10A8E00021476399E700AD37F2406244D244014505
:10A8F00005618280B7F70700DC532A84B284BD8BE0
:10A90000939625006397E7008567FD17F58F91C340
:10A9100001A0A2850146254536C69770FF1FE78036
:10A92000009AB2462686A28529459770FF1FE780C8
:10A9300000995DBF1D71494697B5020093858585D5
:10A9400017B502001305055186CEA2CC9770FF1FE4
:10A95000E780C0EA01E917B502001305E584EF803E
:10A96000B23001A0B7F700E023A40700795798CBD5
:10A970003D4798C30564B7E700E023A087180F1090
:10A9800000001787FF1F1307A71723A2E1A21307D1
:10A9900000F8A38AE7401306C00381454808977072
:10A9A000FF1FE78080DA975700209387673E3ECAF3
:10A9B000896793870780231CF1009D673ECEB70708
:10A9C0000105938707103ED09307B00F2312F102C1
:10A9D00085472303F10297070000938787D7BEC4FA
:10A9E00097070000938727EFBEC69307B4D22314BE
:10A9F000F10297C7FFFF938707543EDA97070000DD
:10AA00009387E7D63EDEB7F50700970700009387E8
:10AA1000E7D38146BEC070009767FF1F9387E75456
:10AA2000E10519453EDC9770FF1FE7804089194614
:10AA30006C001305E102EFB00F9719466C00138507
:10AA400081A7EFB04F96D24789C78357810163F33F
:10AA5000870001A04808EF40B065AA8501C917A585
:10AA600002001305A575EF80720B01A0F640664445
:10AA700025618280411117050000130565D606C6C1
:10AA800022C4EF405060138481A22300A400312827
:10AA9000CD28034504002244B24037F602001306D5
:10AAA00006E0896541016F40B009397106DE130780
:10AAB0008008F337078093F787083EC20F10000025
:10AAC000B7170040930570052380B704130680FA7A
:10AAD0002380C7040F10000083C6F70293F6A60F69
:10AAE000A387D702238007049246F3A606800F109F
:10AAF000000073370780137787083AC40F100000EF
:10AB00002380B7042380C7040F10000003C7F70297
:10AB100013672700A387E70223800704A247F3A750
:10AB200007800F1000000545EFB0EFA3EFF0DFC185
:10AB3000814701478146054685451305407EEFB0B4
:10AB40006FA768001306400281459770FF1FE780DA
:10AB5000C0BFB707C0A83ECAB787E803938707D02E
:10AB60003ECC9767FF1F938747383EC668009767BC
:10AB7000FF1F938707393EC8EF502000F250216134
:10AB800082800111054506CEEFB05FE01307000398
:10AB9000B71700402388E70223A601A21307800805
:10ABA000F336078093F6860836C40F10000093052D
:10ABB00070052380B704130680FA2380C7040F10A2
:10ABC000000083C6E70093E686002387D700238032
:10ABD0000704A246F3A606800F1000007337078013
:10ABE000137787083AC60F1000002380B70423802C
:10ABF000C7040F10000003C7170313670702A388D9
:10AC0000E70223800704B247F3A707800F10000074
:10AC1000F240B7E700E03707001023A0E710056116
:10AC2000828041118D451D4506C6EFB0FFDBEFC0A8
:10AC30000F990545EFC08F9CB2408D4505654101D8
:10AC40006FB07FE4411122C43714004026C206C60B
:10AC50009307C40C856484C31945EFC0AFA01304E7
:10AC6000840D04C0B24022449244410182804111CB
:10AC700022C43714004006C626C29307C40C85645C
:10AC800084C31545EFC00F9EEFC00FA01304840DC1
:10AC900004C0B24022449244410182804111B7175E
:10ACA000004006C6056722C426C223A6E70C2A84F4
:10ACB00013050009EFC00F9B135504011375F50F21
:10ACC000EFC04F9A135584001375F50FEFC08F999D
:10ACD0001375F40FEFC00F9985476317F402EFC0A7
:10ACE000AF9AAA84EFC04F9A2A8422043365940055
:10ACF000B2402244B7170040056723ACE70C420579
:10AD00009244418141018280EFC00F982A84EFC0B4
:10AD1000AF97AA84D9BF411122C426C206C6130424
:10AD2000903EB71400407D14054542049760FF1F14
:10AD3000E78020144180A3810404EFF05FF319C081
:10AD4000058975F1B2402244B7170040056723AC6E
:10AD5000E70C924441018280011122CC2A842945CA
:10AD600006CE26CA4AC8EF3030312AC6B714004092
:10AD7000EFF05FED9387C40C056923A0270113054D
:10AD80000002EFC02F8E135504011375F50FEFC0AD
:10AD90006F8D135584001375F50FEFC0AF8C1375CD
:10ADA000F40F9384840DEFC0EF8B23A02401EFF008
:10ADB0009FF66244B245F240D244424929450561BA
:10ADC0006F3050333306A6020A062E9613158600FE
:10ADD0006FF09FF8011122CC52C436842E8A3304BE
:10ADE000440326CAAA842D4506CE4AC84EC6B28957
:10ADF000EF3090282A89EFF0FFE4B717004005678D
:10AE00000A0423A6E70C09454E942204EFC08F855F
:10AE1000135504011375F50FEFC0CF84218013750E
:10AE2000F40FEFC02F840145EFC0CF8313840410CB
:10AE300003C504008504EFC0EF82E31B94FEB7173F
:10AE40000040056723ACE70CEFF0FFEC6244F240F2
:10AE5000D244B249224ACA8542492D4505616F3024
:10AE60007029B386B602411106C6B71700400567C0
:10AE700022C426C24AC023A6E70CAA848A06B29638
:10AE80000D4513948600EFB0FFFD135504011375B3
:10AE9000F50FEFB03FFD21801375F40FEFB09FFC6D
:10AEA0000145EFB03FFC014413090010EFB0DFFD96
:10AEB000B38784002380A7000504E31924FFB24070
:10AEC0002244B7170040056723ACE70C92440249BF
:10AED00041018280411191451305000406C6EFB07F
:10AEE000BFB0B71700409386870A9842B240938755
:10AEF000870D1367070498C2056798C341018280D4
:10AF0000411106C6EFF01FFDEFF0BFD11305800C15
:10AF1000EFC00FA00145EFF07FD8B7170040A38125
:10AF20000704B24041018280B7170040A3810704A3
:10AF300005679387870D98C301456FF03FD642069A
:10AF40009306C00B41826FF0DFF10145828015C589
:10AF5000414718C51307002018C937070303854761
:10AF6000130727102310F5002302F5002306F50030
:10AF700058C9230CF500054582800145828089650A
:10AF8000938505711305800C6F005028411106C68A
:10AF9000512C1305A00A8D2A130590047122130564
:10AFA000500559221305000241222145B52A2545A5
:10AFB000A52A6145952A0545812A1305F003AD228E
:10AFC000014599221305F005852213059006A92A4B
:10AFD0000D451D2A0145892A13054005B122014569
:10AFE000A1221305400489221545392A13050004BE
:10AFF000252A7D45152A7D45052A1305C0022D22E7
:10B00000194519221305F00605227D45312A5D45B3
:10B01000212A13059004092A2145FD201305F00675
:10B0200021227D4511227D45012213052002ED28B4
:10B0300013050003D1282145C52813050005E92083
:10B040001305F003D520130500067D280945E928DE
:10B050000145D9281305100645280D45F120130593
:10B060000002D9200545C9201305000E75281305D7
:10B070004008592805454D281305300E7120130549
:10B08000F0025D2011454920B24041016FF03FEFD1
:10B09000011106CEEF30B059EF3070594945AD205F
:10B0A00001455920EF0030092800EF009014854732
:10B0B0006309F500CD4517A5020013052512EF30F1
:10B0C0000072F240056182804111414506C62D287B
:10B0D000B71700409386870A98429387870CB2403F
:10B0E0001367070298C29843A166558F98C3410120
:10B0F000828013051004828037F50200130505E0F5
:10B100008280130500048280B71700409386C70A27
:10B1100098429387C70C1367070298C29843A166A9
:10B12000558F98C36FB05FFFB71700409386870AAB
:10B1300098429387870C1367070298C29843A166C9
:10B14000558F98C36FB05FFD97A702009387470E96
:10B15000135745003D893E97AA970347070083C7C9
:10B1600007009306F00F3365F7006306D50012075A
:10B17000D98F13F5F70F8280A38EA1A2828041118F
:10B1800022C4371400409307C40A984326C206C657
:10B190001367870098C39843856493840480458F20
:10B1A00098C315459760FF1FE780A0CC9307840ADA
:10B1B0009843B24022441367870098C39843458F51
:10B1C00098C39244410182809757002083C737B9C2
:10B1D00005476391E702B71700409386870A9842B4
:10B1E00005669387C70C518F98C298439166558F17
:10B1F00098C382800947639FE700B7170040938692
:10B20000870C984211669387C70A518F98C298435A
:10B210008566F1BF0D47E39EE7FCB71700409386B4
:10B22000C70CC5B76FF0BFF54111854706C6175764
:10B230000020230FF7B0EF20101EEFB01FEEB7175E
:10B2400000409386870A984205669387870C518F42
:10B2500098C2984391661545558F98C39760FF1F14
:10B26000E78020C1B24041018280411122C48D4556
:10B270002A841305000406C6EFB00FF78547631E46
:10B28000F400B71700409387870A9843B2402244DE
:10B290001367070498C341018280B7170040938762
:10B2A000C70AE5B74111054506C6EFF01FFCB71701
:10B2B00000409386870A984205669387870C518FD2
:10B2C00098C2984391661545558F98C39760FF1FA4
:10B2D000E78020BAEFF05FEFB2404101828083C780
:10B2E000D1A3ADE3411106C622C4EFF07FDAB71750
:10B2F00000409386870A984205669387870C518F92
:10B3000098C2984391661384F1A6558F98C303455C
:10B31000040093050010EF40802B175700200347CF
:10B32000B7A48547631CF700034504002244B240DC
:10B33000C14541011783FF1F6700A34DB24022445E
:10B34000410182808280797122D44ECE2A84AE89D6
:10B35000394552CC06D626D24AD056CA5AC85EC6FD
:10B3600062C4328AEF30405163890906AA8A6301B8
:10B37000041285474E89631AFA0093F719006399FE
:10B3800007100149854763E73707975700209387E0
:10B39000279C83C60701054781446383E6008457E1
:10B3A000EFF09FD563FBA402B3049540637399004B
:10B3B000CA84A16763EE970C854701496304FA04C8
:10B3C0009309F00F17CAFF1F130A8A6263189908BE
:10B3D000D6853945EF300052C5E00145B2502254C0
:10B3E00092540259F249624AD24A424BB24B224C21
:10B3F000456182803307F40003470700890705078A
:10B400003A9951B717C9FF1F1309895E338B24017D
:10B41000E37069FD894B130CF00FB38B8B40034530
:10B420000400EFF07FD2AA8563048507034A140065
:10B43000B3072B41050A63D64701139A0701135A34
:10B440000A014A855286EFA06FF7B3878B005299A5
:10B45000E3F037F90904E36469FD9DBFB3072401F4
:10B4600003C50700EFF05FCE63043503B30749015E
:10B470002380A700050999BF83A781A3B9DFA6850B
:10B4800017C5FF1F1305C556829723AAA1A2B1B7FE
:10B49000D6853945EF30004617A50200130545D87B
:10B4A000BD45EF30C033FD5723AAF1A205453DB796
:10B4B000397126DAAA844AD852D406DE22DC4ED666
:10B4C00056D25AD05ECE62CC66CA6AC86EC62E8A82
:10B4D0003289EFF07FC2638A041463080A14AA89D0
:10B4E0006375A9143304254163738A005284175786
:10B4F00000200347E7868547B30C2401814A63187F
:10B50000F704A94517A502001305C5D0EF30202D7B
:10B510002285EF30A02E89451385C18CEF30202C79
:10B520003D45EF306035AA8A05459757002023A591
:10B530000784EFF09FD31305800C9760FF1FE7800F
:10B540004093EFF07FCE97570020238B0780138A1C
:10B55000C1A363140902EFF0FFD451459760FF1FA8
:10B56000E7802091EFF09FA2EFF01FB683470A001B
:10B5700089C7D6853D45EF30E037B747004083CBDC
:10B58000370003C9170083470A0093FBFB0F1379A9
:10B590000904014591C72145EFB04FF003450A006A
:10B5A000056CEF309005930DFCFF374D004083474D
:10B5B0000A00014B89C74545EF30002C2A8BA28A2F
:10B5C00063638401EE8A93950A01C1812685EFB0F9
:10B5D0000FF883476D0093F70704E5DF83470A0000
:10B5E00089C7DA854545EF30E03033045441D694BD
:10B5F0005DFC0145EF307000B7470040A381770143
:10B6000003C717001377F70B3369E900A3802701FD
:10B61000639D9901A94517A502001305E5BEEF300A
:10B62000001CEFF0DFCB23AA01A2F2506254D254E7
:10B630004259B259225A925A025BF24B624CD24C96
:10B64000424DB24D21618280011152C4174A00203F
:10B65000130A0A7022CC26CA4AC856C203248A0298
:10B6600006CE4EC6AA8A2E89EFF01FA903470A010B
:10B670008547AA84631DF7000DC963080902AA89DA
:10B680006373A900CA8923A801A201443DA0637481
:10B69000A400631E09002285F2406244D24442495C
:10B6A000B249224A924A056182800144EDB7B3094A
:10B6B000854063733901CA8979D485472286CE854E
:10B6C0005685238EF1A2138901A3EFF07FDE238E2E
:10B6D00001A2832709004E9423248A028507232090
:10B6E000F900631F940499451385418CEF30200FB6
:10B6F00003250900EF30801089451385018CEF3058
:10B70000000EA94517A50200130545AFEF30200D27
:10B7100003258A02EF30800E89451385C18BEF30F7
:10B72000000CA54517A50200130585ACEF30200BD2
:10B730004E85EF30A00C89451385818BEF30200AB0
:10B7400003258A0291BF411123ACD1A206C69747B7
:10B75000002083A7676299E323AA01A2C205C181E1
:10B76000EFF07FBEB24003A541A3410182800111E9
:10B7700022CC26CA06CE974700209387675D0D47E7
:10B780002306A100A387E700A38CB700EFF0DF96A4
:10B79000AA84014463479400F2406244D2440561A4
:10B7A0008280228685456800EFF09FD00504DDB7D2
:10B7B0006FF03F9497060000938646E96FF0BFF85C
:10B7C000AA872E8589CD05476395E70085456FB02B
:10B7D000AFA109476395E70085456FB0CFAA828086
:10B7E000411122C406C6930700102310F500B707C5
:10B7F0000303938717205CC9230205002324050057
:10B800002306050023280500230C05002A84EFF0F9
:10B810000FF48547631BF500034504007D151335C0
:10B820001500B2402244410182800145DDBF630220
:10B830000510797122D42A84480026D206D6AE8417
:10B84000EFF01FFA85476308F50223000400A30008
:10B85000040023010400A301040023020400A30246
:10B86000040023030400A30304000145B250225442
:10B87000925445618280B2472300A400A300940043
:10B8800083468100014799CB6393A6083717004090
:10B890000327470A7D8F1D8F13371700D2462301D8
:10B8A000E40003460101814781CE8547631AF6060D
:10B8B000B717004083A7470AF58F958F93B71700F6
:10B8C00083465100A301F40089E61347170093C78C
:10B8D0001700B3369000A303D4002302E400A302B0
:10B8E000F4002303040093F6140081CA854663160E
:10B8F000D7002303E400A30304008988A5D80547E3
:10B90000E396E7F62303F400A303040085B7094692
:10B910000147E395C6F8371700400327470C9DBF42
:10B9200089458147E31EB6F8B717004083A7470C47
:10B9300061B7014582807971480006D6EFF05FEA71
:10B9400085476311F502B24503458100EFF05FE7DB
:10B9500003450101D245EFF0BFE629459750FF1F8F
:10B96000E780C04FB250456182807971480006D6A9
:10B97000EFF01FE7AA8705470145639AE7001747DD
:10B9800000200347D73D6317F70003458101B250FC
:10B990004561828089476315F70003459101C5BF62
:10B9A0008D47E316F7FE0345A101D5B7797148002D
:10B9B00006D6EFF0FFE2AA8705470145639BE70043
:10B9C000174700201307C73854576397F6000345FD
:10B9D000B101B250456182800347F7008947631780
:10B9E000F7009747002083C7E735F5D3EFF0FFF75F
:10B9F000CDB7411122C406C62A84EFF03FFBAA85C9
:10BA000022852244B24041016FF07FE2797106D66F
:10BA100022D44AD026D24ECE52CC2A842E89EFF0A0
:10BA20009FF1EFF09FF411E9C14517A5020013053E
:10BA3000658CEF20D05A05451DA88547AA849359E7
:10BA4000190063EE8702054463E327018549014934
:10BA5000054AA6852800EFF09FDD63044503F14504
:10BA600017A5020013050587EF2070570145B25056
:10BA7000225492540259F249624A456182800580FB
:10BA8000E1B78347E100638247030509420913597F
:10BA900009019750FF1FE780C03DE31C89FAC145AB
:10BAA00017A502001305C58169B701440549A6859C
:10BAB0002800EFF0DFD763082501F1451795020054
:10BAC0001305057E55B78347F100E38627F7050484
:10BAD000420441809750FF1FE780A039E31934FDED
:10BAE000B945179502001305A57AEF20504FE1459F
:10BAF0001795020013050578EF20704EC545179580
:10BB000002001305E575EF20904D2685EF20704D5E
:10BB100089451385818DEF20904CBD451795020016
:10BB200013050573EF20B04B0345A100EF20704BC8
:10BB300089451385418DEF20904ABD451795020038
:10BB400013050570EF20B0490345B100EF2070499F
:10BB500089451385018D09BF0111614506CEEF208E
:10BB6000B0512AC6EFF0CFB9B245F2406145056148
:10BB70006F2050586FF04FBB6FF06FBC55458280FF
:10BB8000757126C34AC1AE843289ED45130640065D
:10BB9000680006C7CEDE22C5B689EF1010074A86B8
:10BBA000A68568001522FD57631AF5007D55BA4039
:10BBB0002A449A440A49F6594961828009472A84ED
:10BBC0009307A0FA6393E900814713F5F70F014744
:10BBD0007C00D546631CE40023808700A380970087
:10BBE00023812701A381A700238237010507950739
:10BBF000E312D7FE680013064006ED45EF10E0772C
:10BC00001375F40FEFF06FB455F11305240045B729
:10BC10001971A2DC1304E5FF86DE1374F40FD1471B
:10BC200063E9870213064006ED456800EF10E07DEA
:10BC300095473304F40213064006ED456800930768
:10BC40000407338427009307A0FAA30FF4F8EF103A
:10BC5000C072F65066540961828041112E85B2850A
:10BC6000014606C6EFF01FB5B2407D8541018280D6
:10BC7000011122CC26CA4AC84EC652C406CEAE898D
:10BC80002A840149014AFD54EFF05FEF636BA9007C
:10BC9000F2406244D2444249B2495285224A056187
:10BCA000828083472400638F370123009400A30020
:10BCB000940023019400A301940023029400050939
:10BCC0001504D9B7054AE5BF011152C42E8AB285C1
:10BCD00022CC26CA4EC606CE4AC8AA84B289EFF044
:10BCE0003FF9854701446312F502138914000144AA
:10BCF000EFF0DFE86364A4028D0401441309A00A95
:10BD0000EFF0DFE76367A4027D54F24022856244CE
:10BD1000D2444249B249224A0561828083470900E0
:10BD20006396470183471900E38137FF050415092E
:10BD3000C1B783C704009504E39927FD0504C9B77B
:10BD4000011122CC26CA4AC84EC652C406CEAA84C5
:10BD5000AE89328A130915000144EFF03FE26364B3
:10BD6000A4007D541DA083470900639937038347CE
:10BD70001900639547039547B307F402BE9483C740
:10BD80004400174700202323F7FCF2402285624439
:10BD9000D2444249B249224A05618280050415090C
:10BDA0006DBF7571130640068145680006C722C540
:10BDB00026C34AC1CEDEEF907FE013064006ED4574
:10BDC0006800EF1080646000014981449309A00A73
:10BDD000EFF0DFDA636CA900EFF05FDABA402A44D3
:10BDE0000A49F659058D9A44496182808347340097
:10BDF00063933701850405091504D9BF7971FD578F
:10BE00003ECA3ECC230EF100B7474646938767648F
:10BE10003EC80808914735469305300806D62306E4
:10BE2000F100EF1080556800054693050009EF10FA
:10BE3000C054B25045618280757106C722C526C3C1
:10BE40004AC1CEDED2DC0DE5130640069305F00FA5
:10BE50006800EF90BFD613064006ED456800EF106E
:10BE6000C051EFF01FF41375F50FEFC0AFACADA8E4
:10BE70008547AE896311F5061306400681456800C3
:10BE8000EF90DFD313064006ED456800EF10E05752
:10BE90006000014A0149FD54EFF05FCE636BAA00D8
:10BEA00013064006ED456800EF10204D630E0902B1
:10BEB0004DBF83472400639D370123009400A300F6
:10BEC000940023019400A3019400230294000549E7
:10BED000050A1504D1B789476308F5021306400621
:10BEE000ED456800EF106049600081441309A00A25
:10BEF000EFF0DFC863E5A406BA402A449A440A4931
:10BF0000F659665A496182808145328A6800130673
:10BF10004006EF90BFCA13064006ED456800EF10DB
:10BF2000C04E600081440149EFF05FC5E3FAA4F61A
:10BF3000834724006392370383471400639E4701BD
:10BF4000FD572300F400A300F4002301F400A30133
:10BF5000F4002302F400054985041504F1B7834772
:10BF600034001504E38A27F9850459B7757106C7AB
:10BF700022C526C34AC1CEDE8D476313F5040544AE
:10BF80008545454597470020238C87DCEFF02FFE41
:10BF9000A384818205489307F00F1307F00F9306DF
:10BFA000F00F1306F00F9305F00F1305F00FEF10CD
:10BFB000805EBA402A449A440A49F659496182800F
:10BFC0009147AE846305F5008547631BF5021306B0
:10BFD000400681456800EF907FBE13064006ED45A0
:10BFE0006800EF10804260000149EFF03FB9E37252
:10BFF000A9FC834724001504E38397F80509F5B7E6
:10C000008947E318F5FA8145B289680013064006AE
:10C01000EF90DFBA13064006ED456800EF10E03EF2
:10C0200060000149EFF09FB5E375A9F8834724004C
:10C030006396970083471400E38337F505091504D9
:10C04000D5B7011122CC26CA2A848544054693051A
:10C050001008280006CE4AC82304010023069100D8
:10C06000EF10A03A83478100638B87021379F40FA6
:10C07000054693051008680023062101EF10E02F04
:10C080004A85EFC08F849387F1A66310940203C59D
:10C0900007000566130606C88965EF30602AF2407E
:10C0A0006244D24442490561828003C50700896524
:10C0B000EF30E051EDB7757106C722C526C34AC1FE
:10C0C000CEDED2DC8547630DF60213050010B28484
:10C0D000EF60B27D2A846311051CF94517950200B3
:10C0E0001305452AEF20A06F0545EF20D0027D55AE
:10C0F000BA402A449A440A49F659665A49618280EC
:10C10000174A0020130ACAC4AA890345FA002E89D7
:10C11000EF20D04213050010EF6032792A8455DDFC
:10C1200083478A01ADEF974400209384A4C103C5DF
:10C130000400EF1020379307F00F6303F50088C465
:10C1400097440020938404C098448947631DF70EE8
:10C150000545EFF06F8203C5040001469705000016
:10C160009385E5AFEFD03FD8AA840145EFF0CF80AB
:10C17000EF201042D5CCF945179502001305851A1A
:10C18000EF20E06597470020238407BC85470145E1
:10C190002318FA00EFF06F8DEFC06FB941A01306BE
:10C1A0004006ED456800EF1040264A86CE856800BF
:10C1B000EFF01FB9FD57630EF5009547B307F50281
:10C1C000938707078A9703C7F7F99307A00A630BBA
:10C1D000F704ED451795020013050519EF202060BF
:10C1E000C145179502001305E516EF20405F4E8507
:10C1F000EF20205F89451385018EEF20405EBD450D
:10C200001795020013050514EF20605D4A85EF20A5
:10C21000405D89451385C18DEF20605C2285EF600C
:10C220005269D9B5090597470020238DA7B009BFEA
:10C23000EFF0EF8A9747002023A807B02285EF6030
:10C240005267014575B51306001081452285EF90B0
:10C25000FF96D04083C504002285EFF0FF91DC40BB
:10C2600003C684009305001085072285DCC0EFF02B
:10C270006FD42A89EFE05FE8E367A9FCED451795E5
:10C28000020013056508EF2080559747002023AD75
:10C2900007AAEF20F02F5DB7D5F0EFF03FB6854548
:10C2A0004545EFF0CFCC59BF41118D451305000234
:10C2B00006C6EFA04FFDB71700409387C70C984301
:10C2C000B2401367070298C341018280011122CC5A
:10C2D0003714004026CA4AC84EC606CE9307840DBE
:10C2E00013070006AA892E8998C38D4513050006F9
:10C2F000B284EFA04FF9638E09021304C40C8D457C
:10C300006301090213050004EFA0EFF71C4093E757
:10C3100007041CC0F2406244D2444249B24905615C
:10C32000828013050002EFA00FF61C4093E707027E
:10C33000CDB7A947E3E097FE6244F240D2444249B8
:10C34000B24905616FF05FF6411122C426C206C6EC
:10C35000BD440144EF20B041FD142A94E5FCBD47E3
:10C360003355F402B2402244924441011375F50F53
:10C370008280B717004003A5470C3581058982806C
:10C3800003C7E1A39307A7FB93F7F70FF94663EE03
:10C39000F60013054006198D930780073305F50253
:10C3A00095476356F5021545828003C741A493075C
:10C3B00067FA93F7F70FA94663E8F60013055006EE
:10C3C000198D93076009D9BF09651305C5D482800B
:10C3D000011185472306F10006CE22CC26CA4AC8A1
:10C3E000974400209384C496EFF0BFF8138961A4AA
:10C3F0002A84238F01A2238BA4002300A900EFF03D
:10C40000BFF4A38AA4000145EFB09FD00546930571
:10C4100020086800EF00707F03C654018347C10005
:10C42000034509009335460693C515002382F1A400
:10C43000A382B1A4EFF09FE919E883C75401054630
:10C440009305200868002306F100EF001073F24006
:10C450006244D24442490561828079714AD006D64D
:10C4600022D426D24ECE52CC56CAEFF09FF085474A
:10C47000174900201309C98D631BF50C938A61A429
:10C48000AA84EF20D02E03CA0A00230B99002A8425
:10C49000938951A463110A0883C741A4238FF1A291
:10C4A00023A001A49307300663F2A70683C70900FF
:10C4B000639097040546930520086800EF00F07428
:10C4C0008347C1002382F1A4834769012380FA00D6
:10C4D000EFB07FC62286225483C50900B250925421
:10C4E0000259F249624AD24A054545616FF01FDEA2
:10C4F000A30AA90023A091A4EFF09FE8E3ECA4FA1B
:10C5000085472380F90023A001A40DA8A30AA90050
:10C51000A38201A445B783C7090063819702A30AD8
:10C52000A9009307300663FFA700938701A4844303
:10C53000850484C3EFF0DFE4E3F4A4FC8547E30B58
:10C54000FAF88DBF23A001A4A38201A4C5BF0347AD
:10C5500069016312F706EFF03FDFA30AA9002A84FE
:10C5600001459747002023800780238301A4238F60
:10C5700001A2EFB0FFB9EFB01FBC9307300663E430
:10C580008700A38201A405469305200868002306BE
:10C590008100EF00905EB71700401307000623AC40
:10C5A000E70C8D4513050006EFA0EFCDA94763E426
:10C5B0008700EFF07FCFB250225492540259F249D3
:10C5C000624AD24A4561828041118A871387F50009
:10C5D000BE88834607008507A38FD7FEBA867D17DE
:10C5E000E399D5FE8147C1463307F50003470700AD
:10C5F0003388F800034808003117B305F6003347C5
:10C6000007012380E5008507E390D7FE4101828082
:10C610002A869795FF1F9385A5961795FF1F1305EB
:10C6200025976FF07FFA0111854706CE2306F100AA
:10C63000639FF50041468145EF00502F6800054695
:10C64000C145EF00B02E0545F240056182801737E5
:10C6500000200347D771E31FF7FC0145F5B7397197
:10C6600026DAAA84080806DE22DCEFF07FFA4146CB
:10C6700081450810EF00503D0546C1450A85EF0091
:10C68000B03C8347010005476396E7001737002059
:10C69000A30FF76C14085000C1450810EFB00FCF7E
:10C6A0002A8421C51946A6852800EF90CFCF2800FF
:10C6B000EFD0DFDA1946A2852800EF60122019EDCD
:10C6C00085472285173700202303F76AEF60721E23
:10C6D0000545F2506254D2542161828022859737F9
:10C6E000002023860768EF60D21C0145DDB78280F9
:10C6F0008547A383F1A482808280411122C406C6AB
:10C700002E84EF20102CB7470F0093870724337631
:10C71000F50222852244B240814541016F00724FEB
:10C72000797122D4B717004006D626D24AD04ECE11
:10C7300052CCA381070493970501C1872E8463D24D
:10C74000070403C5F1A49750FF1FE78080F0AA8477
:10C7500019CD034705009307000B6317F7008345C6
:10C7600045002105EF80601C2685EF2030162165ED
:10C77000218DB250225492540259F249624A4561C5
:10C78000828093F7150085C31796FF1F1306068254
:10C790009795FF1F9385C58003C5F1A4EFF0B130D5
:10C7A00013451400F9B793F7050881CB41657D1552
:10C7B000EF20A227134504086DBF93F7850085CBB2
:10C7C00081572312F1004165239401A4239501A40C
:10C7D000239601A4854783C6F1A409464C00791528
:10C7E0002387F1A4EF7010661345840059B793F7BF
:10C7F000050191CF41651307802581461306400648
:10C80000D1457915EF20E221134504019DB793F737
:10C810000502D5CB138971A483470900ADEB93843E
:10C82000818103C7040083D781A435CB416A2312D9
:10C83000F1000147854781460546C9451305EAFFD2
:10C84000231601002313F100EF70104A2AC421C1FE
:10C850009389F1A403C609009307A0052300F500FE
:10C860004C001305EAFFEF7050410DE585472300AA
:10C87000F90083C7040003C509001306006493B7D9
:10C880001700930500022380F400EF20702B13455E
:10C890000402C5B5C9454800EF802009CDBF4165F8
:10C8A00003C6F1A44C0079152312F100EF70B03CDF
:10C8B00079FD85472300F90083C7040093B717006B
:10C8C0002380F400E9B713F50504E30405EA4165A4
:10C8D0007915EF20C2140566130606969305000429
:10C8E00003C5F1A4EF20D0251345040459B503472F
:10C8F0002500B5476314F70601114AC84EC603491F
:10C90000C5008329050122CC52C406CE26CA0144A3
:10C91000254A636A2401F2406244D2444249B24942
:10C92000224A05618280B387890083C40700E5D469
:10C9300033079400E341E9FE83C71700639B470177
:10C940009385F4FF1305240093F5F50F4E95EFB092
:10C950005F82850426944204418065BF8280011174
:10C9600017050000130505DC06CE22CCEF20B071C0
:10C970001384F1A485652300A400938505960945D9
:10C98000EF407031D1451D45EF40F0309305400632
:10C990002145EF405030930540063545EF40B02F1C
:10C9A00017960200130606A0D5450145EF70802BAF
:10C9B00085470D47700091451305F0402304F100B1
:10C9C000A304F1002305E100A305F10002C6EF0076
:10C9D000F24A3000854513058040EF00324A1306C5
:10C9E0009100854513059040EF0052491306A100C0
:10C9F00085451305A040EF0072481306B100854538
:10CA00001305D040EF009247EF80701C03450400EF
:10CA1000EF80404B4D45EF7000424D45EFA0E05D8B
:10CA2000034504006244F240854505611773FF1F0A
:10CA3000670023DE6FF0510E014685450D456FF00E
:10CA4000F10B9377F50F138507FD1375F50F254748
:10CA5000637DA7001387F7FB1377F70F954663E70E
:10CA6000E600938797FC13F5F70F82801387F7F999
:10CA70001377F70F1305F00FE3E9E6FE938797FAB4
:10CA8000DDB7411122C406C62A8493060002254759
:10CA900083070400638AD7026388E7022285EF6078
:10CAA000D21F22959306000225476378A4008307CE
:10CAB000F5FF638DD700638BE70023000500B240CC
:10CAC00022852244410182800504D9B77D15F1BF3A
:10CAD00025C9011122CC4EC606CE26CA4AC852C468
:10CAE00056C22A84AE89EF60521B93070002631777
:10CAF000F5040149130AF00FC14A03050400EFF0E1
:10CB00005FF4AA8403051400EFF0BFF363884403C5
:10CB1000630645039204B3872901458D2380A7004E
:10CB200005090904E31B59FD0545F2406244D2445E
:10CB30004249B249224A924A056182800145F5B7CD
:10CB400001458280797122D42A84080806D626D22B
:10CB500002C2EFF0FFAB228514085000C145EFB0D0
:10CB6000EF82014421C1AA84138781A78147994696
:10CB70008345570030003E962300B60085077D1799
:10CB8000E398D7FE124701446319F70019462C00B9
:10CB90002685EF6082521334150026851374F40F36
:10CBA000EF602251B2502285225492544561828016
:10CBB00013F5150015C5411122C406C62E8437375A
:10CBC00000408347570093F70704E5DF9740FF1FB6
:10CBD000E7804018B240134514002244410182808E
:10CBE0008280411122C406C62A84EF60120B93157D
:10CBF000050122852244B240C18141016F10F0310C
:10CC0000411122C42A84178502001305257B06C61C
:10CC1000EFF03FFD2285EFF0DFFC2244B240179594
:10CC200002001305658341016FF0BFFB8280411153
:10CC300022C406C613849181034704009307F00FB2
:10CC4000631AF700170500001305C5F6EF20B0437F
:10CC50002300A400B2402244238801A44101828021
:10CC6000411106C6EFF0EFF0B2407D151335150007
:10CC7000410182801D7186CEA2CCA6CACAC8CEC68A
:10CC8000D2C4D6C2DAC05EDE62DCEF10903029E595
:10CC9000354A938401A5A94A130BE005978B02003E
:10CCA000938B4B781309E00497390020938949D47A
:10CCB00085451305F100EF1090288547630AF504B8
:10CCC000F6406644D6444649B649264A964A064B3B
:10CCD000F25B625C25618280EF10102C17850200E8
:10CCE0001305C57BE545238801A4EF10502F66444A
:10CCF000F640D6444649B649264A964A064BF25B68
:10CD0000625C178502001305E57125616FF05FEF26
:10CD10000347F100E30E47F983C704006312571B72
:10CD2000CE97173500201305A5CC23800700EFF020
:10CD30005FD5830705002A84A1C7114697850200A5
:10CD40009385456FEF6082766317051413054400E1
:10CD5000EFF03FD3978502009385456E2A84EF80DC
:10CD6000FFE61DE51306000A854503C59181EF2006
:10CD7000205D11E9178502001305056DEFF07FE6D0
:10CD8000238801A435B7178502001305256DFDB76B
:10CD90003946978502009385A56D2285EF60027163
:10CDA0002DE98307E400130700026385E7002547A8
:10CDB0006391E7061305E400EFF0BFCC0C08EFF039
:10CDC0003FD185472A846307F500178502001305C4
:10CDD00065616DB70808EFF0FFD6E31885FE4146A0
:10CDE0009305F00F0810EF807FDDFD574146814528
:10CDF00008102306F1001D2E68000546C1453D269A
:10CE0000178502001305455C97370020239107F62C
:10CE1000B5B7254697850200938585662285EF6024
:10CE2000E2683DE183079400130700026385E70091
:10CE30002547639BE70413059400EFF09FC40C1093
:10CE4000EFF01FC985472A846307F50017850200A4
:10CE50001305055C25B70810EFF0DFCE2A8CE31729
:10CE600085FE85450810EFF00FFC2A84E31085FF4E
:10CE70009945138581A7EFF08FFEE31985FC17858F
:10CE800002001305A557DDBD1785020013050560D7
:10CE9000EFF01FD7F5B51146978502009385855FA2
:10CEA0002285EF60A26009E98307440013F7F7FDCC
:10CEB00061DF2547E38AE7FC2285EFF03FD7C9B55C
:10CEC000930607FE93F6F60F636CDB00636CF900C4
:10CED00093861700CE972380D4002380E700C9BB38
:10CEE000E378F9DC5E85238801A4EFF07FD1C9B334
:10CEF00082808280011106CE22CC26CA9307F5FFDC
:10CF000015476366F716178702001307E75A8A0763
:10CF1000BA979C43BA97828797370020238707E404
:10CF2000F2406244D2440561828003D7E500854720
:10CF30002389F1A4973600202389F6E2930740065F
:10CF4000AE84E3FFE7FCE945178502001305856120
:10CF5000EF10F008B945178502001305A55FEF1023
:10CF600010081945EF10900989451385018FEF10BE
:10CF70001007B945178502001305C55CEF10300690
:10CF800013054006EF10900789451385C18EEF10F9
:10CF90001005624403D5A400F240D24483C78182C5
:10CFA00013074006814613064006994505616F1038
:10CFB000024FED4517850200130505576244F24004
:10CFC000D24405616F10B001EF10507803C721A55E
:10CFD00085476314F700238901A485441306F100F3
:10CFE000854513055030A307910017340020130422
:10CFF00024D6EF10627A8347E40063919702D94503
:10D00000178502001305C550EF10607D130540061B
:10D01000EFA00F909740FF1FE780C0D38347040025
:10D0200003471401D98FE39D07EE05661306062C0E
:10D03000C14503C5F1A6EF20A030DDB5C545178574
:10D0400002001305A54B97370020238007D2EF106D
:10D050000079D545178502001305C548EF102078E3
:10D060001945EF10007889451385818E81BFC14530
:10D070002A84178502001305A545EF104076137525
:10D08000F40FEF10007689451385418E05BF854763
:10D0900017370020A30BF7CCA388C1A4B717004013
:10D0A000A3810704173500201305459A1743FF1F76
:10D0B00067002363011106CE19C509476305E50022
:10D0C000F240056182809305F100EFD06FE2CDBFA1
:10D0D00017370020034787C885476318F7044111B5
:10D0E00022C406C6EF1072142A8419E9ED4517858B
:10D0F00002001305254C2244B24041016F10206EFE
:10D10000F945178502001305E548EF10406DC54548
:10D11000178502001305C546EF10606C2285EF10DD
:10D12000406C89451385418FF9B7828001114AC847
:10D130002E899D6522CC26CA93060010AA843284CB
:10D1400093850520173600201306C69F2D4506CE71
:10D150004EC69740FF1FE780801681479736002014
:10D160009386469E63CA8700B7F70700DC532147C2
:10D17000BD8B639EE70001A03387F40003460700E0
:10D180003307F90036972300C7008507E1BF9D6983
:10D190009306001001469385092025459740FF1FFF
:10D1A000E780E011930600101736002013068699D9
:10D1B0009385092029459740FF1FE780401093067B
:10D1C0000010173600201306E697938509102D45A9
:10D1D0009740FF1FE780A00E814797360020938677
:10D1E000669663CA8700B7F70700DC532147BD8BFB
:10D1F000639EE70001A03387F4000346070033076E
:10D20000F90036972300C7008507E1BF1D64930529
:10D21000041093060010014625459740FF1FE78044
:10D22000000A930504106244F240D2444249B249D4
:10D2300093060010173600201306C6902945056195
:10D240001743FF1F6700A3072D71232C81102E8425
:10D250009D65232A911023282111930600102A8905
:10D26000B28493850520173600201306A68D2D4520
:10D2700023263111232E11109740FF1FE780200431
:10D2800081478549973600209386C68B1306F00F99
:10D2900063C897066387090C1306001097350020B2
:10D2A0009385458A0A85EF801F909D65930600103F
:10D2B0001736002013060689938505102D459740E3
:10D2C000FF1FE780C0FF8147814617360020130605
:10D2D00066879305F00F63C39704C1C69735002096
:10D2E000938545862686A29533058100EF80BF8B06
:10D2F000B7F70700DC532147BD8B639FE70201A00E
:10D300003307F400369703470700B305F90023807D
:10D31000E5006303C700814985079DBF3307F4001B
:10D320003297034707003305F9002300E500630344
:10D33000B700CE86850745B71D64930600100146E9
:10D340009305042025459740FF1FE78040F793068B
:10D3500000100A869305042029459740FF1FE780A7
:10D3600000F68320C1110324811183244111032974
:10D3700001118329C11015618280411122C426C286
:10D380004AC093060010AA842E8932849D65173600
:10D3900000201306268B2D4506C69740FF1FE78009
:10D3A00000F28147973600209386C68963CA8700BA
:10D3B000B7F70700DC532147BD8B639EE70001A050
:10D3C0003387F400034607003307F900369723003C
:10D3D000C7008507E1BF9306001001469D652545FE
:10D3E0009740FF1FE780A0ED2244B24092440249DB
:10D3F00093060010173600201306C6849D65294544
:10D4000041011743FF1F670083EB411122C426C26D
:10D410004AC093060010AA842E8932849D6517366F
:10D420000020130626822D4506C69740FF1FE78081
:10D4300000E98147973600209386C68063C887003D
:10D44000B240224492440249410182803307F900EC
:10D450003697034607003387F40085072300C7008B
:10D46000F1BF854763EFA702011122CC26CA2A84A7
:10D47000AE84680009469305900906CEEFF0FFF8E8
:10D480009307040133842700680009469305900937
:10D49000230E94FEEFF07FEEF2406244D244056129
:10D4A00082808280854763F5A7001305F00F828094
:10D4B000011122CC09462A8493059009680006CE02
:10D4C000EFF0BFF493070401338427000345C4FF42
:10D4D000894763F4A7001305F00FF2406244056129
:10D4E000828001112306A1000546680093054009CA
:10D4F00006CEEFF09FE8F2400561828001116800DE
:10D5000005469305400906CEEFF03FF0F240034593
:10D51000C100056182800111935785012306F10046
:10D5200093570501A306F100931785004205418139
:10D530002181C98F114668009305500906CE231733
:10D54000F100EFF09FE3F240056182800111680075
:10D5500011469305500906CEEFF03FEB8347C1001B
:10D560000347D1000345E100E2074207D98F034793
:10D57000F100F2402205D98F5D8D05618280011195
:10D58000680011469305500906CE02C6EFF0FFDE93
:10D59000F24005618280797122D426D256CAAE84C7
:10D5A000AA8A3284930510090D4668004AD04ECEEF
:10D5B00052CC5AC806D63E8B368ABA894289EFF0D9
:10D5C000DFE48347D1000346C1007D8E8347E1003D
:10D5D0007D8E9307F00F6316F600231601002307D4
:10D5E00001009307F00F0343C10093781B006314FD
:10D5F000FB00937813009307F00F13FE3A00639635
:10D60000FA00135E1300137E3E009307F00F1375AC
:10D610003A006315FA00135533000D891307F00F14
:10D6200093F719006395E90093575300858B930690
:10D63000F00F137719006316D900135363001377A3
:10D6400013009306F00F6394D4008344D100930633
:10D65000F00F6314D4000344E100060EB3E8C801E0
:10D660000E05B3E8A8009607B3E8F8001A07B3E878
:10D67000E80068000D4693051009A30691002307F2
:10D68000810023061101EFF05FCFB2502254925473
:10D690000259F249624AD24A424B456182800111E5
:10D6A00022CC26CA2E84AA840D4693051009680050
:10D6B00006CEEFF09FD58347C1000347D1008346D4
:10D6C000E1007D8F758F9306F00F630FD70013F77E
:10D6D00017009983858B2380E4002300F400F24037
:10D6E0006244D2440561828001478147EDB7797178
:10D6F00022D44AD04ECE2A84AE89328993051009AD
:10D700000D46680026D252CCBA84368A06D6EFF08F
:10D71000DFCF8347C1000346D1008346E100930574
:10D72000F00F33F7C700758F631EB70223000A009E
:10D73000FD572300F40089472380F400238009006B
:10D74000230009009727002023A2076097270020C5
:10D7500023A60762B250225492540259F249624AF7
:10D760004561828013F717002300EA0013D71700E2
:10D770000D8B2300E40013D737000D8B2380E400CA
:10D780002380C90095832300D900858B17260020AC
:10D790001306465B1CC683C6040005479727002076
:10D7A0009387075B6383E6028D456385B60285E256
:10D7B000A387E7009727002023A2075C8347040084
:10D7C00091EF85472300F60071B70947D5B7A387C6
:10D7D000B700CDB7D8D7A387E700CDB70547E39B00
:10D7E000E7F697270020238F0754ADB701111306E2
:10D7F000F10085451305503006CEA3070100EF0068
:10D80000B279F24005618280011185471306F1006B
:10D8100085451305503006CEA307F100EF00D277FF
:10D82000F240056182807971170500001305E51744
:10D8300006D622D426D2EF2000059384818223804D
:10D84000A400EFA0EFE81776FF1F1306A677D545D3
:10D850000145EF602041930500320D45EF30B043A4
:10D86000930500321145EF301043930500641545D0
:10D87000EF307042930500321945EF30D041054436
:10D880003008914513057040A306810023078100ED
:10D890002308810002CCA3070100EFF0315E1306DC
:10D8A000D100854513050040EFF0515D1306E100FE
:10D8B000854513051040EFF0715C1306F1008545B6
:10D8C00013052040EFF0915B10088545130550408B
:10D8D000EFF0D15A4D45EF6000564D45EF90E071A5
:10D8E000EFA0AFC94D45EFC05FD24D45EF905F94BB
:10D8F00089472307F1008D47A307F100B73732337B
:10D90000938707133ECCB7373637938747533ECEBE
:10D91000B7070304938717203EC81306D100954725
:10D9200085450145230AF100A3068100EFC09FD37E
:10D930001306E10085450545EFC0DFD21306F1006F
:10D9400085450945EFC01FD23008A1450D45EFC000
:10D950007FD1100895451145EFC0DFD01385418276
:10D96000EFC07FCF1385C181EF909F8E225403C5F6
:10D970000400B2509254854545611763FF1F67004C
:10D9800043E92E86AA8501456F907F8D01112306FC
:10D99000A1008945680006CEA3060100EFF07FFED6
:10D9A000F2400561828001119397050126CA06CED7
:10D9B00022CC4AC84EC6C187AE8463D5070203C5D0
:10D9C00081829740FF1FE780C0C819C1EF10007027
:10D9D0002164258CF24022856244D2444249B249F6
:10D9E0000561828093F7150085C31776FF1F130624
:10D9F000A65C972500209385A50403C58182EF00CE
:10DA0000923013C41400F9B793F7250013C425000E
:10DA1000F1F313F445005DDC9389C1A583A70900E8
:10DA2000138981A583250900850763E3F502930720
:10DA30004005D14517850200130585BD1727002035
:10DA40002320F734EF00B0590145EFF03FF4BDA0BB
:10DA500083A701A6B20585660146BE950545974098
:10DA6000FF1FE780C0851374F50F21CC2285EFF0EE
:10DA7000FFF193075005C54517850200130505B84A
:10DA800017270020232EF72EEF007055C545178568
:10DA90000200130565B5EF0090542285EF00705425
:10DAA00089451385818FEF00905329459730FF1FDB
:10DAB000E780203C9730FF1FE780C02913C4440053
:10DAC00011BF938641A59842832709000507850762
:10DAD00098C22320F900A54663F9E6009307600584
:10DAE00017270020232EF72885B703A709002684CF
:10DAF0000507E3E1E7EE93074005D14517850200EE
:10DB0000130505AD17270020232CF726EF00304D15
:10DB10000145EFF0BFE713C444006DBD411122C4BD
:10DB20002E862E84AA8517250020130525F206C609
:10DB30009740FF1FE780E0BAB240A38881A4224447
:10DB40004101828083D701A79DC35D473E866373F1
:10DB5000F7005D464206B7E75700418293870740CA
:10DB60003306F602894503C5F1A66F10607D8280F9
:10DB70004111014506C622C426C2EFD00FEF13059E
:10DB8000401F9730FF1FE780C02E81457D55EF80F5
:10DB9000BFE581457D55EF801FEF37140040130727
:10DBA000000E9307840D98C38D451305000EEF807A
:10DBB0009FED9304C40A85679CC08D450565EF8081
:10DBC000BFE295671304C40C1CC08D451565EF803A
:10DBD0009FEB894513050021EF801FE18945096509
:10DBE000EF807FEA0D651305958288C08D45EF8033
:10DBF000BFDF216581451105EF801FDF814521656C
:10DC0000EF807FE82244B240924485451305000826
:10DC100041016F807FDD196541118D45130505E3D5
:10DC200006C6EF807FDC814513050010EF80DFDB47
:10DC300015658545130585CCEF801FDB8D45716526
:10DC4000EF807FE43725600085457D15EF80BFE3D9
:10DC500089450965EF803FE3B71700409386870A3F
:10DC6000984205669387870C518F98C298439166B6
:10DC7000B240558F98C341016F00F022411122C478
:10DC800006C626C2172400201304840C0346140180
:10DC900085476318F604938441A683C60400B9E659
:10DCA000172700201307070A83470700A9C78347E0
:10DCB000F4006386C70089466393D700854683478F
:10DCC000840185EF03478700A384018201489307FD
:10DCD000F00F014681450145EFF0FF8B854723801A
:10DCE000F4008347140199E3238201A6B240224441
:10DCF0009244410182808D46D9B7FD1793F7F70F03
:10DD00000546E36DF6FCA3840182034787000346C2
:10DD100044018345340101489307F00F05456DBF69
:10DD2000011122CC2A84680006CE9730FF1FE780BD
:10DD3000E007B7E700E03707001023A0E7180F104F
:10DD400000001305607E81470147814639468D45B5
:10DD5000EF804F86014521C0994763E187027D141A
:10DD60001374F40F954763E58702178702001307C2
:10DD7000A78B0A043A941C40BA9782879307700CC9
:10DD8000630AF4029307200D370505006306F402C9
:10DD90001D4511A00545EF805FB0F2406244054586
:10DDA000056182800945C5BF0D45F5B71545E5B745
:10DDB0001945D5B7370510007D15EF805FB6F1BF67
:10DDC000397122DC06DE26DA4AD84ED652D456D233
:10DDD0005AD05ECE62CC138481A68347040099E7B3
:10DDE000238301A6A38201A6EFD0FFB42800EFD0C1
:10DDF0005FC0034A81008547138971A6938AF1A603
:10DE00006312FA048347910095CF83440900639914
:10DE1000040C034B0400EFD0BF99034CE100AA8926
:10DE2000938B61A663164C07EF10800323808B0150
:10DE3000A38201A663E469098347040085072300E0
:10DE4000F4001DA083470900C1EF83440400EFD014
:10DE50003F96E37395FEEFA08FED95442685EF1076
:10DE6000A00385472300F90013060064930500040E
:10DE700003C50A00EF10C04CF2506254D25442590C
:10DE8000B259225A925A025BF24B624C2161828053
:10DE900083C70B00E39047FB0347F100E31CF7F84F
:10DEA000938651A683C70600850793F7F70F238053
:10DEB000F600E371F7F8EFA08FE74DB7D945177576
:10DEC00002001305A579EF009011E14517750200D6
:10DED00013050577EF00B0108944EFA04FE5BDBFF3
:10DEE00097270020238607E6854717270020230170
:10DEF000F7E81306401F238401A6A38301A623830A
:10DF000001A6A38201A6C145A5B717270020034794
:10DF100027E485476314F7006FF09FEA3D654111E0
:10DF2000130505A606C6EF00E07FEFF07FC40145AC
:10DF3000EFF01FDF01459720FF1FE780807C05453C
:10DF4000EF80DFA4B7170040130700032388E70220
:10DF5000B24023A601A241011733FF1F670083DFF0
:10DF600039719397050126DA06DE22DC4AD84ED6AF
:10DF700052D456D2C187AE8463DC07009730FF1FAE
:10DF8000E780206D19C1EF1060142165258D51A225
:10DF900093D7B500858BE1CFEF00305717240020D1
:10DFA000130404DB5C5405476397E70A0546814583
:10DFB00001452308F400A307F400172700202303DA
:10DFC000F7D817270020232907DAEFE0CF8EFD5777
:10DFD0006316F50097270020238C07D65D45EF00D8
:10DFE000B0092AC61305007D9730FF1FE78060E85F
:10DFF000B2455D45EF0010108947A307F40085473F
:10E00000A30CF4002308F40005469727002023AD55
:10E0100007D29727002023AF07D29727002023ADF0
:10E0200007D497270020238F07D081450145EFE0D3
:10E030008F88FD57631DF50097270020238A07D09E
:10E04000056513050580258D42054181D9A08547C9
:10E05000A308F400F5B7834544010345340197272D
:10E06000002023AD07D0A30CE4000546C9B793F701
:10E070001500CDCB972A002083CAEACEEFE06FAF20
:10E080002A89138A91A6EFE0BFBD03470A0085479E
:10E090002A849389F1A6631EF70001ED03C50900E8
:10E0A0001306401FC14597270020A38E07CAEF1013
:10E0B000202923008A0005476304E9006397EA00EA
:10E0C000238601A6239501A611A89386C1A683C71E
:10E0D00006006368F70085072380F600EFE0EFB7DE
:10E0E00039A89386A1A683D7060015671307F745BD
:10E0F0008507C207C183E367F7FC2390F60003C5D9
:10E1000009000566130606C88545EF10602313C590
:10E110001400F2506254D2544259B259225A925ABF
:10E120002161828093F70510C1C397270020938750
:10E1300027C203C7070083C617011384F1A603454E
:10E140000400558F11EF83C687010547636AD70026
:10E1500083C6B701639BE60097270020A38707C00B
:10E1600097270020A38107C019A803C77701F946A4
:10E1700005071377F70F63EFE600A38BE70003456E
:10E1800004001306006493050010EF10601B13C514
:10E19000041041B71306401FC14597270020A384F0
:10E1A00007BCEF10E019E1BF93F70501C9CFEF00FD
:10E1B0007053172400201304A4B9834704000549B1
:10E1C000938991A6638B2703834704026387270300
:10E1D000EFE01FA9631325032380A9005545EF0035
:10E1E000A0692AC6EFF09FA9B2455545EF0080709F
:10E1F000EF00B05213C5040129BF83C709000549C8
:10E20000639027031306401FC14503C5F1A6A384ED
:10E2100001A697270020A38807B4EF106012D9BF8A
:10E220005545EF0060652AC6EFF05FA5B24555453C
:10E23000EF00406CEF00704E8347E400E38C27FB57
:10E24000EFF0BFCC45BF93F72500638E0714938989
:10E2500041A783A709009DC3138901A7835709001C
:10E260008DC3DD463E8763F3F6005D47998FC20795
:10E27000C1832310F90091C7EFF0DF8C13C5240090
:10E2800049BD9306E1011307F1011306D1016C08A2
:10E290001305B101EFF0AFC517270020130787AAB8
:10E2A0009726002023AA06AC9726002023AE06A8B6
:10E2B000834687009727002023AE07A8C16714C7AD
:10E2C0008346B10117240020130484A8FD171CC441
:10E2D000930700051CD81387F6FF8547A30CF400AD
:10E2E0002318F4001377F70F1306D00F6373E608B3
:10E2F0000347F10197270020238807A68D47631263
:10E30000F704EFD07F8529459730FF1FE78000B5E0
:10E310008565130640069385058003C5F1A6EF10B9
:10E32000200229459730FF1FE78040B3EFD09F843C
:10E33000B7A7987B23A0F900930780162310F90054
:10E3400025BFEFD07F8129459730FF1FE78000B1BF
:10E35000054681450145EFD01FD6FD576317F500EF
:10E36000972700202386079E6DBF8547A308F400EA
:10E370004DBFE39FF6FA8947230CF4008347C101A0
:10E38000A309F4008347D101230AF400EFD0CFFCA6
:10E3900029459730FF1FE78060AC83454401034562
:10E3A000340105464DBF93F7050491C7EFF05FA117
:10E3B00013C50404B9BB0564B3F7850099CB1306F4
:10E3C0000064856503C5F1A6EF00907733C584002E
:10E3D000A5B993F7850095CF9387E1A603C70700FA
:10E3E0001384F1A605E305472380E700EFF0CFC1D2
:10E3F0001306400603450400A145EF00707413C5E1
:10E40000840001BB238701A6EFF04FBE1306803EB8
:10E41000D5B78967ED8F95CF9387D1A603C707003E
:10E420001384F1A619EF05472380E700EFE0CFE062
:10E4300013064006034504008965EF007070096506
:10E44000B1B6A38601A6EFE0EFDE0566130606C8A7
:10E45000D5B713F50502E30E05CAEF909FFA13C571
:10E46000040245B92547AA876367A70093070503F8
:10E4700013F5F70F8280130765FF1377F70F9546A3
:10E480001305F00FE3E8E6FE93877703D5B7011194
:10E4900022CC26CA4EC652C406CE4AC897240020B3
:10E4A0009384448E0144138A81A79949B307440198
:10E4B00003C907000504890413554900EFF09FFACA
:10E4C000238FA4FE1375F900EFF0DFF9A38FA4FEEC
:10E4D000E31E34FDF2406244D2444249B249224A2A
:10E4E00005618280411106C6EFF04F8193076006F7
:10E4F0006301F50213056006EFE0BFFEB240054878
:10E5000085470547894601468145014541016FF030
:10E510008F88B2404101828001119305F1001305FB
:10E52000E10006CEEFF0AF970347F1008546A384E4
:10E53000E1828347E100639ED700630CF700B7A731
:10E54000987B23AAF1A6930780162398F1A6EFF0F3
:10E550006FDFF240056182807971054506D626D2CB
:10E5600022D44AD04ECEEF808FDD13055034972051
:10E57000FF1FE780A05AB717004083C44704EFF09D
:10E580002FDF892AEFC00FBBEFC0CFCEEFF03FF0F7
:10E590009945138581A7EFE08F8CEF00624B9D8832
:10E5A0008D476392F4020145EFD0BFA91305F00F28
:10E5B000EFE03FF31306F00F9305F00F0145EFD0A6
:10E5C000BF87EFE0DFFB1719002013096978854941
:10E5D00023223903EFF01FF1EFF0EFA4EF00424EDA
:10E5E000EFE0EFB7170500001305C597EF10A0295E
:10E5F0001384F1A62300A400EFE06FE30145971711
:10E600000020238E07749717002023830776EFC01E
:10E61000DFC5EFD0FFDBEFE0AFE4A384A1A68D4719
:10E62000639FF4008545454523083901EFD02F94B9
:10E6300003450400C1459750FF1FE780801D034537
:10E6400004008564138604C88545238601A62395A6
:10E6500001A6EF00F04EEF80DF930145EF80FF8DC4
:10E66000238701A6EFE00FBD05469305100868005B
:10E67000EFE0BFD90347C10085476319F7000345A1
:10E680000400138604C88965EF00904BEFF0DFE8C3
:10E69000EFE0DFEB854513050008EF80EFB497301E
:10E6A000FF1FE780E0A44111C145014506C6EF8088
:10E6B0006FC7B7170040130700088545414523ACD5
:10E6C000E70CEF804FBCB2408D45130500084101B7
:10E6D0006F806FBB411106C6EFF0FFFCA38001A85D
:10E6E000238001A8239F01A6EF809F9771651305E2
:10E6F0000520EF80FF930145EF80BF9995450545C3
:10E70000EF80DF9AB7E700E0238D0740B24037077C
:10E71000000423A0E7104101828001C599C16F80E8
:10E720001F9C82803737004011C58347570093F7FD
:10E73000070491C382807D1542054181F5B72A8780
:10E7400039C58147138611A8938801A81733002083
:10E75000130303E4139507014181637BB50203486A
:10E76000060083C608006313D80082808346060033
:10E77000138516001375F50F9A962300A60003C59E
:10E780000600B306F70085072380A600E1B7014520
:10E79000828003D5E1A7828083C701A8A380F1A866
:10E7A000239F01A6373700408347270093E72700C0
:10E7B0002301F70082803D8997770200938747EF16
:10E7C000AA9783C7070001111305F100854506CEFE
:10E7D000A307F100EFF07FF4F240056182806FF053
:10E7E000DFF3411122C42A84118106C6EFF0BFFC79
:10E7F00022852244B24041016FF0FFFB411122C447
:10E8000026C206C6AA84714433D584001375F50F59
:10E81000EFF07FFA09C471141374F40FF5B7B24026
:10E8200022449244410182809737002083C707F831
:10E8300089C71723FF1F6700E39D014582804111AF
:10E8400022C4173400201304A4E426C21306C01205
:10E85000AA848145228506C6EF704FB68547A3027C
:10E860009412230EF410EFF03FFCB2402324A40CCA
:10E87000224492444101828097370020938747E1E8
:10E8800003C7C71119C32384A7126FF0FFF9AA8722
:10E890000D8D63F5B700B707C0A83E958280973706
:10E8A00000209387E7DE03C7C71109C70A05AA97A7
:10E8B000884382800145828097370020938747DD17
:10E8C00003C7C7111DC71307E5FF1377F70F894665
:10E8D00063E5E60003C7D71109CF131725003E975C
:10E8E000144361050A05AA97B6950CC3D8430507DA
:10E8F000D8C38280011106CE22CC2EC62A84EFF026
:10E90000BFF2B245EFF0BFF8AA8522856244F2401B
:10E9100005616FF07FFA797122D406D626D24AD0EB
:10E920004ECE52CC56CA5AC85EC662C466C26AC0CF
:10E93000173400201304C4D58347C41191CB034975
:10E94000D411AA846304090293041500A30194124C
:10E95000B250225492540259F249624AD24A424B6E
:10E96000B24B224C924C024D456182809739002077
:10E97000938909DA83A589045945228DEFF09FF721
:10E98000A545177502001305E5D197370020238FA1
:10E9900007E097370020238007E2EFF01FD8268595
:10E9A000EFF03FE4894513858198EFF01FD7A1452B
:10E9B00017750200130545CEEFF03FD603458412CC
:10E9C000A164938404D0EFF0DFE189451385419879
:10E9D000EFF0BFD4A54517750200130525CBEFF066
:10E9E000DFD303455412938A4194138B0194EFF0C3
:10E9F0005FDF894513850198EFF03FD29945138574
:10EA00008197EFF09FD103A54906938B8193130A59
:10EA1000803EEFF0BFDE894513854197EFF0FFCFD1
:10EA20009D451385C196EFF05FCF03A58906138C32
:10EA30004193938CC192EFF07FDC894513858196D9
:10EA4000EFF0BFCD994513850196EFF01FCD03A5DB
:10EA50000907EFF0BFDA89451385C195EFF0FFCBC9
:10EA6000A945177502001305A5C1EFF01FCB03A53B
:10EA7000C9068149EFF09FD8894513858195EFF04C
:10EA8000DFC99D4513850195EFF03FC97C40130711
:10EA9000803E33F59702B3D797023305E50233552D
:10EAA0009502B387E7023E95EFF05FD58945138560
:10EAB000C194EFF09FC683274D06A5C395455685A3
:10EAC000EFF0BFC54E85EFF0DFD189455A85EFF0F5
:10EAD000DFC495455E85EFF05FC483270D0033F5F5
:10EAE0009702B3D797023305450333559502B38791
:10EAF00047033E95EFF09FD089456285EFF0FFC157
:10EB000091456685EFF07FC103254D06EFF01FCFDD
:10EB1000894513858192EFF05FC0850993F9F90F5C
:10EB2000E547110DE399F9F8A16C138A0192938AD4
:10EB3000C191177B0200130BEBB3938C0CD093099C
:10EB4000803E938B8191138C019183477412E37102
:10EB5000F9E09304F9009D4552859204EFF0FFBB64
:10EB6000A29403C5840105091379F90FEFF07FC75B
:10EB700089455685EFF07FBAAD455A85EFF0FFB96C
:10EB8000DC4433F59703B3D7970333053503335587
:10EB90009503B38737033E95EFF05FC689455E85E1
:10EBA000EFF0BFB79D456285EFF03FB78848EFF0C3
:10EBB000FFC489451385C190EFF03FB69D4513858D
:10EBC0004190EFF09FB5C848EFF05FC389451385CA
:10EBD0000190EFF09FB495BF411122C426C206C632
:10EBE000AE84173400201304A4AA11C98347C411AA
:10EBF00081C70D45EFF03FD20145EFF05FC4834779
:10EC0000C4119DC7834754120347E411D98F8DE384
:10EC100085470545A30EF410EFF01FC69737002077
:10EC2000938707AFF853A8CBE8C7B3059700ECD399
:10EC3000B2402244924441018280411122C406C65E
:10EC400026C2173400201304A4A48347D4118DCB0B
:10EC50008325C40CAA840545EFF0DFC9973700204F
:10EC6000A38607B4054599E40345341211C97D15FF
:10EC70001375F50F2244B240924441016FF0BFC9B1
:10EC8000B2402244924441018280411122C406C60E
:10EC9000173400201304C49F8347C4118DC38347D6
:10ECA000E41191EF8325840C0325040DEFF03FBEA2
:10ECB000AA850145EFF05FC08547230FF410B240ED
:10ECC000224441018280973700209387679C03C7C5
:10ECD000C71111C703A7870E3A9523A4A70E8280F8
:10ECE000411122C406C6173400201304649A8347D6
:10ECF000C41181CB8547A30FF410EFF0FFB2232A94
:10ED0000A40CB240224441018280973700209387AF
:10ED1000279803C7C71115C303C7F71119CF83A5D8
:10ED2000470D41111D4506C6EFF0DFBCB2409737D5
:10ED30000020A38E07A6410182808280411122C457
:10ED400026C206C617340020130484948347C411D6
:10ED5000AA8481E70545EFF09FAE2145EFF0DFB1D2
:10ED6000973700209387C79AB85BA8D3F8DBF8578A
:10ED7000B8DF8347741205476367F700BD07920742
:10ED80003E94230C9400B24022449244410182807C
:10ED9000411106C622C426C2173400201304448F32
:10EDA000EFF09FA88325040EEFF07FAEAA85AA841A
:10EDB0002145EFF07FB08347C4119DCB0347741208
:10EDC000854763E7E7029736002093866694B05A3A
:10EDD000EC5A9307F7009207A2970D8E90CBF0564E
:10EDE000B45E0507C4C7B306D640D4CBA303E41270
:10EDF000B240224492444101828097370020238C04
:10EE0000A79A8280973700209387878803C7C71106
:10EE100011CF83C7671299CB973700209387478F0D
:10EE2000B85B0507B8DBF8573A95E8D782804111FF
:10EE300022C406C617340020130484858347C411F6
:10EE400081CF8347041291E74945EFF0FFA2232CBD
:10EE5000A40C85472310F412B24022444101828061
:10EE6000411122C406C6173400201304648283476C
:10EE7000C41199CF8347041281CF8347141289EBC1
:10EE80008325840D4D45EFF0FFA68547A300F412BE
:10EE9000B240224441018280411122C406C626C2EA
:10EEA000172400201304C47E8347C4119DC78347E1
:10EEB000041285C78325840DAA844945EFF09FA3DA
:10EEC000973700202386078E85472301F412EFF041
:10EED000BF95232EA40C23029412B24022449244E4
:10EEE00041018280411122C406C617240020130468
:10EEF000247A8347C41191CF034724128547631AAC
:10EF0000F7008325C40D5145EFF0DF9E89472301AB
:10EF1000F412B24022444101828097270020938757
:10EF2000277703C7C71115C383C6271209476396FE
:10EF3000E60003C547126FF01F9E03C7E71183C7A2
:10EF40005712D98F99E30D45FDB78280172700200E
:10EF5000130707748347C71191CB834757120347A1
:10EF6000E711D98F81E70D456FF0FF9A82807971A3
:10EF700022D426D206D64AD04ECE52CC56CA5AC831
:10EF80005EC64144EF60FFD2938441A823A201A84A
:10EF9000EF607FD59C407D141374F40F3E9588C0BC
:10EFA00065F8118188C0814513050008EF70DFA363
:10EFB00089450945EF603FCCEF60DFC2B7170040DD
:10EFC0002D47238CE7042A8923A201A84144EF603E
:10EFD0009FD19840B30725017D14BA979CC0137444
:10EFE000F40F75F41307400633D5E7029307C015F5
:10EFF000B70A00809769FF1F938949FEFD1A930B9A
:10F0000050063305E502118188C03305F5029307E8
:10F01000106681443355F502EF30F2759765FF1F96
:10F0200083A58527EF30C2569765FF1F83A5052767
:10F03000EF30320E9765FF1F83A54526EF3042550E
:10F040002A8A176BFF1F032BEB2483A50900528527
:10F05000EF30B23933F9AA00DA854A85EF30F20190
:10F060006354050026844A8B850493F4F40F9109B8
:10F07000E39D74FDB7170040A38D0704238D07049B
:10F0800013050008A38C07048545EF70FF95130551
:10F090004006B250018D225492540259F249624AFC
:10F0A000D24A424BB24B1375F50F4561828018412D
:10F0B00083A785FF6319B7001CC1FD5723AC05FE6C
:10F0C000238FF5FE8280232CF6FEC5BF411122C49A
:10F0D00037E400E026C204403707200006C6F98C5A
:10F0E0002320E4180F10000009E92320941015458F
:10F0F000B24022449244410182800347E5FF9307D6
:10F10000F00F6306F700232094101145D5B7974000
:10F11000FF1FE780C00C014523209410D1BF41118F
:10F120004AC037E900E022C403240900B7072000E1
:10F1300006C626C27D8C2320F9180F10000089E531
:10F140002320891015451DA0AA849727002083C776
:10F15000F7662E8563F5F400894763EF9700EFF0BB
:10F16000FFF6B7E700E023A087100D45B240224428
:10F17000924402494101828083A785FF99E703C732
:10F18000E5FF9307F00F6309F700EFF03FF4B7E7EF
:10F1900000E023A087107DB7238F95FE138581A8FB
:10F1A0009720FF1FE7802043A16526859740FF1F1A
:10F1B000E78020660145232089104DBF23A401A8C4
:10F1C00082804111B7E700E026C284433707200060
:10F1D00006C622C4F98C23A0E7180F100000972759
:10F1E000002083A727621384C18291C782971C40A5
:10F1F000AA971CC021A083A781A9EDFB0840B747AF
:10F2000003009387D73F3305F502B7A726009387FE
:10F2100037ECB2403E9508C02244B7E700E023A097
:10F220009710924441018280B7E700E09843B70607
:10F23000200023A0D718758F0F10000097260020FC
:10F2400083C6D657637ED50083A641AA3325D52031
:10F250001621B3F5B6400EA123A0E7100145828028
:10F2600023A0E7100D4582807971B7E700E026D230
:10F2700084433707200006D622D44AD04ECE52CC43
:10F28000F98C23A0E7180F100000930705FF93F7F0
:10F29000F70F7D476360F70A31473307E50283A71D
:10F2A00081AABA979C43D9C7135445003D893315A9
:10F2B000A028AE89B345050822852EC69740FF1FBA
:10F2C000E78080432A8931C9B2452285172A002068
:10F2D000130A4A56EFF05FF583A781A982978357F7
:10F2E000CA002A8481463387370313060064B3B704
:10F2F000370313050732B335E500BE95EF20526E94
:10F30000B307850083268A003E8763E4A70063E491
:10F31000D7003387D7402324E900B7E700E023A0D4
:10F3200097100145B250225492540259F249624A50
:10F3300045618280B7E700E023A097100945DDB75B
:10F34000797122D437E400E04AD003290400B707DA
:10F35000200006D626D24ECE52CC56CA5AC85EC619
:10F360003379F9002320F4180F10000097270020AC
:10F3700083C7D7446376F50083AB81A963970B00FD
:10F38000B7E700E023A0271199A0972A0020938ACD
:10F390006A4A03AB8A00B74736FE938707C83E9B8D
:10F3A00083D7CA002E8AAA84B385C702B289814650
:10F3B000B3B7C70213850532B335B5001306006431
:10F3C000BE95EF20F2616370AB022320241101454A
:10F3D000B250225492540259F249624AD24A424BE4
:10F3E000B24B45618280829B83D7CA002A84130670
:10F3F0000064B38537038146B3B7370313850532FD
:10F40000B335B500BE95EF20B25DB307850003A705
:10F410008A003E8463E4A70063E4E7003384E740A6
:10F42000D28526859740FF1FE780002D01C900C5C2
:10F43000B7E700E023A02711054559BF93E504F085
:10F440004145B3C505089740FF1FE780E0CC11E9AF
:10F450009727002083A7073C85D7A685114582976B
:10F4600005B7138701AA1C4389EF08C385472326E4
:10F47000050000C52311450104A11CB1232205008C
:10F4800045BF3E87DC47F5FF48C7CDB77971B7E781
:10F4900000E026D284433707200006D622D44AD083
:10F4A0004ECE52CC56CA5AC85EC662C466C2F98CE9
:10F4B00023A0E7180F1000002DC12A892E8AB28AD6
:10F4C000B6894144B14C138B81AA130C0003B30BD2
:10F4D000940383270B00DE979C43A5E31355444018
:10F4E0009375F40056861375F50FB315B028B3C5A0
:10F4F0000508EFF0FFE431C183270B00DE9723A05E
:10F50000270123A247016384090023808900B7E70C
:10F5100000E023A09710014521A023A097100945E2
:10F52000B250225492540259F249624AD24A424B92
:10F53000B24B224C924C456182800504E31984F958
:10F54000B7E700E023A097102145D9BF011122CCD5
:10F5500037E400E026CA04404AC84EC652C406CE6C
:10F56000B70720002A892E8AB289FD8C2320F4183F
:10F570000F100000EFF0DFDCD2854A859740FF1FB7
:10F58000E780801701ED232094102145F24062446A
:10F59000D2444249B249224A05618280972700201D
:10F5A00083D7072AB38537032A8913060064814667
:10F5B000B3B7370313850532B335B500BE95EF20D9
:10F5C00032422322A900232094100145C1B7011122
:10F5D00026CAB7E400E04AC803A9040022CC4EC6FC
:10F5E000B707200006CE52C4AA892E843379F900C9
:10F5F00023A0F4180F1000009740FF1FE780C00FF2
:10F60000172A0020130A8A1B05E5A2854E85EFF014
:10F61000BFC183470A006381370523A02411194520
:10F62000F2406244D2444249B249224A0561828092
:10F6300023110500A2854E85EFF01FBF83470A0006
:10F640006386370123A024110145D9BF138721A95F
:10F650001E23C18F1EA3FDB7938721A99A23598C1E
:10F6600082A365BF01114AC837E900E022CC032418
:10F670000900B707200006CE26CA4EC67D8C23207F
:10F68000F9180F1000009307F00263E6A704B144D5
:10F69000B3049502938981AA83A70900A6979C4386
:10F6A0009DCB9375F5001181B315B028B3C505083E
:10F6B000EFF0FFF183A709000145A69723A00700FB
:10F6C00023A2070023208910F2406244D244424919
:10F6D000B24905618280B7E700E023A087100945A1
:10F6E000E5B74111B7E700E026C2844306C622C44D
:10F6F00037072000F98C23A0E7180F10000097406F
:10F70000FF1FE78060FF19E90145B2402244B7E7D7
:10F7100000E023A09710924441018280004583A716
:10F7200081A98297972700209387C7106367A40257
:10F730009847B74636FE938606C83305A4403697E9
:10F74000E374E5FC13070064B335E502D227814674
:10F750003305E502EF20D2284DBF98473A94C9BF40
:10F76000411106C623AAA1A80295B24097270020FE
:10F7700023A2A706014541018280411151468145DE
:10F78000172500201305C50906C622C426C223A0DA
:10F7900001AA23AA01A823AC01A8238801A823A6B3
:10F7A00001A89720FF1FE78040FA130680028145D9
:10F7B00017250020130585009720FF1FE780E0F83C
:10F7C000EFF0E139972700209387C701E82BFC3B36
:10F7D00017240020130484FE85453E958D4733058C
:10F7E000F50293070004938481AA39051375F50F78
:10F7F0003375F50A994728A03305F502130505244A
:10F80000334505089740FF1FE780009188C03DC53C
:10F810003020994781453306F602130606249720C7
:10F82000FF1FE78080F29C4038209384C1A9938712
:10F8300007249CC0B347F72023A2F1AAEFF01F983A
:10F8400031291C3094401746FF1F130606E333C7C7
:10F85000D72010C3138717001377F70F1746FF1F22
:10F86000130686DB3347D72010C313873700890779
:10F8700018B093F7F70FB3C7D72090C3B240224414
:10F8800092444101828097260020938626F32A879E
:10F89000BC228832637BF5001306150083A7C1A93B
:10F8A00090B2B347F52098C382801305F00F828091
:10F8B0001C41FDC7370700F07D8FB7060020894740
:10F8C0006311D70E5A21411122C406C62A8461C78A
:10F8D00019469305F00F69059720FF1FE78020FA6E
:10F8E00005478D476309E50A1C4491C75858994755
:10F8F0005DC3185C4DC31306C00381451725002066
:10F90000130545EE9720FF1FE78020E41306C00390
:10F91000A285172500201305E5EC9720FF1FE7803F
:10F9200040DC972700209387E7EBDA2701E71307EE
:10F930000010DAA7F82719E30547F8A79A2B19E36F
:10F940006D479AABF83719E31547F8B7B82B19E3A9
:10F950000547B8ABB83B19E3F837B8BBD83B11C77C
:10F96000937637000983F4ABF8BBD82B19E35547DE
:10F97000D8AB182C01E71307C00398AF9C5791C769
:10F98000829797270020239FA7E2FD572382F1C487
:10F99000EFF0BFDE8147B24022443E8541018280C4
:10F9A00089473E85828079714ECE972900209389C0
:10F9B00069E883A7090006D622D426D24AD052CCC1
:10F9C000829713090064B335250303D6C900814625
:10F9D000172A0020130A8ADE32C633052503EF20DA
:10F9E000320083248A012A840145638684023246D8
:10F9F0003305944063EF840003A589008146B33545
:10FA0000A9023305A902EF20A27DB30795403385F3
:10FA10008700232C8A00B250225492540259F24992
:10FA2000624A45618280011122CC0A852E844146BA
:10FA3000975502009385C5AB06CEEF60CF961808A8
:10FA40003324E420035704FFF24062449727002048
:10FA500083D727DF37450F00BA97130505243355A1
:10FA6000F502056182809727002083D787DD514703
:10FA70001D45637CF702794719456378F702130740
:10FA8000200315456373F7021307B0041145637E25
:10FA9000F700130740060D456379F7001307600967
:10FAA00009456374F70013B5B70F8280411122C472
:10FAB00026C22E84AA8406C6058CEFF08FF0B327E9
:10FAC000A402B2402244338597001375F50F924487
:10FAD00041018280411122C426C22E84AA8406C616
:10FAE000058CEFF00FEEB327A402B2402244338519
:10FAF000970033450508924441018280411122C498
:10FB000026C22E84AA8406C6058CEFF08FEB33350F
:10FB1000A402B240224426959244410182804111C0
:10FB20004AC0172900201309E9CB8327890206C69A
:10FB300022C426C28DCF829797240020938404C8C4
:10FB40009E242A848DC733F7A70A33470708B3D703
:10FB5000A70AB3C70708B307F74051476359F7002F
:10FB60008327C90291C38297EF90912082A4B2406B
:10FB700022449244024941018280011122CC23A6F1
:10FB800001AA172400201304E4C55C5406CEAA85FC
:10FB900081C72AC68297B245C9C59C410545B5CFE4
:10FBA0009C45A5CFDE25B5CBFE25A5CB9C2981CBD9
:10FBB0007C287838BA976342F506DC41B9CF130642
:10FBC0004002172500201305E5C69720FF1FE78098
:10FBD00040B1972700209387E7C5984323ACE1A85D
:10FBE000183C19EFCA279307805737460F00330593
:10FBF000F5021306062481468145EF20625E08BCAB
:10FC0000183C9D4763E4E700A1471CBC17050000B2
:10FC10001305A5D9EFF0DFB40145F2406244056158
:10FC200082809727002023A907BA9727002093876F
:10FC300067C01727FF1F1307A71098C33787320025
:10FC4000FD56130727A194C7D8C797270020238BF9
:10FC500007BEB7C7004023A4D726A5BF011122CCF9
:10FC600017240020130404B8084406CE26CA4AC844
:10FC700001E90545F2406244D2444249056182806F
:10FC80005C58E5DB185C75D7700085458297184491
:10FC9000B247E300F7FE4A249305E0041729002049
:10FCA0001309C9B19730FF1FE78000472320A9023D
:10FCB00069D152249305F00F81449720FF1FE780FC
:10FCC000C0A87C240326090263C1F4023285973060
:10FCD000FF1FE780C05001459727002023A007B0F1
:10FCE0009727002023AE07AE71B74E241844B38780
:10FCF0009502898185043385E7001C5C08C28297E0
:10FD0000C9B7011122CC172400201304A4AD1C4450
:10FD100026CA4EC656C206CE4AC852C45AC0AA8483
:10FD2000AE89B28A6388071A585839CB1307F01F77
:10FD30006366A710172A0020130A4AA803290A029B
:10FD4000631209044A249565938515E09730FF1FD7
:10FD5000E780803C2320AA022A861DC14E245C58DD
:10FD60000844898182971C4403290A022322FA024B
:10FD70008947639EF402C1479305090C6381F90426
:10FD80002945BDA003274A02E384E7FE4A2495657E
:10FD9000938525E09730FF1FE78000382A896DD1D1
:10FDA0004E242A865C58084489818297D1B78D47B2
:10FDB000639AF404C1479305490DE393F9FCB82114
:10FDC0009307A0056312F7069E21639F97044E8652
:10FDD000910556859720FF1FE780A09083270A0290
:10FDE000638727014A859730FF1FE780403F014521
:10FDF000F2406244D2444249B249224A924A024BFA
:10FE00000561828091476397F4009305890EE39919
:10FE100099F675B793070010E394F4F6A147E3E170
:10FE200037F79305090F61BF83270A02E38A27F595
:10FE30004A859730FF1FE780803A99B71D67637F37
:10FE4000E506130705E099463347D7025624172BDA
:10FE50000020130BAB963307D702330AF700832732
:10FE60004B026396470103290B02631109024A24DE
:10FE70009305E0049730FF1FE780002A2A8909D103
:10FE80004E245C582A8689815285829791451307B2
:10FE9000A00593F5C50FB307B900B4236399E60233
:10FEA00096236394960291054E86CA9556859720AF
:10FEB000FF1FE780008383270B021DB7A166F91699
:10FEC000E3E0A6EC3307E54051B7AC33D9B783275D
:10FED0000B02A9BF9725002083A54590E38205EA80
:10FEE00091479306A00593F7C70F3387F50030239A
:10FEF000E318D6E81223631B960091074E86BE9541
:10FF000056859710FF1FE780C07DD5B53C33E1BF14
:10FF1000972700209387078D984721C7985F31C3A3
:10FF200085466310D504411122C417240020130410
:10FF3000E488105006C615C2CE2748508981029722
:10FF400008509730FF1FE78080299727002023A7BC
:10FF500007889727002023A50788B2402244410143
:10FF60008280828001114AC81729002013098987DD
:10FF70004EC68329890022CC26CA52C406CE56C258
:10FF8000AA842E84328A638D091A8327890399EB08
:10FF90002945F2406244D2444249B249224A924A37
:10FFA0000561828083274903E5D79307F01F63E04B
:10FFB000A70C972900209389698083A7090295CF10
:10FFC0000325890083A749026395A7048947639F96
:10FFD000F404C147E31EF4FA03A509021305050C56
:10FFE0009307A0053CA106A12286D2851105971092
:10FFF000FF1FE780006F014569BF0355C9009305E6
:020000021000EC
:10000000E0049730FF1FE780201123A0A9024DF9DB
:1000100041B78355C9008327490303A60902898193
:1000200082978327890023A2F9024DB78D47639AEF
:10003000F400C147E31EF4F403A509021305450DBE
:1000400045B791476399F400E31494F403A50902BA
:100050001305850E71B793070010E39BF4F2A147D7
:10006000E3E887F203A509021305050F95BF9D6715
:100070006373F506930705E01947B3C7E702035713
:10008000C900971A0020938A6A73B387E702BE9962
:1000900083A70A02A1CB83A74A026391370703A56E
:1000A0000A0291479305A0051308F00F13F7C70F35
:1000B000B306E500B0226313B60683D80600B0325B
:1000C000639C9804B307F64063C687041107228631
:1000D000D2853A9529BF21677917E36BA7EAB30761
:1000E000F54071BF0355C9009305E0049730FF1F29
:1000F000E780800223A0AA0259FD59BD8355C9009B
:100100008327490303A60A0289814E85829723A289
:100110003A0371B723900601B28749BF338687003F
:1001200011061308F00B6374C8002D459DB5ACA2F1
:1001300013063400719A1106B29786A2BCB279B741
:10014000971900209389896783A709029DCB03A58E
:10015000090291471308A0059305F00F13F7C70F85
:10016000B306E500B0226310060583D80600B0325E
:1001700063979800B307F640E3DA87F48EA2B2875C
:10018000F1BF8347E9000355C9009305E004330537
:10019000F502334505089730FF1FE780E0F723A0FD
:1001A000A90255F5F5B30356C9008345E900B385A7
:1001B000C502338687001106E3E9C5F623810601EF
:1001C00085BF01458280011106CE2EC6EF807049A1
:1001D00019C5B245F2402A2105616FC0106AF2408C
:1001E000494505618280A38C01AC238C01AC23AA14
:1001F00001AC23A801AC23A601AC23A401AC23AA23
:1002000001AA23A801AA971700209387E76437065D
:10021000840390D33707B40037C6070098C313068A
:1002200006B83747A000D8C3D0D3370710004166BF
:100230009306070AB70550009308060194C723A444
:10024000170393860501930816F8D4C723A617034E
:10025000B706D007B7087F00130807051385060106
:10026000410723A81703B0C3930816009386060519
:1002700013861500D8CBF8C323A8070188CF23AE77
:10028000070023AA170323AC070223AE070223A407
:100290000704F0C7B4CB23AA0704ACCF23AE0705ED
:1002A000B8D33707A000F8D71307000AB8DB130745
:1002B000C01CF8DB37071400B8DF0547F8DFE8D3C8
:1002C00023A40706930710F8171700202326F760CA
:1002D0008280011152C42A8A214522CC26CA4AC8EA
:1002E0004EC606CE2E84B2893689BA849710FF1F77
:1002F000E780003005C9930700FD1CA19947A300C2
:1003000045013CA12303250164B123123501AA85CF
:1003100022856244F240D2444249B249224A0561F0
:100320006FE0FFDFF2406244D2444249B249224AC0
:100330000561828023AAA1AC828023A8A1AC82801F
:1003400023A6A1AC828023A4A1AC8280011122CC7F
:1003500026CA4AC806CE4EC62A89AE840144B309CD
:10036000890063699400F2406244D2444249B24930
:1003700005618280EFE0FFE4B3470508A183238095
:10038000F9009307140093F7F70F850963F89700B6
:10039000CA97090488A31374F40FD1B73E84D1B768
:1003A000411122C417140020130444536A20C1676A
:1003B00006C6FD17630CF5001716002003460674E9
:1003C000938581ABEF80700BFD577EA0B240224435
:1003D0004101828009C925151375F50F1335850E66
:1003E0001345150082800145828023900500D1C20B
:1003F000797122D426D252CC56CA5AC806D64AD0CF
:100400004ECE5EC62A8B2E8AB28A3684814463F031
:100410005407B307940083C90700138914003349B4
:10042000090863860904B387290163C2FA04B30784
:10043000240183CB07005E85EFF0DFF90DC99387B8
:10044000F9FF2310FA0063906B03050933052401BB
:10045000B250225492540259F249624AD24A424B53
:10046000B24B45618280CE94B3C404084DB70145B8
:10047000C5B701458280011122CC26CA4AC84EC6A2
:1004800006CE97140020938464452E89D0C88CC86A
:10049000C8C42A8441469305F00F4A859710FF1F70
:1004A000E780E03D8549631B35038848C145EFF08F
:1004B000FFE941469305F00F22859710FF1FE78063
:1004C000003C0549631625036244C844F240D24407
:1004D0004249B249C14505616FF05FE74146814538
:1004E0004A859710FF1FE7808039E31435FD75BFFB
:1004F0004146814522859710FF1FE7804038E3057C
:1005000025FDF2406244D2444249B24905618280ED
:10051000411122C426C22E84AA84130600028145FA
:10052000171500201305853B06C64AC09710FF1F0C
:10053000E780A021171900201309493A97170020D6
:100540002380875CA3019900EFC07035854719C1EE
:10055000814749452300F900B240224492440249B0
:10056000410182809DC91DC985476318F500DC31B2
:1005700093E707FCDCB10545828089476316F500E7
:10058000DC3193F7F703FDB78D47E316F5FEDC3159
:1005900093F7F70393E70704F1BF014582808DC10C
:1005A0000DC1DC311307000C054593F7070C638A76
:1005B000E7001307000409456395E7000D458280B5
:1005C00001458280411122C4005D06C626C21DC8B5
:1005D000AA84085009C59730FF1FE78040C04850E3
:1005E00009C59730FF1FE78080BF085409C59730C1
:1005F000FF1FE780C0BE22859730FF1FE78020BE27
:1006000023AC0402B240224492444101828009EDAD
:100610009717002083C7A72C171500201305852DD9
:1006200081CB138501AC8280171500201305852C22
:100630008280171500200345852A82801715002027
:100640000325852A8280171500200325252A82800C
:100650009717002083A7C729884382801717002097
:100660001307C727544B9C4285079CC22833930726
:10067000F00F6307F50091651733FF1F67006319DB
:100680008280011122CC06CE2E8432C6EF80700DFE
:100690009147B245631CF50083A781AC89CF9C4389
:1006A00099CB22856244F2400561828783A701AD20
:1006B00099C3DC43F5B7F240624405450561828089
:1006C000797122D42A844A214ECE06D626D24AD027
:1006D0009730FF1FE7806029938981AD31E583C49E
:1006E00009009307F00F639AF40083C591AD268546
:1006F000EFF07FAD19E1238C01AC4A20EF8070064A
:100700009147631CF500971700209387271D5620FB
:10071000FA236394E6007D57FAA3B2502254925410
:100720000259F24945618280582504212A893AC636
:10073000EFF05FE94A85EF8010404A20EF80A07D0E
:1007400083C70900324799C3E38197FA9307F00FF3
:100750005220E384F4FA74202820A685EFF07FB7B6
:1007600069BF79715AC82A8B2E854ECE52CC56CA93
:1007700006D622D426D24AD05EC62E8AB28AB6893E
:100780009730FF1FE780601E7DC5045D2A89E5C4A0
:100790009C501305400391E361459C5489C793071E
:1007A000450133C50708638609009307C50133C5B2
:1007B0000708DC5089C79307750133C507089710F0
:1007C000FF1FE780E0E22A845DC5614681459710FE
:1007D000FF1FE78080F7971B002083CBEB0A639411
:1007E0000B00834B0900930700FD1CA0A947A30041
:1007F00064013CA0230354018C50231244011305CF
:10080000840191C908C47146130A44039710FF1F5D
:10081000E78020ED52858C5491C948C45146130A93
:1008200045019710FF1FE780C0EB5285638C0900DC
:1008300008C87146CE85130AC5019710FF1FE780CF
:1008400040EA5285CC5099C548C85D469710FF1FB5
:10085000E78020E9A2855E85EFE07F8C2254B250CC
:100860009254F249624AD24A424BB24B4A850259EB
:1008700045616FF03FD5B250225492540259F2496B
:10088000624AD24A424BB24B4561828001114EC648
:10089000AA892E8526CA06CE22CC4AC8AE849730B5
:1008A000FF1FE780800C21C9171900200349C9FDEB
:1008B000631409000349050019459710FF1FE780DD
:1008C00020D32A840DC9814519469710FF1FE78060
:1008D000C0E7930700FD1CA0B947A30034013CA06A
:1008E00046A0A2856244F240D244B2494A854249B8
:1008F00005616FE0DF82F2406244D2444249B2496E
:1009000005618280797162C42A8C2E8526D24ECEF2
:1009100052CC56CA5AC85EC606D622D44AD0AE8435
:10092000B28B368BBA8A3E8AC2899730FF1FE78026
:10093000C00335C52A8941459710FF1FE78040CB8A
:100940002A8431CD414681459710FF1FE780E0DFC3
:1009500017150020034545F319E1034509009307E6
:1009600000FD1CA0BD47A30084013CA0230474012A
:10097000A304640123055401A305440146A02326D2
:100980003401A2852254B25092540259F249624A6B
:10099000D24A424BB24B224C45616FE04FF8B25005
:1009A000225492540259F249624AD24A424BB24B03
:1009B000224C45618280011126CAAA8439454AC861
:1009C0004EC652C406CE22CC2E8AB28936899710E2
:1009D000FF1FE780E0C115CD9307000D1EA1B147B1
:1009E0002A84231245013CA1CE851905194697108A
:1009F000FF1FE78000CF23062401A2856244F24056
:100A00004249B249224A13F5F40FD24405616FE01E
:100A10000FF1F2406244D2444249B249224A056190
:100A20008280411126C206C622C44AC09714002003
:100A30009384C4EAB8309307F00F6308F7042A8957
:100A400039459710FF1FE780A0BA2A841DCD930770
:100A500000FD1CA1A300250123010500971500201E
:100A6000938545E90D0519469710FF1FE78060C77C
:100A70009E24A285A8303EA49C305CA42244B240AF
:100A80009244024941016FE08FE9B240224492440E
:100A9000024941018280011156C2AA8A314526CA03
:100AA0004AC84EC652C406CE22CC5AC0AE84328A40
:100AB000B6893A899710FF1FE78080B33DC92A8421
:100AC00026859730FF1FE78040EA09C55825A147D2
:100AD0006311F704171B0020034B7BE0930700FD15
:100AE0001CA09D47A30054013CA046A02313440131
:100AF0002314340123152401A2856244F240D24418
:100B00004249B249224A924A5A85024B05616FE036
:100B10000FE1171B0020034BBBFEE3910AFC83A7E8
:100B200041C19C47C5DFCA864E86D28526858297FD
:100B300075B7F2406244D2444249B249224A924ACD
:100B4000024B05618280411126C2AA84214522C43C
:100B500006C62E849710FF1FE78080A915C593074E
:100B600000FD1CA1C5473CA13C30AA853CB15E20DC
:100B70005EA17C207CA17C307CB12244B2402685E1
:100B8000924441016FE0AFD9B24022449244410106
:100B9000828041114AC02A89714526C206C622C4F4
:100BA000AE849710FF1FE780A0A43DC5930700FD0A
:100BB0001CA1F5473CA1BC302A849385C4003CB1FC
:100BC000DE2031051946231CF5FEFE20231DF5FE0F
:100BD0009E24231EF5FEBC24230FF5FEBC34A30F78
:100BE000F5FE9710FF1FE780C0AFBC28A2854A859D
:100BF0003CA8DE285EA8FC287CA8FC387CB89C2C8D
:100C00001CAC9C3C1CBCBC2C3CAC2244B24092446E
:100C1000024941016FE0AFD0B24022449244024900
:100C20004101828001114AC82A89614526CA4EC6FF
:100C300006CE22CCAE89B2849710FF1FE780409B7E
:100C400025C1930700FD1CA1BC302A849385840034
:100C50001CB195473CA1FC3011051946A30FF5FEC8
:100C60009710FF1FE780E0A7DE2023063401A2854E
:100C70003EA4BE2C4A857EA4DE2C1EA8FE2C3EA8D7
:100C800083C704025CA883C714025CB8BE30F2407C
:100C9000D2447EA862444249B24905616FE02FC840
:100CA000F2406244D2444249B24905618280411116
:100CB00022C406C617140020130444C23C208DC76A
:100CC000AA851946138501AC9710FF1FE78060A124
:100CD0002820938501ACEFF0FF882244B2401385B1
:100CE00001AC41016FC0603CB2402244014541016A
:100CF0008280411126C206C622C44AC09714002031
:100D00009384C4BDB8309307F00F6300F7042A89B9
:100D100029459710FF1FE780A08D2A841DC59307E2
:100D200000FD1CA1A147A30025013CA1BC20938587
:100D300001AC1105A30FF5FE19469710FF1FE780C0
:100D4000409AA830A285EFE08FBDB8208D47631D83
:100D5000F70083A7C1AC89CB9C4799C72244B24016
:100D60009244024941018287B2402244924402499E
:100D700041018280797122D406D626D24AD04ECE45
:100D800052CC56CA09444DCD2A890A212E8A514493
:100D90009730FF1FE78060BDAA845DC1971A0020CD
:100DA000938ACAD583C74A0005474944FD1793F77C
:100DB000F70F6377F7085825A1476314F70063110D
:100DC0000A089C5C4544ADEF916593854571130518
:100DD000C0029720FF1FE780203488DCAA894D4499
:100DE00025C11306C00281459710FF1FE780E095DB
:100DF000835709009386490036852391F90071468F
:100E00009305490036C69710FF1FE780808D8947FC
:100E10002380F900DC24B2460356090083C50A008A
:100E2000E11713B51700EF80707B2A8463060A0070
:100E3000D2852685EF80807E01C42685EFF08FF86D
:100E4000B2502285225492540259F249624AD24A3F
:100E5000456182809717002083C787CAFD1793F7E3
:100E6000F70F05476377F70801114AC806CE22CC71
:100E700026CA4EC652C4328989472DC22A8AAE89F3
:100E800036849730FF1FE78040AEAA84D14739C52A
:100E9000485509C59720FF1FE7806034F1454A8512
:100EA0009710FF1FE7808090C8D4AA85CD471DC545
:100EB000D824A147631DF70209C8382D12299306CB
:100EC00025015285EF80A07B2A84D82093674700B4
:100ED0006384090093676700DCA0A287F240624444
:100EE000D2444249B249224A3E850561828001448A
:100EF000E9BFC9473E8582809307000463EAA700E3
:100F000097170020938747953325F5200A21828083
:100F100041657D158280011122CC2A842E8526CA46
:100F200006CEAE849730FF1FE78020A40DCDB747D3
:100F30000F009387F723094563E2870281450A85FD
:100F400041469710FF1FE7804080A68560800A8594
:100F500041804081A3010100EF805054F24062447F
:100F6000D244056182804945D5BF97170020238868
:100F7000A7B882806F80F060797152CC2A8A32855E
:100F800026D24AD04ECE56CA5AC85EC662C406D6CB
:100F900022D42E8CB28A368BBA8B3E89C289C68403
:100FA0009730FF1FE780609C05C92A84631A0A18DE
:100FB00093774B000343450085CF1363230163946C
:100FC0000B1663100914639F090885E81C5C1373F2
:100FD000B3FF23026400C5EBB2502254925402596D
:100FE000F249624AD24A424BB24B224C456182805E
:100FF0001373D3FF13630301D9B7136343002302B1
:1010000064009C484146A6851CD4130584019700C2
:10101000FF1FE780006D63130C12638C0B0A4854AA
:1010200009C59720FF1FE780801BF1455E8597006B
:10103000FF1FE780A07748D4005C59DC1C5091EB7F
:1010400091659385357171459720FF1FE780C00C2E
:1010500008D008500DC17146DE859700FF1FE7805C
:10106000406811A81363430023026400D9F8005CB0
:10107000630C0C0235D0639A0902A5E029A0005C3C
:1010800021DC639409022254B2509254F249B24BCB
:10109000224CCA865A860259424BD6855285D24A7C
:1010A000624A45616FF0EFEB05D85C5091EB9165BA
:1010B000938525715D459720FF1FE780E00548D0A7
:1010C000485045DD5D46CE859700FF1FE780606193
:1010D0006DB7005C11D0E39A09FC1C5491EB91654B
:1010E0009385157151459720FF1FE780E00208D4D2
:1010F000085451D95146A6859700FF1FE780605ECE
:1011000059B71363430023026400E39C04EEE30831
:101110000CF6485405EDF1454A859700FF1FE7801E
:10112000E06848D431A81363430023026400E39AC3
:1011300004ECE3060CEEE31E09FCFDBDE31B09FC19
:10114000005CE30B04E8E39B0BEE35B79720FF1F31
:10115000E780E008C9B7011126CA52C406CE22CCE6
:101160004AC84EC62A8AAE849720FF1FE780E07FD8
:1011700035C12A8939459700FF1FE78060472A84D7
:1011800031C99709002083C92970639409008349F4
:1011900009009307000D1EA0AD473CA09305690010
:1011A0001305340019469700FF1FE780805393F71B
:1011B00014005CA493D4144844B423154401A285BC
:1011C0006244F240D2444249224A4E85B249056106
:1011D0006FD0FFF4F2406244D2444249B249224AFD
:1011E0000561828001114EC652C456C206CE22CC81
:1011F00026CA4AC8AA8A2E8AB2899720FF1FE7808A
:10120000C07635CDAA841305C0029700FF1FE78082
:10121000203E2A842DC5170900200349E96663147E
:10122000090003C904009307000D1EA0E9473CA074
:10123000938564001305340019469700FF1FE7806B
:10124000404AD285231554011305C4004146970036
:10125000FF1FE7800049CE851305C4014146970072
:10126000FF1FE7800048A2856244F240D244B249A1
:10127000224A924A4A85424905616FD05FEAF240AC
:101280006244D2444249B249224A924A056182806C
:1012900003A501AB01CD411106C69720FF1FE780D2
:1012A00000F4B24023A801AA41018280828041114A
:1012B00022C406C626C24AC02E849720FF1FE7809C
:1012C000C06A29CD00D5170900200349E95BAA842B
:1012D000631409000349050041459700FF1FE7809B
:1012E00020312A8405CD9307000D1EA1A5473CA1FE
:1012F000DC30938564001105A30FF5FE19469700B5
:10130000FF1FE780003E9C54A285B2405CC422448B
:1013100092444A85024941016FD07FE0B2402244A5
:1013200092440249410182805D71A2C4A6C286C670
:10133000AA842E849720FF1FE78020630DC95425BF
:101340001147AA874945639FE6009C5F91C3E02B44
:1013500097A600009386E6950A86894526854080F3
:10136000EF80C022B6402644964461618280514598
:10137000D5BF9707002083C7A778FD1793F7F70F0E
:101380000547637AF704411126C206C622C44AC043
:10139000B284894715CA2E899720FF1FE780E05C39
:1013A0002A84D14715C1630609005C2193E7270011
:1013B0005CA14146A685130584019700FF1FE780C5
:1013C00040329C481CD48147B24022449244024996
:1013D0003E8541018280C9473E858280011122CC31
:1013E00026CA06CE2A84AE849720FF1FE780E057E6
:1013F00019C96C0022854486EF80E01EF2406244E9
:10140000D244056182805145D5BF6F70D02AC16733
:101410001387E7FF6391E50283A701AD91EB49458F
:1014200082804945B240224492440249410182806F
:101430009C43F5D78287411122C426C24AC006C602
:10144000FD172A892E84B2846394F50283A701AD27
:1014500089C79C4399C3829711C5A6854A85EFE049
:101460009FD669F1238C21ADA38C91AC01455DBF62
:101470002E859720FF1FE780404F45D51C210D4545
:10148000E39227FB22852244B2400249A68592447A
:1014900041016FB0903E9307000463E1A70641113C
:1014A000C16722C426C206C6FD172A84AE84094538
:1014B0006380F502C5476312F4022E85EFB05043F6
:1014C00097070020938747393324F420014506A06D
:1014D000B24022449244410182809307A0036316E4
:1014E000F4002E85EFB0303AE1BF9307B003E31963
:1014F000F4FC13F5F50FEFB05039D9B709458280E8
:10150000011106CE2AC6EFE01FCEEF103076EF10A5
:101510004055EFD021143245970700209387073CB0
:10152000130700F0BAA3238207007D579707002016
:101530009387C75CB8A388A3F240954505616F60A7
:101540008047757126C306C722C54AC1CEDED2DCEC
:10155000D6DADAD8DED6E2D4E6D2EAD0EECEAE845F
:101560009397556063D90752170A0020130A0A5946
:1015700003450A00130B200A930BF00F9700FF1F7F
:10158000E780200DC167FD172A84130C1009954CC4
:10159000394D970D0020938D6D343ECC15E0139599
:1015A000F468BA402A449A440A49F659665AD65A07
:1015B000465BB65B265C965C065DF64D49618280B3
:1015C0001C20639A670103C93D00E2452A20228658
:1015D000EFF02F8BD1A003492A00639A87091C30B2
:1015E000639097032285EFF0AF8D2285EFD01FAE79
:1015F00003450A009700FF1FE780A0052A8479BFF2
:101600006393A7194A208567A507631AF5040C445C
:10161000970900209389892C882115E519468505AD
:10162000170500201305052D9700FF1FE780600BAD
:1016300003C709008547631CF70289472380F90027
:10164000EFB070265DB703C7090085476311F70245
:101650009707002023840728EFF0AFBC79B709670C
:101660009307C70063EDA70405076369A702E30EAC
:1016700079F7A2854A85EFD09FAA9DBF370700184A
:101680001307F770B357F748F5C383A7C1ACB1DFB1
:101690009C43A1DF2285829729F9D1BFF977F917F9
:1016A000AA972947B3C707086362F70C17470200D8
:1016B00013074701B3C7E7209C43BA978287F9779E
:1016C0009387A7FCAA97F146B3C70708E3F8F6FA91
:1016D0003907E31EE5F883A701ADE38807F0DC4393
:1016E000E38507F00965A285390595A8832984005B
:1016F000E38F09F603C70900970700209387071EA9
:1017000019EB03C7290083C619002207558F9AA732
:1017100003C7390098B394230947E39AE6F403C753
:10172000090001CB97070020238A071A03C5090087
:1017300025B78C338A270D4798A3EF60602AFDB741
:101740001C448823EFF0EFDA4DB583A741ADE38E5B
:1017500007E89C43E38B07E80965A2852D0582977E
:1017600025BF1C449C23E39407F041B58967938708
:101770001704E31EF5EE83A741ADE38807E69C431B
:10178000A285F1FF9DB53D47639EE7044A20896726
:101790001387D7006306E500138797016318E500F8
:1017A00083A701ADE38307E4DC43D9BFCD07E31092
:1017B000F5ECC167170700200357A712FD17631D3B
:1017C000F70083A701ADE38207E2DC43E38F07E084
:1017D0000965A2854D0561B783A781ACE38707E062
:1017E0009C43EDB71307E003E393E7E83C2005478C
:1017F000639EE7107C20938A01AB639A070E83A750
:101800000A006381070E83C90700214968309307E6
:101810008400BE853ECEEFE09FD868B0130640023C
:10182000814568109700FF1FE78020F23C30194681
:1018300093058400A307F1027C304818A309F10244
:101840009700FF1FE780E0E95E207010CA8523182B
:10185000F1027E244E852313F1041E282314F10483
:101860003E282315F1045C282306F104FD57A30646
:10187000F1042317F104EFF0EFBA3C309DE3DD47AC
:10188000835804010358E40074304E203EC23E28C1
:10189000130784003EC0CA8705464E85EF70F002EC
:1018A00028B083A70A0081C71145EFF07F9E938976
:1018B00081AD03C50900E30A05D283C591ADEFE010
:1018C0009F90E30405D23430930710036389F60038
:1018D000522083C509004A873685EFE09F9F238CFD
:1018E00001AC21B39709002083C979FF39BF83A7D1
:1018F000C1AC9709002083C999FE99C3DC4399E3E1
:10190000114929B7814501458297DDBFF91793F742
:10191000F70F13077002E36CF7D4174702001307A1
:1019200027DDB3C7E7209C43BA9782877C20938A40
:1019300001ABA9EB83A70A00A9C383C9070021490A
:10194000683093772500B1CF05891307440168B04B
:101950002286CA854E853ACEEFF0CFAC3C30724736
:10196000A9F3DD478358C4010358A40174304E2005
:101970003EC27E2C3EC0CA8705B79709002083C9A6
:1019800019F675BF83A7C1AC9709002083C939F543
:1019900099C3DC4399E3114965B7814501458297B5
:1019A000DDBF13078400BA853ACEEFE05FBF724710
:1019B00079BF83A741ADE38A07C2DC43E38707C24F
:1019C000228582971DB183A741ADE38007C29C4762
:1019D000F5B722868D454A20E5BE9305A102130581
:1019E0001031EFC0514C6C1013052031EFC0B14BDA
:1019F00072208357C1024A2063E7C70016240357A9
:101A0000A10263F7E60093050002EFB0606DF1BE3E
:101A10006373E6007AA063F3D7001EA45A24362429
:101A200012246E2001488147EFB0406B7DBE2286B4
:101A3000B14555B783A741ADE38907BADC47BDBFC0
:101A40002285EF00E07655B683A741ADE38F07B856
:101A50009C4BADB72285EF00A07F41BE0145EF0052
:101A6000700E61B683A7C1ACE38307C0DC43E3809B
:101A700007C0814505458297DDBE83A7C1ACE388D9
:101A800007BEDC43E38507BEA2850945EDB7228684
:101A90009305600289B793F7150099CB83A741ADF1
:101AA00089C7DC4399C30145829713C51400D5BC8F
:101AB00093F7250081CF83A7C1AC91C7DC4381C7D1
:101AC00081450545829713C52400E1BC13F5450007
:101AD000E30905AC83A741AB17040020130404E01D
:101AE00099CB85475CA083A7C1AC91C7DC4381C774
:101AF00081450545829748446C10EF80A006681028
:101B0000EFF0EF9A9707002083D727D781CF1306EE
:101B100000643386C702914517050020034505FE82
:101B2000EFD01F8213C54400ADBC011122CC2A8422
:101B3000554506CE26CAEFF02FBCAA8413054002F5
:101B4000EFF08FBB2AC613055002EFF0EFBAAA865A
:101B5000228562443246F240B3359000D24405619A
:101B60006FB0A05F397122DC06DE0D472E84631A48
:101B7000E500BA259625F2212830CE21EFE0BFF10D
:101B800089A809679306D700AA876319D504BC21E1
:101B9000A9C3138401AB0C408DCDDC87BC31194641
:101BA00091054808A309F1009700FF1FE78060B383
:101BB000930700F03ED61C402318010023130102B6
:101BC00002D4882370008145EFF0CF850545EFF002
:101BD0002FEC0545F2506254216182809306E700A4
:101BE000E309D5FE930637016319D500A82175D105
:101BF000014781460146814551B76507E30BE5FC86
:101C000031476319E50017050020034555CDEFE086
:101C10009FF3C1B7130760026319E50017050020A1
:101C20000345F5CBEFE0FFF66DB741677D17014542
:101C3000E392E7FAD831C947E31DF7F8F625D22534
:101C40000A24AE25EFB06052854711C55D45EFF01F
:101C5000AFAAB337A0004C202A2030007C84EF705C
:101C600020033C84BDF79305A10013051031EFC09C
:101C700091236C0013052031EFC0F1223C851A241A
:101C80006373F7001EA43C863A2463F3E7003EA486
:101C90001E243A246373F7003EA42A20EF00C151AA
:101CA0007A24562432240E242A2001488147EFB09A
:101CB000004105B741114AC006C622C426C2170911
:101CC00000201309A9E3034779009307F00F63028B
:101CD000F706AA8439CD682551059700FF1FE780D4
:101CE00020912A8439C59307000D1EA1D9473CA134
:101CF000DE205EA1FC207CA1FC307CB19C241CA5D4
:101D0000DC345CB5F02470A515C28C48510508C8B8
:101D10009700FF1FE780E09CA285224403457900DD
:101D2000B2409244024941016FD06FBF23280500A1
:101D3000E5B7B24022449244024941018280C16722
:101D40009386E7FF2A87639BD50083A701AB99CFD2
:101D50009C230D45639DE7006FB0A035FD174945F5
:101D60006397F50083A701ABE5FB8280494582803C
:101D7000397122DC06DE26DA4AD84ED652D456D243
:101D80005AD0182185472A84630BF7001025930643
:101D900095009305E1010545EFE02FE51DE9814739
:101DA000014514201147638DE60203A741AE1833A5
:101DB0008D466307D7028DC705C711ED0145F25067
:101DC0006254D2544259B259225A925A025B21614A
:101DD00082801C21F9B78546631DD7028D8BF9DF00
:101DE0000830930524002EC6EFE06FFB08B013897E
:101DF00081AE83270900AA8981448DC3B245138A25
:101E0000C1AE130BF00F83470A0063EBF40081446B
:101E100081A08946E314D7FA858BD1B7054545B72C
:101E200083270900939A4400D6979823630C67058B
:101E30009833631937051946138527002EC6970076
:101E4000FF1FE780A09BB24515CD83240900D694DF
:101E500018209147C1E8E303F7F683240900B9DCB1
:101E600083460A0081471306F00FE389F6F403C89E
:101E7000040013850401630BC800850793F7F70F6F
:101E8000AA84E5B7850493F4F40FB5BF98A01C307D
:101E90001385240019469CB09700FF1FE7806084DB
:101EA000082491659385F57105059710FF1FE7805C
:101EB000A02605C1182091476314F702C8C4102456
:101EC000930594000505A30FC5FE9700FF1FE7804B
:101ED00040811C24A1F708207D1513351500C5B5D8
:101EE00088C4F1BF6311F706C8441C2405C1102142
:101EF000630DF604182091476317F706C84419C507
:101F00009710FF1FE780A02D23A6040008249165E9
:101F10009385E57105059710FF1FE780E01F05C158
:101F200018209147631AF704C8C41024930594003D
:101F30000505A30FC5FE97F0FE1FE780807A0824F1
:101F40003335A000ADBD88444DB793059400050519
:101F50009700FF1FE780808A8547E31DF5F8554508
:101F6000EFE09FF99DBF884455D19710FF1FE78090
:101F7000002723A4040059BF88C445BF397122DC5F
:101F80004AD84ED652D406DE26DA56D25AD05ECE83
:101F90002A84130925000831CA85138A41AEEFE06F
:101FA0000FE008B083270A000D47AA899C33639D80
:101FB000E700138A81AE83270A008144938AC1AE69
:101FC000639F070E05452DA0EDD7144C703893057F
:101FD000E1000545EFE06FC1AA841DC903270A008F
:101FE00085461C2118336310D7028D8BF9F3014508
:101FF000F2506254D2544259B259225A925A025B58
:10200000F24B216182808946858BE314D7FAF9BFB0
:102010001C2011476385E7002D47E39AE7FC938A6C
:1020200081AE83A70A00014A938BC1AEE9D303C7EF
:102030000B00B3470A0863E4E700A5FC4DBF03A506
:102040000A00131B4A001C205A9518216310F7023E
:102050001C31639D37011946CA85090597F0FE1F9B
:10206000E780C07901C583A40A00DA94050AC1B7E4
:1020700083A9840059A80C4C1385190097F0FE1F02
:10208000E780C07785476317F5085545EFE0DFE641
:102090004DC1B1BF1C2011476385E7002D47639DEB
:1020A000E700C8C470380505A30FC5FE0C4C97F0B7
:1020B000FE1FE7800063B5A888C4EDB7850403C799
:1020C0000A00B3C7040863F8E70603250A00139B58
:1020D00044001C205A951821E312F7FE1C31E39F9F
:1020E00037FD1946CA85090597F0FE1FE780007184
:1020F00071D583240A001C201147DA946385E70018
:102100002D47E397E7F683A9C4007C3803C609008E
:10211000E303F6F64E859710FF1FE780400C683802
:1021200091659385E57105059710FF1FE780C0FE57
:1021300035F1E39904E803C70A0083240A008147C4
:102140009306F00FE3F0E7E88C2013860401638721
:10215000D5008507B284B3C70708EDB7E38404E66A
:102160001C20CA85138524009CA01C3019469CB0F5
:1021700097F0FE1FE780E056683891659385F5710A
:1021800005059710FF1FE78020F9E30D05E21820F1
:102190009147631DF700C8C470380505A30FC5FE3D
:1021A0000C4C97F0FE1FE780C05329BD88C4EDB7E3
:1021B00001114AC806CE22CC26CA170900201309ED
:1021C000E993034779009307F00F630DF706AA849C
:1021D00035C9614597F0FE1FE78080412A843DC1E3
:1021E0009307000D1EA1D5473CA1BC309385840008
:1021F0002EC63CB1DE205EA1FC207CA1E830EFE0E1
:102200000FBAB24568B019461305840097F0FE1F57
:10221000E780204DFC24A285034579007CA49E28FC
:102220001EA8BC283CA8BC383CB8DC285CA8DC381C
:102230005CB8FC287CA86244F240D2444249056163
:102240006FC0FFEDF2406244D24442490561828092
:10225000411126C206C622C4970400209384048A32
:10226000F8309307F00F6309F7022A8415C5194562
:1022700097F0FE1FE780C037AA8519CD9307000DA0
:102280001EA1DD473CA15E202244B2405EA1E830A1
:10229000924441016FC0BFE8B240224492444101E0
:1022A0008280011126CA938481AE9C4006CE22CC46
:1022B0004AC84EC652C48DC32A89AE89131A450036
:1022C0000144884063124403638A09049710FF1F86
:1022D000E780E0F023A401AEF2406244D2444249D8
:1022E000B249224A05618280B3078500884709C93F
:1022F0009710FF1FE780A0EE9C40A29723A4070041
:102300009C40A297C84709C99710FF1FE78020ED9E
:102310009C40A29723A60700410465B755DD22869D
:10232000814597F0FE1FE7804042944081477D56EB
:1023300013F7F70FE37227FB13974700369710A3A5
:102340008507FDB7797152CC138A41AE83270A0005
:1023500006D622D426D24AD04ECE56CA5AC85EC617
:10236000D5CF2A89938AC1AE814409ED83A681AE77
:1023700091CA03C60A0081479305F00F13F7F70FC0
:102380006369C70213953400210597F0FE1FE780AB
:1023900020262A8415E9214597F0FE1FE780402575
:1023A0002A8425C1C5679387073D1CC123220400E9
:1023B00099A013974700369718236305B700850443
:1023C00093F4F40F85075DBF930700FD1CA18547BB
:1023D000A30025013CA124B1F1D8130985002322D3
:1023E00025018149138B81AE930BF00F83C70A003F
:1023F00063F3F9009DEC83270A00A2858823EFC0D0
:102400001FD203C50A008145EFF0BFE903250A008A
:102410009710FF1FE780A0DC23A201AEB250225428
:1024200092540259F249624AD24A424BB24B456138
:10243000828083250B0093974900BE959C2163837E
:1024400077032300F9009C3113052900FD14A30034
:10245000F9001946890593F4F40F97F0FE1FE78001
:1024600040282109850993F9F90F49B783A741AE9F
:10247000B1C7411122C406C62A8415E10945EFE01F
:10248000BFA72A8601C9854517F5FF1F03450567C4
:10249000EFC01FEB0545EFF04FE92A8419C98545C8
:1024A00017F5FF1F03458565EFD06F922285EFF08A
:1024B0007FE9B24022440545410182800145828086
:1024C00089679386B7006316D5009C4588236FF013
:1024D000FFF99386C7006317D5009C45854688237E
:1024E00019C9F5B793861704E301D5FE938727042E
:1024F0008146E304F5FE36858280011106CE22CCAA
:1025000026CA4AC84EC652C456C255CD3C312A8945
:1025100099CF444189CC5945EFE01F9E8149938A68
:1025200041AE131A45608347390063EBF900F2406E
:102530006244D2444249B249224A924A05618280A9
:102540008387840263C8470783A70A00A5C7268537
:10255000EFF01F8225C18824510597F0FE1FE78008
:1025600020092A8421C99307000D1EA1B5473CA16B
:102570009C201946938524003CB18387840215056D
:102580007CA19C30A30FF5FE97F0FE1FE78060153D
:10259000902450A415C61305440108C893859400DF
:1025A00097F0FE1FE780E01383A70A00A285882327
:1025B000EFC0FFB685099384940293F9F90FA5B78C
:1025C00023280400D5B783A741AEB5D3EFF09FD73A
:1025D0006244F240D2444249B249224A924A0145F9
:1025E00005616FF08FD4797106D622D426D24AD0F5
:1025F0004ECE52CC56CA5AC85EC645CD3C312A8909
:102600009DC344418DC05945EFE01F8F8904814926
:10261000938A41AE130B00FDC14B131A45608347EB
:10262000390063EDF900B250225492540259F24934
:10263000624AD24A424BB24B456182808387D400C2
:1026400063C4470783A70A00A5C3514597F0FE1F3F
:10265000E78000FA2A8429C923006501A300050048
:102660002301750183C7E4FF1946A6853CB1838722
:10267000D40015055CB583C7F4FFA30FF5FE97F0F2
:10268000FE1FE7800006FC20938574001305C4003C
:102690003CB4194697F0FE1FE780A00483A70A0008
:1026A000A2858823EFC0BFA7850993F9F90FC1045C
:1026B000BDB783A741AEA5DBEFF0DFC82254B2500F
:1026C00092540259F249624AD24A424BB24B0145F6
:1026D00045616FF08FC5797106D622D426D24AD0D3
:1026E0004ECE52CC56CA5AC85EC662C466C2630A8F
:1026F00005223C312A8995C7404105C45945EFE080
:10270000AFFF09048149138A41AE914B354C173B09
:102710000200130BEB07931A45608347390063EF00
:10272000F900B250225492540259F249624AD24AF4
:10273000424BB24B224C924C456182808307A400ED
:1027400063CA571583270A0063860714834CE4FF86
:1027500093F70C01CDC793870CFF93F7F70F6369CD
:10276000FC00B3C767219C43DA978287230F04FEDE
:102770001305E4FFEFF09F80630E05108347E4FF2D
:1027800063EFFB1005476398E70A514597F0FE1F7A
:10279000E78000E6AA84630F050E930700FD1CA1E5
:1027A000C147A30005003CA18347E4FF1946A28569
:1027B0003CB18307A40015055CB58347F4FFA30F64
:1027C000F5FE97F0FE1FE780C0F17C2419469305C3
:1027D000F400BCB41385C40097F0FE1FE78060F0DE
:1027E00065A08547230FF4FEA30A040051B789476B
:1027F000230FF4FEB5BF8D47E5BF9147D5BF93F7D3
:102800008C0099C3AD47EDB713F71C0093F74C004C
:1028100011C799C39547F9B7A147D9BF13F72C0042
:1028200011C799C3A5477DBF9947D9B799C3A94790
:10283000C1B79D4775BF4838510597F0FE1FE78027
:1028400020DBAA8421C99307000D1EA1B5473CA136
:102850008347E4FF1946A2853CB18307A400150510
:102860007CA18347F4FFA30FF5FE97F0FE1FE780DE
:1028700040E75038D0A419C61385440188C8832581
:10288000640199BF23A8040083270A00A685882332
:10289000EFC0FF88850993F9F90F7104BDBD483871
:1028A0001305050297F0FE1FE78080D4AA847DD12E
:1028B0009307000D1EA1C9473CA18347E4FF93FC89
:1028C0000C061946B3E797013CB18347F4FFA28594
:1028D0001505A30FF5FE97F0FE1FE78080E07C2032
:1028E00019469305F400BCB47C3013853401DCA494
:1028F0001C24DCB41C34FCA48307A400FCB45E24B8
:102900009EA87C24BCA897F0FE1FE78080DD50388D
:1029100090BC09C613850402C8CC95B723AE040049
:10292000A5B783A741AEE38E07DEEFF0BFA1225427
:10293000B25092540259F249624AD24A424BB24BC7
:10294000224C924C014545616FF02F9E03A741AE8A
:1029500005CB1823AA870D456315F702411185455C
:1029600017F5FF1F0345851906C6EFC05FC613059F
:102970000003EFF03F9DB240014541016FF0EF9A37
:102980004945828079714AD0138941AE8327090075
:1029900006D622D426D2CDEB17F4FF1F130404165B
:1029A0005820C947298B51CB9165AA849385D5714D
:1029B00011459700FF1FE78020762320A900CD470F
:1029C0002DCD78309307F00F6314F7009C207CB076
:1029D0001146A68597F0FE1FE780A0D09305310130
:1029E0001305F041EFA0415C97F7FF1F938707EFB6
:1029F000A023034731013334800011C309041305B8
:102A00001002EFE06FCF1376F50F0589E14715C58A
:102A1000154532C6EFE04FCEBC20E8841945230AA5
:102A2000F100EFE06FCD3246AC30E8867C08380824
:102A300054082285EFA02072AA87B25022549254E3
:102A400002593E8545618280C547C5BF97F7FF1F84
:102A500083C7070BA18B1385C1AD91E301456FD0EF
:102A6000DF8D238601AEFD5717F7FF1FA30BF70875
:102A700023A401AE23A201AE97F7FF1F938707E8B7
:102A800017070000130707A498C3170700001307D0
:102A900007A7D8C317070000130727B598C717075C
:102AA0000000130787C3D8C717F7FFFF1307C72016
:102AB00098CB9387C1AD17F7FFFF1307872898C3FB
:102AC00017F7FFFF1307470AD8C38280411122C4BA
:102AD00026C206C61384C1AEAA8408208545EFF03D
:102AE0004FFC97F7FF1F83C7A701A98BADC717F549
:102AF000FF1F1305A5E004A0EFD0DF83938481AE10
:102B00009C4099C74D45B240224492444101828085
:102B1000082019E10145C5BF91659385B57112057E
:102B20009700FF1FE780405F88C069DD1020814566
:102B3000120697F0FE1FE78040C1142090408147A5
:102B4000FD5513F7F70FE377D7FC1397470032973C
:102B50000CA38507FDB70145238601AEEFD08FFD9D
:102B600055BF03A541AB01CD411106C69700FF1F1C
:102B7000E780E066B24023AA01AA410182808280F8
:102B800001111305700306CEEFE00FB72AC6130537
:102B90008003EFE06FB62AC413059003EFE0CFB5D2
:102BA0002246B245F240AA86054505616FA0E0596C
:102BB0005D711305D00386C6A2C4A6C2CAC0EFE0E9
:102BC000AFB32A841305C003EFE00FB3AA84130543
:102BD000E003EFE06FB22A891305F003EFE0CFB115
:102BE0008A871377F50F9376F90F13F6F40F937521
:102BF000F40F0545EFA0A056B6402644964406497A
:102C000061618280011122CC06CE26CA0D472E8436
:102C10006317E504B831E947CA2197F4FF1F93848D
:102C2000E4CB6315F700FE206387A7049710FF1F0E
:102C3000E780A0D3722011C172A53A2416244E2039
:102C40002830EFD05FE55A20FE206314F700FD57CF
:102C5000FEA00545F2406244D244056182800967C6
:102C60004D07AA87631CE500BC2131476385E70057
:102C70004547E390E7FEEFD0AFF2E1BF314763197C
:102C8000E50017F5FF1F0345B5E7EFD0DFEBD1B740
:102C9000130760026319E50017F5FF1F034555E6AA
:102CA000EFD03FEF7DB741677D170145E394E7FA29
:102CB000D831C947E310F7FACC212A203000231479
:102CC0000100EF50F07771B71971A2DC138441ABAA
:102CD0001C4086DEA6DACAD8CED6D2D4D6D2DAD076
:102CE0000545638A070C9305F1051305F041EFA034
:102CF000A12B9305F1051305F041EFA0E12A97F709
:102D0000FF1F9387A7BDBC230347F105B337F0002E
:102D100011C389071840BEC6283393054700EFD07A
:102D20007F841840AAC40D452C23AEC2EFE0CF9C8F
:102D3000AAC01145EFE04F9C832A04002ADE6545B6
:102D400003C7AA0003CBBA003ADCEFE0EF9A2A846B
:102D50006945EFE06F9AAA847145EFE0EF992A89FF
:102D60006D45EFE06F99AA897545EFE0EF982A8AE3
:102D70007945EFE06F982648B6476257F256064607
:102D800096451375F50F137AFA0F93F9F90F137926
:102D9000F90F93F4F40F2ACC1314446002D002CE3E
:102DA00052CA4EC84AC626C422C25AC093884A0094
:102DB0000545EFA06034F6506654D6544659B659CE
:102DC000265A965A065B09618280411122C44AC084
:102DD00006C626C2138951B0834709001307E00FC6
:102DE0002E846382E7041307F00F6385E702114521
:102DF00097E0FE1FE780C07FAA8509CD930700FDFD
:102E00001CA189473CA1854700B13CB1034509009D
:102E1000EFC0EFB0F9572300F900B24022449244CA
:102E2000024941018280AA84114597E0FE1FE78094
:102E3000207CAA857DD1930700FD1CA1894700B1A4
:102E40003CA124B12244B2409244024903C541B09E
:102E500041016FC0CFAC79714AD0138941AB832750
:102E6000090022D406D626D24ECE52CC4544D5E710
:102E700097F4FF1F938484C8DC204944958BD1CFFD
:102E80002E8A91652382A1B0AA89938575713145F7
:102E90009700FF1FE78040282320A9004D4435CD2F
:102EA00023003501A30005002946D285090597F0C6
:102EB000FE1FE78000830327090091463C2363E758
:102EC000F606CD4691CF0546F546638BC700094609
:102ED000C9466387C7000D46C1466383C700D54610
:102EE00034A3930571001305F041EFA0E10B9C831F
:102EF000C5E317F7FF1F0347879E8D47631AF7083F
:102F0000EFD0CFF32C00EF60F0452800EFD03FDA90
:102F10004545EFD07FFE25E50144B250228522547D
:102F200092540259F249624A45618280ED1793F743
:102F3000F70F95460544E3E2F6FE973602009386C6
:102F4000A688B3C7D7209C43B697828789473CA3FE
:102F500019A0230107006545EFD01FFA9307F0077A
:102F6000E301F5F8032709003C2393E707043CA39A
:102F70008DBF8547E9BF9947D9BF9147C9BF1306A0
:102F800000643306C50288209145EFC06FBB69B766
:102F9000EFF09FD32A8449D1EFF0BFBCBDBF011130
:102FA00026CA938441AB9C4022CC06CE4AC84944F1
:102FB000B1C39C230D44639FA70217F9FF1F130998
:102FC000E9B3034509008945EFC06FE003450900F7
:102FD0009145239001B0EFC08FDF9C4001478146AF
:102FE00080B31306F100854785450145DC87EFA0D6
:102FF00080152A84F24022856244D2444249056108
:103000008280011106CE22CC26CA4AC84EC6854708
:103010006319F506138401B01E20A1CB17F7FF1F1B
:103020000347078C39E31307B003636CF70297F487
:10303000FF1F9384A4AC88208945EFC04FD912208C
:103040009307006488203306F6028945EFC04FAF2E
:10305000239001B0F2406244D2444249B249056132
:103060008280938747FC1EA0F5B783A741ABFDD3B1
:103070006244F240D2444249B249882305616FF06C
:103080001FF2938941AB83A70900E9D717F9FF1F06
:103090001309C9A683474900918BCDDF8947631186
:1030A000F5062D45AE8497E0FE1FE78060542A8424
:1030B00055D1930700FD1CA1E547A30005003CA1E5
:1030C000BC3015051946230FF5FEDC20938554000E
:1030D000A30FF5FE97E0FE1FE780A06003455900AF
:1030E0009307F00F6315F50083A709008823A285D5
:1030F0006244F240D2444249B24905616FC02F8216
:10310000034509008945EFC08FCC6244F240D244A8
:103110004249B249239001B005616FF09FA497F72F
:10312000FF1F83C7E79D958B89CB83A741AF81CBD9
:103130008547A381F1B06FF0BFA449458280414526
:103140008280A38101B0854501456FA0800097F77B
:10315000FF1F83C7E79A958B91C785472381F1B0FD
:103160006FF01FA549458280238101B08145054547
:103170006F90307F9307C01C63FCA70009458280D5
:103180000945F2406244D2444249B2490561828015
:10319000011122CC06CE26CA4AC84EC62A8431CD99
:1031A000AE899165210593856571334505089700C2
:1031B000FF1FE78060F6AA8461D51389C1AF03259C
:1031C000090009C59700FF1FE7806001138584008F
:1031D00088C0228681452320990097E0FE1FE78062
:1031E000C056832709002286CE85884397E0FE1FBC
:1031F000E780204F83270900C2A383A741AB95CB6B
:1032000097F7FF1F83C7C78F958B95C783A7C1AF5C
:1032100091CF9843D6236244F240D2444249B24906
:1032200005468D45054505616F90707101478146E2
:10323000DDB70145B9B74945A9B79307C01C63FC81
:10324000A700094582800945F2406244D2444249C0
:10325000B24905618280011122CC06CE26CA4AC835
:103260004EC62A8431CDAE8991652105938555716D
:10327000334505089700FF1FE78000EAAA8461D55F
:10328000138981AF0325090009C59700FF1FE78057
:1032900000F51385840088C022868145232099008B
:1032A00097E0FE1FE780604A832709002286CE85CB
:1032B000884397E0FE1FE780C04283270900C2A32E
:1032C00083A741AB95CB97F7FF1F83C76783958B88
:1032D00095C783A781AF91CF9843D6236244F2402C
:1032E000D2444249B24905468D45054505616F9076
:1032F000506501478146DDB70145B9B74945A9B7D2
:103300009307C01C63F4A70009458280797122D419
:1033100006D626D24AD04ECE2A8439CDAE899165C2
:10332000210593857571334505089700FF1FE780D8
:10333000A0DEAA840945A9C4138941AF0325090069
:1033400009C59700FF1FE78080E91385840088C0C6
:10335000228681452320990097E0FE1FE780E03E0A
:10336000832709002286CE85884397E0FE1FE780E9
:10337000403783270900C2A383A741AB89EB0145EE
:10338000B250225492540259F2494561828097E723
:10339000FF1F83C7E776958B4945FDD36C00130566
:1033A000D030EFB04130B24793F7070FE9DB83A786
:1033B00041AF9443D2238D450545EF905059C9B78D
:1033C00083A7C1AF89CFD2238C43411106C697E0B2
:1033D000FE1FE7800031B24001454101828009456E
:1033E000828083A7C1AF95C303A781AF894719CF57
:1033F00052230C43411106C697E0FE1FE780602E62
:10340000B24081473E854101828089473E85828066
:1034100083A7C1AF95C303A741AF894719CF5223F3
:103420000C43411106C697E0FE1FE780802BB24097
:1034300081473E854101828089473E85828097E7AA
:10344000FF1F83C7E76B918B99CF4111138501AFA4
:1034500006C6EFC05FEFB240FD5717E7FF1F23120C
:10346000F7484101828001456FC0FFEDFD5723827F
:10347000F1B0F957A382F1B0A38101B0238101B06B
:10348000239001B023AE01AE23AC01AE23AA01AE5E
:1034900097E7FF1F9387C747170700001307471FCA
:1034A00098C317070000130707B6D8C31707000013
:1034B0001307C78198C717F7FFFF1307A76CD8C773
:1034C00017F7FFFF1307076F98CB97F7FFFF938757
:1034D000A77323A8F1AE8280411126C2938441AB29
:1034E0009C4006C622C495CB2A840D4597E0FE1F5A
:1034F000E7800010AA8519C9930700FD1CA18D471C
:1035000000B13CA19C408823EFB07FC119C4224484
:10351000B240924441016FF0CFE4B2402244924461
:103520004101828079714AD0138941AB8327090018
:1035300006D622D426D24ECE6380070E9833854716
:10354000AA8497E9FF1F938969396301F70483C748
:1035500049008DE70D4597E0FE1FE7806009AA85C9
:1035600001CD930700FD1CA1914704B13CA1832725
:1035700009008823EFB0BFBAEFF0AFDE0545B250C7
:10358000225492540259F2494561828083A7C1AF07
:1035900089CB9443D2239305E1000545EFC0FFE4B6
:1035A00011ED0145EFD05F952A8631C2894517E5B7
:1035B000FF1F0345A554EFB0BFD815A81C21858B6C
:1035C000EDD30545EFD05F939307B0032A8463F0F2
:1035D000A7045D6613060670894517E5FF1F0345BE
:1035E000E551130444FCEFB07FF6239081B08327AC
:1035F0000900094798B383C7490091C797E7FF1FA0
:103600002380072EA5BF2685EFF01FED85BF93070A
:1036100000643306F50251BF014595B7411122C43C
:103620002A840D4506C697E0FE1FE78060FC19CD91
:10363000930700FD1CA1CD4700B13CA12244B2403C
:10364000AA8503C541B041016FB07FADB2402244AD
:1036500041018280411122C42A840D4506C697E0AB
:10366000FE1FE780E0F819CD930700FD1CA1ED4790
:1036700000B13CA12244B240AA8503C541B041013A
:103680006FB0FFA9B2402244410182805A2101114A
:10369000896606CE22CC26CA13866600AA876316E0
:1036A000C7009C4701458C2351A813860604636517
:1036B000E60413865603636FE600138696006307DD
:1036C000C7081386A6006303C712A1066305D706C1
:1036D000014585A8F9769386A6FC3697A946334717
:1036E0000708E3E7E6FE972602009386660F334756
:1036F000D72018433697028713861605630AC71624
:1037000093862605E316D7FC1C45802383C721B08A
:103710002285639207160D4597E0FE1FE78040ED76
:10372000AA8519CD930700FD1CA1F14700B13CA16A
:1037300003C541B005AA9C4705458C23EFF0EFE88F
:103740000545F2406244D2440561828003A741AB43
:10375000014565DB9C47882359E585471CB3054532
:10376000EF90F014F1BF1C45938451B01307E00FA4
:1037700080239C20638BE7021307F00F6384E7022A
:10378000114597E0FE1FE780A0E6AA8501CD9307CB
:1037900000FD1CA1894700B13CA1A30105008820C0
:1037A000EFB0FF97F9579CA061BF938441AB9C4059
:1037B0000145C1DB05E805447D454085EFD0CFF3E9
:1037C000688613050002EFD02FF39C40C8851307CD
:1037D000B10080B374001306A10085450545EF9044
:1037E0009016B9BF2285EFF03FCF99BF9C47624446
:1037F000F240D244882305616FF0DFD21C450945B1
:103800008C232DBF1C4588232DE16C001305D0307F
:10381000EFA07169B247414793F7070FE382E7F2E0
:103820009305B10013056031EFA0F16788858545E8
:10383000EF90301231B71C45802383C731B0228509
:103840008DE70D4597E0FE1FE78080DAAA85E30942
:1038500005EE930700FD1CA1D14700B13CA183A751
:1038600041AB8823EFB0BF8BE1BDEFF03FDBC9BDBB
:103870001C45882301C5EFF0FFDDD9B58545054519
:10388000EF90300E75BD411122C417E4FF1F0344B1
:10389000242706C6158809CC17E5FF1F1305450721
:1038A000EFC01FAA4D44B2402285224441018280CC
:1038B0000145EFC0FFA8C5BF9821937625009377F7
:1038C000D70F99C29367270093F6F7071317456040
:1038D0006354070093E607081378850093F7760F83
:1038E0006304080093E786009376050299CE93E778
:1038F00007029CA1635707001C2293E7C7001CA284
:1039000082801375A5026DF9828093F7F7FD9CA163
:10391000E34407FE9377A502E5F37DF11C22CD9BDE
:10392000F9BF2D45631C0710011126CA4AC84EC6AF
:1039300006CE22CC9821BE8989472E89B684631E83
:10394000F704DC413284983394232207558F8D6627
:10395000938746A01316576063C9C7029386F69FE4
:1039600063DDC602F5779387F75F3E978D47C845BD
:103970003347070863E7E70297260200938606E9C4
:103980003347D7201C43B6978287938766AA630E76
:10399000F608938686B8630FD60823900400054581
:1039A00025A097E0FE1FE78060DD3346050833560B
:1039B000360B92A08325C9001DA01E2109479AA09D
:1039C0001CA0A1831CB00145F2406244D24442498C
:1039D000B2490561828099479EA01946AA85228531
:1039E00097E0FE1FE780E0CFF9BF85479EA01C212E
:1039F0001CA0D1BF05C9A1479EA01E211CA01E214D
:103A0000A1831CB03E213CA03E21A1833CB05E219D
:103A10005CA05E21A1835CB07E217CA07E21A1837D
:103A20007CB055B72390040079BF85479EA0DC4544
:103A30009C237DBFE1479EA06146ADBF8280797126
:103A400022D44AD006D626D24ECE52CC56CA3A8975
:103A5000982189472E84631DF7025C40B684B285A5
:103A600003C8170094238D6722083368D800938613
:103A700027A0131858606301D8102A8A63CC060166
:103A8000938607A0630BD802938717A0630CF808EE
:103A9000854711A8138737A06309E80A138767AA27
:103AA0008D47E317E8FEB250225492540259F2496E
:103AB000624AD24A3E8545618280484432C697E0D8
:103AC000FE1FE780A0CB9D4733450508E36D25FD2C
:103AD000938A81B183C70A00B3099900B24563D4C0
:103AE0003701B547C9B748442686B3C909084A957E
:103AF00097E0FE1FE780E0BE03C60A004844814508
:103B00000506330636414E9597E0FE1FE780E0C379
:103B100083A7C1B199E3814779B79C438145E5DF2C
:103B2000528515A0AD47E31009F8E39CE4FA1C3276
:103B30001822A207D98F58441EA383A7C1B1E1DF81
:103B40009C438545E9DB8297F9B703C731B18D47BF
:103B500039DBAD47E31909F49947E394F4F8484495
:103B6000194697E0FE1FE780C0B783A7C1B1C5D74C
:103B70009C43D5D38D456DB703C72184218B8D47D9
:103B80001DD3AD47E31109F28547E39CF4F41822F5
:103B900093070008E3E9E4F05C4498A3ADBF41114A
:103BA00022C40944A3828184A381818423818184E6
:103BB00023AE01B0238301B0238C01B0239B01B05D
:103BC000A38901B0A147194681451385C1B006C636
:103BD000A380F18497E0FE1FE78020B723808184D3
:103BE000B707A00013878183938707051CC3B70716
:103BF000E8035CC3238A818285476146814517E5D6
:103C0000FF1F130525E5A389F18223898182A388FB
:103C10008182238401B097E0FE1FE78000B3130682
:103C20000013814517E5FF1F1305C5CF2388818247
:103C3000A38301B097E0FE1FE78020B19717FF1F15
:103C400093870753B2402244170700001307A7CDFC
:103C500098C3170700001307C7DED8C323A40700C3
:103C600041018280797122D426D206D64AD04ECE26
:103C700052CCA1472E84B28463EBA7001727020021
:103C80001307C7B93345E5201C41BA9782879307CC
:103C90001008630CF51863ECA70093072004630A6F
:103CA000F51493070008630DF514094581A09307E7
:103CB0002008E31CF5FE85476399F50208229377F7
:103CC000250085E783C721B11387F7FF97E5FF1F1D
:103CD000938545C5120792072E97A1075047BE95B9
:103CE00091A29307800F63FBB7006145B250225445
:103CF00092540259F249624A45618280138A418492
:103D000083470A0017E9FF1F1309C9C19207CA9721
:103D1000C84719C597F0FE1FE780604C238C01B09F
:103D2000130614001376F60F91659385057132859D
:103D300083490A0032C697F0FE1FE780E03D8347C3
:103D40000A009209CA99920723A6A900CA97C847F0
:103D500049DD3246814597E0FE1FE780009F83479B
:103D60000A002286A68592073E990325C90097E09E
:103D7000FE1FE7800097238C81B0014585BF8947EE
:103D8000E395F5F61E22239BF1B0C5BF8547E39E60
:103D9000F5F41C22A389F1B0CDB79947E397F5F468
:103DA0001946A6851385C1B097E0FE1FE780609392
:103DB000E9B7A147E39BF5F22146A68513858183E8
:103DC000E5B78547E393F5F21C22A389F18275B725
:103DD000E147E39CF5F06146A68517E5FF1F130553
:103DE00065C7D9B78547E392F5F01C22A383F1B0EC
:103DF00069B78547E39BF5EE1C222381F184B5BFAB
:103E00008547E394F5EE83C741841387F7FF97E571
:103E1000FF1F938525B112072E97920750478820E0
:103E2000A107BE95EFF05FA989BF8547E39FF5EA3B
:103E300083C741B1D9BF630F052E938761B0982323
:103E4000631A072E054798A397E7FF1F938787AD4F
:103E5000894698A717E7FF1F231B07AC1387C19854
:103E600094A39386C19CD8C7D4C37D576302E52C25
:103E70001377150085450DCF17E6FF1F231106ACFC
:103E800009479386019C1386518498ABD4CBD0CF3D
:103E900085462382E1842380E7021387419BD8D3A0
:103EA00094AF2384D70217E7FF1F231207AA8D457B
:103EB0001377250031C7139745003E979386019CE1
:103EC000094654C313883184854610A314A72326BA
:103ED0000701231507001387150033470708238AB6
:103EE000E1B012073E9710A314A71386019B938697
:103EF00061B1890550C32315070054C7B3C5050830
:103F00001377450031C7139745003E979386019C70
:103F1000094654C313882184854610A314A7232679
:103F20000701231507001387150033470708238966
:103F3000E1B012073E9710A314A71386C19A938687
:103F400031B1890550C32315070054C7B3C505080F
:103F50001377850021C7139745003E971386019C70
:103F600050C30546894610A71386118414A3231550
:103F7000070050C7138715003347070812073E97FD
:103F800014A39386819A54C3A14614A79386C1B003
:103F900089052315070054C7B3C505081377050124
:103FA00021C7139745003E979386019C094654C349
:103FB00013880184854610A314A723150700232620
:103FC0000701138715003347070812073E9710A310
:103FD00014A71386419A93868183890550C32315BC
:103FE000070054C7B3C505081377050221C7139707
:103FF00045003E979386019C094654C3138841832C
:10400000854610A314A7231507002326070113874D
:1040100015003347070812073E9710A314A713860D
:10402000C19993863183890550C32315070054C76E
:10403000B3C505081377050421C7139745003E97BC
:104040009386019C094654C313882183854610A397
:1040500014A72315070023260701138715003347EC
:10406000070812073E9710A314A71386019A938698
:1040700081B0890550C32315070054C7B3C505088F
:104080001377050831C7139745003E971386019CA7
:1040900050C35146894610A71386118314A32315D4
:1040A000070050C7138715003347070812073E97CC
:1040B00014A39386819954C3854614A797E6FF1FDE
:1040C0009386469989052315070054C7B3C505088B
:1040D0001375051039C1139745003E979386019CCF
:1040E00054C3094685461385018310A314A72315DD
:1040F000070048C713871500334707081207BA9708
:1041000013878199D8C3138771B0890590A394A7A9
:1041100023950700D8C7B3C505089716FF1F9386D8
:104120002605414617D5FF1F1305C57F6F20106672
:104130004D4599B3014582800111FD1522CC06CE73
:10414000328426CA3E864AC813F8F50FAD4763E8A5
:10415000070B3A89171702001307876E3348E820C8
:1041600083270800B684BA9782878545EFC04FBA87
:1041700001E5EFF04FF10145F2406244D24442497B
:10418000056182808945EFC0AFB87DF52285EFE0FB
:10419000FF93D5B7914532C6EFC08FB7324669FD60
:1041A000CA852685EFC02FADEFF0EFEDEFF02FA918
:1041B000EF505076C9B7A14532C6EFC06FB5324651
:1041C00045FDCA852685EFC00FAB2285EFE01F9025
:1041D000EFE0DF87EF50307279BFB14532C6EFC0F4
:1041E0002FB3324651F9CA852685EFC0CFA8228564
:1041F000EFE0DF8DEFE09F85EF50F06F75B7094579
:10420000A5BF79714ECEAE896C0022D426D24AD099
:1042100006D62A89B284EF00B0292A840DE1CE8522
:104220004A85EFA051622A8419E93245268797B65C
:1042300001009386C6E02D468145EF009041B250C3
:104240002285225492540259F24945618280754771
:10425000AA876365B702114701456378B702ED1578
:1042600093F5F50F61476361B702971602009386D5
:104270002660B3C5D52098413697028793F5F50798
:1042800013072005638AE50001458280C8478280C4
:104290008843828088478280C84382809307F00FDA
:1042A000630FF506011126CAAA841305000222CC69
:1042B0004AC84EC652C456C206CE2E8AB28AB689A3
:1042C0003A8997D0FE1FE780A0322A844D450DC859
:1042D000930700FB1CA0A3005401231144012302F7
:1042E000340113058400614663050902CA8597D02D
:1042F000FE1FE780003FA2852685EFA05FE2014513
:10430000F2406244D2444249B249224A924A05618B
:104310008280814597D0FE1FE7802043E9BF094591
:104320008280011122CC06CE2A844C86D08697F05A
:10433000FE1FE78080630DC15425214797D7FF1FDB
:104340009387C77B639EE600E82378009306E00727
:104350000146A285EFF09FF4F2406244056182803D
:10436000C83378009306E0070146A285E5B79307B6
:1043700000643306F6026FB06F9115C1411122C47B
:1043800006C62A8408219307D00F63E6A700EFB082
:104390006FADFD571CA0B240224441018280828053
:1043A000797122D406D626D24AD04ECE9E25094413
:1043B0008DEBAE846C00AA893289EF00700F2A84DD
:1043C0000DE1A6854E85EFA0114D2A8419E93245ED
:1043D0004A8797B601009386C6CB4D468145EF00CC
:1043E0005027B2502285225492540259F249456115
:1043F00082801A219307000B6310F7025C21494762
:10440000639AE700183985476398E7002A218545B4
:104410006F3000526D47CDBF8280011122CC26CA79
:104420004AC806CE2A84AE84328936C697F0FE1F6B
:10443000E780A05315C95025A146324797D7FF1FE3
:104440009387C76B631DD600E823CA862686A2859C
:104450006244F240D244424905616FF03FE4C83300
:10446000CA862686A285EDB7F2406244D24442490C
:104470000545056182806FF0DFD8239405006FF059
:104480003FF223A2A1B2828023A0A1B282800111B7
:1044900022CC26CA06CE2A84AE8497F0FE1FE7807F
:1044A000C04CA6852285EFA0110A05E92285648605
:1044B00097F0FE1FE780604B0DC15425214797D729
:1044C000FF1F9387A763639FE600E82378009306A6
:1044D000F0070146A285EFF07FDCF2406244D2444F
:1044E00005618280C833DDB7797122D44AD0AE87A6
:1044F00006D6BA8526D24ECE754732843689636495
:10450000F7042147636CF70015476388E7021947F2
:10451000638DE708C167FD1785441DA037061400A9
:10452000DD1713060620B317F0287D8E49EE1967B4
:104530007D8F25EB93F71710F1DFC167FD178944D5
:104540006316F40221A813F7F70793062005E31377
:10455000D7FC41677D17631EE6048D442EC6EFA08D
:104560005102B24533049540334404083385840036
:1045700033450508EF304048AA87B3C9040821C96C
:1045800063040900231089002254B2509254025946
:10459000B3053041F2493E85456117F3FE1F6700C0
:1045A00043D0C167FD17954461BFC167FD179D44A6
:1045B00041BF1307200D8D44E39AE7FA1304C600A8
:1045C0003344040865B7C167FD178D4495BFB250E9
:1045D000225492540259F24945618280011122CC41
:1045E00026CA06CED0212E841307000281469945A3
:1045F000AA84EFF07FEF2AC621C51E205020930524
:1046000054007C803E207C8189477C829307800215
:104610005C8397D0FE1FE780C00C5C208A852685CE
:104620007C84EFA0511B2A8411C5324597F0FE1FF0
:10463000E780E0BAF24022856244D244056182807C
:104640004D44CDBF397122DC26DA4AD806DE8947CF
:104650002A84AE8436896306F600C147094563158E
:10466000F60432C6A9C04C082285992532460DEDC4
:10467000C1778507A6851305D1013ECC230EC10065
:1046800097D0FE1FE780E0052C082285EFF01FF58C
:1046900001ED52454A8797B60100938666921D4602
:1046A0002C08EF00007B0145F2506254D25442596D
:1046B00021618280397126DA4AD84ED63289AE8994
:1046C0003686BA84814613071002D94522DC06DEFD
:1046D0002A8432C6EFF05FE12ACE1DCD3246A68590
:1046E000231A3101F084231B210197D0FE1FE7809C
:1046F00040FF22854C08EFA0B1202A8411C57245E5
:1047000097F0FE1FE780A0ADF25022856254D2548C
:104710004259B259216182804D44FDB7011122CC2A
:1047200006CE26CADD472A846390F50A5439B1447F
:104730001C49B38696023287B697904314436306AA
:10474000D6020A20230601006C00EFA0311F0824C6
:10475000B165938505B8EFA03FB1E5473CA097B799
:1047600001009387679D5CC099A85623D223E31A62
:10477000D6FC88470C4797D0FE1FE7802008AA8701
:104780000A2089E7230601006C00C1B75C3858286D
:10479000850793F7F70F5CB863F5E702B3879702D5
:1047A0001848BA979847D623B2238E23EFF09FF08C
:1047B00049F90824B165938505B8EFA0FFAAD9444B
:1047C00031A87C285C86C9B70A21AE846C00230618
:1047D0000100EFA0B1168547E39BF4F6F240624476
:1047E0002685D24405618280011122CC06CE26CADC
:1047F000DD472A840A216398F508EFA08158522CDE
:104800003E284E286D162A96334606083307F64092
:1048100052ACAA86334707080A206372B70613888A
:10482000C6FFB388E54063D40803AE97918FB3C643
:1048300007081C4C0E283E97EFF0DFE709ED08242F
:10484000B165938505B8EFA03FA2D944B1A0ED169C
:10485000B3C60608F9BF0A20230601006C00EFA0CA
:10486000F10D0824B165938505B8EFA0FF9FE547DA
:104870003CA097B701009387278C5CC0F9B78547A8
:104880005C866C00E9BFAE846C0023060100EFA0DB
:10489000F10A8547E397F4FCF24062442685D2444E
:1048A0000561828079714ECEAE89C16526D20147FD
:1048B000AA84894613864199FD15054522D406D65A
:1048C0004AD0EF10E06C054429C92A891307300249
:1048D00081461146F5452685EFF01FC12AC655448D
:1048E0000DCD0357A900CE860146788411477885FF
:1048F000054718A1B2472C002685A3800700324740
:10490000FD573CA332473CB3EF10C05D2A8411C56C
:10491000324597F0FE1FE780808CB25022852254EA
:1049200092540259F24945618280411106C6EFF066
:104930001F9219C5B240410117F3FE1F6700238A79
:10494000B24041018280011106CE2AC6EFA0612A41
:104950003245914523A201B223A001B297D7FF1F90
:10496000A38EA718EF302005F24005616F20407537
:1049700079714AD006D622D426D201499397556040
:1049800063D8070417D5FF1F034555172E8997D005
:10499000FE1FE78000CC2A844DC518219307000A2A
:1049A000631EF70885474C08DC85EFA04131AA84D7
:1049B0001DC59C8599C7084409C597F0FE1FE7806F
:1049C00000822A208545EF20B076CD476398F40613
:1049D000B250225492544A850259456182808347DD
:1049E000610191CF71476361F7064D476376F70622
:1049F0009386C7FE130730143357D74831CF03A728
:104A000001B201C7034751013DC79C8599C70844BE
:104A100009C597E0FE1FE780807C5247B707000179
:104A2000938707F07D8FB7071200938707106307FE
:104A3000F70003476101ED47630EF7082285EFA0F9
:104A4000EFE81319F96869B7138717FE1377F70FA3
:104A500093060002E3F5E6FA858B8DCB83A741B27E
:104A6000B5C32A201306B1004C0882979C85AA84FE
:104A7000BDE7C5D4B9B75C8699472308F1002A2061
:104A80006C0023170100EFA0414341B783A701B297
:104A900085CB2A201306B1004C088297AA8435D50D
:104AA00083475101E39707F0230891008347610191
:104AB0002A206C005C8623170100EFA00140D5BDC1
:104AC0009944F9BF9C8599C7084409C597E0FE1F22
:104AD000E780E0702A208545EF20906585B708447F
:104AE00049D997E0FE1FE780806F61B75D71A2C46E
:104AF000A6C286C6CAC04EDE52DC56DA5AD85ED688
:104B0000A5472A84B2846392F50E834745021A2290
:104B1000322285072302F5029307F7FFB307F60257
:104B2000D440B3C70708B697542503CB070003C981
:104B300017008547638BF60493178900B3E7670175
:104B400041677D17638AE70A1A2863F7E70A50244A
:104B50008507B3C7070885467EA40A209305E400AD
:104B6000631BD6007C84930720307C8693078002E9
:104B700078855C872C00EFA0014A0824B1659385F5
:104B800005B8EFA06FEE59458DA83307C7022390F3
:104B900004008149014A930B3501B34A0708E3FD3C
:104BA00059F9B620DC402C2813865900ED163E96A4
:104BB0005E85B3C60608EFA041081DC1630B3A012C
:104BC000C840B220B3053501529597D0FE1FE7804B
:104BD00040B1BE203E9A9E20334A0A0885079EA017
:104BE000BE20BE99B3C909085DBF5822A947631109
:104BF000F7028347450289CF0145B64026449644D3
:104C00000649F259625AD25A425BB25B61618280B4
:104C10003428130934014A8689451385C19CEFA0C5
:104C2000C10129E934284A8689451385819CEFA072
:104C3000C10029E134284A8689451385419CEF90BB
:104C4000D17F0DE934284A8689451385019CEF9070
:104C5000D17E0DE1DC2009476380E702ED1793F771
:104C6000F70F29476368F70013079048B357F70019
:104C7000858B99E3054551B7834744028507230295
:104C8000F402BE2075BD411122C406C62E8497F0E1
:104C9000FE1FE78000C409C93C2513871700631570
:104CA000E40093F707F83CA5B2402244410182801A
:104CB000411122C406C62E8497F0FE1FE78060C112
:104CC0001DC111C008C01C251307E00F5D45638896
:104CD000E7001307F00F59456393E7000145B24021
:104CE0002244410182800945DDBF411122C42A844A
:104CF000210526C206C64AC0EFF02FE82420A514DD
:104D000093F4D40F81E858248547631DF7041C48A9
:104D10003149A1E3FD57230104001CB4230204021E
:104D20001305C4002244B2409244024961468145C1
:104D3000410117D3FE1F670043A1B38724033E95AB
:104D4000084509C597E0FE1FE7806049850493F494
:104D5000F40F5C280848E3E2F4FE97E0FE1FE780CA
:104D600000484DBF084C75F975B7411122C4416424
:104D700006C626C29307E4FF6301F502AA849DE1FB
:104D800097F0FE1FE780E0B409E91305F4FF97F000
:104D9000FE1FE78000B411C106A1B2402244924434
:104DA0004101828085476392F50497F0FE1FE780FA
:104DB00040B22A847DD1FD571EA11C241307F00F99
:104DC0006382E7021307E00F6389E70034200834A9
:104DD00001475146A685EFF06FCC2285EFF0FFF03A
:104DE000FD571CA4230504004DBF8947E397F5FA3E
:104DF0008545EF40A01855F1268597F0FE1FE78006
:104E000040AD2A845DF951BF21C5011122CC06CEE7
:104E100018259307F00F2A846308F70234210E2126
:104E2000083501475D46EFF06FC73820E14763184A
:104E3000F7000A206C0023060100EFA02130F9578B
:104E40001CA42285EFF07FEAF24062440561828073
:104E500082809307F00F6306F706011122CC26CA61
:104E60002A844AC84EC652C4B689328A3A89930601
:104E70008500AE847946AA8517050000130505F95B
:104E800006CEEFF0CFCEA304240123014401232258
:104E9000340185C01305C4006244F2404249B2495E
:104EA000224AA685D2446146056117D3FE1F6700DA
:104EB0004383F2406244D2444249B249224A0561E6
:104EC000828082802386A1B28280411122C406C6DC
:104ED00095472A846391F5068347450285468507F1
:104EE0002302F5021E2258423022FD17B3C70708DD
:104EF000631ED602B3C7E72098239C330145A2075F
:104F0000D98F7A2463F0E7020A2085075EA493050F
:104F1000C400EFA081090824B165938505B8EFA00E
:104F2000AFB45945B240224441018280C946B3879B
:104F3000D702BA97D1B75822A9470545E314F7FE1F
:104F40000345440213351500F1BF411122C406C6C2
:104F50009D472A846396F50483474502850723020B
:104F6000F5021E225842FD17B3C7E72098239C3351
:104F7000A207D98F7A25014563F0E7020A20850749
:104F80005EA49305C400EFF06FE50824B165938536
:104F900005B8EFA06FAD5945B2402244410182806F
:104FA0005822A9470545E319F7FE03454402133586
:104FB0001500DDB7411122C426C206C6B5472A84B2
:104FC000B2846394F5048347450285072302F50202
:104FD0000A21EF90115B9E201307F5FF014563C185
:104FE000E7027A240A209305C400BA977EA4EFA0B2
:104FF000A1060824B165938505B8EFA0EFA6594531
:10500000B240224492444101828058229D47054586
:10501000E318F7FE0345440213351500D5B74111D7
:1050200022C406C6C5472A846390F5061E223A228A
:10503000FD17B387E7020347450205072302E50290
:105040005842B3C707083E973C333823A207D98F8D
:1050500041677D176397E7000145B2402244410153
:105060008280138717005AA57A25E3F7E7FE930598
:10507000C5000A21EF90717F0824B165938505B8BA
:10508000EFA08F9E5945D1BF5822A9470545E31689
:10509000F7FC0345440213351500C1B7011126CAB8
:1050A0004AC84EC656C206CE22CC52C4BC211547B1
:1050B000AA8A2E89B289B684639EE7023686CE8597
:1050C0004A85EFF09FE02A84631E0510854703455B
:1050D00099006393F910D820A9476319F70C054A82
:1050E000834629000345990001476946D685EFF0BC
:1050F000EF9AF9A83547638CE7086361F7041D4709
:10510000638BE7062547638EE706A547638FF90A99
:105110000544034599002687CE860146D685EFF0E3
:10512000EF97054A19E5CE852685EFF04F92133AA1
:1051300015005DD4D9476306F40259A84547638E2C
:10514000E7045D47E393E7FCD82585473686CE859F
:105150004A85631AF704EFF06FDC8547054AE306DA
:10516000F5FAF2406244D2444249B249924A528529
:10517000224A056182803686CE854A85EFF0FFDCC3
:1051800099B73686CE854A85EFF05F962DBF368675
:10519000CE854A85EFF01FE23DB73686CE854A853B
:1051A000EFF0FFE70DB7EFF02FE445BF2687854608
:1051B0000146D685EFF08F8EE31305F285452685EF
:1051C000EFF0EF88133A150021BF9E20B1F3054A96
:1051D0004A85EFF09FB171B7A547E39CF9F29E2095
:1051E0008DFBF5BDA547E396F9F29E20E39307F208
:1051F000054A89B79E216399071C397126DA4ED674
:1052000052D406DE22DC4AD8A021ED47AA89AE841A
:10521000328A6313F40203C7C1B29307F00F01444B
:10522000631DF7049947F2506254D2544259B2595F
:10523000225A3E8521618280F547631DF40683C6AC
:10524000C1B21307F00F9947E38FE6FC97E0FE1F0A
:10525000E78020682A8415C1302505C2931746606F
:1052600063D407008147C1B7F5454E85EFF06F8BDA
:105270003C2493E707F83CA4F5B7D62090448C3043
:1052800088203800EF90B16CAA8751FDB420380017
:105290000146CE8503C5C1B2EFF04F80AA8741F524
:1052A000B24799C323000A00BC207547E39CE7FA84
:1052B00079F04DBF97E0FE1FE780A0612A895DD19C
:1052C00085476317F404CE2088443000EF90512DB9
:1052D000AA8731F98347290015476382E702E5175A
:1052E00093F7F70FC14663E1F6043317F0281377FD
:1052F000574411E7639AD7028327090195C7B02065
:105300003400CA854E85EFF07FD92300AA0099BFEB
:1053100038219147E31987F05841E30607F0CE2082
:105320008844300002976DB70345990097C7FF1F67
:1053300083C7D77C6381A702B42038000146CE859D
:10534000EFE0DFF52A8409E9AC202800EFE03FF028
:1053500019C123000A000144034729008D4763183F
:10536000F7043C840357C90063F4E7002316F900EF
:105370008355C9004E85EFF08F9117C7FF1F035764
:105380006747ED4763F5E7028357C900DD4663F0E1
:10539000F6029386370063D1E602116693854700D3
:1053A00013060629B3C505084E85EF70904D4A8552
:1053B000EFF0BF93A28785BD11669305B00F13066A
:1053C0000629B355B70ACDB799473E8582800111AA
:1053D00006CE26CA4AC822CC4EC652C497C4FF1F66
:1053E0009384C47188249307800291653305F50284
:1053F00093856570138981B23345050897E0FE1FD8
:10540000E78080D190249307800281453306F6021D
:105410002320A90097C0FE1FE780203383270900BF
:105420004D459DCB0144130A8002FD599C24636DB8
:10543000F40217050000130525DCEFF08F84170533
:10544000000013058584EF90D106170500001305B1
:105450000592EF30D0290145F2406244D2444249DE
:10546000B249224A05618280B3074403032509003B
:105470006146814505041374F40F3E9523103501F0
:10548000230105002314350123050500230205022D
:10549000310597C0FE1FE780402B49BF0145828040
:1054A00017C7FF1F03471766814763E4E7000145FD
:1054B00082809221938645006314A6002E85828007
:1054C0008507B685DDB71DC5411122C406C6382142
:1054D0009307D00F2A8463EBE7000E2128310147A0
:1054E000F9465D46EFE09FDBF9573EA0B24022440B
:1054F00041018280828017C7FF1F0347B760814741
:10550000FD5663E3E700828016A1230105008507AD
:105510001105C5BF0145828093855185930700021F
:1055200085469CA1FD57238AF184A389F1842389B0
:10553000F1842398D184239401B423A201B423A03D
:1055400001B423AE01B2138681849387019D5CC2AE
:10555000A38601B29707FF1F938707C3094718A2C5
:1055600098A398AB2380E7022388E7021387819BE7
:1055700094A7D0C794AFD8DB1385C19C0D47138681
:10558000019C93864199238CE702C8C323950700A9
:10559000D0CB239D0700CCCFD4D3238407022395FF
:1055A000070223A60702239D070203A701B3D8DF42
:1055B0009707FF1F938787BC170700001307870B08
:1055C00023A00700D8C323A407008280411106C688
:1055D000EFF01FED09C52821B2404101828001454D
:1055E000E5BF411122C426C24AC006C6AA842E893C
:1055F0003284EFF0FFEAAA8711E94165CA857D157B
:10560000EFF01FEAAA87454581C786A3A0A30145FD
:10561000B2402244924402494101828021E3094878
:105620003547639E0603011106CE22CC18221032A4
:105630002206598E32C6B377F64085E7CC452A84D8
:105640002EC4EFF0BFF832460147630EC500228535
:105650006244A245F24005616FF0BFF82D473A85DC
:10566000828013070008F24062443A850561828017
:1056700083C80500094863910803DC4103C807009B
:105680009C33A207B3E707010D68130828906395C0
:10569000070189476FF09FF80545828001114EC6CA
:1056A00006CE22CC26CA4AC89389318503C7090091
:1056B0009307F00F630FF7022A892945AE843284DD
:1056C00097C0FE1FE780C0F2AA8505C59307100B9F
:1056D0001EA12302050002A562442311250166A133
:1056E000F24003C50900D2444249B24905616F90B6
:1056F0001FA3F2406244D2444249B249056182800C
:10570000411126C2AE8483A501B322C406C62A84F1
:10571000EFF0DFEB098909C922852244B240A68552
:10572000924441016FF00F98B240224492440545E3
:1057300041018280411122C426C24AC006C6AA8401
:10574000130445001309850B1E209DC3084409C599
:1057500097E0FE1FE780A0A822853146814597C0CB
:10576000FE1FE78080FE3104231A04FEE31E24FDA1
:10577000B2402244FD579EA00249924441018280DA
:1057800097C6FF1F83C6163883A781B3014763946A
:10579000E600014582808E231386870B6394A50063
:1057A0003E85828005071377F70FB287CDB7AA87AA
:1057B00003A501B401C95A216314F700084582808A
:1057C0000841CDBF8280411106C6EFF05FFE09C5DA
:1057D0000845B240410182800145E5BF797122D47C
:1057E0001384450026D24AD052CC5AC82E8A06D6F7
:1057F0004ECE56CA5EC622892287014B814481461D
:105800008147BD45122345CAB5EE46233E23B286E5
:10581000A697B3C70708050B3107E315BBFEADC458
:10582000916593854570268597E0FE1FE780C08EC1
:10583000AA8B39C90C44D1C9814A81495220338588
:105840003B0197C0FE1FE780C0E95E200844BE9977
:10585000B3C9090897E0FE1FE780609863980A00C3
:105860003109854A832589004A84E9F93146814511
:105870002285850A97C0FE1FE78020ED63826A05B6
:105880003109CDB7630ED6000145B250225492546F
:105890000259F249624AD24A424BB24B4561828078
:1058A0003223E313F6FE5223B294B297B3C4040832
:1058B000B3C707088DB78547E3E367F70545F1B739
:1058C00023267A0123149A00D5BF1309C400854A00
:1058D000814949BFAA8703A5C1B311E18280184558
:1058E0003A276314F700110582800841FDB7411182
:1058F00006C6EFF03FFE09C50A21B2404101828091
:105900000145E5BF411106C6EFF0DFFC09C52821BE
:10591000B240410182804145E5BF411122C42A8441
:10592000090506C6EFE07FA5FD573CB0B240224412
:1059300041018280411122C4416406C626C29307F8
:10594000E4FF6301F502AA849DE197E0FE1FE78072
:1059500020FB09E91305F4FF97E0FE1FE78040FAFA
:1059600011C106A1B2402244924441018280854780
:105970006392F50497E0FE1FE78080F82A847DD1CA
:10598000FD571EA13C201307F00F6382E7021307A7
:10599000E00F6389E70028300147F9465146A685A4
:1059A000EFE0DF8F2285EFF05FF7FD573CA0230289
:1059B00004004DBF8947E397F5FA8545EF30005C59
:1059C00055F1268597E0FE1FE78080F32A845DF974
:1059D00051BF5D71A2C4CAC086C6A6C24EDE52DCEB
:1059E00056DA5AD82E84AC21F9472A896392F504F5
:1059F00097E0FE1FE780C0F02A8405C13821930795
:105A0000D00F63ECE70028310147F9460146CA850B
:105A1000EFE0DF882285EFF05FF00145B6402644D5
:105A200096440649F259625AD25A425B61618280B9
:105A3000832A0400B7070001938707F03707120095
:105A4000B3F7FA0013070710B28981446388E702AD
:105A50002EC697E0FE1FE780A0EAB245AA8419CDC2
:105A6000502109CE93174660E3C907FA4A85EFE053
:105A70005F8BDC2093E707F8DCA045B7138A4185EC
:105A800003470A009307F00F1945E309F7F8E147C8
:105A9000E3E6B7F893D71500FD17170702001307C1
:105AA00027E9B3E7E72003A80700E30908F603ABFB
:105AB0004700E3050BF6B3CA0A0863850A00C94725
:105AC000E39EF5F4562010440C3008203808029864
:105AD00031F52C084A85029B1DCD183021F3382062
:105AE000230AA100B9472308E1006314F702E24743
:105AF00098239C33A207D98F0C084A85FC81EF902C
:105B0000C13B01DD14080546D9454A85EFE0FF9009
:105B100031B7BC84D5B734209147E380F6F0034514
:105B20000A0038080146CA85EFE04FF7E31805EE92
:105B30002C202808EFE0AFF119C12380090018409C
:105B4000B7070001938707F07D8FB707120093878F
:105B50000710E304F7ECE38204EC3C2031BF411171
:105B600022C406C62E8497E0FE1FE78060D909C9CB
:105B70005C21138717006315E40093F707F85CA115
:105B8000B240224441018280397152D42E8A4ED6CD
:105B90009305E100AA89528522DC4AD856D25AD010
:105BA0005ECE06DE26DA3289368BBA8BBE8A97E065
:105BB000FE1FE78020D7054425C1AA8428873944E1
:105BC000EFF0FFBE31C90328450063070804D687FC
:105BD0005E87DA864A86A6854E8502982A840DED70
:105BE0009307E00F638AFA02982089476316F70249
:105BF000DC4098239C33A207D98F0D6713072790A9
:105C0000639CE7008347190003460900D285A20779
:105C10005D8E4E85EFF09FA8F25022856254D254DB
:105C20004259B259225A925A025BF24B2161828048
:105C3000797122D422214ECEAA89228556CA06D64F
:105C400026D24AD052CC5AC85EC662C4AE8AEFF0A1
:105C50003FB305E52285EF90D115594411E1014488
:105C6000B2502285225492540259F249624AD24AD1
:105C7000424BB24B224C4561828003C78900854765
:105C80006307F700EFF01FAB03D52900E9B7AA853A
:105C9000AA8413858900EFF07FB42A8415CDFA20F9
:105CA0009624D044CE2003D52900E147EFF0DFED64
:105CB000D9472A846318F50023A604002685EFF04F
:105CC0007FA771BF19E1268575BFDE202685239049
:105CD000FA00EFF03FA669B713894400014AB94BB7
:105CE000594C3D4B8355090085CDE14763077A0147
:105CF0000357C900D94711E3E147035729008356E9
:105D000049000326890003D52900EFF0FFE72A8424
:105D10006310850323240900050A3109E3146AFD91
:105D20002685EFF03FA12DD0D947E31BF4F205BF44
:105D300065D5835709002390FA00F9BF01117087D8
:105D40009307E00F1306E1000147894606CEEFF006
:105D5000BFE3F2400561828079714AD00359850022
:105D600022D426D22A84AE844A859305210106D600
:105D700097E0FE1FE78000BB79C51C252AC693F774
:105D800007029DC7A881EFF01FA4B245AA8711E9B9
:105D9000239024013945B25022549254025945614E
:105DA00082802A204946829701C51E249EA0E5B71D
:105DB000035924004A85EFF0BF9C01ED41657D1534
:105DC000EFF01F9C09E51E2425459EA0E9B723108E
:105DD0002501130745008147BD46122339EE31479F
:105DE000B387E7029305840031462EC691073E959E
:105DF00097C0FE1FE780E08EB2453146480897C045
:105E0000FE1FE780008E52242A2041478146DD454F
:105E1000EFE08FED2ACE09E51E2445459EA0A5BFE3
:105E20000C48522497C0FE1FE780A08B2A204C0804
:105E3000EF90E1732DD15945B9BF85073107E39E36
:105E4000D7F825459DB705458DB7797122D42A84A9
:105E50000A254AD02E899305E1004ECE06D626D2D9
:105E6000B28997E0FE1FE780E0AB2DC91C25AA840C
:105E700093F707028DEF18389307200511E35C2094
:105E8000362450440E242A200147EFF0FFCF21E1B1
:105E90001C38B9E32A20EF90C169AA8759458DCFF4
:105EA000B250225492540259F249456182802887A7
:105EB000EFF07F91AA870DC52A204946A6858297D3
:105EC0005DD91E242310F9001C3899E7D1BFD947AA
:105ED000E319F5FE238009000145D9B70545D5B77B
:105EE0003945C5B7797122D44AD04ECE52CC56CA64
:105EF00006D626D2AA892E8AB28A368997E0FE1F54
:105F0000E78000A009440DC53C211307E00FAA84D7
:105F10005D44638FE7001307F00F5944639AE7006D
:105F200063920A02D2854E85EF90A16C2A8421C12A
:105F3000B2502285225492540259F249624AD24AFE
:105F40004561828003550A009305E1002317010093
:105F500097E0FE1FE780009D2887EFF0BF9AAA8593
:105F600005464E85EF2090612A844DDDD1B7930719
:105F7000F00FE30FF9FA938624007946A68517F50A
:105F8000FFFF13058554EFE08FBEA38124014DB7B9
:105F9000797126D24ECE52CC56CA5AC85EC606D6A3
:105FA00022D44AD062C466C2AA8A2E8BB28B368AA9
:105FB000BA8983A4C1B3B9C0804483DC44000149D9
:105FC000035CA400631499018440F5B73E2463F791
:105FD00057010509410433490908EDB7E36BFBFE9E
:105FE00063090A000C204840D2865E86EF80F144A7
:105FF0006DD16384090023908901A284B250225498
:106000000259F249624AD24A424BB24B224C924C5C
:1060100026859254456182809A21B621854763E1A5
:10602000E6041DCFD42101111386550022CC13851F
:10603000C19C2E84894506CE32C6EF801140C147EF
:1060400019C9542032462E200A200147EFF05FF490
:10605000A94711C18147F24062443E8505618280B3
:106060003E8582802E860A22AE21854763E1A50205
:1060700019CD542241110147150606C6EFF05FF114
:10608000A94711C18147B2403E85410182803E85CA
:1060900082802E860A22AE21854763E1A50219CDB2
:1060A000542241110147150606C6EFF07FEEA947BD
:1060B00011C18147B2403E85410182803E85828088
:1060C00039714ED6BE2183D9050006DE22DC26DAE0
:1060D0004AD852D456D25AD05ECE62CC66CA63E455
:1060E00037152A8A054563830912416BAE8A23144A
:1060F000010002C6014401497D1B894B054CC94C76
:1061000083D52A000147814601464E8523130100AD
:10611000EFF01FE8AA8471C509EC1307200293066B
:1061200061005A8695455285EFE00FBC2A84630EC4
:10613000050E38849C2025C71885630187054147D3
:106140006394E70ABE244146130524001CA0BE2424
:10615000A1831CB0CC4097B0FE1FE7808058490453
:106160003C848507B3C707087C8463FC2707BE24EB
:10617000638967078509B3C9090859B76396770723
:10618000BE240946130524001CA0BE24A1831CB014
:10619000CC4097B0FE1FE780C0541104D1B722C68F
:1061A00003596100B82413052400638F7701335924
:1061B00099032305710118A0BE244146A1831CB098
:1061C000CC401379F90F41BF2305810118A0BE24EB
:1061D000135929001379F90FA1831CB0CC4009464B
:1061E0004DBF3C8429459DC32C005285EF9081070B
:1061F00009CD34001546D9455285EFE00FA211C5EF
:10620000324597D0FE1FE78080FD0145F250625471
:10621000D2544259B259225A925A025BF24B624C02
:10622000D24C216182800545D5B74545C5B703C726
:1062300041B6854763F7E706011122CC26CA4AC852
:1062400006CE2A84AE84328997D0FE1FE780406B49
:1062500011C538219307E00F6307F704631B09009A
:1062600022856244F2404249A685D24405616F907E
:1062700001358A209305E1002317010097D0FE1F06
:10628000E780406A2887EFF0EFE7AA850546228578
:10629000EF20D02E71D5F2406244D24442490561CC
:1062A0008280594582805D45FDB7411122C406C6F2
:1062B00026C293F705022A84328585C3EFF08FE466
:1062C000AA8505462285EF20702B95476305F500CA
:1062D000BD476315F502214515A093F78500B684E7
:1062E0009DC3EFF02FE2AA8505462285EF201029F5
:1062F00009C59C3481C79C2491C30145B240224406
:106300009244410182809397456063D70700EFF084
:106310006FDFAA850146D1BF89890D45F9FDF9BF17
:106320007971AE8622D42A848A229305E10106D6A9
:1063300036C697D0FE1FE780E05E11C90C25228586
:106340002254B246B087B25045616FF01FF6B2508A
:106350002254054545618280411122C406C693F747
:1063600005022A8432858DC3EFF0CFD9AA85054670
:106370002285EF20B0201547AA876305E5003D4739
:10638000631DE502A14715A893F7850099CBEFF0AF
:106390006FD7AA85054622852244B24041016F206D
:1063A000F01D1397456063570700EFF0AFD5AA853E
:1063B0000146D5B7898991E18D47B24022443E8597
:1063C000410182807971AE8622D42A848A22930583
:1063D000E10136C606D697D0FE1FE780A054B2462C
:1063E00009C90C2522852254B087B25045616FF04F
:1063F000BFF6B25022540545456182803E25797131
:10640000416722D426D24AD04ECE06D623170100A9
:106410007D17AA84328436898149638DE7009420F0
:10642000D040138517001307E10033450508EFF04E
:106430003FB6AA899420D04089451385C19CEF803E
:10644000C17F15C5A2242285EFF06FCA09C57D144E
:106450002A94334404086304090023108900B250CD
:106460002254925402594E85F2494561828094200B
:10647000D04089451385819CEF80217C61F5942073
:10648000D04089451385019CEF80217B11C9E38CA5
:1064900009FA3C87E39987FA03D4A9007D1455BF14
:1064A000A22455BF397122DC26DA4AD84ED652D4FE
:1064B00056D25AD05ECE06DEBE8B9C252A8AAE848A
:1064C000C18BB28A36843A89C289468B9DEF94206B
:1064D00089476383F6065685EFF06FAD05CD8328B7
:1064E00005006389080222866254F250925A5A8843
:1064F000CE87025BB2595E87CA86F24B4259A685A7
:106500005285D254225A216182883285EFF0AFAB96
:10651000AA8709ED3945F2506254D2544259B25912
:10652000225A925A025BF24B216182802946A6854B
:106530005285829749DDC5B7DC4003C31700982315
:106540008D6722033363E30013864790131753606C
:10655000E343E6F81386F78F634BE60293862780C2
:10656000630FD70863C8E604F977938707803E93E3
:10657000854733430308E3E067F62D45E39D0BF8B9
:10658000DC449023CC432310C90022850DA2F5776B
:106590009387F76F3E938D473343030863EE67108D
:1065A00017F70100130707333343E3208327030062
:1065B000BA97828793873780E31FF7F02D45E39CD6
:1065C0000BF485472310F900DC4481459C231CA073
:1065D000AA2405053345050897D0FE1FE7808034BF
:1065E000835709005DE591072310F90011468145A5
:1065F0001305140097B0FE1FE780201571A02D45EC
:10660000E39B0BF0DC446C0083C917009823A209BC
:10661000B3E9E90011472310E9009C234E851CA033
:10662000DC449C331CB097D0FE1FE780A02FAA84C7
:1066300031CD3086C1659306E100FD158329C50083
:10664000EFF0DFDB19E99420D04089451385819C68
:10665000EF80A15E19E1FD577C8703C709008947D8
:106660006310F70283A5490009461305440097B05B
:10667000FE1FE78000078357090089072310F900F0
:106680003C873CA0A1833CB0014571B52317310183
:10669000C5BF18218907BA972310F9003E251CB001
:1066A0003E25A1833CA010214C411305340097B036
:1066B000FE1FE7800003C9BF2D45E39E0BE42310B6
:1066C000D900DC449C231CA0DC449C331CB06DBF6F
:1066D000C84497B0FE1FE780600A334705081D4590
:1066E000E36B77E36380EB02B386790163C6E60070
:1066F00033077741B3490708CC44231039014E864C
:10670000DE9561B58149CDBF2D45E3960BE0CC44C4
:106710005285EFE0BFEB89472310F90008A02181E3
:1067200008B09DB72D45E3980BDE89472310F9008B
:1067300049BF2D45E3910BDEDC441D472310E900E2
:10674000982318A0983318B0BA2338A0BA2321830D
:1067500038B0D82358A0FA2358B0FE23A1837CA0D8
:1067600025B75D71A6C2AA842A214EDE52DC56DA14
:106770005AD85ED662D466D26AD06ECE86C6A2C41D
:10678000CAC0AE8AC16BEF80C15F130CF5FF2A8AC5
:10679000814997BDFF1F938D6D2D938C41B4138B51
:1067A00081B4FD1B334D0C08DE2463F6F90083D75A
:1067B0000D0063CD8701AA2097B5FF1F9385052B98
:1067C000EF80514C2A841DCD59442DA89C4493053B
:1067D000E100B3A7F92003C917009C2322093369FC
:1067E000F9004A8597D0FE1FE780C013AA851DE9EE
:1067F00023902A0103A54D0009C597D0FE1FE7800D
:10680000009E0544B6402285264496440649F25926
:10681000625AD25A425BB25B225C925C025DF24DDC
:106820006161828083C8440083A60C003087AA205F
:106830006A8881475A87EFF0FFC62A8419C92390D6
:106840002A0103A54D005DDD97D0FE1FE78020994A
:1068500055BF83A74D0099EFAA20514781465E8618
:10686000BD45EFD07FC823A2AD0009E523902A01E2
:10687000454449BF83D70D0003570B003E9763473C
:1068800047013307FA407D172310EB0003A54D00A5
:1068900003560B0083A50C003E95850997B0FE1F9B
:1068A000E78020E483D70D0003570B00B3C9090824
:1068B000BA972390FD00CDBD397126DAAA842A212A
:1068C0004ED65AD006DE22DC4AD852D456D25ECEFC
:1068D00062CC66CA6AC82E8BEF80A14AAA89D424EA
:1068E000AE248A2478001386D400EFF06FEA05C145
:1068F000938BB9FF2A84E5190149138C41B4938C19
:1069000081B433CA090863497901631B09109E24C5
:1069100029452310FB009DA8035DC10083C84400E6
:1069200083260C00AA205288814766876A86A28542
:10693000EFF05FB719C9AE2422859306E1006A869D
:10694000EFF0DFAB2A8461F0C9B783D70C0092283F
:10695000E313F6FE83250C00C84897B0FE1FE780BE
:10696000E0E971D997B9FF1F9389491083A74900BE
:1069700095EFAA204166454781467D169D45EFD09B
:10698000BFB61DE19E2445452310FB00F250625422
:10699000D2544259B259225A925A025BF24B624C7B
:1069A000D24C424D2161828023A2A900AE24835A99
:1069B000A40022859306E1006A86EFF03FA42A84B2
:1069C000E3830AF883A74900130719003347070830
:1069D000CA972380570183A7490093DA8A00930658
:1069E0002900BA972380570113073900110983A79B
:1069F0004900B3C60608334707083349090811C9D7
:106A00003087B69790A383A749002182BA9790A3B5
:106A1000DDBDB697FD5694A383A74900BA9794A30A
:106A2000AA2097B5FF1F9385650413592900239069
:106A30002501EF80B10E39D9594589BF411122C4D2
:106A400006C693F705012A84328585C3EFE09FEBE4
:106A5000AA8505462285EF20603295476305F5003B
:106A6000BD47631DF502214515A893F7450099CB55
:106A7000EFE05FE9AA85054622852244B240410144
:106A80006F20C02F93F7050491C7EFE0BFE7AA85F9
:106A90000146DDB713C5F5FF05890605B24022445E
:106AA00041018280797122D426D252CC06D64AD0B6
:106AB0004ECE56CA5AC82A8AAE840144DE20636488
:106AC000F400014581A083AA0400931914001389DE
:106AD0001900B327542103CB0700B3872A01882369
:106AE0009305E10022053365650197D0FE1FE7801D
:106AF00060E31DE123806A019C4005453E99034700
:106B0000090098B3B250225492540259F249624A91
:106B1000D24A424B456182800C2530875285EFF086
:106B2000FFF101CD9C40BE9903C7090098A39C408A
:106B30003E990347090098B3F1B7050433440408AC
:106B4000B5BF0111AE8722CC2A848A239305E100C8
:106B500006CE97D0FE1FE780E0DC09C90C25228510
:106B600062443087F24005616FF05FEDF2406244AD
:106B700005450561828039715AD02A8B2A2126DA8F
:106B80004AD806DE22DC4ED652D456D25ECE62CC35
:106B900066CAAE84EF80E11E2A898346CB00835506
:106BA000AB0003558B0078001306DB00EFF04FBEFF
:106BB000630B0514C16A130AA9FFAA8B01449389C8
:106BC00041B497BCFF1F938C6CEAFD1A6D19334AD0
:106BD0000A08035CC10083C58B0003552B00628645
:106BE000EFF0DFE56310051483484B0083A609002E
:106BF00003552B0052888147138781B46286DE8556
:106C0000EFF05F8A6310051215C883D72C0003D7F5
:106C100081B411076395E700A29763C2270797B570
:106C2000FF1F9385A5E4BE2103552B003354F402C6
:106C300082A1EF80F10815C1594505A003552B002D
:106C4000494781465686C545EFD01F8A23A2AC002E
:106C500015E183D7AB0045459EA0F2506254D25453
:106C60004259B259225A925A025BF24B624CD24CB0
:106C70002161828083D781B491072391FC0083A78F
:106C80004C0003D7AB006286A29798A383A74C0061
:106C90001307140033470708BA9703D7AB009306CE
:106CA000E1005E85218398A38355AB00138C81B4EA
:106CB000EFF0CFF403A74C003C87130624003346C3
:106CC000060832971CA303A74C0093063400A18347
:106CD000B3C6060836971CA3AA8B03A54C00110463
:106CE0003344040803560C0083A5090022956391E0
:106CF0000B0297B0FE1FE780C09E83570C00A2973F
:106D000033C4070809FC83578B0029459EA0B1B7FF
:106D100097B0FE1FE780E09C83570C003E943344FD
:106D2000040845BD83D7AB009EA0E31A04EE835749
:106D30008B009EA01DB71D71A6CACAC8AA8403599C
:106D400085002A21A2CCCEC6D2C4D6C2DAC05EDE6D
:106D500062DC6AD886CE66DA6ED6AE8AEF806102D1
:106D6000130BD5FF01447115138CD400938B41B4E0
:106D7000138A81B417BDFF1F130D4DCFB34905080A
:106D8000635D6411D424AE241307E10162864A8551
:106D9000EFF00FA0AA8C630205100359A500B0877D
:106DA0000C25AA2032C6EFF07FC9631D050E83C8EB
:106DB000440083A60B003246AA204E8881475287A2
:106DC000E685EFF02FEE79ED15C483570A000357DF
:106DD0002D0089076302F70697B5FF1F938505C944
:106DE000BE21AA20B357F4029EA1EF80C15B0DC162
:106DF000594539A8AA2041664D4781467D16A545CB
:106E0000EFD08FEE2322AD001DE123902A014545EE
:106E1000F6406644D6444649B649264A964A064B49
:106E2000F25B625CD25C425DB25D25618280835719
:106E30000A0089072311FD0083570A00A29763DE29
:106E4000670583274D0003D7AC00930D2400A2975C
:106E500098A383274D0003D7AC00050433440408EE
:106E60002183A29798A303254D0003560A0083A50A
:106E70000B00B3CD0D086E9597B0FE1FE7806086BE
:106E800083570A00BE9DC167FD1733C40D08E3098F
:106E9000F9EE050933490908E5B5294515FC2390A4
:106EA0002A01BDB76DDC0DBF1E21411126C206C6E9
:106EB00022C44AC0444189EB8947B24022449244EB
:106EC00002493E85410182809420D0402A84894530
:106ED0001385C19CEF70715611C93C202547E517F9
:106EE00093F7F70F637DF700E147C1BF9420D040CF
:106EF00089451385819CEF70515465F175BF1389E5
:106F00000185835609008547CDDA1A203697C16678
:106F1000E3C5E6FA916593852570314597C0FE1F5C
:106F2000E780801FAA84CD4749D93146814597B073
:106F3000FE1FE78080811A208355090001468147A2
:106F4000B386F500B3C6060863E7E70201C62E97CD
:106F50002310E90023A004002146A28513854400E4
:106F600097A0FE1FE780E0771387C1B31C4381CF52
:106F70003E879C43EDBF50401395470085072A96F6
:106F800036A6054675BF04C3814705BF011106CE6D
:106F900022CC26CA4AC809E90944F2402285624443
:106FA000D2444249056182802AC6AA8428003689D3
:106FB0006C845085EFF05FEF2A8465F1E30F09FCE4
:106FC000BE24F9DB916593855570314597C0FE1F4E
:106FD000E7808014AA8705C1BA24938601B42320D0
:106FE00005005AA198422324250101C7BA861843F7
:106FF000EDBF9CC25DB74D444DB79387D1B2982386
:107000000DE3054798A3058909CD97E6FE1F9386F2
:10701000E6164146914517E5FE1F1305E5166FF08C
:10702000FFF601458280A389A184828041677D1794
:107030006315E5002E856FE00FCC411106C6EFE029
:107040002FC609C5FD571EA123010500B24041010D
:107050008280011126CA06CE22CC4AC88547AA845E
:107060006390F5042685EFE0AFF121E941699305CE
:10707000F9FF1307E10089461386819B0545EFE080
:107080003FF12A847D1905C44C442685EFF01FFA90
:10709000308722858146CA85EFF04FB62A84E5B74E
:1070A00089476396F5008545EF10506D45DDF24048
:1070B0006244D244424905618280EFE0AFE77DB788
:1070C000411122C406C626C217B4FF1F130404A32D
:1070D000083423AC01B223AA01B223A801B249C1EA
:1070E0009307200C3305F502916593851570938401
:1070F00081B319053345050897C0FE1FE780C0011D
:1071000010349307200C81453306F60288C0190617
:1071100097A0FE1FE78060639C40183481459386EA
:1071200047007D5563E6E5069306800BB306D7025C
:1071300001460507FD55B69723AAF1B2BE868EA279
:10714000ACB2ACA22382060005069906E369E6FE0E
:10715000F95696A399463307D702BA9723A8F1B2F6
:1071600017F5FFFF13052587EFD00FB217F5FFFFC7
:107170001305259FEF70513417E5FFFF1305C57BFD
:10718000EF10F056B2402244924401454101828002
:10719000239EA6FE36861388460B23100600232462
:1071A00006003106E31B06FF85059386860B9DBF0F
:1071B000411106C622C42A84EFC07F9EEFE0CFB5FE
:1071C00003A501B323898184EFE0EFB2238A818490
:1071D0002244B240170500001305E5E741016F1096
:1071E00010519397556063D7072E797103C5218598
:1071F00022D44AD006D626D24ECE2E8997A0FE1F84
:10720000E78020452A8451C918219307000B631396
:10721000F7088547938441B4DC849C402315010022
:1072200081EFEF00807091659385357097C0FE1FE8
:10723000E78080EE88C031C96146814517B5FF1FE0
:107240001305C58297A0FE1FE780205083494400A4
:1072500089476393F908D12D97B4FF1F9384048164
:107260008AA02A20A685EF70317CAA869E202A203B
:107270001A248DEE6363F7001EA40E24EFD02FA115
:107280002285EFD00F979C8491C74C201305840072
:10729000EFD0AFE92285EF707FE3B25022549254D1
:1072A000F2491315F9680259456182806363F7005A
:1072B0001EA41E24D94597A6FF1F9386267B0D4644
:1072C0009EA0EFD08F958D4545DD17A5FF1F1305B7
:1072D000E579EFD08FE56DB79387A9FF93F7F70FA7
:1072E0004947E36FF7F817E701001307A75FB3C734
:1072F000E7209C43BA9782879305A1002285EFF08F
:10730000AFDBAA8435DDD9476394F40A85092A20C6
:1073100093F9F90F97A6FF1F938646754E86D945B8
:10732000EFD0AF8F31DDCE854DB79305A10022851B
:10733000EFF07FA0F9B7835984006C004E8597C0A9
:10734000FE1FE780205EAA842DC12A204166930695
:10735000E10055477D16AD45EFD00F9997A9FF1F66
:107360009389C97023A2A900AA8655CD83484400F9
:107370000358E10030862A20A68581474E87EFF02A
:107380006F92AA846312050E2A20CE85EF804107F2
:10739000E30805EE2A20D945CE862D46EFD0EF87AB
:1073A000AD45E30F05EC4E852DB72315310185441E
:1073B0001830D147E306F7EC5C2097A9FF1F9389AB
:1073C000E96A2A202380F9003C85CE852382990032
:1073D0002391F900EF70712EE30405EA2A20CE868E
:1073E0000546D945EFD06F83E30C05E8854565BFB9
:1073F000835984006C004E8597C0FE1FE780805241
:10740000AA8445D52A2041669306E10059477D1696
:10741000B545EFD06F8D97A9FF1F9389296523A2EA
:10742000A900AA8609E51E24C5447C8551B7834876
:1074300044000358E1003E2430862A20A6854E876A
:10744000EFF04F86AA840DE12A20CE85EF70D17E21
:10745000E30805E22A20D945CE863546EFC0FFFB7A
:10746000B545E30F05E081B7D94703A54900639708
:10747000F40097C0FE1FE78080D619B597C0FE1FA5
:10748000E780E0D51E247C8525B79305A1002285E1
:10749000EFF02FADBDB59305A1002285EFF0AFED64
:1074A0008DB5130691009305A1002285EFE0FF99A9
:1074B00089BD9305A1002285EFE01F8AAA84E31409
:1074C00005E4A30401006DBB9305A1002285EFE054
:1074D0002FF605BD01458280F1C6011156C2AE8A64
:1074E000854526CA4EC652C406CE22CC4AC82A8A30
:1074F000B284B689EF109028D1470DC103C751B6A9
:1075000083C711B6014999E03E89BA87131749002C
:1075100003A441B53A94636DF900D547F240624443
:10752000D2444249B249224A924A3E85056182804C
:1075300036201307040191C605091379F90F3A841F
:10754000D9BFA1C89565938525C01305000297C0D2
:10755000FE1FE78060BC48C469D113060002814564
:107560001309090497A0FE1FE780201E23000400D2
:1075700023112401231344019C3403A781B5998C62
:107580001CA45C4491849180C4AF23A089008147EE
:1075900071B72326040023000400231344012304AD
:1075A0005401E5B785473E858280AA8683C551B6DA
:1075B00003A741B581476394F500014582803223DA
:1075C0003A8519C2E30CD6FE850793F7F70F4107FA
:1075D000DDB7AA8603C651B603A741B58147631438
:1075E000F600014582802E233A8581C54C23E38B2A
:1075F000D5FE850793F7F70F4107D5B7AA8683C550
:1076000021B603A781B581476394F50001458280C7
:1076100012233A8519C2E30CD6FE850793F7F70FBC
:107620004107DDB7AA8603C811B683A741B5014754
:107630006314E80001458280B2233E8509CAF22323
:107640006317D600D04701C63222E306B6FE05070F
:107650001377F70FC107E9BF411126C2444522C481
:1076600006C62A8495C0C84409C597C0FE1FE78096
:1076700000B7C84809C597C0FE1FE78040B62685F9
:1076800097C0FE1FE780A0B522854146814597A09F
:10769000FE1FE780800BFD571CB4B2402244924489
:1076A00041018280011122CC2A842A2106CE2EC6D5
:1076B000EF10205A324622858145EF00104E228578
:1076C0006244F24005616FF03FF905C53E2141116A
:1076D00022C406C62A8491CBDD45EF00104F2285D7
:1076E0002244B24041016FF03FF7B24022444101D1
:1076F00082808280411122C4B1471304C5FFB307C1
:10770000F40226C297A4FF1F9384C43706C6A69727
:10771000BA276315B702C84315C19307F00F630575
:10772000F6001C21639CC70097C0FE1FE78020ABBA
:10773000B1473304F402A29423A20400B2402244CD
:10774000924441018280411122C42E8426C24946BE
:10775000AA848145228506C697A0FE1FE780E0FE29
:107760008DC8D82C83A781B51207BA979A231AA07F
:10777000BA23FE233AA003D7C1B55AA09A207AA013
:10778000BA201AA4DA203AA4FA205AA49A241EA8ED
:107790007AA4B24022449244410182802A8683C561
:1077A00051B603A881B583A641B50147014563934E
:1077B000E50082809C2281CFDC4691CBDC2F9207B2
:1077C000C2976316F6009307150013F5F70F050728
:1077D0001377F70FC106E1BF130600643386C502B5
:1077E00093069500AA8517050000130545EE6F70F6
:1077F000FFC9411122C406C62A840835EF709FE6EE
:10780000FD571CB4B240224441018280011122CCB8
:107810004AC84EC652C456C25AC006CE26CA2A8983
:10782000AE890144138A11B6938A41B51D4B834733
:107830000A006365F40463990902938951B6138AB7
:1078400041B5930AF00F83C709006364F40611443D
:10785000A14422851306F00FCA850504EFF09FE9C5
:1078600033440408E31794FEF2406244D244424990
:10787000B249224A924A024B0561828083A40A00DF
:1078800093174400BE949C208DC3FE20639F270164
:1078900063956901AA20EF10C03B26854E8681457D
:1078A000EF00B02F2685EFF03FDB05041374F40FD3
:1078B000BDBF83240A0093174400BE949C208DC34F
:1078C0009C34638F5701FE20639C27012685EFF0CF
:1078D0005FF22685D145EF00502F2685EFF0DFD7E8
:1078E00005041374F40F85B7C167F917630BF5022C
:1078F000411122C406C685472A846399F500228572
:107900002244B240814541016FF05FF089476396A0
:10791000F5008545EF1080667DD1B24022444101DB
:10792000828082809D456FF07FEE03D5C1B5828055
:10793000011106CE68876C8603C701B685476318B8
:10794000F70070009305E1000545EF504074F240E8
:1079500005618280A947631DF6029C319821A20728
:10796000D98F1EA1BC31B821A207D98F3EA1DC312D
:10797000D821A207D98F5EA1FC31F821A207D98FA7
:107980007EA19C359825A207D98F1EA5014582802E
:10799000054582809147631EF6009C319821A2071D
:1079A000D98F1EA1BC31B821A207D98F3EA10145B4
:1079B0008280054582809387C5FF0D47B3C60708BF
:1079C000636ED70031473387E70297A7FF1F93877E
:1079D000670BBA97A8A38EA30145828009458280D0
:1079E000930740203355F50A7115239EA1B42382D5
:1079F000B1B6A381B1B68280956541111905938511
:107A000035C006C63345050897B0FE1FE780C07035
:107A100001C9B240E955410117C3FE1F67006388E1
:107A2000B24041018280A38201B6238201B6238144
:107A300001B6A38001B6238001B685474111A38F0B
:107A4000F1B406C622C426C22A84238F01B4239E21
:107A500001B423AA01B4EF10A02817A5FF1F130536
:107A60006502130600038145238381B697A0FE1F9C
:107A7000E780A0CD1384C1B40820938411B61DC53E
:107A80009565938545C0120597B0FE1FE780C068D5
:107A900023ACA1B401CD1C30102081459CA02381D2
:107AA000C1B6120697A0FE1FE78020CA9C2017A52A
:107AB000FF1F03452505138451B63E951375F50F39
:107AC000956508A0938555C0120597B0FE1FE78005
:107AD000A064938441B588C025CD1020814512064D
:107AE00097A0FE1FE78060C69840142081472507B5
:107AF0007D566399F604EF10E03EB1473305F50279
:107B00009565938565C03345050897B0FE1FE780EE
:107B1000A06023A8A1B42A8401CDEF10A03C314677
:107B20003306C5028145228597A0FE1FE780E0C18C
:107B30002244B240924417050000130525DB4101A1
:107B40006F10E03A850710A393F7F70F410755B779
:107B5000A38201B6A38001B679BF411126C206C631
:107B600022C44AC0AE849397556063D7070813892F
:107B700061B60345090097A0FE1FE78080AD2A8407
:107B800031C5182193070009631FF7021831CD474B
:107B90006312F706938641B628219C2217A8FF1F7F
:107BA000034838C513066400814501476318E502A0
:107BB00091C19CA29C2281CB03450900854597C0B9
:107BC000FE1FE78000C52285EF704FD01395F46843
:107BD000B240224492440249410182800E220507AC
:107BE0001377F70FAE9793F7F70F09068545B3D7CD
:107BF000070B6DBFC529C1BF13F5150071D9EF0083
:107C0000904E19C983C741B681CB854503C561B67E
:107C100097C0FE1FE780E0BF13C5140055BF05479E
:107C2000637EC7029C319421A207D58F1EA1639960
:107C3000E700BC31B821A207D98F3EA1014582805F
:107C40000947E39DE7FEBC31B821A207D98F3EA1C9
:107C5000DC31D821A207D98F5EA1CDB7054582803E
:107C60009147631EF6009C319821A207D98F1EA16F
:107C7000BC31B821A207D98F3EA1014582800545BC
:107C800082809147631EF6009C319821A207D98F0C
:107C90001EA1BC31B821A207D98F3EA10145828027
:107CA00005458280A1476318F6029C319821A207FE
:107CB000D98F1EA1BC31B821A207D98F3EA1DC31DA
:107CC000D821A207D98F5EA1FC31F821A207D98F54
:107CD0007EA1014582800545828089476319F600AF
:107CE0009C319821A207D98F1EA1014582800545AC
:107CF00082803E2279714ECE06D622D426D24AD038
:107D00001307F007AE896371F70209473AC47C860E
:107D1000300093F5F50FEF00B072B2502254925438
:107D20000259F249456182805A22D9462A89328411
:107D300063F7E6007E2263F4F6006379F70023140C
:107D40000100300093F5F90F4A85F1B70A2202C409
:107D5000EFF0DF8AAA8435C5EFF05FA49C24636945
:107D6000F5001146A246CE854A85EF00B06475B78E
:107D7000340026869305F00F4A85EFF0EFF575F194
:107D8000A2471A24DC479AA33A20BAA35A20DAA3BE
:107D90007A20FAA3DA209AA7DC4495C793F4F90F66
:107DA0002286A6854A858297C167FD172A86E31B2E
:107DB000F5FA22459947F9451CA144A1EFF0DFA14E
:107DC000A9BF094645B7014671BFA947631DF60221
:107DD0009C319821A207D98F1EA1BC31B821A207DE
:107DE000D98F3EA1DC31D821A207D98F5EA1FC3109
:107DF000F821A207D98F7EA19C359825A207D98F9B
:107E00001EA501458280054582809C211CA19C31D4
:107E10001CB1BC31B821A207D98F3EA18280232298
:107E20000500D82189476304F70005458280F621C3
:107E300001114EC606CE22CC26CA4AC80D47AE89CD
:107E40006379D7049C4584339023A033A204D18C5A
:107E5000B023220493874400518C639CD70293077C
:107E6000C4FF2A89B3C707086361F70203A5890025
:107E70002311990023108900F15597B0FE1FE78068
:107E800040422322A900014531A02285EFF0EFF105
:107E900071FD0545F2406244D2444249B249056150
:107EA0008280797122D426D22E8406D64AD01C2014
:107EB0001947AA84B2856390E70630202800EFF0C6
:107EC0003FDA0DE92884EFF04FEE0C302A890DC916
:107ED0002E86171700001307A7CC34009D45268572
:107EE000EF00102C4A850946814545294A85EFF067
:107EF000AFF60145B2502254925402594561828036
:107F000089477C803C840A867C813C857C822685EE
:107F1000EF001053F9BF49476395E702322028006C
:107F2000EFF05FD861F917A5FF1F1305A5B55E2512
:107F3000E9D3183068253C00C9460146A685FD24D2
:107F40004DBF5147639DE70032202800EFF09FA00E
:107F500055F10C3030002685EFF0BFD959BF594795
:107F60006398E70432202800EFF0DFA241F52C846B
:107F70002685EFF02FEB15C5584534851E23B6979F
:107F8000B3C707081EA3B5D75C47A5D783C741B6BB
:107F9000ADD3854503C561B697C0FE1FE7806087F6
:107FA00089BF89473EC03C840C300A867C8285B7F5
:107FB0000C30231001000A86A1BF5D71A2C456DAFD
:107FC00086C6A6C2CAC04EDE52DCAA8A88312E847A
:107FD00032C6EFF00FE0B24501ED0144B640228514
:107FE000264496440649F259625AD25A6161828007
:107FF0002302050023110500834904008547AA8454
:108000006399F90030202808EFF07FC12A840549E0
:108010001DA09D476391F90418218D47E31FF7FACE
:10802000302028080549EFF0DFC52A8409E5054618
:10803000814526859D262685EFF0AFFB88243C08E8
:108040000147CE862286D685D522E30909F8268502
:10805000EFF08FE061B7CD47639BF900182191479E
:10806000E31DF7F630202808EFF03FC745B7D547A6
:10807000E395F9F6034A05008947E310FAF6302044
:1080800028080549EFF07FD42A8455F5835701026B
:10809000A1EBB8841306F003DC44930607FCB3C6D7
:1080A0000608636AD600B085D94663F6C600B48672
:1080B000D94563EDD500BAA30145EF0090390549D4
:1080C00003560102D28526858D2CB5B7AC87BAA39D
:1080D000D2A38EA3F6A385479CA0014A0149CDB740
:1080E000014AF9BF7971AA8522D426D22221AA8415
:1080F000280806D64AD0EFF09FD2F24599E53DE137
:1081000085452285EFF0DF8275A0BC841547639515
:10811000E706B8858D4763F7E7046800EFF0FFCE08
:108120000359E100DD4763FB27018C86B707170081
:108130008507100822853EC8EF009030BC851109E4
:10814000638527012285EFF0EFFD1C8672466C00E7
:10815000858B1106228591CFEFF03FE601C5228580
:10816000EFF04FFC884449DD97B0FE1FE780200701
:1081700041BFEFF01FD3DDB711476389E7001387D5
:10818000A7FF85463347070863ECE6023147F1173E
:10819000B387E70217A7FF1F1307C78EBA979A2363
:1081A00071D3A8233008A2850D204DFDB8849147D6
:1081B000E318F7F4B2502254925402594561828078
:1081C0002C082285012E59FDF5B701114AC82A89CC
:1081D000314526CA4EC606CE22CCAE89B2849790CF
:1081E000FE1FE780E04029C19307000A23113501F3
:1081F0001EA12A842146110595C0A6859790FE1FD1
:10820000E780204EA2854A85EF607FF10145F2406C
:108210006244D2444249B2490561828081459790C7
:10822000FE1FE7808052F9BF0545D5B701114AC846
:108230002A891305000226CA4EC652C456C25AC025
:1082400006CE22CCAE8A328BB6893A8ABE8497900B
:10825000FE1FE780E03921C9930720FA1CA1A30083
:1082600065012311550123024501A30235012A842A
:10827000614621059DC0A6859790FE1FE780604658
:10828000A2856244F240D244B249224A924A024B49
:108290004A85424905616F609FE881459790FE1FBE
:1082A000E780A04AF1BFF2406244D2444249B24959
:1082B000224A924A024B056182805C45797122D440
:1082C00006D62A84AE86A5C3BA23F88513072006EE
:1082D0006394E504FA2303D6C1B53357C70AB22B1A
:1082E0009E2B1377F70F918F93F7F70F01E689070E
:1082F00093F7F70FBA97FD17B3C7E702FC863E2046
:108300006E200824FC8401473C080146EFF01FF270
:10831000B250225445618280D82F83A781B51207BD
:10832000BA97FE23E1BF2EC61946814528089790CB
:10833000FE1FE7808041B246D9B7797122D406D6B4
:1083400026D22A8491CD08242E866E202254B25043
:108350009254814701479306000645616FF01FED77
:10836000B284280059469790FE1FE780003E64843F
:1083700099E43E2048446C007C85EFF0CFBC6E2031
:1083800008243C000147930600060146EFF01FEA6F
:10839000B2502254925445618280797106D6814749
:1083A00099E53E2170867C845C4589EF3C002E86F1
:1083B0006E210825014793060006EFF03FE7B25013
:1083C00045618280BE237C85D5B7411122C406C693
:1083D0001C2111472A846392E7022E866E2108250C
:1083E00081470147CD46EFF07FE449466E202244A5
:1083F000B240154541016FF0EFAF13F7B70F894653
:108400006317D7000146EFF05FF35146C5B70D473C
:108410006398E7002244B240014641016FF0FFF744
:10842000B2402244410182809A21B147711733073B
:10843000F7029797FF1F9387E764BA97D84301EB3A
:10844000D841AAA70145D8C3BA219AA78280594525
:108450008280797126D2444522D44AD006D62A8415
:108460002E89B1C4C84419C597B0FE1FE78020D734
:1084700023A604009E206E2008247C85BE20014790
:10848000930640067C869E244A867C879C483EC88C
:108490003E207C843C00EFF07FD9A38E240123A8EA
:1084A0000400B2502254925402594561828028003F
:1084B000314681459790FE1FE78020293E206E209F
:1084C00008247C8401473C00930640064A86EFF06E
:1084D000FFD5C1BF797152CC2A8A8A2126D206D60D
:1084E00022D44AD04ECE56CAAE84EFF00F8C630031
:1084F000051240452A89630C04107E2163994711B7
:108500001E2463880710542C938A81B503A70A00A0
:108510009206FD1736977A23B3C707081EA4631681
:10852000F70093053006EFF05FD95C48B5EBC84023
:10853000834915001C21A209B3E9F900BE20138765
:108540002900631AF702F95597B0FE1FE78060D53E
:10855000C8C023913401034589002686D285EFF0F7
:10856000DFC61DEDB250225492540259F249624ABC
:10857000D24A456182809565938515C04E8597B036
:10858000FE1FE78060B948C8C840231C3401F95574
:1085900097B0FE1FE780E0D0BE20C8C0F917BEA08C
:1085A00048482DCDB220362C1E2C3308D60063C986
:1085B0000707582C83A70A0095451207BA97BE23D0
:1085C00063CA0705CC4036959790FE1FE78060117F
:1085D0003A2CBE20BA971A2CB3C707083EAC639852
:1085E000E702035729000345890030007884584882
:1085F000D2857C853AC6EFF05FBD11C5484897B07B
:10860000FE1FE780C0BD232A0400232C040005457B
:1086100091BF99454A85EFF0EF88D5BFA545DDBFED
:108620009145CDBFBE21CDCF011126CA06CE22CCA9
:1086300003D7C1B5AA846D45636FF7082E844840FF
:10864000914597B0FE1FE780C0C53E20AA861CA1B9
:108650003E20A1831CB11E203CA11E20A1833CB161
:108660003220C167F917110633460608639DF402EC
:108670002AC4314532C69790FE1FE78060F7AA856D
:108680004D45B1C9930700F93246A2469CA1F9575E
:10869000BEA18947DCA1F2A194C503C561B6EF6014
:1086A0001FA801450DA881452685EF40D02B01E983
:1086B000138741B61C23F5D7FD171CA3DDB78947E7
:1086C0006302F5029D476301F502C9476300F502A5
:1086D000FD47E30FF5FCF2406244D244056182801D
:1086E0006D4582805145C5BF1145F5B70945E5B7D0
:1086F000011122CC4AC831441309C5FF3304890251
:1087000026CA9794FF1F9384E43706CE26945C40D4
:108710009DCF03C741B60DC768843EC62A241E24D8
:108720002C007C85EFF01FF011C5484097B0FE1F6C
:10873000E780E0AAB1473309F902CA9423A20400F2
:108740000545F2406244D2444249056182800145B8
:10875000CDBF797126D244454ECE52CCFE20BA28E8
:1087600083D9C1B506D622D44AD056CAB3D9F90A9C
:108770002A8A9E282DCF998F4E8463D4370133C423
:10878000070889452285EFF02FA72A89CD4A31C5F0
:10879000BE202AC660857C84BE2899EB9E281309DA
:1087A00025001CA19E28A1831CB163743405822876
:1087B000BE28CC4422864A85BE959790FE1FE7804E
:1087C00040F203556A002C00EFF0DFE5AA8A15C5D8
:1087D0004A8597B0FE1FE78080A0B2502254925481
:1087E0000259F249624A5685D24A45618280890718
:1087F00061B779143344040865BFBA289E203A94BF
:108800009A28FD17B3C70708334404089EA0A2A8FE
:108810006376E400F9F3FD57DCBCC1B781455285AE
:10882000EFF03FC35DBF797122D44ECE56CA5AC80D
:108830005EC662C406D626D24AD052CC9389E1B530
:1088400003CA0900938A41B5054B5284930BF00F7C
:10885000138C11B683A40A0093174400BE9403C975
:10886000040063176907DC44A5C7D84735C39A23BA
:1088700029C783C741B689CF2685EFF09FEDAA852A
:1088800005E9050483C711B66351F402238089000A
:10889000B25022549254F249624AD24A424BB24BED
:1088A000224C4A85025945618280238F01B4CDB79D
:1088B0002685EFF01FBA0149E1BFDC3F639A7701DB
:1088C000930520062685EFF05F9FDC44A38E07000A
:1088D00083470C0005041374F40F6363F400014430
:1088E000E31A44F7C9BF4111154506C6EFF05FE032
:1088F00009C50545B240410182801945EFF05FDFAF
:108900006DF91145EFF0DFDE6DF51D45EFF05FDE2F
:108910006DF103C511B679DDB24041016FF0BFF0D2
:108920009E210D47F117B3C70708636FF704DC41B9
:10893000411122C406C626C22E84A9CB8545AA842D
:10894000352D39C92685992BC167F917638DF40038
:1089500019E93E2089CB162019476391E60403D715
:10896000C1B563FDE70283C741B6A285268599C7D5
:108970002244B240924441016FF0DFCA2244B24027
:10898000924441016FF05FAA094582800945B240D7
:1089900022449244410182805145D5BF6D45C5BFF7
:1089A000797126D252CCAA842E8A5D4589454AD057
:1089B0004ECE56CA06D622D4B289B68A3A89EFF08C
:1089C000AF8335C12A84014563060900D6851305A6
:1089D00044000299935785003CB09307450023005B
:1089E00044017C85954728A07C84A300340122C6DD
:1089F00083C741B62C00268585C7EFF0BFC2AA8485
:108A000011C5228597A0FE1FE780607DB2502254D9
:108A10000259F249624AD24A2685925445618280BF
:108A2000EFF09FA0E9BFCD44D5B7797126D24AD0E7
:108A300052CC56CA2E8906D6BE8522D44ECE994730
:108A4000B284368ABA8A6312F9062A220944EFE010
:108A5000DFB52AC635C15C4583596500BE239EA09B
:108A6000B247154723805701BAA31387F1B51023E6
:108A70009305160093F5F50F0CA3D0A399E1854655
:108A800014A351476317E9001547BAA0DC479A249D
:108A90009AA75287A686CA854E85EFF07FF02A8472
:108AA00032450DC4EFE05FBB01A842867400AA897D
:108AB000EFE09FA22A844DD5B250228522549254D1
:108AC0000259F249624AD24A45618280F945EFE093
:108AD000BFD0DDB79E211CA19E21A1831CB1BE2168
:108AE0003CA1BE21A1833CB1114582809E211CA1E5
:108AF0009E21A1831CB1BE213CA1BE21A1833CB11A
:108B0000DE215CA1DE21A1835CB1FE217CA1FE21DE
:108B1000A1837CB1214582809E211CA19E21A1833D
:108B20001CB1094582809E211CA19E21A1831CB1FC
:108B3000BE213CA1BE21A1833CB1DE215CA1DE218E
:108B4000A1835CB1FE217CA1FE21A1837CB19E2585
:108B50001CA59E25A1831CB5294582809A218546A6
:108B6000AA8718A19A21218318B19A216319D700E5
:108B7000BA2138A1BA21218338B111458280094533
:108B8000631DA700BA211945B8A3BA212183B8B340
:108B9000DA21D8A3DA212183D8B382809E211CA1B7
:108BA0009E21A1831CB1BE213CA1BE21A1833CB169
:108BB00011458280797126D24AD04ECEB2842A895C
:108BC000AE8929468145480022D406D6368497903E
:108BD000FE1FE78080B764868DE03E207C8283D7CD
:108BE000C1B57C845C4491CBD42F03A781B59E276B
:108BF000920636973A237C8578834A8517070000CA
:108C00001307A7F2540013F6F90FD545EFF05FD91B
:108C10002A8911C195E085471CA023020400014662
:108C200081452285EFF06FF1B25022549254F249FF
:108C30004A850259456182802285EFE0FFA1EDB7A8
:108C4000B286170700001307A7F12E8685456FF03F
:108C50003FD5011168874165700001489307F00F07
:108C60000D4797060000938626E799457D1506CEA9
:108C7000EFF0BFDBF24005618280B28701482E86AB
:108C80001147970600009386A6E6C9456FF0FFD905
:108C9000B28617070000130767E82E86CD456FF0F0
:108CA0003FD0011122CC26CA4AC84EC606CEAA849D
:108CB0002E891794FF1F1304E4DF9799FF1F9389F0
:108CC00069E21C4081C7CA85268582971104E31A90
:108CD00034FFF2406244D2444249B2490561828085
:108CE000411122C406C626C21797FF1F130787AF7C
:108CF0007C2B783B1794FF1F130444E01CB4BA97F5
:108D000093F7F70F1CA4B5C71305C0033385A7025B
:108D1000A5658505938481B697A0FE1FE780C03FB7
:108D200010249307C00381453306F60288C097904C
:108D3000FE1FE78080A114249C4001477D566341BB
:108D4000D7022244B240924413060003814517958E
:108D5000FF1F130525D641011793FE1F6700E39EF1
:108D6000B2A32382070023A6070205079387C70340
:108D7000F9B7B2402244924441018280411122C499
:108D800026C24AC006C62A892E84B28497B0FE1F26
:108D9000E780A0BD09EDC167F91751456313F900DC
:108DA0000145B24022449244024941018280545517
:108DB0005C2195C213F727014146630BC700C18BA5
:108DC0003D45E5D3BC2E0145E3FD87FC3145D1BFD0
:108DD0001545F5D4F9B7C18B0145E1F71545D1B774
:108DE00079714AD0416922D426D24ECE52CC56CA8D
:108DF0005AC806D6AA8401449799FF1F938909D0BF
:108E0000138A81B6930AC0037D19054B83C7890075
:108E10006364F400014525A83307540383270A003F
:108E2000BA97BA236316270105041374F40FF9BF28
:108E3000C833300093856700EF4021311946A6857D
:108E400028009790FE1FE780609BE31F65FDB250EE
:108E5000225492540259F249624AD24A424B456125
:108E600082804166AA869795FF1F83C5A5C903A77F
:108E700081B681477D166394F500014582800358D1
:108E800027003A856306C80003480700E308D8FEB8
:108E9000850793F7F70F1307C703F1BF411106C604
:108EA00097B0FE1FE78060AC09C54A29B240410176
:108EB00082800145E5BF03A781B69796FF1F83C651
:108EC00066C41107814701456393F6008280102331
:108ED00001C605051375F50F850793F7F70F1307FF
:108EE000C703DDB71795FF1F0345C5C182801797DC
:108EF000FF1F130727BC81473A86B1460C4391E513
:108F0000B3C7C72088C30145828085071107E3974F
:108F1000D7FE4D458280411106C622C497B0FE1F80
:108F2000E780A0A40DCD2A842A218545EFF07FD7C4
:108F3000485409C597A0FE1FE780602A22851306C2
:108F4000C00381459790FE1FE7802080FD573EA01B
:108F5000230204000145B2402244410182800945B8
:108F6000DDBF411106C697B0FE1FE78000A009C50E
:108F70004825B240410182800145E5BFC167F9172C
:108F80006305F502411122C406C62E8497B0FE1F68
:108F9000E780A09DAA87014589C7DC237D8C3335F6
:108FA0008000B24022444101828005458280411107
:108FB00022C406C62E8497B0FE1FE780009B01CD19
:108FC0005A29AA87054563048700C2AB0145B24010
:108FD0002244410182800545DDBF29CD01114AC8E7
:108FE000416922CC26CA4EC652C456C206CEAA84B5
:108FF00001449799FF1F938969B0138A81B6930A38
:10900000C0037D1983C78900634BF400F2406244BA
:10901000D2444249B249224A924A05618280B3074A
:10902000540303250A003E953E2163832701829461
:109030000504C9BF828083A781B6C1661796FF1F4A
:10904000034646AC890701450147FD169145631368
:10905000E600828003D807006309D80003C8A70090
:109060006315B80005051375F50F05071377F70F9E
:109070009387C703E9BF83A681B61796FF1F0346F0
:1090800066A8910601478147631FE600858393C761
:10909000F7FF0545B3C707086361E5023315A0284C
:1090A0003345050882808C2299C1CE36CD8F0507C5
:1090B0001377F70F9386C603C1BF93F61700F9FE27
:1090C000050585831375F50FC1BF797156CAAA8A44
:1090D0002E8526D24AD04ECE52CC5AC85EC662C425
:1090E00006D622D4AE84328B368CBA8B3E8AC289A5
:1090F000468997B0FE1FE78040873DED41657D15AD
:1091000097B0FE1FE78060862A84554531C819460E
:10911000DE8513056400A30284019780FE1FE780AB
:10912000405C8357010326A0230264013EA88357B5
:10913000410323005401232604025EA823064401B0
:109140002317340123182401EFF0FFF20AB8232A71
:1091500004022685232C04028145EFF09FB40145CB
:10916000B250225492540259F249624AD24A424BB6
:10917000B24B224C456182804545DDB79796FF1F73
:1091800083C6469803A781B681476395F60041657B
:109190007D1582800E3B1306C7036394A5002A2326
:1091A0008280850793F7F70F3287C5B74166179816
:1091B000FF1F0348289583A681B601477D16954871
:1091C00011436314E80001458280BE223685638E18
:1091D000C702CC5A9DC9BC31AC2189CD938597FD7E
:1091E00093F5F50FE372B3FE9387D7FA93F7D70F92
:1091F00089EF82809385F7FD93F5F50FE3F6B8FCD0
:109200009387D7FA93F7D70FE1D305071377F70FB3
:109210009386C6037DB741669795FF1F83C5858EEC
:1092200003A781B681477D1625486394F500014563
:10923000828036233A85638BC600545B81CAB43280
:109240009386E6FD93F6F60FE374D8FE850793F751
:10925000F70F1307C703D1BF011122CC2A84494558
:1092600006CEEF707FC91DC12AC6228597A0FE1FBA
:10927000E780A06F01CD624432460E39F240179567
:10928000FF1F0345D58705616F608F8BF2406244F5
:109290000561828079714ECE52CCAE892A8A9305BF
:1092A0003005414526D24AD056CA5AC806D622D4DD
:1092B000328B3689BA8A97A0FE1FE780E0E5CD445D
:1092C00029C92A84894463810904414681452312BE
:1092D00061019780FE1FE78040475686CE85228534
:1092E0009780FE1FE780E03F2146630F0902CA8591
:1092F00028009780FE1FE780C03EA28650002C0009
:109300005285EF30505CAA84228597A0FE1FE7802B
:1093100000EDB25022540259F249624AD24A424BFD
:109320002685925445618280814528009780FE1FE2
:10933000E780A041D9B7411122C4405926C206C6D0
:10934000AA8429CC085409C597A0FE1FE78020E90C
:10935000285809C597A0FE1FE78060E8685809C52E
:1093600097A0FE1FE780A0E7285C09C597A0FE1F15
:10937000E780E0E6685C09C597A0FE1FE78020E66D
:109380000325040809C597A0FE1FE78040E5228554
:1093900097A0FE1FE780A0E423AA040222448E388F
:1093A000B24092441785FF1F0345757541016F60F8
:1093B0000FA2411126C206C622C4AE8497A0FE1F8A
:1093C000E780A05A31C9032345032A8463060304B6
:1093D0008328C3070328830783274307032703073B
:1093E0008346630003560300834523002685EF7000
:1093F000BFB82285EFF03FF4EFF0FFE111CD22443A
:10940000B24092441785FF1F0345756F85454101A2
:1094100017A3FE1F6700E33FB2402244924441017C
:109420008280411122C426C206C6AA842E8497A037
:10943000FE1FE78080535C5989CF9E23639B970072
:1094400085476318F4002244B240924441016FF012
:109450009FEEB2402244924441018280411106C6EF
:1094600022C426C2EFF09FD40DCD44592A8495C85A
:10947000BC208DC783A701B789C7DC4399C3268564
:109480008297B8309307F002631DF7002A20224428
:10949000B2409244814541016FF0BFF183A7C1B64C
:1094A000E1BFB2402244924441018280411126C270
:1094B0004AC006C622C4AA842E8997A0FE1FE78050
:1094C000C04A05CD405955C01E206390970A3C30D4
:1094D000130710026391E7083C20BDCB7C5403279F
:1094E0000408DE2B15E313F7170019CF18545A237D
:1094F000058B19CB930720023CB0B2402244924422
:10950000024905454101828013F7270001CB185419
:109510005A23098B01C793074002F9BF918B81CB76
:109520001C54DE23918B81C793076002F1B783A798
:1095300001B7E1D7DC43F1D3228582973830930716
:10954000F0028145E31BF7FA2685EFF09FE675B739
:1095500083A7C1B6F9BF1307A0026398E7006304AD
:10956000090013092003CA85C5B7631C09002685B5
:1095700097A0FE1FE780603F09C55C2193E70701C4
:109580005CA1A6854A85EF706FB085BF011126CA20
:1095900099476C85AA842E858D4522CC4AC806CE73
:1095A000328936847C84EFE02FC52AC61DC9AA857E
:1095B0004A8502942A8419E52C002685EFF04FB6DF
:1095C0002A8411C5324597A0FE1FE78040C1268539
:1095D000EFF09FC8F24022856244D24442490561BF
:1095E00082804D44EDB7411122C42E862E849716F9
:1095F00000009386A66A894506C626C24AC02A8903
:10960000EFF0DFF80C20AA844A85EFF09FDAB24031
:1096100022440249268592444101828083A7C1B633
:1096200085CB9C4395C71D71A2CC86CE984110086E
:109630002A843AC8D84185453ACA829711C54886D6
:109640002A206C00EFF03FFAF640664425618280E4
:109650008280AA872E8591CFFC5781CF982398A12D
:10966000983398B1B82BB8A1982FDC4BB8B1DCC1B6
:109670008280414681451783FE1F6700030D83A743
:1096800001B781C79C4791C382870945828003A7A0
:1096900041BD1DC75843AA8705450DC703A5070847
:1096A000411106C6930605021306050C930505062F
:1096B000130505040297B2401375F50F410182802E
:1096C0000545828082804DC9357122CD2A840A21C8
:1096D00026CB52C556C35AC106CF4AC94EC7DEDE95
:1096E0002E8AB28A368B97A0FE1FE7800028AA84B4
:1096F00031C50C182285EFF0DFF53C20938B640018
:10970000A9CBEF601FF32A89014583C95400EF609C
:109710001FF0AA840C100818EF10803A08542C107F
:10972000EF10A03ADE88A68B5AC04E88DE874A87A3
:1097300014103010D6855285EF208062FA406A44BA
:10974000DA444A49BA492A4A9A4A0A4BF65B0D61F9
:109750008280EF601FEEAA89014503C95400EF60C3
:109760001FEB2ACE08540C10EF1080352C1008186F
:10977000EF10A035F2484DBF8280AA8701CD185561
:10978000414511CBFC5781CB28333D476375A7007A
:10979000882F8280414582806DC5411122C406C652
:1097A00026C2AA872E840945E1C998337D7613061F
:1097B000F67F98A1B8234D4598B1B833B8A1D82306
:1097C000B8B1D433DA21858AA2061377F7EF558F23
:1097D000DAA1D433334707081377F7DF93D6164857
:1097E000A606558FDAA1D433334707081377F7BF9E
:1097F00093D62648AA06558FDAA1D43333470708F3
:10980000718F93D63648AE06558FDAA1F4233347CD
:109810000708799B858A558FDAA1F4233347070817
:10982000759B898A558FDAA1F423334707086D9B0E
:10983000918A558FDAA1F823DE21218BDD9BD98F08
:10984000DEA1EF706FEBAA845145EF70EFEA38307C
:1098500093F4F40FAA8749456360970293F7F70FD3
:1098600063ECE70018209147614563E7E700183093
:10987000854763E3E7000145B24022449244410139
:1098800082800945828015C52A87AE87094585C52E
:10989000411106C6143313851700194694A1930588
:1098A00027009780FE1FE780C0E3B24001454101D9
:1098B00082800945828082800DC9AA872E8709454A
:1098C0009DC5411106C6B423903313052700A20697
:1098D000D18E96A12146938537009780FE1FE780A1
:1098E00040E0B2400145410182800945828082808A
:1098F0001DC12A87AE8709458DC141113E8541466C
:109900009305170006C69780FE1FE78080DDB240F2
:10991000014541018280094582808280AA870945EC
:1099200091CB89C99C333D4761456365F7009CA194
:1099300001458280828005C52A87AE87094595C189
:1099400041113E85130600049305170006C6978053
:10995000FE1FE78000D9B2400145410182800945E0
:10996000828082801D71A2CC2A84084586CEA6CA38
:1099700023060100042135479387F4FF93F7F70F7F
:109980006360F70A17C7010013078700B3C7E72012
:109990009C43BA9782870C08EFF01FE0C947631A0F
:1099A000F50499475C862A206C00EFF0DFC3F6408F
:1099B0006644D644256182800C08EFF03FF60DED39
:1099C0002A2097A0FE1FE78040FAA14711CD582515
:1099D000631AF70403A701B79D4719C7184309C7BE
:1099E0001008A6850297AA875C8629A00C08EFF0CC
:1099F000BFEC79D51C86C5FB2A20EFF0FF8545BF5B
:109A00000C08EFF05FE8F5B71C312308F1004DBFFB
:109A10000C08EFF05FF2F1BF0C08EFF07FEDD1BF63
:109A20009D4749B703A7C1B645BF411122C406C629
:109A300026C24AC01821930720092A846314F7100C
:109A40001C3139476391E70A56210967610781474D
:109A50006394E608938441B788403DCD0C4403C924
:109A60000500631D09001C2185052146A9CB290598
:109A70009780FE1FE780E0C69C40B1CF49459780A4
:109A8000FE1FE780E0B62A841DC1930710FC1CA1CD
:109A9000A30025018C400905414689059780FE1FDA
:109AA000E78020C49C40A2858833EF504FE7884070
:109AB0009790FE1FE780A07223AA01B629A8090586
:109AC0009780FE1FE780E0C1EF30A05F05494DF5AC
:109AD0009C40238027018547B2402244924402499A
:109AE0003E85410182801307E003639BE70638212E
:109AF00095476317F7024A21EFF0AFC69147E31C81
:109B0000F5FC83A7C1B6E1DB9C47F1D772244A205C
:109B1000930564002244B240924402494101828785
:109B2000A147631BF7006C204A202244B2409244B4
:109B3000024941016FF09F97930600038147E31D9F
:109B4000D7F8D5B79306000A8147E317D7F8EFF0A7
:109B50007FE1084449D19790FE1FE7804068A5BF88
:109B600081479DBF011122CC06CE26CA4AC80944AE
:109B700015CDAE8409449DC92A898D456800EF60E2
:109B8000EFFC1C8726866C0093F7F70393E7070426
:109B90004A855C87EF20C0132A8409E90D466C00D2
:109BA000138534009780FE1FE780A0B3F240228522
:109BB0006244D2444249056182805D714EDE86C6B0
:109BC000A2C4A6C2CAC052DC56DA5AD85ED68949A7
:109BD00055C9328989495DC6138B45002A8AAE8AE8
:109BE000334B0B08930530055A859790FE1FE7808D
:109BF000A0522A84CD4959C5EF609FA5AA845686F4
:109C0000D28593DA840013DA040193FBF40F130571
:109C1000440093FAFA0F137AFA0FE1809780FE1F3F
:109C2000E78080C2A301740123015401A300440111
:109C300004A0EF605FA1AA85414608089780FE1F37
:109C4000E78080C0214734005A86A2850808EF20AB
:109C5000A02EAA891DE121462C0023007901A30032
:109C6000590123014901A301990013054900978077
:109C7000FE1FE78060BDEF607F9E22859790FE1FEC
:109C8000E780E055B640264496440649625AD25AC7
:109C9000425BB25B4E85F25961618280411126C2FE
:109CA000AA842E854AC006C622C42E8997A0FE1F0C
:109CB000E780A0CB79C1405979C05C30094793F661
:109CC000B70F6387E60011471305E00F6393E708BA
:109CD0001E200945639F2707130984004146A68576
:109CE0004A859780FE1FE780C09F4146A6851305E1
:109CF00084019780FE1FE780C09E38308546930719
:109D0000F7FE93F7F70F63ECF6049304C40383A7FD
:109D100041BDC14526858DC79C4F9DC38297930643
:109D2000C4022686CA852285EFF0FF993C2081CFA8
:109D300022852244B2409244024941016F00507E84
:109D4000EF60CFE0E9BF3830C947E303F7FE3CB02E
:109D50000145B24022449244024941018280930766
:109D60001005E317F7FE3C20E5D722852244B240D8
:109D70009244024941016F10E0000945D9BF4945AD
:109D8000C9BF39C9011122CC26CA06CEAA842E84A5
:109D9000094595CD0D468D0528009780FE1FE7806B
:109DA00040941C8570002C0093F7F70393E7070499
:109DB00026855C85EF10D07119E90D46A2856800F3
:109DC0009780FE1FE78080A37D153335A000F24009
:109DD0006244D2440561828009458280011152C4E7
:109DE0002A8A32854EC656C25AC006CE22CC26CA10
:109DF0004AC82E8BB28AB68997A0FE1FE780E0B6CC
:109E000009ED8944F24062444249B249224A924AE9
:109E1000024B2685D244056182805C592A89C5445B
:109E2000F5F34D45EF704F8D1374F50F5145EF70FD
:109E3000AF8CE38809FC03C78901E36487FC93774F
:109E4000F50FE3E0E7FC9305300513054008979014
:109E5000FE1FE780602C232AA9022A84CD445DD10D
:109E60001306400881459780FE1FE780008EA301FE
:109E7000040023014401230264012310540123261A
:109E8000340723240402A302040063070A00228586
:109E9000EF005063AA8419E18144ADB74A85EFF021
:109EA0008FC98DB7397122DC06DE26DA4AD84ED644
:109EB00052D456D25AD05ECE62CC66CA0944630AE6
:109EC0000610BA84094463060710AA8B2E89328BC8
:109ED000368C97A0FE1FE78040A9AA8A514475C915
:109EE0009305300541459790FE1FE780E022AA893F
:109EF0004D4465C198309C2003CA340022075D8F11
:109F0000BC20620AC207D98F336AFA0083A78A028B
:109F100063E647017D5709446398E70A6307090030
:109F200083C74A000544898BC5C3214681450A85FC
:109F30009780FE1FE7806081930C4C0093053005ED
:109F4000B3CC0C0866859790FE1FE780E01C2A8939
:109F50004D443DC96286DA8511059780FE1FE78072
:109F6000A08E1146A6854A859780FE1FE780C08D8A
:109F7000414693858A014E859780FE1FE780C08CFD
:109F800021478A866686CA854E85EF10F07A2A8434
:109F90001DE521468A8528009780FE1FE780C08A3C
:109FA00021469385440028009780FE1FE7800085A6
:109FB0008547631EF502D2855E85EF704FAF4A85F7
:109FC0009790FE1FE780A0214E859790FE1FE780A7
:109FD0000021F25022856254D2544259B259225A79
:109FE000925A025BF24B624CD24C21618280054452
:109FF000F9B7797122D406D626D24AD04ECE2E8415
:10A000009397556063D607049784FF1F938404AF2A
:10A01000A8309770FE1FE780C0632AC609CDEFF015
:10A02000DFA0B24511E5A8209307F00F631FF500EC
:10A030002E85EF50AF891319F468B2502254925410
:10A04000F2494A85025945618280EF504F8DE5B74C
:10A0500013F9150063070900EFF04FC0134914000E
:10A06000E9BFE1DD854421A0850493F4F40FEFE01E
:10A070007FE7E3F4A4FCB3179028B3C90708E18F86
:10A08000E5D74E85EFF08F8FC167FD176305F500AB
:10A09000DD45EFF00FB23349340145B723AA01B6CD
:10A0A00023A801B623A601B69787FF1F938747A46D
:10A0B000170700001307075D98C317070000130771
:10A0C000472ED8C317F7FFFF1307071D98C79787B9
:10A0D000FF1F938727A1171700001307874298C314
:10A0E00017170000130707FDD8C317170000130741
:10A0F000872798C782809787FF1F83C767A0A18B98
:10A10000014789C71787FF1F1307879E23A8E1B65A
:10A11000014582809787FF1F83C7879E918B0147E8
:10A1200089C71787FF1F1307E79B23A6E1B60145E1
:10A130008280011106CE2AC6EFF05FF632459945BE
:10A140009787FF1FA38DA79AEFD0FF86F24017F5E0
:10A15000FFFF1305452D05616FE07FD91C5599C39D
:10A1600021458280411122C426C22A84AE8413056F
:10A1700000049305300506C64AC09790FE1FE7808D
:10A18000A0F908D479C513060004A6859770FE1FB0
:10A19000E78020557454B82A93778700EDCB1C5480
:10A1A000BC23A18BEDC783270408C5E793053005C1
:10A1B000130500109790FE1FE78000F6AA87232062
:10A1C000A4080D45C1CB74549C309832D1CB3337A1
:10A1D000E0000E07936707016C545CB0B829058B4B
:10A1E00019CB1854854638230D8B6316D700782079
:10A1F0001367170078A00327040809C7782013679E
:10A20000870078A00547639DE70C13098400414649
:10A2100081454A859770FE1FE780205381451305CD
:10A22000840141469770FE1FE78020529304C403C7
:10A2300083A741BDC1452685B5CF9C4FA5CF829749
:10A2400083270408BDCB2285EF00D0339307000598
:10A2500049C12145B24022449244024941018280D1
:10A26000A1473DFBBC20918B91E7BC2A918B99E3E0
:10A2700085479DB79820942295473307F70297B7F3
:10A28000010093876774BA97B6979C23B1B79C3047
:10A2900081C79032E14729F2BC205D8F118B69DBC9
:10A2A0009820954794223307F70297B701009387C8
:10A2B0006773D1BFEF608F8961B722859306C402AF
:10A2C0002686CA85EFF02FC02285EF00702551F158
:10A2D000C1470A203CB08145EF60FFE701459DBFC3
:10A2E00013F7870141C7C18B930484004146A1CB7A
:10A2F000890526859770FE1FE780A03E81451305DE
:10A30000840141469770FE1FE78020447C2013099A
:10A31000C403C14593E747007CA083A741BD4A859C
:10A3200095C79C4F85C78297832704089DC32285C4
:10A33000EF00502519FD930720053CB045B7814536
:10A3400026859770FE1FE78040404DBFEF600F806D
:10A35000E1BF9306C4024A86A6852285EFF0AFB618
:10A360002285EF00F01BCD4769D9E5B50947854542
:10A370006388E70093F7D70F11476396E700894595
:10A380000A20EF605FDD7C2093E747007CA08327F5
:10A39000040881C7930710054DB7C54779BF3C2115
:10A3A00063830726397122DC06DE26DA4AD84ED6C8
:10A3B00052D43C31130750052A846395E7080349BA
:10A3C0007500138A41BD9309C50393573900AA97B5
:10A3D000842783270A00C1454E85B5C39C4FA5C37A
:10A3E000829783270A00A1C79C47B1C303250408AD
:10A3F00013797900B3D62441858A9305050418089A
:10A4000093E606084E861305050882971375F50F27
:10A4100019ED41460C081305C4029770FE1FE78032
:10A42000402C2285EF00D00F930760053CB0F2501E
:10A430006254D2544259B259225A21618280EF505B
:10A44000FFF045B7130710026392E7021C5503277C
:10A450000508DE2361EB13F7071069C778555A2BFF
:10A460001377071061C3930770023CB03C301307A9
:10A470007002639FE70C3C5885E3930530057145F6
:10A480009790FE1FE78040C928D819C571468145BD
:10A490009770FE1FE780602B2458A1C8BC2C89E769
:10A4A0002285EFF08FADA8AC2858814541469770C2
:10A4B000FE1FE780802928583D472C2D9387F5FF04
:10A4C00093F7F70F6364F700EF505FE8EF407FCF3B
:10A4D0003C58A1458AAB13852701EF503FE72C5824
:10A4E0000A20EF003033631A0510930780023CB056
:10A4F0000A209790FE1FE7804047414609C57E2508
:10A5000013D617003E966254F250D2544259B259B3
:10A51000225A1775FF1F0345955E06068545216182
:10A520006F401FE213F7072009CB78545A2B13779B
:10A53000072001C7930790020DBF93F707409DD7EF
:10A540007C54DE2B93F7074095D39307B00231BFBD
:10A55000130780026397E7023C5899C78E2B0A20A5
:10A5600013862701EF0070301C54DE2313F70720F9
:10A5700029CF78545A2B1377072021CB93079002C9
:10A58000BDB713079002639BE700EF602F8BAA858E
:10A590000A20EF00902C9307A00291BF1307A0029E
:10A5A0006390E704EF60EF88AA85854701456384DF
:10A5B000F500814505452EC6EF606F852A86B245B8
:10A5C0000A20EF0030261C54DE2393F707409DC37A
:10A5D0007C54DE2B93F7074091CF9307B00201BF65
:10A5E0001307B0026398E700EF60EF85AA850A20A1
:10A5F000EF00102B9307F00215BD38309307F002DF
:10A60000E318F7EE2DB58280411122C4405926C2CD
:10A6100006C67C54AA84DE2B13F7071011C7185402
:10A620005A23137707100DE313F7072011C71854A7
:10A630005A231377072009EB93F707408DCB1C545F
:10A64000DE2393F7074085C7930710023CB02285AD
:10A65000EFF0FFD438309307F002631EF700224476
:10A66000AA20B2409244814541016FE09FD49307F4
:10A67000F0023CB0EDB7B2402244924441018280E6
:10A68000397122DC405926DA4AD84ED606DE2A89AC
:10A69000AE84B289630204382A211E20639FA7106A
:10A6A0003C20638607389387E5FF93F7F70F2D4724
:10A6B000636FF73617B7010013078734B3C7E72076
:10A6C0009C43BA97828722856254F250D2544259F1
:10A6D000B259B28521616FF07FA84146CE8513053E
:10A6E000C4049770FE1FE780C0FF22859D25383087
:10A6F00093074005631AF700930790053335A000D0
:10A70000931435003CB05DA893066005D147E3176C
:10A71000D7FE9307A005DDB71309C4054A85414656
:10A72000CE859770FE1FE780C0FB032504084DC54A
:10A730003C30130790056397E70022855525930762
:10A74000E00595A81307A0056392E7087C3013D7AE
:10A750003700229714279D8BB3D6F640858A83A7AE
:10A7600041BD93E60608B1CB9C47A1CB93050508F4
:10A7700018084A861305050482971375F50F15ED21
:10A7800041460C081305C4049770FE1FE7800007BC
:10A790007C304D47850793F7F70F7CB0E36FF7F8F0
:10A7A00085451775FF1F034595359790FE1FE78078
:10A7B0004006930750053CB031A8A144F2506254C2
:10A7C0004259B2592685D254216182801307C005AF
:10A7D000E385E7F68144DDB7930984004A86CE8598
:10A7E00022851408EFE03FEE41469305C4040808B3
:10A7F0009770FE1FE780800071D18A861306C4031C
:10A80000CA854E85EF10E069A1440DE12285EFE095
:10A81000DFF62A870A209777FF1F83A7E72D814657
:10A8200001468A858297B334A0008E0493072002E4
:10A83000D1BD0C22EFE0FFB771BF38309307200283
:10A840006317F71E7C5889EB930530057145979087
:10A85000FE1FE780608C68D86858630A051C414673
:10A86000CE859770FE1FE780C0E764582285EFE031
:10A87000DFF0A8AC930730023DBF383093073002B9
:10A880006317F71A1E2268582146938529001EA9CE
:10A8900049059770FE1FE780C0E47C54DE2B13F758
:10A8A00027002DC718545A23098B2DC39307400244
:10A8B00019B7383093074002631BF7163C5C81EBF5
:10A8C00085455D459790FE1FE780008528DC285C64
:10A8D000E30205F083C709004146CE857CA9977045
:10A8E000FE1FE78000E093075002F1B53830930770
:10A8F0005002631EF712285C194693851900410522
:10A900009770FE1FE780E0DD7C54DE2B918B95CFA6
:10A910001C54DE23918B95CB9307600269BD7C5C50
:10A9200089EB9305300551459780FE1FE780C07E77
:10A9300068DC685CE30305E84146CE859770FE1F3E
:10A94000E78020DA7C5C7D5798CB4A85EFF0DFCB3F
:10A9500051B50325040813060004CE85130505042C
:10A960009770FE1FE780E0D72285EFE05FD23C3092
:10A97000130700056395E700930740052DBD1307F6
:10A980001005E38FE7E013072005E395E7E483A7CD
:10A9900041BDE38407E29C47E38107E28325040885
:10A9A00093048400180893850508814626862E8521
:10A9B00082970A201008A685EF60DF829307B00512
:10A9C000DDBB38309307E0056313F70683250408E1
:10A9D00041464E859770FE1FE78040E2AD44E30F8D
:10A9E00005DC032504084146CE859770FE1FE780ED
:10A9F00040CF2285EFE07FD82A872C580A2097770E
:10AA0000FF1F83A7670F814601468297B334A000DA
:10AA10008E0493071002FDB1AD47E39DF5DA1422D1
:10AA20002E21130665000821EF50FFF865B39D4401
:10AA300071B3AA87094541C6D9C11CA29C211CB289
:10AA40009C313CA2BC213CB2BC31A30206005CA2FA
:10AA5000DE2193D787485CB2DA211377072001C73C
:10AA600093E727005CB2DE2193F7074089C75C3289
:10AA700093E747005CB2DE211317B028F98F89C72E
:10AA80005C3293E787005CB223030600DE21858BEE
:10AA90007CA2DA21098B01C793E727007CA2DE2183
:10AAA000918B89C77C2293E747007CA2DE21A18B92
:10AAB00089C77C2293E787007CA20145828082803F
:10AAC0002E86AA8505456FF0DFF62E86AA850945F4
:10AAD0006FF03FF68DC52A87094505C7411106C6A7
:10AAE000AE878D4694A1138517004146BA859770AD
:10AAF000FE1FE78000BFB240014541018280094549
:10AB0000828082808DC52A87094505C7411106C606
:10AB1000AE87914694A1138517004146BA85977078
:10AB2000FE1FE78000BCB24001454101828009451B
:10AB3000828082808DC52A87094505C7411106C6D6
:10AB4000AE87994694A1138517004146BA85977040
:10AB5000FE1FE78000B9B2400145410182800945EE
:10AB6000828082809DC92A87094515CB411106C67E
:10AB70009D4694A11623AE871385370094B1162302
:10AB80002146A182B4A1930527009770FE1FE7809C
:10AB900040B5B240014541018280094582808280F2
:10ABA0008DC52A87094505C7411106C6AE87A1464E
:10ABB00094A1138517004146BA859770FE1FE78060
:10ABC00040B2B240014541018280094582808280C5
:10ABD00085C92A8709451DC7411106C6A54694A106
:10ABE0001423AE871385270094B1194693051700E7
:10ABF0009770FE1FE780E0AEB240014541018280C0
:10AC00000945828082808DC52A87094505C7411183
:10AC100006C6AE87A94694A1138517004146BA859A
:10AC20009770FE1FE780E0ABB24001454101828092
:10AC300009458280828095C52A8709450DC7411143
:10AC400006C6AE87B14694A113851700130600040B
:10AC5000BA859770FE1FE780C0A8B2400145410148
:10AC600082800945828082808DC52A87094505C773
:10AC7000411106C6AE87B54694A11385170041461B
:10AC8000BA859770FE1FE780C0A5B240014541011B
:10AC90008280094582808280AA87094581C999C737
:10ACA000154798A19C2301459CB182808280AA8788
:10ACB000094581C999C72D4798A19C2301459CB19D
:10ACC000828082800DC55D718A8586C6A2C42A8471
:10ACD000EFE03F980A200A8697060000938686DEFA
:10ACE0009D45EFE0BF8AB6402644616182800545FC
:10ACF00082800DC55D718A8586C6A2C42A84EFE074
:10AD00005F950A200A8697060000938646DC9D45DB
:10AD1000EFE0DF87B640264461618280054582808E
:10AD20005D71A2C49305C5022A8441460A8586C680
:10AD30009770FE1FE780E09A0A200A8697060000B7
:10AD4000938686D9C545EFE07F84B640264461618D
:10AD500082805D71A2C49305C5032A8441460A8599
:10AD600086C69770FE1FE780C0970A200A8697065E
:10AD70000000938666D9C545EFE05F81B640264462
:10AD80006161828083A741BDA9CB9C435D71A2C450
:10AD900086C62A841305E00F8DCF0325040893058A
:10ADA000050C130505088297832504081306000483
:10ADB0000A85938505089770FE1FE78080920A2018
:10ADC00097060000938666E70A8693051004EFE075
:10ADD000EFFBB6402644616182801305E00F82805C
:10ADE000317122DD2A840A2126DB06DF4AD94ED7BB
:10ADF00052D556D35AD15ECF62CD66CB9790FE1F07
:10AE0000E780A0B63C58AA8489EB930530057145CC
:10AE10009780FE1FE780403028D82858CD4705C9C5
:10AE2000714681459770FE1FE78020920329040731
:10AE30002285EFE09F94230DA9003C20138941BD9A
:10AE400063820712832709008DE39307E00FFA500E
:10AE50006A54DA544A59BA592A5A9A5A0A5BFA4B2E
:10AE60006A4CDA4C3E852961828003AC0701E30E0F
:10AE70000CFC032B0408EF50CFFBAA8B0145EF50CD
:10AE80000FF9DC303458130B0B029309C403130A77
:10AE9000C405938A64002A8736C0B337F00093084C
:10AEA00001045688B33670015286CE855A85029CBD
:10AEB0001C54B8232307E1029833A306E1029C2324
:10AEC0002306F10283270900C9D383AB4701E38E30
:10AED0000BF6DC30B337F0003ECEEF508FF52A8B07
:10AEE0000145EF50CFF203270408F2472AC03AC2C7
:10AEF000B338600156887810930684004E86D28558
:10AF00008800829B7C54B82B2305E1029833A3046C
:10AF1000E1029C232304F1028327090003AB4701CC
:10AF2000EF502FF12A890145EF506FEE83C854008E
:10AF30009C082A883EC2B3381001B337200138106C
:10AF4000930684015286CE8556C08800029B0A2053
:10AF500097060000938686D19008C545EFE00FE381
:10AF6000AA87F5B5D43083270900032B0408B3362C
:10AF7000D00083AC070136CEEF50AFEBAA8B014572
:10AF8000EF50EFE83C58F246130B0B02130AC405CE
:10AF90009309C403938A64002A88930801044E86A7
:10AFA000D2853EC05687B33770015A85829C1C54A7
:10AFB000930B0103B8232307E1029833A306E102B0
:10AFC0009C232306F1028327090083AC4701DC3070
:10AFD000B337F0003ECEEF50CFE52A8B0145EF505E
:10AFE0000FE3F2472AC0B338600156887810930601
:10AFF00084004E86D2855EC28800829C8325040828
:10B0000041465E859760FE1FE780407FAD47E31BAA
:10B0100005EE35BD2E86970600009386E6B1C54540
:10B020006FE0CFD65D71B287A2C44C802A84BE8502
:10B0300013051100194686C69760FE1FE780606AF7
:10B040000A862285970600009386C6B8A145EFE0E0
:10B05000EFD3B6402644616182802E8697060000B9
:10B06000938646B4C5456FE06FD25D71B287A2C4C6
:10B070006C802A84BE8513052100214686C6976010
:10B08000FE1FE78000660A862285970600009386E9
:10B09000A6ADAD45EFE08FCFB6402644616182801A
:10B0A0002E8697060000938646B6C5456FE00FCE04
:10B0B000797122D406D626D24AD03C311307300506
:10B0C0002A846385E708130750056396E708034958
:10B0D00075009307A0053CB193573900AA978427C0
:10B0E00083A741BD1305C503C145B1CF9C4FA1CF77
:10B0F000829713797900B3D62441858A93E60608AE
:10B1000083A741BD9DCB9C478DCB03250408180820
:10B110001306C403930505041305050882971375E8
:10B12000F50F01ED1305C40241460C089760FE1FA0
:10B13000E780205B2285EFF0BFBEB25022549254CC
:10B14000025945618280EF506FA065B79307900563
:10B150003CB1814675B7130710026391E7027C5535
:10B1600003270508DE2B79EF13F7170061CF185579
:10B170005A23058B61CB930720023CB03C30130768
:10B1800020026398E70E3C5889EB93053005714522
:10B190009780FE1FE78040F828D82458A5CC228548
:10B1A000EFE0AFDDA8AC2858814541469760FE1F0F
:10B1B000E780A05928583D472C2D9387F5FF93F73A
:10B1C000F70F636BF70283C701BECDC341468145CC
:10B1D00008089760FE1FE780405719469765FF1FD4
:10B1E0009385457108089760FE1FE780804F3058AF
:10B1F0000C082E85EFD0B043EF30BFFC3C58A14582
:10B200008AAB13852701EF506F942C580A20EFF07A
:10B210007FE001E5930730023CB00A209780FE1FD3
:10B22000E780A074414611C172252254B250925455
:10B2300002591775FF1F0345958C06068545456124
:10B240006F400F9013F7270001CB18545A23098B36
:10B2500001C79307400215B7918B8DD31C54DE2391
:10B26000918BE38D07F09307600201BFEF500F8EC3
:10B2700061B7130730026396E7023C5899C78E2BDB
:10B280000A2013862701EFF05FDE7C54DE2B13F7D4
:10B29000270039CB18545A23098B39C7930740022A
:10B2A000A5BF13074002639CE700EF502FB9AA85A2
:10B2B0000A20EFF09FDA9307500239DDB9BF130778
:10B2C0005002639CE702EF50CFB6AA85054599C1AD
:10B2D000854501452EC6EF508FB32A86B2450A2018
:10B2E000EFF05FD47C54DE2B918B95C31C54DE238E
:10B2F000918B91CF9307600205B7130760026398A3
:10B30000E700EF504FB4AA850A20EFF07FD97C54B4
:10B3100003270408DE2B09EF13F7071011CB18548D
:10B320005A231377071009C7930770023CB031B551
:10B3300013F7072009CB18545A231377072001C7A6
:10B3400093079002E5B793F7074089CB1C54DE239F
:10B3500093F7074081C79307B002C9BF9307F00274
:10B36000F1B7397122DC26DA4AD84ED606DE52D43D
:10B370002E89B289AA849780FE1FE780005F40591A
:10B38000414681450A859760FE1FE780003C35C431
:10B39000035A040063139A06383093071002631FA0
:10B3A000F7028327040899CF2C58A1C95285EF10C2
:10B3B00070520545F2506254D2544259B259225A41
:10B3C000216182808A861306C4059305C403130590
:10B3D0008400EF00102D15E18A85C9BF2C5891CD4E
:10B3E0009E29639C37012146C9054A859760FE1F47
:10B3F000E780C04019C12C5855BF26859780FE1F95
:10B40000E780A0562A8455D54C55B9C19E29639131
:10B4100037052146C9054A859760FE1FE780003E33
:10B4200085476317F50283C7718589C74C54BC3DB6
:10B430006392A70CBD452685EF1070449767FF1FE8
:10B4400083A7473D81C789451D45829701459DB723
:10B450001389F1BD834709009769FF1F93898938D4
:10B46000858B8DCF583083C781BD6319F70219468C
:10B47000938591BD130564009760FE1FE780003837
:10B480008547631DF50083A7090381C791451D45C5
:10B490008297BD452685EF10903E21BF03C701BEB0
:10B4A00083A7090331CB03470900098B09CB81C767
:10B4B00095451D4582972685EF101042DDBD81C759
:10B4C0008D451D4582974146814508089760FE1FBE
:10B4D000E780A02719469765FF1F9385A5410808B7
:10B4E0009760FE1FE780E01F0C082E850A86EFD0CC
:10B4F00010148A85268565BD8545C5FF6DBF7971A8
:10B5000022D4405926D24AD04ECE06D6AA892E89B8
:10B51000B284630404622A211E20638BA7002149A0
:10B52000B25022549254F2494A85025945618280B0
:10B530003C20639207629387F5FF93F7F70F31473B
:10B54000636BF76017A701001307874EB3C7E720A7
:10B550009C43BA9782871C54F9F393053005130571
:10B5600000049780FE1FE78020BB08D44DD99820A7
:10B57000914763F4E7000D4965B798308547E3ECE0
:10B58000E7FE13060004A6859760FE1FE78060159E
:10B5900018547C54A30204005443D04BFD75858A93
:10B5A000758ED62B9385F57FF99AD18ED6ABD04B7D
:10B5B0005443758ED62B098AF59AD18ED6ABD04BD3
:10B5C0005443758ED62B118AED9AD18ED6ABD04BC3
:10B5D0005443758ED62B218ADD9AD18ED6ABD04BB3
:10B5E0005443758ED62B1376061093F6F6EFD18E54
:10B5F000D6ABD04B5443758ED62B1376062093F6DC
:10B60000F6DFD18ED6ABD04B5443758ED62B137646
:10B61000064093F6F6BFD18ED6ABD44B5043F18E95
:10B62000D22B93D6B648AE066D8ED18ED6ABBC2B40
:10B6300003250408A18BEDC73C23A18BF5C3E310C0
:10B6400005EE93053005130500109780FE1FE78077
:10B65000A0AC2320A40805D17C54A3020400983098
:10B66000943399E649CB5C3093E707015CB021A0A5
:10B67000A1475CB06DFB2285EFF0AFE76C54BC29AD
:10B68000858B89CB1C54BC238D8B89C77C2093E789
:10B6900017007CA08327040889C77C2093E78700D4
:10B6A0007CA05C300547639EE70A4146814513054F
:10B6B00084009760FE1FE7804009814513058401DF
:10B6C00041469760FE1FE780400883A741BD1305F0
:10B6D000C403C145C1C79C4FD1C382970327040847
:10B6E000C14719C3930700050A203CB08145EF50BC
:10B6F0009FA6014935B5B82B118B11E7B820118BE6
:10B7000019E38547A5B79823942095473307F70297
:10B7100097A701009387472BBA97B6979C23B9B791
:10B7200019C59780FE1FE78080AB232004087C5456
:10B73000983309C7983019C3E1470DBFB82B118B57
:10B7400001E7B820118B55DF9823954794203307E4
:10B75000F70297A701009387E7287DBFEF401FBF3F
:10B76000B5BF13F7870135C3C18B1305840041466C
:10B77000B1C389059760FE1FE780A0F681451305D8
:10B78000840141469760FE1FE78020FC7C20130562
:10B79000C403C14593E747007CA083A741BD8DC387
:10B7A0009C4F99CF82978327040891CF9307200558
:10B7B0003CB081B781459760FE1FE78000F97DBFEF
:10B7C000EF40DFB8CDB7CD47E5B709478945638678
:10B7D000E70011476397E70085450A20EF50BF97C0
:10B7E00021A01947E38AE7FE7C2093E747007CA06D
:10B7F0008327040881C7930710055DBFC5474DBF68
:10B800004146A6851305C4049760FE1FE78060EDDE
:10B810003C3013076005639EE70085451765FF1FF1
:10B820000345F52D9780FE1FE780A0FE9307500586
:10B8300041B745476384E7029306C4021306C40375
:10B84000930584002285EFD01FE82285EFF04FCDCD
:10B850003339A0000E09D1473CB0D9B1C94789BFDF
:10B860009309C4054E854146A6859760FE1FE78073
:10B8700040E70325040879C1383093069005631822
:10B88000D7002285EFF0EFCC9307E00515B79306BC
:10B89000A0056318D706783003A641BD935637003C
:10B8A000A29694266309062A032886006305082ABF
:10B8B0001D8BB3D6E640858A0A8793E60608930572
:10B8C00005084E8613050504029841468A8513052E
:10B8D000C4049760FE1FE78060F2133915002285CB
:10B8E000EFF02FC77C30CD460A09850793F7F70F95
:10B8F0007CB01307600563F4F6001307E00538B069
:10B9000005B19306C005E316D7DE03A741BD630466
:10B91000072403288700630008249305050893047F
:10B9200084000A87814626862E8502980A200A8688
:10B93000A685EF503F8B9307B0059DBD8A864E8646
:10B94000930584002285EFD01FD841469305C40497
:10B950000A859760FE1FE78060EA8547E312F5BC21
:10B960002285EFF00FBF93071002E30305E445BE05
:10B970003830930770026310F71E7C5889EB9305EB
:10B98000300571459770FE1FE780007968D86858C8
:10B990006303051CA68541469760FE1FE78060D4BF
:10B9A00064582285EFD07FDDA8AC9307800209B5EB
:10B9B0003830930780026310F71A1E226858214618
:10B9C000938524001EA949059760FE1FE78060D17A
:10B9D0007C54DE2B13F7072035C718545A231377EE
:10B9E00007202DC393079002E1B3383093079002EC
:10B9F0006313F7163C5C89EB930530055D45977042
:10BA0000FE1FE780607128DC285C63060514414650
:10BA1000A6859760FE1FE780C0CC9307A00249BBB4
:10BA200038309307A0026318F7121C22285C1946CD
:10BA3000938514007CA941059760FE1FE78060CACA
:10BA40007C54DE2B93F70740A1C71C54DE2393F7E9
:10BA500007409DCF9307B002A1BB38309307B002D7
:10BA6000631BF70E7C5C89EB93053005514597709D
:10BA7000FE1FE780606A68DC685CE30205AA414655
:10BA8000A6859760FE1FE780C0C57C5C7D5798CB7C
:10BA900003D529008145EFD0DF91A1B93830930754
:10BAA000F004E3FEE7A603250408E30A05A613064F
:10BAB0000004A685130505049760FE1FE78060C299
:10BAC0002285EFF02FAC2A892285EFD05FBC3C3075
:10BAD00013070005639FE70003D6E9008545176556
:10BAE000FF1F0345D5010606EF309F8593073005FC
:10BAF000A5B3130710056395E70093076005A9BB7D
:10BB000013072005E39EE7A09307C005B1B33830C3
:10BB10009307E005E315F7A0032504084146A68531
:10BB20009760FE1FE780E0BB2285EFF06FAB2A89AC
:10BB30009307100215B30C22B9BF8547E39BF5BAF2
:10BB4000032846003C32382214322E2110220145AF
:10BB5000EF405FDB79BE1D49E1B28147C146330743
:10BB6000F500B388F500182383C808003308F600F1
:10BB70008507334717012300E800E392D7FE828050
:10BB80003D4781477D583306E5001422B388E50020
:10BB90007D178606D58F2380F8001C229D83E31431
:10BBA00007FF82800147C1469377F70F63FDC70007
:10BBB000B307E5009C233388E5002300F800050760
:10BBC000E314D7FE8280918F93B717009E07E5B7E5
:10BBD00001114AC84EC62E89AA89930530054145F0
:10BBE00006CE22CC26CA52C4328A9770FE1FE78046
:10BBF000A0522A849305300541459770FE1FE780C7
:10BC0000A051AA845DC059C1414681459760FE1F7D
:10BC1000E780A0B34E852286A685EFD04021AA8971
:10BC200029E18307040063D90704A6852285EFF084
:10BC30003FF54A8697A501009385C5E22685EFF07A
:10BC4000DFF18307090063DE0702A6854A85EFF06E
:10BC50003FF3528697A501009385C5E02685EFF056
:10BC6000DFEF22859770FE1FE7806057268597706B
:10BC7000FE1FE780C0560DA0CA852285EFF05FF059
:10BC8000C9B7D2854A85EFF0BFEFE1BF2285977033
:10BC9000FE1FE780C054CD49F2406244D24442497D
:10BCA000224A4E85B2490561828075D5CD497DBF56
:10BCB00081474146B306F5003387F500182303C8D2
:10BCC000060085073347070198A2E395C7FE8280E7
:10BCD000011126CA4EC6AE84AA8993053005130504
:10BCE00000034AC806CE22CC32899770FE1FE78037
:10BCF000A0422DC51306000381452A849760FE1FCC
:10BD0000E780A0A44146CE8522859760FE1FE7808C
:10BD1000A0B3A6850D461305D4019760FE1FE780EA
:10BD2000A0B213060402930504012285EFD020106F
:10BD3000AA840D469305D4024A859760FE1FE780CA
:10BD4000A0B022859770FE1FE7806049F2406244F0
:10BD50004249B2492685D24405618280CD44FDB76F
:10BD60005D7152DC62D42E8A2A8C9305300513054E
:10BD70000003A6C2CAC04EDE56DA5AD85ED686C6C0
:10BD8000A2C4B28B368BBA84BE8A4289C6899770A8
:10BD9000FE1FE78060386304051013060003814529
:10BDA0002A849760FE1FE780409A4146E2852285FB
:10BDB0009760FE1FE78040A9414681450A8597604C
:10BDC000FE1FE78080981D46DE850A859760FE1F6E
:10BDD000E78080A71D46DA85130571009760FE1F76
:10BDE000E78080A633392001B33490004146814575
:10BDF000080823072101C4879760FE1FE780E094AD
:10BE00001946D68548089760FE1FE780E0A3CE85D7
:10BE100019461305A1019760FE1FE780E0A21309F0
:10BE200004014146D2854A859760FE1FE780C0A184
:10BE30008A854A85EFF0DFE7930904024E86CA85BA
:10BE40002285EFC0D07EAA840DE94146CE854A8581
:10BE50009760FE1FE780E0880C084A85EFF05FE5F9
:10BE60004E86CA852285EFC0907CAA84464541460D
:10BE7000CE859760FE1FE780209D22859770FE1F6C
:10BE8000E780E035B64026440649F259625AD25A54
:10BE9000425BB25B225C2685964461618280CD4420
:10BEA000D5B701114EC652C4AE892A8A9305300512
:10BEB0001305000326CA4AC806CE22CCB2843689AE
:10BEC0009770FE1FE780402535C52A84D2854146FC
:10BED0009760FE1FE7804097130A0401CE85214634
:10BEE00052859760FE1FE7802096A68521461305A0
:10BEF00084019760FE1FE7802095930904024E8617
:10BF0000D2852285EFC0B072AA844146CE854A858B
:10BF10009760FE1FE780409322859770FE1FE780A1
:10BF2000002CF24062444249B249224A2685D2445A
:10BF300005618280CD44F5B739715ECE62CCAA8BA3
:10BF40002E8C41459305300506DE4ED652D45AD08C
:10BF500066CA6AC8B289B68C3A8D22DC26DA4AD81B
:10BF600056D29770FE1FE780201B2A8A9305300562
:10BF700041459770FE1FE780201A2A8B63040A143C
:10BF800015E552859770FE1FE78060254D44F250FD
:10BF900022856254D2544259B259225A925A025BB3
:10BFA000F24B624CD24C424D216182802A86D2856E
:10BFB0005E85EFF0FFC12A8401CD52859770FE1F88
:10BFC000E780E0215A859770FE1FE7804021C1B7C6
:10BFD0009305300541459770FE1FE780E013AA8462
:10BFE0009305300541459770FE1FE780E012AA8A4D
:10BFF000F9C409ED26859770FE1FE780401E528523
:10C000009770FE1FE780A01D4D446DBF1389F90096
:10C010001359494013F6F900630509047D193349A2
:10C02000090829E2131549005686D2856295EFF07A
:10C03000DFB24146814526859750FE1FE780E070BC
:10C040008149B3C7090863F827051DC42685977081
:10C05000FE1FE780C01856859770FE1FE7802018E6
:10C06000A9BF0149131549008A856295EFF09FB376
:10C070005686DA850A8565BF939549000A86E2955A
:10C080002685EFF09FAD26868A855E85EFC0305A03
:10C090002A8485097DB75DF80A86D6852685EFF066
:10C0A000DFAB26868A855E85EFC070582A846A8653
:10C0B000A68566859750FE1FE780A06241BF21D10B
:10C0C0004D4451BFE30405EC81B739715ECEAA8BB4
:10C0D000594526DA4AD84ED652D456D25AD062CCD6
:10C0E00006DE22DC034C01042E8BB28A368A3AC665
:10C0F000BE894289C6849750FE1FE780604F25CDD8
:10C100009167938717E91EA185473CA12A84B24510
:10C110002105638A0B04930710033CB0194681453F
:10C120009750FE1FE780606223035401A30344017C
:10C13000230A8401231264012317340123182401E4
:10C1400026A8A2856254F250D2544259B259225ABA
:10C15000925A025BF24B624C1765FF1F0345059A2A
:10C1600021616F20DFFBA301040019469750FE1FD9
:10C17000E780205755BFF2506254D2544259B25909
:10C18000225A925A025BF24B624C21618280011169
:10C190005AC02A8B1305100326CA4AC84EC652C479
:10C1A00056C206CE22CCAE8A328AB684BA893E897D
:10C1B0009750FE1FE780C04325C1B7470201938710
:10C1C00017E91CC1930785002A8423046501A30491
:10C1D00055015CC1D285194629059750FE1FE7809D
:10C1E0004050CE8504A81305140126869750FE1FE3
:10C1F000E780204F23082403A2856244F240D24402
:10C200004249B249224A924A024B1765FF1F034531
:10C21000E58E05616F20BFF0F2406244D24442498E
:10C22000B249224A924A024B05618280011152C4EE
:10C230002A8A314522CC26CA4AC84EC606CEAE89C5
:10C240003289B6843A849750FE1FE780603A0DCD5C
:10C250009167938717E91EA18D473CA1A301450172
:10C2600022A56244231235012313250106A5F240BD
:10C27000D2444249B249224AAA851765FF1F0345A5
:10C28000E58705616F20BFE9F2406244D24442492C
:10C29000B249224A0561828001114EC6AA893945F8
:10C2A00026CA4AC806CE22CC2E89B2849750FE1FD9
:10C2B000E780003421C19167938727E91EA1914748
:10C2C000A3013501231225012A843CA1A685190565
:10C2D00021469750FE1FE780C040A2856244F2408D
:10C2E000D2444249B2491765FF1F034525810561C4
:10C2F0006F20FFE2F2406244D2444249B2490561F4
:10C30000828001114AC82A89414526CA06CE22CC1C
:10C310002EC6B2849750FE1FE780802D15CD916701
:10C32000B245938727E91EA195472A842312250148
:10C330003CA1214619059750FE1FE780803AA2854F
:10C3400066A46244F240D24442491755FF1F034598
:10C35000157B05616F20BFDCF2406244D244424944
:10C3600005618280011152C42A8A394522CC26CA2D
:10C370004AC84EC606CEAE893289B6843A849750F2
:10C38000FE1FE780E0260DCD9167938717E91EA178
:10C3900099473CA142A5624423124501231335016C
:10C3A0002314250126A5F240D2444249B249224A2B
:10C3B000AA851755FF1F0345657405616F203FD699
:10C3C000F2406244D2444249B249224A0561828025
:10C3D000797122D426D24AD04ECE52CC06D62A84A7
:10C3E0002E8AB2893689BA849770FE1FE780E0579B
:10C3F00011CD1306F00F2C002285231441012315C3
:10C400003101231621016487EFC03F87B2502254C7
:10C4100092540259F249624A45618280011152C424
:10C420002A8A394522CC26CA4AC84EC606CEAE89CB
:10C430003289B6843A849750FE1FE780601B0DCD89
:10C440009167938717E91EA19D473CA142A56244CD
:10C4500023124501231335012314250126A5F2409B
:10C46000D2444249B249224AAA851755FF1F0345C3
:10C47000E56805616F20BFCAF2406244D244424978
:10C48000B249224A056182805D715AD82A8B130510
:10C490004002A2C4A6C2CAC04EDE56DA62D466D238
:10C4A0006AD06ECE86C652DC5ED6835D0105035D22
:10C4B0004105834C8105034CC105835A0106AE89B1
:10C4C0003289B6843AC43EC042C246849750FE1FA9
:10C4D000E780001269C911672A8A130717E91AA1B0
:10C4E00093074A011307900238A13EC6A2452105D1
:10C4F000930BEA0063020B0813071003A301EA0081
:10C50000194681459750FE1FE78020241946814532
:10C510005E859750FE1FE78040231946814513052D
:10C520004A019750FE1FE780402223032A01A303FC
:10C530009A0023009A03A3008A03231D8A0026443D
:10C5400023123A01231EBA01231FAA0123115A0301
:10C55000B64096440649F259D25A425BB25B225C1D
:10C56000925C025DF24DD285625A1755FF1F03455A
:10C57000E55861616F20BFBAA3010A0019469750C0
:10C58000FE1FE780001682455E8519469750FE1F04
:10C59000E78020159245194613054A019750FE1F62
:10C5A000E780201459B7B640264496440649F2590C
:10C5B000625AD25A425BB25B225C925C025DF24DDF
:10C5C0006161828079714ECEAA89614552CC56CA8A
:10C5D0005AC85EC662C406D622D426D24AD02E8A53
:10C5E000B28A368BBA8B3E8C9750FE1FE780400094
:10C5F00035CDB7470B01938717E91CC19307850019
:10C600002A845CC19304A50001493C306364F902AB
:10C61000A2852254B25092540259F249624AD24A37
:10C62000424BB24B224C1755FF1F0345254D456128
:10C630006F20FFAE2685238F34FFA38F44FF19465A
:10C64000D6859750FE1FE780C009138574002383A9
:10C6500064011946DE8505099750FE1FE7806008D2
:10C660001379F90FA3868401C10445B7B25022544F
:10C6700092540259F249624AD24A424BB24B224C7E
:10C680004561828001114EC6AA89214522CC26CA65
:10C690004AC806CE2E89B28436849750FE1FE780A2
:10C6A00020F515C99167938717E91EA1B1473CA1F1
:10C6B000A301350164A160B1624423122501F24057
:10C6C000D2444249B249AA851755FF1F0345054385
:10C6D00005616F20DFA4F2406244D2444249B2496E
:10C6E000056182805D71A6C28344C10552DC3E8A29
:10C6F00086575ED6AA8B13854402CAC04EDE56DA30
:10C700005AD862D466D26AD06ECE86C6A2C4035D01
:10C710000105834C4105664C2EC6B28D368BBA8A14
:10C72000C28946893EC49750FE1FE78060EC51C91C
:10C73000B245B7470D01938717E91CC193078500E0
:10C740002A845CC1230475010CB51946EE852905C0
:10C750009750FE1FE780E0F8E28523086401A308F4
:10C76000540123094401A3093401230A2401231B92
:10C77000A401230C94011305940119469750FE1F40
:10C78000E78020F6A2451305440264BC08D0268643
:10C790009750FE1FE780E0F4A2852644B6409644F9
:10C7A0000649F259625AD25A425BB25B225C925CF1
:10C7B000025DF24D1755FF1F0345453461616F203F
:10C7C0001F96B640264496440649F259625AD25AF8
:10C7D000425BB25B225C925C025DF24D61618280E1
:10C7E000411126C2AA84614506C622C49750FE1F85
:10C7F000E78000E03DC99167938717E91EA1930781
:10C8000040023CA19C302A84938564003CB1BC303A
:10C81000B8202105A207D98F231EF5FEDC2019467A
:10C82000230FF5FEDC30A30FF5FE9750FE1FE780C7
:10C8300040EBDC24A2851755FF1F0345252C7CA463
:10C84000FC24D834A207D98F1EA8FC343CA89C280D
:10C850003CB89C385CA8BC285CB8BC387CA8224496
:10C86000B240924441016F209F8BB24022449244D7
:10C8700041018280411122C42A84194506C697507D
:10C88000FE1FE780E0D615C19167938717E91EA1C7
:10C89000C1473CA142A12244B240AA851755FF1FBF
:10C8A0000345C52541016F209F87B24022444101C5
:10C8B000828041110D4506C69750FE1FE78040D388
:10C8C00015C1930710F91CA19307E0031CB1C547DC
:10C8D0003CA1B240AA851755FF1F034525224101FF
:10C8E0006F20FF83B2404101828001114EC6AA89A8
:10C8F000294522CC26CA4AC806CE2E89B28436845F
:10C900009750FE1FE780C0CE15C99167938717E93E
:10C910001EA1C9473CA1A30135012302250100A5A1
:10C92000624466A1F240D2444249B249AA851755F1
:10C93000FF1F0345A51C05616F206FFEF240624496
:10C94000D2444249B2490561828001114EC6AA898A
:10C950002D4526CA4AC806CE22CC2E89B2849750CD
:10C96000FE1FE780E0C831C1930710F91CA19307AF
:10C97000E0031CB1CD47A3013501230225012A8420
:10C980003CA1A685150519469750FE1FE78060D586
:10C99000A2856244F240D2444249B2491755FF1F72
:10C9A0000345C51505616F208FF7F2406244D244FC
:10C9B0004249B24905618280411126C2AA842145BB
:10C9C00022C406C62E849750FE1FE78060C205C5AC
:10C9D0009167938717E91EA1D1473CA160A122442A
:10C9E00046A1B2409244AA851755FF1F0345051181
:10C9F00041016F20CFF2B240224492444101828033
:10CA0000411126C2AA84714506C622C49750FE1F52
:10CA1000E78000BE59C19167938717E91EA193076C
:10CA200060023CA19C302A849385A4003CB1BC30B8
:10CA3000B8203105A207D98F231CF5FEDC30D820A1
:10CA40001946A207D98F231DF5FEFC30F820A20756
:10CA5000D98F231EF5FE9C24230FF5FE9C34A30FD3
:10CA6000F5FE9750FE1FE780C0C79C28A28517558A
:10CA7000FF1F0345A5083CA8BC289838A207D98FFA
:10CA80005EA8BC38A30B0400230C04007CA822443D
:10CA9000B240924441016F208FE8B2402244924458
:10CAA00041018280411126C206C622C49754FF1F4D
:10CAB0009384C404F8309307F00F630FF7022A84BD
:10CAC00019459750FE1FE780A0B2AA8515C59307A8
:10CAD00000FD1CA193077002A30005003CA11C30BF
:10CAE0003CB13C205CA13C305CB12244E830B24017
:10CAF000924441016F20AFE2B2402244924441018E
:10CB000082809757FF1F83C7D7FF1307F00FAA85AF
:10CB10006396E7001763FE1F6700636C1307000D41
:10CB20001AA11307800238A13E856F204FDF411103
:10CB300026C2AA84714506C622C49750FE1FE7800C
:10CB400020AB59C59167938717E91EA1930760022F
:10CB50003CA19C302A849385A4003CB1BC30B82011
:10CB60003105A207D98F231CF5FEDC30D8201946E9
:10CB7000A207D98F231DF5FEFC30F820A207D98F1C
:10CB8000231EF5FE9C24230FF5FE9C34A30FF5FE17
:10CB90009750FE1FE780E0B49C28A2851755FF1F21
:10CBA0000345C5F53CA8BC289838A207D98F5EA8D4
:10CBB000BC387CA8DC287CB8DC381CACFC281CBC4D
:10CBC000FC383CAC2244B240924441016F202FD546
:10CBD000B240224492444101828041114AC02A89D4
:10CBE000214522C426C206C6AE8432849750FE1F59
:10CBF000E78000A005C5930710591EA12301250158
:10CC000060A1224446A1B24092440249AA85175528
:10CC1000FF1F0345A5EE41016F206FD0B2402244B3
:10CC20009244024941018280411126C2AA842145D1
:10CC300022C44AC006C62E8932849750FE1FE78060
:10CC4000209B1DC59167938727E91EA1A1473CA1A1
:10CC500064A160B1224423122501B24092440249EA
:10CC6000AA851755FF1F034595E941016F202FCB7A
:10CC7000B24022449244024941018280011152C4CF
:10CC80002A8A314522CC26CA4AC84EC606CEAE896B
:10CC90003289B6843A849750FE1FE78060951DC99B
:10CCA0008567938717C91EA1230145012303250129
:10CCB00022A562442312350106A5F240D24442491E
:10CCC000B249224AAA851755FF1F034525E305618E
:10CCD0006F20EFC4F2406244D2444249B249224A32
:10CCE0000561828001114AC82A891385C50026CAB8
:10CCF00006CE22CCAE8432C69750FE1FE780408F0E
:10CD00000DCD8567B245938717E924A1231225012C
:10CD10002A841EA1310508C426869750FE1FE7808D
:10CD2000409CA2856244F240D24442491755FF1FFD
:10CD30000345C5DC05616F208FBEF2406244D244DA
:10CD4000424905618280411126C2AA84194522C444
:10CD500006C62E849750FE1FE780808905C585672B
:10CD6000938717F91EA1854724A13CB142A1224413
:10CD7000B2409244AA851755FF1F034525D84101AB
:10CD80006F20EFB9B24022449244410182804111A8
:10CD900022C42A840D4506C69750FE1FE7804085B1
:10CDA0000DC1930710F91CA1E9471CB120A1224431
:10CDB000B240AA851755FF1F034545D441016F2096
:10CDC0000FB6B240224441018280411122C42A841C
:10CDD000214526C206C6AE849750FE1FE7804081DB
:10CDE0000DC59167938727E91EA1930700033CA116
:10CDF00060A1224446A1B2409244AA851755FF1F64
:10CE00000345F5CF41016F208FB1B24022449244D7
:10CE1000410182804111214522C426C206C6AE844A
:10CE200032849740FE1FE780A07C15C185679387F9
:10CE300007391EA185473CA162A1224446A1B24008
:10CE40009244AA8503C561B641016F204FADB2403F
:10CE50002244924441018280011122CC26CA4EC64E
:10CE600052C456C25AC01304F5FF06CE4AC8094B35
:10CE7000AA89AE84328AB68A33440408639465135F
:10CE8000138B31B683470B00C9CB03C916009C2214
:10CE900022093369F9009757FF1F83D7A795F51724
:10CEA000635BF91C9307C6FF6314F908314597408B
:10CEB000FE1FE780E0732A8439CD231345019307D1
:10CEC00000F9150AA1651EA12311350144A18505AC
:10CED00052859760FE1FE780202408C405C9834758
:10CEE0000B009385EAFF13562A00FD172300FB0071
:10CEF0009750FE1FE780A0811C44A28503C561B640
:10CF000089071CC4EF20AFA1814401A82285976046
:10CF1000FE1FE780C02C9304F00FF24062444249A8
:10CF2000B249224A924A024B2685D2440561828048
:10CF30009307D6FFE341F9FEB1473304F40293842B
:10CF400001B59C40A297B82719C7884309C59760C7
:10CF5000FE1FE780C028A16513054900850583A948
:10CF60000400334505089760FE1FE780E01A9C40E7
:10CF7000A29923A0A900A297884351DD0547B8A72D
:10CF800083470B005286D685FD172300FB00974090
:10CF9000FE1FE78000759C40A297239347012392D0
:10CFA00027019DB78547E398F5F6B1473304F402AE
:10CFB000138901B583270900A297FA23884351CB2F
:10CFC000DE23B306C700910763C5D7083A95D68517
:10CFD0009740FE1FE780E07083270900A297FA239D
:10CFE0003306EA0033460608F2A3DE239107E31D69
:10CFF000F6F031459740FE1FE780805FAA851DC986
:10D00000930700F91EA1832709002302650123115C
:10D010003501A297FA239C437AA11CC503C561B6CA
:10D02000EF20EF8F83270900A29723930700238522
:10D030000700D9BD83270900A297884365D597606B
:10D04000FE1FE780C01983270900A29723A00700CD
:10D05000D1BF11C99760FE1FE780601883270900C0
:10D06000A29723A0070083270900A2972393070014
:10D07000238507005DB591444DB56FC070786FC0D2
:10D08000B0796FD000206FD0003F6FC0107C41118D
:10D0900006C6EFC0B078B2400145410182806FC042
:10D0A000507D6FC0307F6FD0C0016FD080036FD0D4
:10D0B00020056FD0E0066FD0A0086FD0600A6FD057
:10D0C000200C6FD0C00D1C321822A20733E6E700F7
:10D0D0006FD0000F6FD040106FD0A0126FD000152E
:10D0E0006FD060176FD0A01C6FD0801E6FD06020F3
:10D0F0006FD040226FD02024411122C60344C102C8
:10D1000026C48344010303430101030E4101834EFE
:10D110008101034FC101834F0102834241028343D6
:10D12000810222D6324426D8A2441ED416D27ED002
:10D130007ACE76CC72CA1AC841016FD0C0386FD08F
:10D14000A0216FD080236FD060256FD040276FD093
:10D15000002A6FD0E02B6FD0C02D6FD0A02F6FD0E2
:10D1600040326FD020346FE0D05D85672A87138806
:10D17000A7C7691533450508636EA802138807C859
:10D180000145636AB80263E8E5021307301F636470
:10D19000C702138766FF938767C73347070863ECA7
:10D1A000E700050633460608B305B6028E0633A52A
:10D1B000D5008280014582801758FF1F1308C8944C
:10D1C0000345180003A7C1BB83A6C1B91375F507B2
:10D1D000D1C5904283274800137606F8498E90C245
:10D1E00013F6150001CA93F5050341466385C5068C
:10D1F000938787C14165130505A0B3D5A702505792
:10D20000B70810FEFD181366260050D7704333761A
:10D210001601B3F7A702FD89D2054D8E70C3130620
:10D22000A00FB705FCFFAA07B3D7C70270436D8EE6
:10D23000BA07B983D18F7CC383470800898B99CB08
:10D2400098429C421377F7071367070493F707F890
:10D25000D98F9CC282809387078369BF5C57F59BF7
:10D260005CD79C4293F707F8C98F9CC2F1B7411174
:10D2700006C69757FF1F2380078C9770FE1FE78015
:10D280000079B2400145410182807971B7E700E041
:10D2900026D284433707200006D622D44AD04ECE69
:10D2A00052CC56CA5AC85EC662C466C26AC0F98CFD
:10D2B00023A0E7180F1000001754FF1F1304C484A5
:10D2C000184415E323A097100545B25022549254F8
:10D2D0000259F249624AD24A424BB24B224C924C1A
:10D2E000024D456182801757FF1F0327279009C70A
:10D2F00023A097100945D1BF1C20328BB68A858B9D
:10D30000ADC31759FF1F13092982832749002A8AB1
:10D31000AE8999EB483C9305900409059760FE1F80
:10D32000E78080DF2322A9008327490099E7B7E738
:10D3300000E023A097100D4549BF0347290098A39B
:10D3400083274900630D0A04638B0904A380370116
:10D35000032549004E86D28509059740FE1FE780C8
:10D3600040389759FF1F938969A103A7C9019547C1
:10D37000630AF70083C7090219476385E7000D4771
:10D380006392E70283C7190289E79307801023900D
:10D39000F902B7E700E023A0971001453DB7A3804D
:10D3A0000700C1B7138AC1BA83270A0098430D8BBF
:10D3B0001DC3238801A8B84B1377F78FB8CB9843C8
:10D3C0001367870098C39C4393D7374889C70100E8
:10D3D000010001000100832C0A00B7070200834B03
:10D3E000040023A20C0623A4FC009757FF1F23AFC1
:10D3F00007989747FF1F83C7E773918B1749FF1F54
:10D400001309897289E793F70B04639A07100830B0
:10D410008145EFF07FDA138DC1B903270D00138C1E
:10D42000C1BBB70633001C4313D54B40014693F7ED
:10D43000F7CF1CC31C430D8993F7F7CF93E7072061
:10D440001CC303270C001C47D58F1CC74C2CB707E7
:10D4500003009387871523A8FC049760FE1FE780CD
:10D4600000BF83270D001844142098C75844858AAC
:10D47000D8C303270A005C43F99BD58F5CC383277D
:10D4800049003CDF03270C005C4393F7F7EF5CC3D4
:10D490000100010003270C005C4393E707105CC305
:10D4A0008347E900A30169012301590193E747007C
:10D4B0002307F9009307000423A0F9009757FF1FE3
:10D4C00023A6078CA14723AEF9009747FF1F83A728
:10D4D000E73381CB0345090113060064C145EF1012
:10D4E0003FE683270A001705000013058529DC4362
:10D4F000858B89E717050000130565039740FE1F1C
:10D50000E78040669757FF1F23A407889757FF1FA0
:10D5100023A8078683270A00054798C39DBD93F576
:10D520000B03484093E51500EDB5797122D41754EB
:10D53000FF1F1304A4845C4006D626D24AD04ECEE8
:10D54000858B6387071E9757FF1F23AB07828329AD
:10D55000C403A3070100EFF09FD19747FF1F83C7C4
:10D56000675D918B9744FF1F9384045C1749FF1FED
:10D57000130989596384071683C71900CE97982326
:10D58000930700086318F7008347090093E78700B3
:10D590002300F9005C580D476377F70EF1175CD84C
:10D5A0005C58984463E7E70E3387E74083C7190068
:10D5B000D424CE979C33939646608E0763DA060E8A
:10D5C00063FFE70C1D8F9306000263E8E6005858DE
:10D5D000636AF70CB307F7409CC4882889459760B5
:10D5E000FE1FE78000238345090093F78500F5C3FC
:10D5F00083A6C1BA9307800CFCD21C5C1307F00F02
:10D600003706330098C39747FF1F23AD0776974728
:10D61000FF1F23AB07769747FF1F23A9077697477E
:10D62000FF1F23A7077603A7C1B91C4391858D89E6
:10D6300093F7F7CF1CC31C43014593F7F7CF93E74C
:10D6400007201CC303A7C1BB1C47D18F1CC7B7074A
:10D65000030093878725BCCA05469760FE1FE780B5
:10D66000A08583470900B420B030DD9B814501458A
:10D670002300F900EFF07FC1B250225492540259B6
:10D68000F249456182801747FF1F0327271BBA977E
:10D6900031B79746FF1F83A6661AB69731B733870F
:10D6A000E74015B79746FF1F83A6461936971DB763
:10D6B0005858636AF700B307F7409CC4DC2493E72B
:10D6C0000708DCA419BF9746FF1F83A626173697C5
:10D6D000DDB783C71900F917A380F900485C01463C
:10D6E0009305F1009750FE1FE78080685C5C93060D
:10D6F000F00F98236303D702BC306380D702630E18
:10D70000F700936525009395456083270901505CD8
:10D7100093F5F50F0D45829785B78307090093159B
:10D720004560E3C407FEF5F19C872380F900F1BF53
:10D7300083A7C1BAFC5385EFEFF07FB39747FF1F74
:10D7400083A7470D89C78545130510088297225482
:10D750009747FF1F9387473DB25092540259F249B1
:10D76000B423B0338145014545616FF01FB2584C79
:10D77000A147E313F7F085472388F1A8F5BD797138
:10D7800026D29744FF1F9384645F9C4006D622D420
:10D790004AD04ECE52CC858B6383072083A9C40325
:10D7A00001469305F1004E85A30701009747FF1F2F
:10D7B00023A6075C9750FE1FE780805B1744FF1F7E
:10D7C000130484361749FF1F13090934131A4560DF
:10D7D000631F0A123C309306F00F6389D700D85CB0
:10D7E00018236305D700094A6313F712830709005A
:10D7F00063C507009C872380F9005C24918BADCF23
:10D80000DC580D476373F714F117DCD8DC58184463
:10D8100063E3E7143387E74083C719005424CE97A6
:10D820009C33939646608E0763D6061463FBE7121B
:10D830001D8F9306000263E8E600D8586366F7126E
:10D84000B307F7401CC4082889459760FE1FE7808E
:10D8500040FC83C719003387F9001423130700081D
:10D86000639BE6129C5C1307F00F98C38347090083
:10D8700093E787002300F90003A7C1BB5C5793D748
:10D880001748A1C383274900C165938505A033D6F6
:10D89000B7027443370510FE7D15E98EB3F7B70262
:10D8A0007D8A5206D18E74C39306A00F3706FCFF03
:10D8B000AA07B3D7D7027443F18EBA07B983D58FBD
:10D8C0007CC35C40034509008C3311850D8997505A
:10D8D000FE1FE780C053170500001305251297406F
:10D8E000FE1FE780202883A7C1B998431317772923
:10D8F00098C3D857719BD8D783470900A18B9DEB5C
:10D9000083270901D05C81450D45829725A097703A
:10D91000FE1FE780C00FD05C832709010D4593757A
:10D92000FA0F829748403420303009CD0C31090578
:10D93000EFF0BF95B250225492540259F249624A14
:10D940004561828081450145E5B71747FF1F0327E1
:10D95000E7EEBA9755BD9746FF1F83A626EEB6970A
:10D9600055BD3387E740F1B59746FF1F83A606ED07
:10D970003697F9B5D858636AF700B307F7401CC467
:10D980005C2493E707085CA47DBD9746FF1F83A630
:10D99000E6EA3697DDB7F917A380F900F1BD83A752
:10D9A000C1BAFC53B1E3EFF09F8C9747FF1F83A7E9
:10D9B00067E689C789451305100882979747FF1FB7
:10D9C00093878716C843B033B42301CD0C310905C2
:10D9D0002254B25092540259F249624A45616FF0A2
:10D9E000DF8A81450145EDB7D84CA147E314F7F430
:10D9F00085472388F1A83DBF41119747FF1F83A7A3
:10DA0000273806C622C4858B95C79747FF1F23A9D1
:10DA100007361744FF1F1304240FEFF05F851C2007
:10DA2000A18B8DEF1C480146814511452244B2402F
:10DA30004101828783A7C1BAFC53B9E79747FF1F0B
:10DA400023A607341744FF1F1304040C1C20A18BCA
:10DA500091E71C48014681455145C9BF9747FF1FC3
:10DA60009387870CC843B033B42301CD0C3109052B
:10DA7000EFF0BF811C20DD9B1CA0B240224441017D
:10DA8000828081450145EDB785472388F1A8F5B728
:10DA90008147178601001306E6FD9306F00F330752
:10DAA000F60018236364E5006313D700828003D86F
:10DAB0000500636407019AA18280850793F7F70F39
:10DAC000F9BF411122C406C626C22E849397556021
:10DAD00063DA07029740FE1FE780A0B7AA8401CD52
:10DAE0001C21054793C707086364F700EF70A07E09
:10DAF0002685EF10AFDD1315F468B240224492443E
:10DB00004101828093F7850099CB9747FF1F83A738
:10DB1000670BBC5B91C3829713458400F9BF93F7F1
:10DB2000450099CB9747FF1F83A7C709FC5791C3AF
:10DB3000829713454400D1B793F7050281CF9747E9
:10DB4000FF1F83A7670983A7070991C3829713451E
:10DB5000040265B793F7050181CF9747FF1F83A79D
:10DB6000A70783A7C70891C382971345040171B71C
:10DB700009656D8D59D19747FF1F938727FDF433B2
:10DB8000F023CC33C823EFC0D0221315D468B5B727
:10DB9000411122C48145130600122A841745FF1F34
:10DBA0001305C5FA06C626C223A201B89740FE1F78
:10DBB000E780A0B90145EF10D00F0145EF10101715
:10DBC0009747FF1FA38D87BEB707D7071744FF1FCF
:10DBD0001304C4F7B5075CC8B7C70D0D93870714C6
:10DBE0001CCCB7C7D707938707145CCCF177938712
:10DBF00007141EB08147232EF40C9747FF1F93870D
:10DC0000E7FCB4477D47232CE40C37772D07130737
:10DC1000F71FD98EF84709661306E6B9518F974466
:10DC2000FF1F938424BCB4C7F8C7B4CBF8CBFC2443
:10DC3000A30C0402A30CF40AA300F40CF977FD175B
:10DC4000231FF40E2310F410FD472301F410930753
:10DC500030303EBC5EBCEF101FE19307C01C231B9D
:10DC6000F406DE206D461307B00FA983A300F40865
:10DC70009E2828B023220404B3D7E70A3EB47EB41A
:10DC80009386E700B3F7C70AB3C606083EB08E0610
:10DC90009307801433C706085AB41AB83377F70AC3
:10DCA0008547A30FF402B70703009387C71C3CC046
:10DCB000B7170706938707443CC4B7071600938736
:10DCC00007905AB076B01AB45CD8EFB0F019EF30C4
:10DCD000E051EFA0307D2244B240924441016F7088
:10DCE000302C411126C206C622C44AC09744FF1FE9
:10DCF0009384C4E503C7E40383C7F403636AF700AE
:10DD00000144B2402285224492440249410182806A
:10DD10002A89930510241305000C9750FE1FE780F5
:10DD2000A03F2A8471DD1306000C81459740FE1F39
:10DD3000E780A0A163140900C1571CA4FC4CA1EB0F
:10DD4000A0CCE0CCA0D0232004008547238FF40290
:10DD500085471CB4930700F93CB49747FF1F93878E
:10DD6000E701985FDC5F1745FF1F0345E5A878C40E
:10DD70003CC8FD577CA8A30EF40683C7A404230463
:10DD8000A406230AF40AEFB0802648B89DBFBC5011
:10DD900080C3A0D02320040083C7E403850793F742
:10DDA000F70F6DB7011122CC06CE9747FF1F83C72F
:10DDB000F7D92A8485EB18288547631BF70C83471E
:10DDC000D40303475404858B6312F70C194693055B
:10DDD00064041305E4039740FE1FE78020A2333557
:10DDE000A00099A883475504D9CB8347B5041307EE
:10DDF000000493F7070C6394E708085931C19305B1
:10DE000064041305A5022EC69750FE1FE780E0AC00
:10DE10008547B2456316F502085889472302F40482
:10DE20003C31194693E72700A302F40451059740BB
:10DE3000FE1FE780008B0545F24062440561828049
:10DE4000142805478347C403638BE602034704068F
:10DE5000118BD98F8DE7130544049750FE1FE7807F
:10DE600040B408D809CD89472302F4043C3119464F
:10DE70009305640493E72700A302F40445BF834796
:10DE8000C403898B8DDB1C589C3395F701456DB716
:10DE900083470406918B85F75C3413F7170011CF85
:10DEA00034380D47639BE60068402C446244F240DE
:10DEB00005611753FE1F670063BF898BADDF3838DC
:10DEC0009547E31AF7F6CDB701119747FF1F83A7D0
:10DED00067EB22CC06CE26CA858B1744FF1F03248E
:10DEE00024CDBDC79747FF1F23AE07E8938441BCED
:10DEF0009C409DC7DC438DC789475C82834754049F
:10DF0000130561001946DC825C28930564045C8675
:10DF10009730FE1FE780E07C9C404800DC438297FE
:10DF200083477406858B81CB8345540408241306EC
:10DF30006404EFE0C01B83477406898B91CB228574
:10DF40006244F240D24405611763FE1F6700C3A814
:10DF500022856244F240D24405611763FE1F6700C8
:10DF6000A3A341114AC01749FF1F130929BE8327E4
:10DF7000090B06C622C426C281EB0545B2402244E5
:10DF80009244024941018280AA849770FE1FE78073
:10DF900000A88327090B8297EF20B07E2A8471DDC9
:10DFA000DC50AC482324F508B8349307A009631B60
:10DFB000F70E85472300F51483C734062303F514B1
:10DFC000A303F514FC35F8250148A207D98F982939
:10DFD0001546F90542075D8F83C735FF1305841386
:10DFE000E207D98F232CF40883C755FF03C765FFC9
:10DFF000A2074207BA9703C745FFBA97232EF40832
:10E0000083C775FFA30BF40283C795FF03C785FF82
:10E01000A207D98F1EBC83C7B5FF03C7A5FFA20700
:10E02000D98F3EBC83C7D5FF03C7C5FFA207D98FD1
:10E030005EBC83C7F5FF03C7E5FF232E0413A207C9
:10E04000D98F7EBC8147232CF4129730FE1FE780C6
:10E050004069B84883473702FD8BA30AF40203479F
:10E060003702ED1793F7F70F15832308E4022D47C6
:10E070006365F7023E3C05679306A7C7E917B3C778
:10E08000070863ECF600563C9307301F63E7D700A0
:10E090007E3C130707C86375F7020A24EF30600D52
:10E0A0000145E9BD8327090D1167F98F81DFFC4424
:10E0B00098239C21F98F93D757482300F51419B75B
:10E0C0008327490B228582978327890D0A242946B5
:10E0D00093F7072091E3054693050008EF7080361B
:10E0E0008327090D1167F98F99C70A2451469305B3
:10E0F0000008EF70203583278905F84BB707000823
:10E10000F98FE38C07E68824238C040049469305A5
:10E110000008EF70203395B5011122CC930545011D
:10E120002A84284901464EC606CE26CA4AC89750B8
:10E13000FE1FE780E0C3894963180520830444017A
:10E14000AA8913050004EF203FDB1315456063CF58
:10E15000A4202C4831479C3193F7F7033CA86399DE
:10E16000E7209C210D47BD8B3CB86395E720130940
:10E1700064031946A1054A859730FE1FE7800068B1
:10E18000630C051E2C481305640419469C2189055F
:10E1900093D76748A302F4049730FE1FE7806054CA
:10E1A0002285EFF03FC0630B051C64449D471CA80B
:10E1B0009CA08547BCA0BCB0CA8519461385440005
:10E1C0009730FE1FE780E051BC20B8300149990725
:10E1D00093F7F70F13678700BCA0B8B07844BA97DD
:10E1E0000357C406B8B3BC207844834614063E9750
:10E1F0008357C4069206A183BD8BD58F5CA3B8203C
:10E2000009071377F70FB8A0762CD1CE8347040601
:10E21000795993F7070491C375593309E940137984
:10E22000F90F6372D9088346340675198547137947
:10E23000F90F6393F61293078042F9469387371AD2
:10E24000B3C7D7021746FF1F03468697136606011A
:10E250009745FF1F2386C596C16503A6C1BA0CC6A4
:10E26000B386D702860634D2B43093E60601B4B042
:10E27000744403462406369730B3B4207844369766
:10E280005CA3B8207C44BA97034734061607D8B37A
:10E29000BC208D07BCA05C54CA973CDC7E2CB387A5
:10E2A00027412319F4068347040693F7070489CF0F
:10E2B000B8307C44B42013670704B8B05838B69718
:10E2C000B8B3BC208507BCA0BC206844722C8D0765
:10E2D0004C543E9551C66365C9089730FE1FE780D0
:10E2E00040400349E401B8209377F70385073E993E
:10E2F000A3082401B8A083475403858B91E7034703
:10E30000440389476317F70078441C2393E7070405
:10E310001CA37C4418388145170500001305E53A15
:10E3200098B39740FE1FE780C0848347B4068345B7
:10E33000340610380D45DD8D9750FE1FE780C0B7BD
:10E340009760FE1FE780A06CF2406244D2444249CD
:10E350004E85B24905618280856793878784F1BDC8
:10E360004A869730FE1FE780C037B5BFAD49E9BF89
:10E370009149D9BF8D49C9BF9549F9B7A549E9B7B1
:10E38000011122CC930545012A842849014626CA59
:10E3900006CE4AC84EC652C49750FE1FE780409D25
:10E3A0008944631605142C481307200291449C31BC
:10E3B00093F7F7033CA8639CE71284219547BD8837
:10E3C00024B8639FF412130A64031946A105528509
:10E3D0009730FE1FE7808042630B05102C4813091D
:10E3E000640419469C214A85890593D76748A3028E
:10E3F000F4049730FE1FE780C02E2285EFF09F9A2D
:10E40000A54475C59739FF1F9389C94283D7C900B1
:10E410001307003293870719B3D4E70283A70900D3
:10E42000829783A68900B30795003E8763E4A7001F
:10E4300063E4D7003387D7406444A1471CA858D071
:10E440009CA08547BCA0BCB01946D285138544006A
:10E450009730FE1FE780E028BC209907BCA0BC30A5
:10E4600093E72700BCB08347540491C778441C232A
:10E4700093E707F81CA31946CA851385A4009730B3
:10E48000FE1FE7800026BC20990713F7F703050756
:10E4900018B8BCA083475403858B91E70347440316
:10E4A00089476317F70078441C2393E707041CA3EC
:10E4B00018387C448145171500001305A5E098B372
:10E4C0009307A0F93CB49730FE1FE780806A83472A
:10E4D000B4068345340610380D45DD8D9750FE1F78
:10E4E000E780809D81449760FE1FE7804052F240A4
:10E4F00062444249B249224A2685D244056182805B
:10E500008D44F5B741114AC01389C1BA8327090068
:10E5100022C41307800706C626C2F8D32A840945F9
:10E52000238801A89760FE1FE780005683A7C1B922
:10E53000D857370500827D15719B13671700D8D710
:10E5400083250900D84113671700D8C183068406C4
:10E55000D85713F6F603698F6606518FD8D713077D
:10E56000A0031385C1BB6351D712144137060007BE
:10E57000F84E518FF8CE9843370633001377F7CF14
:10E5800098C398431377F7CF1367072098C31841B0
:10E590001447D18E14C7B706030093868625B4C9E5
:10E5A0005457F59A54D7984383462406137707F8AF
:10E5B00093F6F607558F98C337C7898E130767ED13
:10E5C00098C737575500644413075755D8C39D471C
:10E5D0001CA89CA08547BCA0A147BCB07C440357A5
:10E5E000C406D8A3BC207844834614063E978357BC
:10E5F000C4069206A183BD8BD58F5CA3A820930788
:10E60000E00F09051375F50FA8A003562407898F9D
:10E6100063C4C7047C442C5C0D053E959730FE1FF7
:10E62000E780200CB820835724079376F7038507EB
:10E63000B6971CB8B8A083475403858B91E703476E
:10E64000440389476317F70078441C2393E70704C2
:10E650001CA37C44183898B3832709007844B2403F
:10E660009244B8DF9737FF1F23A007728345340613
:10E670008347B406103822440249DD8D014541012B
:10E680001753FE1F67004383130620021841635C83
:10E69000D600744F370600F97D16F18E3706000557
:10E6A000D18E74CFC9BD370600F969487D1663570E
:10E6B000D800744FF18E37060003DDB7744FF18E2A
:10E6C00093968629F9BF01119737FF1F83A7876BA0
:10E6D00022CC26CA06CE9734FF1F93842447858B0D
:10E6E000E050C9C79737FF1F23AE076883C74407A9
:10E6F000C18B9DC383C7440793F70702E5DF2285DB
:10E70000EFF05FE083C7440793F7F70C238AF40622
:10E710009760FE1FE780A02F22859750FE1FE7809D
:10E72000A027938441BC9C409DC7DC438DC789478B
:10E730005C8283475404130561001946DC825C281F
:10E74000930564045C869730FE1FE78080F99C4047
:10E750004800DC43829783477406858B81CB8345D1
:10E760005404082413066404EFD070189760FE1F49
:10E77000E780E02922856244F240D24405611753C4
:10E78000FE1F6700632139714ED69389C1BA83A6F3
:10E79000090022DC26DA06DE4AD852D456D25AD0F4
:10E7A00093078007FCD2238801A883A7C1B9D85753
:10E7B000B70533002A84719B13671700D8D7984395
:10E7C0001377F7CF98C398431377F7CF13670720D2
:10E7D00098C303A7C1BB10474D8E10C7370603006F
:10E7E00013068625B0CA5057759A50D798430346EA
:10E7F0002506137707F81376F607518F98C3DC4286
:10E800000D4793E71700DCC264459D471CA99CA0F7
:10E810008547A3810400BCA08347F5056384E70A0C
:10E82000FD1793F7F70F1547636BF7001777010094
:10E830001307C725B3C7E7209C43BA9782870149CE
:10E84000BC2013F7F70305073A990347E405A3082B
:10E8500024011A07D98FBCA083475403858B91E705
:10E860000347440389476317F70078441C2393E761
:10E8700007041CA37C44183881451755FE1F130557
:10E88000051B98B383A709007844B8DF9737FF1FAB
:10E8900023AC074E9730FE1FE780A02D834534063A
:10E8A0008347B40610386254F250D2544259B259D8
:10E8B000225A925A025BDD8D014521611743FE1FEA
:10E8C0006700835F8547BCB01946930564031385D1
:10E8D00044009730FE1FE780C0E0BC209907BCA031
:10E8E0000347F4059947631FF702BC301385A40062
:10E8F00093E72700BCB083475403898B6387072ABB
:10E900000C58BC296383072A1946D1059730FE1F8E
:10E91000E78020DD78441C2393E707F81CA3BC2084
:10E920009907BCA0BC30B82093E78700BCB07C44FA
:10E93000BA970357C406B8B3BC207844834614067C
:10E940003E978357C4069206A183BD8BD58F5CA3E7
:10E95000B82009071377F70FB8A0562C638B06264B
:10E9600083470406795993F7070491C375597C4886
:10E970003309E9401379F90F918B81C7391913795C
:10E98000F90F81476372D9088346340675198547A4
:10E990001379F90F639BF62293078042F946938718
:10E9A000371AB3C7D7021736FF1F0346662113660F
:10E9B00006019735FF1F2385C52003A60900C16501
:10E9C0000CC6B386D702860634D2B43093E606016D
:10E9D000B4B0744403462406369730B3B420784468
:10E9E00036975CA3B420784436978346340696065F
:10E9F00054B3B8200D07B8A018544A9738DC5A2CE5
:10EA0000330727412319E406784811469376C70057
:10EA1000638BC60031466396C610034614068346D0
:10EA2000F4076310D610218B630B071A032A84099D
:10EA300083A781A982971737FF1F1307A7DF636D8D
:10EA4000AA18B7470F00938707243305AA40B335A8
:10EA5000F502522781463305F502EF306178B7079A
:10EA60004B00130745ED9387B7C7AA8A63EBE70A04
:10EA70002A8A4946814568009730FE1FE780E0CC2E
:10EA8000B7C70300938737FC63D55719B7872500AD
:10EA9000138737ED6346571FB247938A6A099397E6
:10EAA000D7283EC69307C012B3CAFA02CE0A93D73C
:10EAB0003A013247F976CE07758FCD83D98F035748
:10EAC0006408B3C70708930604084207D98F3EC6F7
:10EAD0009C52D052D8463EC89737FF1F83C737078E
:10EAE0009D8B7D8A960793158700D18FCD8F3ECA67
:10EAF0009C4A61834946A2075D8F3ACC83578408BC
:10EB000068446C00FC86BC208D073E959730FE1F44
:10EB1000E78020BDBC3093E70702BCB0BC20C9072A
:10EB2000BCA08347040693F7070489CFB8307C4420
:10EB3000B42013670704B8B05838B697B8B3BC20F0
:10EB40008507BCA0BC30684493F707029DCF03271C
:10EB5000C40A05CFB420254693873600AA9790A310
:10EB60001306200390B31023A906B0A31033B0B34B
:10EB70003023D0A33033D0B35023F0A35033F0B3BD
:10EB8000702390A7783398B7B4A0522CE30906CA33
:10EB9000BC200C548D073E95636AC9109730FE1F48
:10EBA000E78020B40349C40161B98347D40391C706
:10EBB00078441C2393E707F81CA319469305E40344
:10EBC0009730FE1FE780E0B199BB85679387878404
:10EBD000F1B3814701490DBD1C473E9A9DB5B83040
:10EBE00083463406418B29C379470546B387E7023C
:10EBF000035724076397C602130787070587BA9749
:10EC0000138A47294946814568009730FE1FE780EF
:10EC1000C0B39307FA007947B3C7E702CE07CD83A5
:10EC200049BD13070707E1BFBC205A2C05463E9794
:10EC30009307070F6396C6001307870F9357174074
:10EC40001737FF1F0347D7F7136717001736FF1F44
:10EC5000A308E6F603A6090037070800138A8752BF
:10EC600018C693875754794733E7E702998F860789
:10EC70007CD6834714062300D408A30FF40659B7A3
:10EC800063C85701B2479397E7283EC6814715B539
:10EC90009886B787DAFF938767091377F7F91367C1
:10ECA0000706D886D6971307C012BDB74A86973095
:10ECB000FE1FE78000A369B68547BCB093056503D6
:10ECC0001946138544009730FE1FE78080A1BC20C1
:10ECD000B830173AFF1F130A6AE7990793F7F70F3F
:10ECE00013678700BCA0B8B078440149BA970357AE
:10ECF000C406B8B3BC207844834614063E978357B5
:10ED0000C4069206A183BD8BD58F5CA3B820914722
:10ED100009071377F70FB8A08346F405639CF6083C
:10ED200083470406795993F7070491C375595E2CFC
:10ED30003309E9401379F90F637EF90683463406F7
:10ED4000751985471379F90F6399F60C930780427B
:10ED5000F9469387371AB3C7D70203464A07C165F6
:10ED600013660601230ACA0603A609000CC6B38669
:10ED7000D702860634D2B43093E60601B4B07444A8
:10ED800003462406369730B3B420784436975CA304
:10ED9000B8207C44BA97034734061607D8B3BC2082
:10EDA0008D07BCA01C54CA973CDC5E2CB38727415E
:10EDB0002319F4068347040693F7070489CFBC3070
:10EDC000B82093E70704BCB07C44BA975838B8B36E
:10EDD000BC208507BCA00347F40591476319F704DD
:10EDE000522C31C6BC2068440C548D073E95636A92
:10EDF000C9029730FE1FE780C08E0349C401034754
:10EE0000F4059147631FF71E83474A0793F7070FDF
:10EE100093E75700230AFA0625B48567938787840A
:10EE200005BF4A869730FE1FE780A08BC9BF014906
:10EE3000F9B78547BCB093056503194613854400AF
:10EE40009730FE1FE780E089BC209907BCA0BC304A
:10EE500093E72700BCB08347D40391C778441C23B1
:10EE600093E707F81CA3834754031385A400898BF9
:10EE7000638D07140C58BC29638907141946D10502
:10EE80009730FE1FE780E08578441C2393E707F85E
:10EE90001CA3BC20B830173AFF1F130A2ACB9907CE
:10EEA00093F7F70F13678700BCA0B8B07844014907
:10EEB000BA970357C406B8B3BC20784483461406F7
:10EEC0003E978357C4069206A183BD8BD58F5CA362
:10EED000B820854709071377F70FB8A08346F405D4
:10EEE000639CF60883470406795993F7070491C396
:10EEF00075595E2C3309E9401379F90F637EF906E1
:10EF000083463406751985471379F90F639FF60C0C
:10EF100093078042F9469387371AB3C7D70203464F
:10EF20004A07C16513660601230ACA0603A609003B
:10EF30000CC6B386D702860634D2B43093E60601F7
:10EF4000B4B0744403462406369730B3B4207844F2
:10EF500036975CA3B8207C44BA970347340616075B
:10EF6000D8B3BC208D07BCA01C54CA973CDC5E2CD7
:10EF7000B38727412319F4068347040693F7070450
:10EF800089CFBC30B82093E70704BCB07C44BA9763
:10EF90005838B8B3BC208507BCA00347F4058547A3
:10EFA000631FF704522C21CEBC2068440C548D07FB
:10EFB0003E956360C9049720FE1FE7808072034975
:10EFC000C4010347F405854735BD8347D40391C782
:10EFD00078441C2393E707F81CA319469305E40320
:10EFE0009720FE1FE780E06F6DB585679387878464
:10EFF00015B74A869720FE1FE780A06ED9B7014952
:10F00000C9B783474A0793F7070F93E7670019B516
:10F010007E2D411122C406C699071CB97C451147B3
:10F0200018A998A37C4518392A8498B383475503B7
:10F03000858B91E70347450389476317F7007844B9
:10F040001C2393E707041CA3684493056403194633
:10F0500009059720FE1FE780C0686844722C4C5455
:10F060002244B240210541011723FE1F6700636758
:10F07000AA871735FF1F032525B311E182801825C4
:10F08000E30EF7FE0841D5BF411106C622C426C2D1
:10F090004AC0EFF0FFFD630C0518834755032A842F
:10F0A0009734FF1F938484AA89EF19469735FF1F71
:10F0B0009385C5B7130564039720FE1FE780606240
:10F0C0009DA80547639CE700BC204945638207165D
:10F0D00019469735FF1F9385C5B5E9BF1C59B9E798
:10F0E0008347C503230A050291EB03475403854771
:10F0F000230AF4028947E319F7FC45BF1305C5034A
:10F100009740FE1FE780208508D80DC1EF6060455D
:10F110000C58BC2581CF8947230AF4021946B10552
:10F12000130564039720FE1FE780A05B0347440399
:10F130008947E31CF7FA9C308DCB8347C40395C7FE
:10F1400083473404130700041305C40393F7070C23
:10F150006396E70E9740FE1FE780A08408D811C58C
:10F160003C2981C78947230EF4025C24E9E3173761
:10F17000FF1F230D079C854778245CA41CB49724AB
:10F18000FF1F83C4B467231B94061376F7009946C8
:10F190000359E40663F9C60A5A2C9306A00F973761
:10F1A000FF1F83C7C7BFB367F7203357D7029387C3
:10F1B000970E1725FF1F0355A56837460F00130646
:10F1C0000624814691042607BA97B3A5A702330502
:10F1D000F502EF30E1002695231BA4062318040650
:10F1E0006307090268289307F00F6306F500EF0034
:10F1F0006FC7FD577CA80356E40693066401120608
:10F20000A285170500001305A521EF002FA883A7ED
:10F2100081A982971A302A8693067401A285175510
:10F22000FE1F130545DF9740FE1FE780804E014516
:10F23000B240224492440249410182809730FE1F2D
:10F24000E780607121BF23180406E31D09F8E3106D
:10F25000F7FC68289307F00F6306F500EF008FC0F6
:10F26000FD577CA8930664011316B02851BF4111C5
:10F2700006C622C42A849750FE1FE7804079228563
:10F2800023060400A3050400A30404009740FE1F06
:10F29000E780807068389307F00F6306F500EF0091
:10F2A0006FBCFD577CB868289307F00F6306F50024
:10F2B000EF004FBBFD577CA8B24022444101828041
:10F2C00041119737FF1F83A7E7AB22C406C6858B82
:10F2D0001734FF1F0324C48D99CB22859737FF1F56
:10F2E00023A207AAEFE0FFC72285EFF05FF822858F
:10F2F0002244B24041011743FE1F6700E3694111F8
:10F3000022C41734FF1F0324E489284801469305CB
:10F31000440106C626C29740FE1FE78060A575E13E
:10F320002C487D479C3193F7F7033CA8E91793F7E6
:10F33000F70F6368F70C9C21BD8B3CB8F51793F76A
:10F34000D70FE1E31946A105130564039720FE1FBB
:10F35000E780C04A5DC52C488544230294049C2163
:10F3600013056404194693D767488905A302F4047A
:10F370009720FE1FE780E0362285EFE0BFA251C153
:10F38000343815471C286394E60263ECF40683A71F
:10F3900081A9829748D02285EFE0BFBC6313950610
:10F3A00022852244B240924441016FF05FEC81C754
:10F3B00019476398E7048304440113050004EF1020
:10F3C000BFB31315456063CEA4022285EFF05FC47E
:10F3D000814517F5FFFF130565AF9720FE1FE780F6
:10F3E00040791038834544060D459740FE1FE7805D
:10F3F000A0AC2244B240924441011753FE1F670063
:10F4000003619750FE1FE780806022852244B2404E
:10F41000924441011743FE1F6700035C011122CC97
:10F42000FD5706CE7CA98357E5062A849DC78346EF
:10F4300005070C259307C0031CAD01461305C00347
:10F44000EFC0B04A09459750FE1FE780E063228570
:10F450006244F24005616FF09FE17C250547BD8B5A
:10F460006386E70083470506918BE9DF9727FF1F37
:10F4700083A7477B93F7072085C302C402C202C05B
:10F48000814801488147014781460546814513056A
:10F49000C003EFC0D03D7DB702C08148014881471D
:10F4A00001478146054681451305C003EFC0D039A9
:10F4B00051BF23ACA1B682809727FF1F83C7373087
:10F4C00085EF411117E5FFFF1305E55F06C6EF0065
:10F4D0008FBBEFE0EFEBB2409727FF1F93870767E3
:10F4E00017F7FFFF13072780B8D717070000130788
:10F4F000E7B9F8D7410182809727FF1F93870765F7
:10F5000017E7FFFF1307277EB8D717070000130779
:10F51000E7B7F8D7828011C98327050A93E7070860
:10F520002320F50AFD572303F502828023A0A1B80A
:10F5300082801727FF1F0327A766AA87085719C5C8
:10F540001A2D6305F70013058505DDBF82800111C3
:10F5500022CC06CE2A84034565029307F00F2E863F
:10F560006309F5002EC6EF00EF8F3246FD572303E7
:10F57000F4028347A402035784049306640293E7CA
:10F5800007062305F40283570404A285F240BA97C4
:10F590002313F404624417050000130505F8056100
:10F5A0006FF0DEEE011122CC06CE2A8403457502EF
:10F5B0009307F00F2E866309F5002EC6EF008F8AA1
:10F5C0003246FD57A303F40293067402A2856244F7
:10F5D000F24017150000130585E205616FF01EEB80
:10F5E000011122CC06CE2A84034585029307F00F31
:10F5F0002E866309F5002EC6EF00CF863246FD57F2
:10F600002304F40293068402A2856244F240171593
:10F610000000130565E105616FF05EE79726FF1FA7
:10F620009386C652F236B7054801ED05BE329A3AC6
:10F63000232CB51CF632232EB51CED452318C51C12
:10F640003356B60A2310C51E13068014231AF51C60
:10F650002319E51CB3D7B70A231BD51C3357C70A98
:10F66000B3D6C60A2312F51E2313D51E2311E51E99
:10F670002307F50482808346651405478357651E7A
:10F680006390E6029387C7FB1147B3C7E7020357AE
:10F69000451EB3C70708B357F70A2307F50482804E
:10F6A000938707FB2147D5B78357051D0356C51D13
:10F6B0000357E51D8356851D3356F60A8357251DCE
:10F6C0008355651D41113357F70A8357451D13189C
:10F6D000B02806C6B3D6F60A8357A51DB3D7B70A16
:10F6E00083250510B3F5050181ED85659385858436
:10F6F0003357B70AB3D7B70A33470708B3C7070862
:10F700008355051E1376F60F93F6F60F6396C50222
:10F710008355251E6392E5028355451E639ED500E1
:10F720008355651E639AF500230E0506EFF0BFF4BE
:10F730000945B240410182808545230EB50623105C
:10F74000C51E2311E51E2312D51E2313F51EEFF04F
:10F750009FF20145F9BF0357651D8357A51D411150
:10F7600006C6B3D7E70A0567130787846379F700EE
:10F77000832605101316B028F18E91E2BA8703573D
:10F78000651E6307F7002313F51E8547230EF50654
:10F790000357251D8357E51DB3D7E70A05671307F0
:10F7A00087846379F700832605101316B028F18E3D
:10F7B00091E2BA870357251E6307F7002311F51E50
:10F7C0008547230EF506EFF01FEBB24001454101DE
:10F7D00082800357A5049547723DB307F702363D73
:10F7E00093D53740635BB600118F0E073347D702BE
:10F7F000B34707082314F5048280B3C7D702B3C701
:10F800000708CDBF832745110D469306F00F9823B7
:10F810000D8B58B56313C700B42374B99823418B7B
:10F8200038A99C337CA982805C25CD9B5CA5828015
:10F830008327451158259C23935637408987B58FD8
:10F84000858B91C71347870058A5014582800545E0
:10F8500082808327451158259C23935627408D8706
:10F86000B58F858B91E71347470058A501458280E6
:10F87000054582808327450E85072322F50E91E7F3
:10F880008327850E85072324F50E8327850E93F79E
:10F89000070891C785472322F50E2324050E8347C9
:10F8A000A50293F7070491CF8357050403578504F6
:10F8B000BA972313F5048327450A93F7F7BF23224A
:10F8C000F50A82808327C50E85072326F50E91E76A
:10F8D0008327050F85072328F50E8327050F93F748
:10F8E000070891C785472326F50E2328050E834771
:10F8F000A50213F7070409C793E707022305F502DA
:10F9000082809727FF1F83A7A72D0145054791E315
:10F910008280B4376393E60005059C43CDBF411157
:10F9200022C491452A84014526C206C69724FF1F9A
:10F930009384C421EF008F9703D7C40A231BA40428
:10F94000854763F9E7060357641E8357241E17256E
:10F95000FF1F0355E5EE37460F00BA979387875789
:10F96000B3A5A7021306062481463305F502EF204E
:10F970003107835704040357E4058355840503A323
:10F9800044091D8F3307B70283270409054693886E
:10F99000F5FF130E80023E97637E16013308C603FF
:10F9A0009A87FD563A9889C7631BF4001C4081EB87
:10F9B000231BC404B240224492444101828083AE9E
:10F9C000C7086398BE0083A60709B306D840B3F6FC
:10F9D000B60263E4A6009C43F9B7090675BF41115E
:10F9E00026C29724FF1F9384641603D7C40A06C651
:10F9F00022C4854763F1E7060357651E8357251E1A
:10FA00002A841725FF1F0355A5E3BA9793878757C5
:10FA1000B3A5A70237460F00130606248146330517
:10FA2000F502EF20E17B0346540583A8440985468F
:10FA30007D161303800263F0C602338766028327B4
:10FA40000409FD553E97C68789C7631BF4001C4017
:10FA500081EB231BD404B2402244924441018280B2
:10FA600003AEC7080328C408631A0E0103A80709D8
:10FA7000B305E84063640701B305074163E4A500EB
:10FA80009C43D9B7850645BF797156CA972AFF1F8F
:10FA9000938ACA0B163D03D6CA0A9727FF1F93877E
:10FAA00067D922D44ECE52CC83D9C70003AA87008F
:10FAB00006D626D24AD05AC85EC662C466C28547F8
:10FAC000032785082A84850663F5C710B3863603A5
:10FAD00093070032014993860619B3D6F60236978A
:10FAE000BA846364D70063644701B3044741835712
:10FAF000641E0355241E37460F00232894083E95A4
:10FB000013058557B3253503130606248146130BC9
:10FB10000032814B3385A902EF20816C2A8C83ACA3
:10FB20004A09814A8146130600645A85DE85EF2022
:10FB3000216B3387A400E687FD56A1EBB3855903FB
:10FB4000130600648146B3BA590313850532B335F1
:10FB5000B500D695EF20C168AA9433B5A400A68756
:10FB60006314A90063E44401B3874441B2502328DD
:10FB7000F408225492540259F249624AD24A424B42
:10FB8000B24B224C924C45618280639487009C4327
:10FB9000D5D783A5C7080326C408639AC50003A662
:10FBA0000709B306E6406364C700B306C74063E4D1
:10FBB00086019C4359B7B3073B0133B767013E8BBE
:10FBC00083477403850ABA9B8607FD17E3ECFAF4B2
:10FBD000B5B78347750393B7270093C71700B69748
:10FBE000B38737039306003293870719B3D7D70239
:10FBF0003E97BA866364F70063644701B3064741E2
:10FC0000B687ADB79727FF1F938747F483D6C70AF8
:10FC1000411126C206C622C40547AA846377D700CD
:10FC200003A44709A28789EB01EC238E0400B240AC
:10FC30002244924441018280D83F75FB9C43E5B742
:10FC400063149400004075D03C34C1E70327C40816
:10FC500083A7C408630FF706D82C93070008631620
:10FC6000F7043E3C8A241946239AF406239BF406A3
:10FC70005E3C93050008239DF4047E3C239EF4041F
:10FC8000EF50407C8547DCBCDC2C93F7F707DCACFD
:10FC9000130584062244B240924431469305F00F86
:10FCA00041011723FE1F670043AABE3C0A241946E0
:10FCB000231AF406231BF406DE3C93050008231DDB
:10FCC000F404FE3C231EF404EF50C07789475CBC6B
:10FCD000C1B7004091BF1727FF1F130727E78356BF
:10FCE000C70A411126C206C622C48547AA8463FFFB
:10FCF000D71683278510898B638A071683274709C0
:10FD0000BE85BDE503D6441E01447D581306260278
:10FD100005862D067D55ADE3630004103C343A3C66
:10FD2000C5E78947231CE404A30AF4040357040627
:10FD3000835704042285BA97C1071D8B998F231F0F
:10FD4000F4045E3C231DF4047E3C231EF404EFF017
:10FD50001FBD8327440A93E717002322F40A85472F
:10FD60005CA88D475CBCB240224492444101828031
:10FD7000D83D75FB8C4171B7639497009C43C9DFF4
:10FD800083A6070903A7040963E2E6023387E64076
:10FD900083A6C40863F4E6003377D7026376A7002E
:10FDA0003A856373C700BE859C43B5B7158F83A69C
:10FDB000C70863F4E6003377D702E37707FF3A8892
:10FDC000E374C7FE3E84CDB7BE3CB3F7E702C1FF84
:10FDD0009D46994763F5E60005839307370005675D
:10FDE000231AF406130707C88A07B3C7E70A231BB9
:10FDF000F4065E3C0A241306C002231DF4047E3C74
:10FE000093050008231EF404C9475CBC2244B24099
:10FE1000924441016F500063B1C9BA3CBE3DB3F793
:10FE2000E702A9E78387C40163D207049D46994787
:10FE300063F5E6000583930737000567239AF40608
:10FE4000130707C88A07B3C7E70A239BF406DE3CFB
:10FE50008A241306C002239DF404FE3C9305000887
:10FE6000239EF404CD47DCBCEF50C05D238E04001C
:10FE7000DDBD411122C406C61724FF1F1304849B55
:10FE80001C288DCF9387C1B7984319EB1844972648
:10FE9000FF1F23A1E6D61727FE1F1307E73E98C3CF
:10FEA00088431727FF1F232107D49720FE1FE780D1
:10FEB00020EC5C402244B240410182875A24035620
:10FEC000650823AE01B69727FF1F23AF07D033067F
:10FED000E60237470F009306F7231307072483270B
:10FEE0000509AA8536963356E6021727FF1F0347F2
:10FEF000F7903A9663E3C7022244B24003A7C508CD
:10FF00003386C740938695021725FE1F1305453299
:10FF100041011733FE1F6700C37F1844BA97E9BF3A
:10FF200001114EC6938901B883A7090026CA4AC8A1
:10FF300006CE22CCAA841729FF1F1309A98FB5CF9B
:10FF40001727FF1F035747CB85476318F70603574B
:10FF5000C90003546508832705093304E4023747C1
:10FF60000F009306F7231307072436943354E40253
:10FF700063E487083384874083A781A982976361FC
:10FF8000A408B307A44003A4090063CF07061727FA
:10FF9000FF1F0347B78605836378F70637450F00D1
:10FFA000998F13050524B3B5A7020356C9008146EE
:10FFB0003385A702EF20C1220294930700FBFCA423
:10FFC000814501459720FE1FE780A0BA83470901BC
:10FFD00095CF03A5C1B79727FF1F23A707C0972079
:10FFE000FE1FE780E0D8624483274900F240D244F4
:10FFF0004249B2490561828703278900BA979DBFAC
:020000022000DC
:10000000832789003E94B5BF01457DB7624483C50F
:100010009402F240D2444249B24901450561B31508
:10002000B028B3C505081733FE1F6700837E411152
:1000300006C6EF00107519C983278511014581E7B0
:10004000B240410182809C430505D5BF7D55CDBF9F
:10005000411122C426C206C69727FF1F83A707B9EE
:100060002A84AE846396A7009727FF1F23A007B8B2
:100070008327041299C70A24014693050008EF500C
:10008000603C8357440499C70A244D4693051008E1
:10009000EF50403B0A24154693051008EF50803A74
:1000A0002305040023080400230A94041727FF1FD4
:1000B000032787CE95476316F7009727FF1F23ADC9
:1000C00007CCB240224492440145410182803C2544
:1000D0006383073283570508011122CC06CE26CA56
:1000E00085072310F5087C35230C05002A8413F7B7
:1000F000270015E303570504954763FDE72693059D
:10010000E003EFF0FFF4A305A4020945F2406244C6
:10011000D2440561828013F7070221CF93F7F7FDE0
:100120007CB58327050A3835A305050293E7470008
:100130002320F50A8547631EF7023E3D9306204EB5
:1001400003274509B387D702B3D7E7021717FF1F65
:100150000347C76A1307C703BA9703477503B3C7B3
:1001600007082312F5083307D702B3A7E7202311A6
:10017000F5081C38858BE9C78357E4050357040449
:100180006396E7245E3C8355C4050345840223102F
:10019000F406834754056EBC9205A30BF402835703
:1001A0006405F9159714FF1F9384C4681EBC835718
:1001B000A4055EBCEFF04E8B3834231004081E3CBF
:1001C00003568405631A071ADA248C44B387E702BE
:1001D0001307003293870719B3D7E70203270409EF
:1001E000D1073E97BA866364F7006364B700B3062D
:1001F000B7405C3C2328D40832BC81C72285EFF08D
:100200000FFEDA243E3C9306003223110402B3872A
:10021000E70233D6D702B3F7D7029306204E232640
:10022000C408B387D702B3C7E7021EB083570404DC
:100230005EB07C3493E707027CB41C38F99B1CB891
:100240001C38898BA9C78356E41203570404B3876B
:10025000E6409397576063C00718639AE6028147A8
:100260000148232CF41213058413232E041315467E
:10027000930584122AC69710FE1FE78080463245F8
:10028000EF0010781C38A306A412F59B1CB81C388C
:1002900013F707012DC70356C4148356040433070C
:1002A000D6401317576063480712631AD604BD9BE4
:1002B0001CB88347A41499C7898B638807128547A4
:1002C0002303F4148347B41499C7898B63820712FC
:1002D0008547A303F4142285EFF0EFC78347C407D3
:1002E00099C78327040A93E707102320F40A83277A
:1002F000040AA305040293E707202320F40A183810
:100300009377070285CF9727FF1F83A76789D42399
:10031000130680059C57B386C602B697D62F83571F
:100320000404B387F6409397576063C90700835767
:10033000C4146395D7001377F7FD18B88347A40258
:1003400093F7070485CB03576404835704046313AE
:10035000F70218289307A0046314F70085471CA828
:1003600083278410C18B99C78327440A93E70740EA
:100370002322F40A014559BB0347E418218B11CF0E
:1003800083560404035704192E3C158F3307B70214
:100390003347C702BA962318D4189DC7DA248C4471
:1003A000B307F7021307003293870719B3D7E702A1
:1003B000032704093E97BA866364F7006364B700B5
:1003C000B306B7402328D40832BC25BD998F939734
:1003D0005760E3D707E6930580022285EFF05FC7F9
:1003E000A305A4021305800215B323030414D9BD89
:1003F000A3030414CDB50545828005C541119305BD
:10040000200222C406C62A84EFF09FC4FD57A3052C
:10041000A40223080400A303F402B24022444101D1
:100420008280828005C9411122C406C67C352A8497
:100430009305E003898B91C3A145EFF07FC1FD5780
:10044000A305A402230804002304F402B2402244BA
:100450004101828082808327050A797122D406D6E1
:1004600026D24AD04ECE52CC56CA2A846380074246
:1004700013F7270011CBF59B2320F50A0A2519460F
:1004800093050008EF40107C8327040A13F7470008
:1004900051CF8344A402ED9B2320F40A93F7040474
:1004A00091CF83278410C18B99C78327440A93E790
:1004B00007402322F40A2285EFF0AFB13834854794
:1004C000502883562406631AF7743E3C1307204EC7
:1004D000B387E70203274409B3D7E7021717FF1FC3
:1004E0000347C7311307C703BA970347B402B3C71B
:1004F00007082312F40886072311F4089307000461
:1005000019E3930700085CAC09E693E414002305A3
:10051000940299E60A240D4693050008EF40907274
:1005200023110406230A0400A30E04008327040AEF
:1005300013F7870005C30A24DD9B2320F40A154620
:1005400093050008EF4010708347A40293E747002B
:100550002305F4028327040A13F7070131C7BD9B63
:100560002320F40A8347D4040A24214689C7A3061A
:1005700004041306000393051008EF40B06C834792
:10058000C40489CF83278410C18B89CB8355A404ED
:1005900022859205B3C50508EFE07FFB8347A402DF
:1005A00093E717002305F4028327040A13F70704CF
:1005B00005CB0347F40493F7F7FB2320F40AA14784
:1005C00063FAE7003C3499E78327440A93E707017D
:1005D0002322F40A0A24314693051008EF4090665E
:1005E0008327040A13F7070205CF93F7F7FD2320AB
:1005F000F40A3434832784100327C41093F70702C6
:10060000638E0662638807680A2411469305000812
:10061000EF4050638347A40293E717002305F402D9
:100620008327040A13F707101DC30A2493F7F7EF73
:100630002320F40A230E04061D4693050008EF400C
:1006400070608347A40293E717002305F402832711
:10065000040A13F7070801CF0A2493F7F7F72320BA
:10066000F40A1306700593051008EF40B05D832768
:10067000040A13F7072029C393F7F7DF2320F40AAE
:1006800083476414230F0400A29703850718A3016E
:10069000A414EF80301C2301A4142285EFE0BFFDD9
:1006A0000A24314693050008EF40D0598347A4023D
:1006B00093E717002305F4028327040A11677D8F4F
:1006C000630907129397E7489719FF1F83A9894F7A
:1006D0002320F40A638A095283574415116713963D
:1006E00037017D8F4D82630C075A1307C012330602
:1006F000E6029397576063D50700B78725003E96BB
:100700000358040483558415171AFF1F130A8A120D
:10071000832704098326C408832A8A0003554408D2
:1007200001496314B85863E0D758B384D74083575E
:10073000CA00329537460F00B335F50281461306DD
:1007400006243305F502EF10B129B306950033B541
:10075000A6002E95B6846314A90063E45601B38401
:100760005641938A81A983A70A00829763E3A45A1A
:100770003385A4401719FF1F1309C9068347990140
:100780008607637EF55803A7C90D8356CA008357B1
:1007900064152183334707083307D70293060032D5
:1007A000850703268A00B3C70708130707193357BD
:1007B000D702B3069700B68463EEE65C63FCC65CC2
:1007C0002394F90823A0990A0347E414854683C7B4
:1007D00029086311D76493E727002381F9084E8520
:1007E000EF80A0200A241306600293050008EF4062
:1007F00070458327040A09677D8F09C79397D748F7
:100800002320F40A0327040AA167F98FB9C7834597
:1008100004031715FF1F03459533EFF0CEA03E3CB0
:100820001307204E232AA408B387E70233D5A70273
:100830009717FF1F83C787FC9387C7033E9583479E
:10084000A4022312A40893E717002305F4028327C8
:10085000040A9397F7482320F40A8327040A858B18
:1008600091CF8347A40283454405228593E717006F
:100870002305F402EFF0CFFDA305A4028327040AA9
:1008800063D607009397F7492320F40A8307B41728
:100890009DC30307440399463306F74063D6C65801
:1008A0008327440A939747292322F40AED57A30F7D
:1008B000F416A30DE4168347441813F7270049CF15
:1008C000830644030307C41763DBE6000327440AD7
:1008D000131747292322E40A1147A30FE41603073D
:1008E000D417635BD7000327440A13174729232231
:1008F000E40A7157A30FE4160307A4171306F007C1
:10090000630CC7020346741803458418158F131728
:100910004760B306A6406354D75293F6070163902D
:10092000065293F7F7F893E707012302F418835769
:10093000A41885072316F4188357C41891CFFD1700
:10094000B3C707082316F41881EB0A241306000224
:1009500093050008EF40102F3C249DCF83270412FD
:1009600081CF3C2C91EB0A24014693050008EF400F
:10097000702D19E185473CAC8357440491CF8347E0
:10098000140399EB0A244D4693051008EF40902B71
:1009900001E58547A308F4028347E41813F707012C
:1009A00079C38324440ABD9B2307F4188988C5ECC6
:1009B0001828D5476309F70A1C38898BCDE7814988
:1009C00001498D4A130A5002939744608987A29780
:1009D00083C7771913F7340006073397EA00F98FB6
:1009E000630BF700268605458145EF10413EB3E9CC
:1009F000A9003369B9008504E39844FD03278413F3
:100A00008327C413280033773701B3F727013EC685
:100A10003AC4EF00E07E8347541363EEA70003451A
:100A200044037D57854759152C003AC43EC613151B
:100A30004560EF80007503278413A2476317F70012
:100A40000327C413B2476300F70215462C001305B1
:100A500084129710FE1FE780C0C88327440A93E7DB
:100A600027002322F40A8346E418A54713F79600CB
:100A70006314F7040357040483570419636EF702E1
:100A8000B307F7409397576063C807028347F4188A
:100A90001306000A0507B387C702323CDD9A230715
:100AA000D418B3C7C702BA972318F4188327440A87
:100AB000939777292322F40A8347A402E9C7918BED
:100AC00089CF1028C165938505A02285EFE09FADF1
:100AD0008347A402ED9B2305F4028347A402858B80
:100AE0008DC3034574029307F00F6307F500EFE031
:100AF0007EB7FD57A303F4028347A402F99B2305A5
:100B0000F4028347A402898B89CF6E3C034584029B
:100B10009205F915EFE04EF58347A402F59B2305F6
:100B2000F4028347A402A18B99CF6E3C0D46228527
:100B30009205F915B3C50508EFE0DFA68347A402C7
:100B4000DD9B2305F4028347A40213F7070101CFBD
:100B50000345640293F7F7F82305F402EFE09EB033
:100B6000FD572303F4028347A40213F7070201CFC2
:100B70008355A4040345640293F7F7FD2305F402AB
:100B80009205EFE06EEE582C9307F00363F9E7004F
:100B90003834854722856314F72EEFF0CF938357BF
:100BA0000404BDC313074006B3F7E702B1EF83A700
:100BB00041B8898BB1C39714FF1F9384A4C298587E
:100BC00005CF1719FF1F130969F8835709018355CA
:100BD00029012545C207DD8D02979C588355E90000
:100BE000294582979C58831524032D4582979C584C
:100BF00083054403314582979717FF1F239F07F40E
:100C00009717FF1F23AC07F4B25022549254025995
:100C1000F249624AD24A45618280930700045CAC83
:100C200009E693E4140023059402E39D068E0A244A
:100C30000D4693050008EF40F000EDB0137707086C
:100C400019C70327440A131767292322E40AB9C3E3
:100C50008357241D0357241E6313F7028357641D13
:100C60000357641EE302F79A13078014E37EF79894
:100C70008327440A9397B7282322F40A71B21307F3
:100C80008014E37DF7FC8327440A9397B728232237
:100C9000F40AE9B78327440A9397B748F1BFF947A5
:100CA0003306F602B1BCD69749B41307180063F6B1
:100CB00005050D8F3307D70263EFE702B384E740E2
:100CC0008357CA00329537460F00B335F502130635
:100CD000062481463305F502EF108150B3079500D5
:100CE00033B5A7002E95BE846314A900E3EB57A784
:100CF000B3845741BDB4D697D1B7998DB385D5028A
:100D0000AE97BE8463E4B700E3EC57FBB38457416E
:100D100045BF83278A00A6973385A740A1BC83A738
:100D20000A006350050882978347990103268A00C9
:100D300081451397170033A5A720AA876364E500B0
:100D40006364C500B307C54063E99704858F03A7B3
:100D5000C90D0355CA00835664152183334707081C
:100D60003307A70213050032130707193357A702E9
:100D700013851600B3D7E702AA97B3C70708B3864F
:100D8000D7403387E602B306970033B7E600B68450
:100D9000E386E5A2B384C64025B433079640BA97EC
:100DA0007DB782978347990103268A00139717001E
:100DB00033A5A720AA876364E5006364C500B30771
:100DC000C54063E2F404B387F44083A6C90D83559C
:100DD000CA0003576415A182B3C60608B386B602DB
:100DE0009305003293860619B3D6B602B3D7D7025D
:100DF000B307F740B3C707081D8F3307D70263E96E
:100E0000E400998C75BA3387C400B307F74075BF07
:100E1000B294C5BF89466315D70093F7970F75BA8B
:100E2000F59B93E7470055BA998FE3D6F6A8832739
:100E3000440A939747292322F40A95478DBC834699
:100E40005418834564183388B600635BE80013F8D0
:100E500007046317080093F7F7F893E70704F1B462
:100E60002A96E34BC7AC8D8EE3C8E6AC13F70702B6
:100E7000E31407AC93F7F7F893E707027DB4EFE0CC
:100E80007FD831BB411122C406C62A84832784112E
:100E9000CDEB83270412F1E70325041109C5972040
:100EA000FE1FE780C033034574029307F00F63040D
:100EB000F500EFE02EFB034564029307F00F630497
:100EC000F500EFE02EFA034584029307F00F630468
:100ED000F500EFE02EF9034594029307F00F630746
:100EE000F500EFE02EF8FD57A304F4020A24512484
:100EF0009717FF1F938787C503D7C70A1DEF23AE38
:100F000001B61717FF1F0327679323A4E70A971754
:100F1000FF1F83A7A78D95C31715FF1F0325058CFA
:100F200009CD9720FE1FE780802B9717FF1F23A76F
:100F3000078A9717FF1F23A5078AB2402244410161
:100F40008280C84309C59720FE1FE7804029832778
:100F50008411BA27136707F0BAA79C43232CF41017
:100F600035B7C84309C59720FE1FE7804027832770
:100F70000412BA27136707F0BAA79C432320F41280
:100F800009BFAA871715FF1F032585C511E18280B8
:100F90001A25E30EF7FE0841D5BF9716FF1F83C63B
:100FA00056851716FF1F0346E6892A879387160082
:100FB0001715FF1F0325C5C319C293971600920783
:100FC000C166AA97FD166394A70001458280322569
:100FD000E30EE6FEE30CD6FE4105F5B701114EC661
:100FE0009719FF1F938989B683A7490A06CE22CC99
:100FF00026CA4AC852C4ADEB170AFF1F130A8A7EDD
:101000008347FA001717FF1F0347C7831389170089
:1010100019C31399170003D4E9023305F940931457
:1010200049001304140215841604334404083305DC
:10103000A402930540242695334505089720FE1FFA
:10104000E780800D15C10346FA00C16623A2A90AF4
:10105000B3079500938846F53306C940110501474B
:10106000938626F5631AE900F2406244D24442496D
:10107000B249224A05618280637DC700BE853688F9
:10108000A297231305010CC1A30205000507410522
:10109000D1BF81454688F5B7411193053026130528
:1010A000801E06C622C426C29720FE1FE780C00607
:1010B0001306801E81452A849700FE1FE780E068A2
:1010C00001451DC49714FF1F938444A883A64409B7
:1010D000854785CE368712276301F602184365FFE0
:1010E0001EA4B1E722859720FE1FE780400F0A2447
:1010F000B240224492444101828085072167B3C7F0
:101100000708E399E7FC8147E1BF1EA423AA8408EE
:1011100023AC84082396F40AEFF05FEC83A78409DC
:1011200023A007002305040023070400C9B783A7F1
:10113000840980C383D7C40A23AC84088507239617
:10114000F40AE9BF1715FF1F032585AA11CD411128
:1011500006C69720FE1FE7808008B2409717FF1F42
:1011600023A807A8410182809717FF1F23A207A881
:101170008280411122C41714FF1F1304249D83266B
:1011800044092A8706C63685814731C91225631C62
:10119000E6048DEB9C42232AF4089720FE1FE7808B
:1011A00000048327840923A007008357C40A8DE71E
:1011B000EFF05FF99717FF1F23A407A2B240224464
:1011C00041018280032784096315A700232CF408BA
:1011D000E9B7184198C3D1B7FD172316F40A83570E
:1011E000C40AE9FFF1B7AA87084145B771468145AE
:1011F0001715FF1F1305C59E1703FE1F6700E35455
:101200001C3118215421A207D98F3821FD8A93055A
:10121000000242075D8F3C310145E207D98F01474B
:101220003316E0287D8E01C605051375F50F0507F9
:10123000E318B7FE8147214733D6F64801C60505B6
:101240001375F50F8507E399E7FE828001114AC8FF
:101250004EC6032985138329C51322CC26CA52C43E
:1012600006CE2A84A30B0512A30605128144130A95
:10127000500226864A85CE85EF001133058911C5B7
:101280008347D4128507A306F4128504E39344FF31
:10129000F2406244D2444249B249224A0561828006
:1012A0008347651313D737002A97834607139D8B0F
:1012B00033D6F640058A630C0610011122CC06CE07
:1012C0001C392A84898BC1E78327450A898BC1E3AE
:1012D00013058513EFF0DFF20347541383474403EC
:1012E000636DA7087D56FD46138567FF2C0032C449
:1012F00036C613154560EF70D06803268413224765
:101300008326C413B247718FF58F6314E600638A96
:10131000F6002800EFF0DFEEA54763EEA702A30A70
:10132000A4128347E41885E7034664132245B245B7
:10133000EF009127058901CD8327C41093F7070893
:1013400099C78327440A939767292322F40AF24016
:101350006244056182806D15A30AA41215462C0013
:10136000130584129700FE1FE780A0378327440AE5
:1013700093E727002322F40A6DB78345641313858E
:1013800047FF131545609730FE1FE780605B51F9FA
:101390000346641305458145EF007123930704104C
:1013A000985FDC5F15463375A740B3F5B7402AC494
:1013B0002EC6130584122C009700FE1FE7806032B2
:1013C000130704085C5393E727005CD399BFB396D7
:1013D000F6282308D7128280411122C426C206C6ED
:1013E0004AC08347650338392A848507230BF502F1
:1013F0009384C1BA5C25631C074C1439B19B93E7F5
:101400003700130700045CA5A30D050038B99397B6
:10141000466063D8070093F6F60714B9EF30606DA5
:1014200039A88327850A13F7270031C7F59B2324A2
:10143000F50A83270510918B85CFEF108036343C59
:10144000854758246390F60E83278411DC4398A3C4
:10145000832784115838DC4398B3032784119C40B8
:101460005843B2402244B8DF92440249410182808D
:10147000EF102031E9B713F7170019C7F99B2324A0
:10148000F50AEF10802365BF182905466314C724A9
:10149000D5C713F7070119C7BD9B2324F50AEF1021
:1014A000B00F71BF13F7070401CB93F7F7FB2324A9
:1014B000F50AEF10A03361B713F7070801CB93F7D4
:1014C000F7F72324F50AEF10C03E95BF13F7071076
:1014D00009CB93F7F7EF2324F50A2285EF10C056C6
:1014E000B9BF13F7074001CB93F7F7BF2324F50AE1
:1014F000EF202003A9B71317B0287D8F01CB939756
:10150000B7482324F50AEF10C06315BF09677D8F24
:1015100001CB9397D7482324F50AEF10407005B705
:101520002324050A83270411582498A38327041130
:10153000583898B39C400327041125B78327450AE0
:10154000638D073613F7070119C7BD9B2322F50AE0
:10155000EF10E07FEDB513F7070401CB93F7F7FB2E
:101560002322F50AEF10A01BD9BD13F707200DCBDE
:10157000CD8A639806188327451A89EF8327440A82
:101580002322041A228593F7F7DF2322F40AEF10AF
:10159000F00975B59710FE1FE78000A065F145B50D
:1015A00013F7170019CBCD8A639D0614F99B2322EC
:1015B000F50A2285EF00907E59B513F7270011CB6D
:1015C000CD8A63900614F59B2322F50AEF10406D37
:1015D000BDB513F7074001CB93F7F7BF2322F50AF8
:1015E000EF10401EA9BD1317B0287D8F01CB939734
:1015F000B7482322F50AEF10C02091B513F7070270
:101600000DC39710FE1FE7802099E30A05E28327A8
:10161000440A228593F7F7FD2322F40AEF10E00B2A
:1016200039BD13F7870001CBDD9B2322F50A228504
:10163000EF10105D29B563DD07009397F74923226A
:10164000F50A8327050A93E727002320F50AD9BD69
:1016500005677D8F11CBCD8ACDE69397C7482322AE
:10166000F50AEF10A02DE1BB09677D8F11C7939795
:10167000D7482322F50A95B541677D8F01CB939713
:1016800007492322F50AEF10300E55BB3707020039
:101690007D8F01CB939717492322F50AEF106048FD
:1016A00079BB370710007D8F01CB939747492322E1
:1016B000F50AEF10A05161B3370740007D8F01CBD1
:1016C000939767492322F50AEF10C05A8DBB232256
:1016D000050A89BD1DC79307700563E7E7069307F1
:1016E000600363E2E7029307100363ECE7009307EC
:1016F000500263EBE702E9476302F714F54763051D
:10170000F714228521BB130797FC1377F70F930774
:101710000002E3E8E7FE974601009386A6383347C8
:10172000D7201C43B69782871307A7FD1377F70FBF
:10173000AD47E3E8E7FC974601009386E63E334772
:10174000D7201C43B69782879307200763E6E704F8
:101750009307000763ECE700930760066306F7163C
:1017600063EAE70093071006E31DF7F82285EF30E0
:101770004038A1A8130767F91377F70F0549E3620B
:10178000E9F8EF3000378327040A230824019397F0
:10179000B7282320F40A65B193076007E305F7D65D
:1017A00093076008E31FF7F4EF10604739A88347F9
:1017B000B50279476391E70283270510918B89CBA6
:1017C000BD472306F502EF00D07D85471CA885B9EB
:1017D000EF00307BDDBF0549639B27018357450739
:1017E00003576507BA978587231CF504D9B3EF30F3
:1017F00040308327040A2308240193E7270023208D
:10180000F40A35B90347B502F947631DF700EF0045
:10181000507785471CA88347A40293E71700230548
:10182000F40231B983574407035764072285BA97F6
:101830008587231CF404EF007056F1BFEF00D061E0
:10184000D947230AF404E5BE2285EF30802A832796
:10185000040A2308040093E717002320F40AC5B6FE
:10186000EF00306AE9BE8547A306F5049305C50A73
:1018700041461305C50C9700FE1FE78080E645BB77
:101880008D472306F5042322050E2324050E232667
:10189000050E2328050EEF00906055B6EF30602549
:1018A0001C38DD9B1CB88327040A93E7070123201B
:1018B000F40A21BFEF00907309BF9700FE1FE78075
:1018C000A06DE30E05B635BDEF10B045FDBD1707A1
:1018D000FF1F1307A7271E2B85071EAB8DB6797137
:1018E0004ECE9709FF1F9389692622D403A4C90904
:1018F00052CC56CA5AC8370A0300370B0082B70ABF
:1019000000F926D24AD05EC606D662C466C217095E
:10191000FF1F1309A9469384C1BA930B8A157D1B37
:10192000FD1A7C241307100C639EE7189C40984313
:101930000D8B1DC3238801A8B84B1377F78FB8CB45
:1019400098431367870098C39C4393D7374889C748
:1019500001000100010001009707FF1F83C787EE08
:1019600089E79710FE1FE780C08B9040938CC1B928
:1019700003A70C00930780077CD2238801A85C573B
:10198000138CC1BBF19B93E717005CD783472414EA
:1019900054579395476093F7F703B3F66601E6074C
:1019A000D58F5CD79306A00383270C0063D0B606BF
:1019B000F44FB7050007CD8EF4CF83268409228526
:1019C00014C78326C40954C3544293E6160054C274
:1019D000D457F59AD4D7834664131C4393F6F6077D
:1019E00093F707F8D58F1CC3EFF01F9F5C38C5C76E
:1019F0008347C404898BC5C3A2850545EF70804623
:101A00001DCD9730FE1FE7808000ADA39306200216
:101A100063D8B600F44FB7050005B3F6560161BFB1
:101A2000E94663D8B600F44FB7050003B3F6560194
:101A300059B7F44FB3F6560193968629B5BF03A75D
:101A40000C00B70633001C4393F7F7CF1CC31C43AD
:101A500093F7F7CF93E707201CC303270C001C471D
:101A6000D58F1CC79C4013078A27B8CB9307000863
:101A70002326F9009707FF1F23AE07305038834510
:101A80006414930730FC7CA4110601459710FE1FD7
:101A9000E780804279B503A70C00B70633001C43EA
:101AA00093F7F7CF1CC31C4393F7F7CF93E70720B7
:101AB0001CC303270C001C47D58F1CC79C40130771
:101AC0008A2565B71307400C6392E7508327C90046
:101AD000858B6380074C8327C90093F7070889CF5C
:101AE0000347641393573700A29783C607131D8BD0
:101AF0003397E6482388E7127C3413F7270019EB65
:101B000093E72700130700F858AC7CB49707FF1F32
:101B100023AE070C03254411130624039305440345
:101B20009710FE1FE780C02403D76904834744034E
:101B3000232CA900998F230AF40283278901858B1E
:101B4000639307368347A402A30C04002310040800
:101B500093E727002305F4022285EFD07FCD29EDFE
:101B600083278411A30904009DCF383C0DCF9837FB
:101B7000058B15EBBA27C843136707F0BAA7971070
:101B8000FE1FE780C0658357440485072312F404D1
:101B9000832784119C43232CF4108327441A81C784
:101BA000FD172322F41A5C3881CB8347C404898B48
:101BB00081C72285EFD01FCC83278901898B638F52
:101BC000070E8347C404858B638A070E1C3C850778
:101BD0001CBC22859707FF1F23A8071A9700FE1F2A
:101BE000E780005885476311F5302285EFF0CFFE7E
:101BF0008347C404898B6381072C5C38638E072A72
:101C0000A2850545EF700026E31D05DE03A7C1B9D7
:101C10001C43B706330093F7F7CF1CC31C4393F75D
:101C2000F7CF93E707201CC303A7C1BB1C47D58F81
:101C30001CC7B707030003A7C1BA938787273CCB0C
:101C40004C380345641491059710FE1FE780201C53
:101C500083A7C1B998431317772998C3D857719BA5
:101C6000D8D7930730FC7CA49707FF1F83C787BD95
:101C7000A1E3832704128DCF7834058B15CBD44391
:101C8000D0278C270A248906EFA0C03B15E18327C3
:101C90000412BA27A3840700136707F0BAA79C436E
:101CA0002320F4128357240481C7FD172311F40461
:101CB00050388345641409451106C9BB2285EFD00D
:101CC0005FB9E31805F02285EFD0DFB31C3813F7B6
:101CD000870021CB782831C7743805461387B6FFB3
:101CE0001377F70F637FE60245476369D70037270D
:101CF000020011073357D700058B05E79307D00380
:101D0000230AF404930770021CA88347C404858B3C
:101D1000E38107EC7C28E38E07EA2285EFD09FBAA7
:101D20004DBD54340D47639FE6027C381307A00273
:101D3000637FF7007C381D47E389E7FCA306F402C4
:101D40008327840A93E717002324F40A7DBF1747EB
:101D50000100130727EAB3C7E7209C432285829737
:101D600071F965B7383805EF1828C1466318D700F0
:101D700093E717001CB885471CA815A0D546631526
:101D8000D70093E72700FDB7F1466314D7028327F6
:101D9000040A2308040093E717002320F40A7C2890
:101DA000ADD722859700FE1FE780802EE31305E262
:101DB000A9BF930690056315D70A0347A41421CB46
:101DC00083466414B316D0286306D70093E707014F
:101DD0001CB821A80346B4142DEA7C2C99C783278C
:101DE000040A93E707202320F40A058B8357641E17
:101DF00025C7938707FB2147B3C7E7020357441E54
:101E0000B3C70708B357F70A2307F404ADB703466F
:101E1000B41411EA7C2CA5D38327040A93E7072086
:101E20002320F40A89BF8346741493E70701B3168D
:101E3000D028E391C6F47C2C99C78327040A93E742
:101E400007202320F40A05DB4DB783467414B3162C
:101E5000D028E39DC6F6C5B79387C7FB114769BF76
:101E6000930770066316F70203A7C1B93C57ED9BB1
:101E70003CD79707FF1F238407F2371700401E2F18
:101E8000C607C5831EAF5C2493F7F7FD5CA4E5B5D8
:101E900093075009E315F7F08347E41893E74700E9
:101EA0002307F418C9BD1C2C85071CAC83D7E90097
:101EB00085072397F90031BB03A7C1B91C43B706B7
:101EC000330093F7F7CF1CC31C4393F7F7CF93E787
:101ED00007201CC303A7C1BB1C47D58F1CC79C4050
:101EE00013078A25B8CBA9BB9730FE1FE78020B225
:101EF0009707FF1F83C7079595EF832704129DCB94
:101F00007834058B05CBD443D0278C270A24890647
:101F1000EFA0401305E183270412BA27136707F0E7
:101F2000BAA79C432320F4128357240481C7FD17CA
:101F30002311F4042285EFE00FD21C3C85C73D47F6
:101F40006379F7009305D0032285EFE06F90A30536
:101F5000A4029707FF1F83A7E78B89C79545130541
:101F6000600882971C2C99C783C7290581C72285E1
:101F7000EFF00FB322852254B25092540259F24925
:101F8000624AD24A424BB24B224C924C45616FD0CE
:101F90003FF99C40FC53E39607989730FE1FE7807B
:101FA00000A78327C90093F7070891C783D72901A2
:101FB00085072399F9002285EFE0EFC98327C9003F
:101FC00093F70708C5DBEFD09EB579BF1307300C38
:101FD000E399E7A283278900858BF9CF9707FF1F35
:101FE00023A207DA8327040A858B85C79730FE1F53
:101FF000E780E0A103457402EFD0CEE683454405B7
:10200000FD57A303F4022285EFE08F84A305A40209
:1020100095B78355041E0356241E03457414910579
:10202000B3C505089710FE1FE78060028347C4040C
:10203000938CC1B9138CC1BB858BA1CBA285014503
:10204000EF60506803A70C00B70633001C4393F7FA
:10205000F7CF1CC31C4393F7F7CF93E707201CC3AC
:1020600003270C001C47D58F1CC79C4013078A17F9
:10207000B8CB0356041E930740FC83457414110625
:102080007CA405453346060811B403A70C00B70627
:1020900033001C4393F7F7CF1CC31C4393F7F7CFD0
:1020A00093E707201CC303270C001C47D58F1CC7D0
:1020B0009C4023A8770575BF9C40FC53E39307869B
:1020C00089B2011106CE22CC26CA4AC84EC6970450
:1020D000FF1F9384A4A7BC3097F9FE1F93898975CD
:1020E00003D7C900A307F5023E3D130900322A8435
:1020F000B387E70237460F00130606248146814561
:10210000B3D727032326F5081305C0123305A7020A
:10211000EF00010D2312A4082285EFD0FF9603D70C
:10212000C9003E3C9306204E2285B387E702B3F7F1
:102130002703B387D702B3C7E7021EB0835744080B
:1021400086072311F408EFD06FCD2285EFD06FE81A
:102150006E3C22859205F915B3C50508EFD04FC82E
:102160002285EFF0AF8EE147A30AF41283A741B8AE
:1021700023A0840A898B85C397F4FE1F9384846609
:102180009C5891CB83258409354582979C5883259B
:10219000C4093945829722856244F240D2444249BB
:1021A000B2499707FF1F239A079A9707FF1F23A794
:1021B000079A05616FD0FFCB411126C206C622C423
:1021C000AA84EFE01FDC19C52A842685EFD03FE6FC
:1021D0002322A41AB2402244924441018280411138
:1021E00026C206C622C44AC0EFE01FEBAA8431C94A
:1021F000EFE03FD92A8463000516C1473EA5930747
:1022000000FB7CA585471CA917F9FE1F1309895DF2
:1022100083570901130740109305D0249507130530
:102220000004B3C70708B3D7E70A33F5A70A971026
:10223000FE1FE78060EE2328A41019E90A24EFE0CE
:102240005FF3B240224402492685924441018280D4
:102250009707FF1F83A747B6232AF4109707FF1F8E
:102260009387C78E83A6470D03A7070D232ED40E91
:102270009433232CE40E89E61377F7F3232CE40E32
:10228000BA3F8326C40F0326840F2312E4142326A7
:10229000D41003C7A7048346E4022324C410A30474
:1022A000E41693E616FC0327440A2307D40283A608
:1022B000870C136607042322C40A3706000223137F
:1022C0000414F18E89C6136707052322E40A83C725
:1022D000270599C78327440A939767292322F40A7D
:1022E000FD572310F4047EB02304F402856793871E
:1022F00087BB2315F4042285EFD00FD30345490192
:102300002301A414EF60B04ED147A303F418930740
:102310008002A302F4189307C04E231CF4169307FF
:10232000F007230DF416F5779387A7EB231EF41619
:102330008327C40FA301A4142300A418A300A41886
:1023400093F7070881C785472307F4189707FF1FEE
:1023500023920780FDB58544EDB5411106C6EF50C7
:102360000049EFE0207AB24097F7FFFF9387675765
:1023700023A4F1B841018280782989476304F700DA
:10238000054582808327451113070004BC33A3054C
:10239000F5021C2993F6B70F6396E60093075004E5
:1023A0001CA90DA0130750056390E7028327050AB7
:1023B00093E707202320F50A85471CA91C3993E7DA
:1023C00007F81CB901458280130750066395E700A2
:1023D0009307A006F1B713075008639BE7008547F2
:1023E0001CA98347A50293E717002305F502F9B757
:1023F000383559F7130700026386E70013073002E8
:102400006395E7009307600261BF1307A007E39994
:10241000E7F6930710F869B778298D4683274511A9
:102420006311D706D423A305D502BC336392E70218
:102430003C35A1EB1C29130700026386E700130754
:1024400030026395E700930760021CA90145828072
:102450007D476364F70235476375F702C91793F741
:10246000F70F4547636FF700173701001307C76E73
:10247000B3C7E7209C43BA97828713073002638B68
:10248000E706054582801C291307000493F7B70F60
:10249000E39EE7FA930750044DBF18299307000302
:1024A000E311F7FE854755B7182993070005CDBFFF
:1024B000182993075005E316F7FC8327050A93E7CD
:1024C00007202320F50A85471CA91C3993E707F844
:1024D0001CB9ADBF182993075006E314F7FA930708
:1024E000A006A5B718299307A007E31CF7F89307E0
:1024F00010F8A1BF182993075008E314F7F885478F
:102500001CA98347A50293E717002305F50275BFB1
:10251000782989476304F7000545828083274511A0
:1025200017F7FE1F130787620346A704BC33034750
:10253000970493F6F7019983636AD70003478516DA
:10254000218B09C73357F640058B0DE76947B31751
:10255000F028F18F2306E5028D8B1307000291E32B
:1025600079478327850AA305E50293E727002324FB
:10257000F50A5DB718292307F516A306D516854772
:102580006317F700930760061CA901458280832723
:10259000850A93E707402324F50AC5BFB1475CB914
:1025A00083270511C5CB0947A30AE5048356E50532
:1025B000035705048355050663E7E60013865500B7
:1025C000998E6343D60297F6FE1F83D6E6620D48C6
:1025D00011466365D800850613F6F60F2E9721077E
:1025E000A30AC504231FE5042381070003475505FB
:1025F000B8B303476505035685058356A505D8A3DB
:1026000003576505F0A394A72183D8B31357860019
:10261000F8B313D7860098B70357C50593558700BD
:10262000ACB78345E505B8A7CCA78355E505A181DF
:10263000CCB72E3D81476399C500523D6316D60045
:102640007E3D998F93B717002311F506C1471CA94A
:10265000014582800545828083270511094758B9C5
:1026600099CFB8A303474505B8B38347A50293E7BD
:1026700087002305F502F1471CA9014582801D450D
:10268000828085475CB98327051181CB1547B8A3A4
:102690009307B0021CA901458280054582808547C9
:1026A0005CB98327051181CB1947B8A39307D002E2
:1026B0001CA9014582800545828089475CB9832732
:1026C000051191CB1D47B8A3832705110347D502F8
:1026D0000145B8B382800545828085475CB9832770
:1026E000051191CF2947B8A38347A50293E7470077
:1026F0002305F502930750031CA901458280054577
:10270000828085475CB98327051181CB2D47B8A30B
:10271000930770031CA90145828005458280994773
:102720005CB9832705113147B8A317F7FE1F1307BC
:10273000E741562BB4B3742BD4A3762BA182D4B328
:10274000142FF4A3183FF8B38347E50213F70704E7
:1027500001CF9307A0031CA98347E50293F7F7076E
:102760002307F50201458280858BFDD78327050A63
:10277000A30505022307050293E707042320F50AB2
:10278000E1BF89475CB98327051191CB3547B8A3D1
:10279000832705110347B5020145B8B3828005457B
:1027A00082808D475CB98327051199CB4547B8A333
:1027B0000347C502B8B30347B5020145D8A38280D9
:1027C0000545828085475CB98327051191CF49472C
:1027D000B8A39307A0041CA98347A50293E7470069
:1027E0002305F502014582800545828085475CB955
:1027F0008327051189C74D47B8A301458280054548
:10280000828083270511C5C7254758B95147B8A30A
:102810000347051D8356251DB8B30347151DD4B3C3
:10282000D8A313D78600F8A30347451DF8B3034781
:10283000551D98A70357651D13568700B0A798B775
:102840008345751409466383C50203260510931555
:10285000B0286D8E01EE056613068684B3D6C60ACF
:10286000D4B333C6060893568600F4A30346651412
:1028700089466303D602832605101316B028F18E0D
:1028800081EE8566938686843357D70A98B7B34618
:10289000070813D78600B8A78347A50293E7470028
:1028A0002305F502930700051CA901458280054513
:1028B000828083270511C9C3254758B95547B8A356
:1028C0000347051D0356251D8566B8B30347151D2F
:1028D000938686843356D60AD8A30347451DB3454D
:1028E0000608F8B30347551D98A70357651DD0B3D5
:1028F00013D685003357D70A98B7B346070813D7BE
:102900008600F0A3B8A78347C507A305050299C7AA
:102910008327050A93E707102320F50A8327450A32
:102920001317B0287D8F09C79397B7482322F50A5C
:1029300085471CA901458280054582800327051132
:102940008D475CB9D9473CA38346451434B38347CC
:102950005514918A5CA30357651EA1C69306F034F3
:10296000814763FDE600930787E80357851405CB8D
:102970008587938757FD8D87B3C707080357451E83
:10298000B357F70A2307F5048347A50293E74700E7
:102990002305F502930750051CA9014582808D8708
:1029A000C9BF858B89CB130707FBA1473347F702C4
:1029B000B3470708E1B71307C7FB9147C5BF032714
:1029C00005118D475CB9DD473CA3834745143CB3F3
:1029D0008346551454A30347B514F98F93F6470063
:1029E0000357651EA1C69306F034814763FDE600D8
:1029F000930787E80357851405CB8587938757FD91
:102A00008D87B3C707080357451EB357F70A230737
:102A1000F504930780051CA98347A50293E74700A7
:102A20002305F502014582808D87C9BF858B89CB3F
:102A3000130707FBA1473347F702B3470708E1B77E
:102A40001307C7FB9147C5BF95475CB9835705047A
:102A500003270511E146A107B3C707082316F5149C
:102A600034A38346A51434B30346B514A302070068
:102A70002303070050A383258514416663F3C50033
:102A800081475CB3A1837CA393F746000357651E7F
:102A900095CF9306F034814763FDE600930787E8FE
:102AA0000357851415C38587938757FD8D87B3C753
:102AB00007080357451EB357F70A2307F504930782
:102AC00090051CA9014582808D87F9BF858A89CA36
:102AD000130707FBA1473347F702B3470708D1BFE6
:102AE0001307C7FB9147C5BF032705118D475CB985
:102AF000E5473CA38346751483476514B317F02854
:102B0000B397D7283CB3834715145CA38347A5022A
:102B100093E747002305F502930700061CA901452A
:102B2000828089475CB9832705117547B8A317F7D9
:102B3000FE1F0347D701B8B3930750071CA90145EF
:102B4000828089475CB9832705117947B8A3034779
:102B5000F502B8B38327050A9397F7282320F50ACF
:102B600085471CA90145828017F7FE1F03274703ED
:102B70005C2393068005B387D702145703270511FA
:102B8000BE96A5475CB9930700023CA30356651E99
:102B90008357251EB297D05A9387C712B3F7C70A37
:102BA0003CB313D68700C18350A35CB39C5E7CA367
:102BB00013D68700C18370B31CA7DC2E1CB7DC3E84
:102BC0003CA79307C0071CA90145828091475CB9C7
:102BD0008327051113073002B8A303472517118B6C
:102BE0001DC7034745177D173317E028B8B30147C2
:102BF000D8A303473514D8B38347A50293E747000A
:102C00002305F502930750F81CA90145828003476C
:102C100075143317E028B8B30307F517D1BF03279E
:102C2000051195475CB9930740023CA38306351410
:102C300083079517958F93B7170086073CB3030654
:102C400085176315D60093E717003CB30306751785
:102C500050A38347651754B37CA383472517858BFF
:102C600081CB19C68327050A939707292320F50AE4
:102C70000145828091475CB98327051113078002C3
:102C8000B8A317F7FE1F034787F1B8B32947D8A3A6
:102C900013072003D8B3930750F91CA9014582807C
:102CA000411126C28324051106C622C4A1475CB97E
:102CB000A1C483570504035705062A84930585128A
:102CC000BA97A9072317F5128547BCA013853400CE
:102CD000154697F0FD1FE780C0A08347E412014529
:102CE0009CA48357E412A1839CB4D5471CA8B2408E
:102CF00022449244410182800545D5BF411126C23C
:102D00008324051106C622C4B5475CB99DCC914702
:102D10002A84BCA09305451C21461385340097F0F6
:102D2000FD1FE780009C1385B40011469305C41C69
:102D300097F0FD1FE780E09A930720021CA8014549
:102D4000B24022449244410182800545D5BFA54747
:102D50005CB9832705119DCF411122C406C62147C6
:102D6000B8A32A84032505119305840F21460D0578
:102D700097F0FD1FE780E0968347A402014593E7A3
:102D800047002305F402930700031CA8B240224425
:102D9000410182800545828083270511A9C3411125
:102DA00022C406C6254758B9B8A32A8403250511AD
:102DB0009305840F21460D0597F0FD1FE780609273
:102DC0008327040AA3050402014593E70702232091
:102DD000F40A85471CA8B24022444101828005457F
:102DE0008280A5475CB9832705119DCF411122C47C
:102DF00006C63947B8A32A84032505119305840F15
:102E000021460D0597F0FD1FE780A08D8347A402A2
:102E1000014593E747002305F402930700031CA82C
:102E2000B24022444101828005458280411122C482
:102E300006C6E1472A845CB90325051141C9BD478F
:102E40003CA18347440739053146A30AF5FE834771
:102E5000540793058406230BF5FE83476407A30BF1
:102E6000F5FE83576407A183230CF5FE8347A40571
:102E7000A30CF5FE8357A405A183230DF5FE83471C
:102E8000C405A30DF5FE8347D405230EF5FE835735
:102E90004406A30EF5FE83476406230FF5FE835711
:102EA0006406A183A30FF5FE97F0FD1FE780608302
:102EB0008347A402014593E747002305F4029307E3
:102EC00000041CA8B2402244410182800545DDBFB8
:102ED000411122C406C6E1472A845CB903250511C5
:102EE00051C1C1473CA18347440739053146A30A74
:102EF000F5FE8347540793058406230BF5FE8347AD
:102F00006407A30BF5FE83576407A183230CF5FE2A
:102F10008347A405A30CF5FE8357A405A183230DC5
:102F2000F5FE8347C405A30DF5FE8347D405230EA4
:102F3000F5FE83574406A30EF5FE83476406230F70
:102F4000F5FE83576406A183A30FF5FE97E0FD1FEE
:102F5000E7802079930740041CA80145B240224431
:102F6000410182800545DDBF011122CC26CA4EC633
:102F700006CE4AC8930730025CB993070510804B10
:102F80007147AA8438A00347051583A9070638B0FE
:102F90000347151558A06389091C832705090325D4
:102FA000C50817F7FE1F1307E78863E1A71A3385E3
:102FB000A74083A7090A63EEA7183385A740B74740
:102FC0000F0093870724B335F50252278146330556
:102FD000F502EFF0E020B7C703000967938747FCCD
:102FE0007D1763FBA7169307C012B357F502F98F3D
:102FF0000547B3C707085CB01607A183D98F1389AB
:1030000009087CA08327C90519469385690DA1830A
:103010007CB033C70708935787001CA48347090374
:103020001305D4011CB4834719033CA48347290327
:103030003CB4834739035CA4032749035C347D8B8C
:10304000819BD98F5CB403C7F90D93F7F70FFD8B04
:103050001607D98F5CB4834749017CA48347590183
:103060007CB4834769011CA8834779011CB8834756
:1030700089013CA8834799013CB88347A9015CA812
:1030800083D789089386170033C70608218354B86D
:1030900078A803C7040478B803C714041CBCA18330
:1030A00018AC3CAC83C7F40203C7490D9607D98F0F
:1030B00003C7590D1207D98F3CBC83C7C90DFD1733
:1030C000B317F0285CAC97E0FD1FE780806183C7F1
:1030D000090EA9C71307B002D8B81307A00238A079
:1030E00003470904A302E402034719042303E4028B
:1030F00003472904A303E40203473904A304F402A9
:103100002304E40283C7190E2305F40283C7290EA2
:10311000A305F40283C7390E2306F40223A0041684
:10312000138704081C5301459397F7291CD383C7C1
:103130000404A301F40283C714042302F402F2403E
:103140006244D2444249B249056182801447B6972D
:10315000B9BD1447B69795B5F947B357F502F98F3E
:10316000B3C70708014741BD032945160545E308D4
:1031700009FC83A7040903A5C40817E7FE1F13076A
:10318000676B63EEA7143385A7408327890963EB38
:10319000A7143385A740B7470F0093870724B3359B
:1031A000F502522781463305F502EFF06003B7C7F9
:1031B00003000967938747FC7D1763F8A7129307FD
:1031C000C012B357F502F98F0547B3C707085CB0C3
:1031D0001607A183D98F7CA08347690819469305F8
:1031E00069037CB0835769081305D401A1831CA42B
:1031F0008347090A1CB48347190A3CA48347290A58
:103200003CB48347390A5CA40327490A5C347D8BAC
:10321000819BD98F5CB483C7F402583496077D8BA9
:103220005D8F58B40347C90878A40347D90878B418
:103230000347E90818A80347F90818B8034709091C
:1032400038A80347190938B80347290958A803576C
:1032500089089356870058B874A883C604047D175C
:1032600074B883C6140418BC14ACB346070813D74B
:10327000860038AC0347F907D98F03475903120773
:10328000D98F3CBC83470908B317F0285CAC97E0A2
:10329000FD1FE78000458327C90A9DCF1307B002B1
:1032A000D8B81307A00238A09823A302E4029833E9
:1032B0002303E402B823A303E402B8332304E402A3
:1032C000D823A304E402D8332305E402F823A3059A
:1032D000E402FC332306F40223A2041691B514473A
:1032E000B69755B51447B6976DB5F947B357F5027C
:1032F000F98FB3C707080147D9BD411106C6AD47CD
:103300005CB9832705111307900293057519B8A3BB
:1033100013853700294697E0FD1FE780803CB240C7
:1033200001454101828083254511411122C426C2F5
:1033300006C6DC21B8312A84A207D98F0565138718
:10334000A7FF9306A5C7F9443347070863E4E60AD5
:10335000F821D431130505C82207558FF944636B52
:10336000E5086369F7089025F4312206558E930627
:10337000301F63E1C608B42503C89500A206B3E672
:1033800006016369D50613051600334505083305A4
:10339000F50213983600635F0505A83519C1636B04
:1033A000A7040358A4038144639C0701631AF70030
:1033B0000358C4036316C800663C958C93B414008C
:1033C000231DC4042312A406231AF406231BE406B7
:1033D000231ED404DC35D8253146A207D98F231308
:1033E000F406B9051305840697E0FD1FE780602FFA
:1033F00091475CBCB24022442685924441018280C0
:1034000079714AD00329051106D622D426D24ECE90
:1034100052CCDD475CB9630409108D472301F900E4
:103420002A84EFB01EDA9304541B2AC4EFB07ED96D
:1034300021462C002AC6268597E0FD1FE780602ADA
:103440008347741B0347641B9309D41BA2074207DD
:10345000BA970347841BBA970347541B6207BA976E
:103460002324F40C0347A41B8347B41B4207A20781
:10347000BA970347C41BBA970347941B6207BA97CE
:103480002322F40CEFB0FED32AC411462C004E8543
:1034900097E0FD1FE780E0248347E41B0347D41B2C
:1034A0002146A207D98F0347F41B9305B41A1305CD
:1034B000390042075D8F8347041CE207D98F232E12
:1034C000F40C97E0FD1FE780C0218347441B0347AE
:1034D000341B21462306F900A305E900A685130540
:1034E000D90097E0FD1FE780C01F13055901114661
:1034F000CE8597E0FD1FE780C01E8347A4020145EB
:1035000093E747002305F402930700021CA8B2507A
:10351000225492540259F249624A4561828005451B
:10352000FDB7411122C406C685475CB98345D5164F
:103530002A84032705110345E51685469317650080
:10354000CD8F3CA3ED473CB35C240346C41693E700
:1035500007025CA4EF501036930770061CA8B24017
:103560002244014541018280832745111303000E47
:10357000CC23B433A205D58D938655FEB3C6060879
:103580006361D306F023D43311682206558E930667
:1035900086EB13088814B3C606086364D80494271E
:1035A00083C87700A206B3E61601938856FEB3C817
:1035B00008086368130383C89700BC27A207B3E712
:1035C0001701938887EBB3C80808636C1801231CA4
:1035D000B51C231DC51C231ED51C231FF51C6FC045
:1035E000AF8C05458280AA87283505476310E50A18
:1035F000F42B3147639DE60803A747113433A38AB0
:10360000D70454335023A206D18E239BD7046C33A6
:103610007423A205D58D239CB704103714272206E6
:10362000558E239DC70434372827A206C98E239EB2
:10363000D704482758372207498FAA3F239FE7041A
:1036400001476319B500CE3F6396C500FA3F158F59
:10365000133717002391E706982B930600046300A5
:10366000D702930640046314D700054798AB983BF4
:103670009546D4BF136717F898BB0145828003C7EE
:10368000A702136717002385E702C5B705458280A7
:1036900078298947631BF70083274511BC33230A28
:1036A000F504F5471CA9014582801D4582802A87C3
:1036B00028353DE5742BB5476394F606142B930724
:1036C0000002639FF6048327471193050708D4334C
:1036D000D023A2064206B296F023B296B033620619
:1036E000B296B4C194379027A2064206B296B0278C
:1036F000B296F0336206B296D4DDD027B4372206F4
:10370000558ED437FC27C206D18EE207D58FBCD1A7
:103710001C3B93E787001CBB930730021CAB8280E5
:10372000054582803835AA8719EF68290547631C4B
:10373000E500942B130730026398E6001307C002DC
:1037400098AB0145828005458280AA876829054794
:103750006318E502982B9306B0026319D70013078C
:10376000E00298ABA3850702014582809306D00250
:103770006319D7001307E002A385070298ABEDB7E2
:1037800005458280782989476315F706E947A3052F
:10379000F502832745113947BC336390E7021829A6
:1037A000930700036317F7048327050A93E70702CB
:1037B0002320F50A85471CA979A0C51793F7F70FB1
:1037C00051476368F702172701001307673DB3C726
:1037D000E7209C43BA978287832785101829F59B99
:1037E0002324F510930700046315F7009307600482
:1037F0001CA90145828018299307A004E31BF7FE4A
:1038000085471CA98347A50293E717002305F50206
:103810001C3993E707F81CB983270510C18BF1FB0E
:1038200083278510BD9B2324F510E1B71829930742
:103830000005E310F7FC85471CA98327050A93E7D9
:1038400007102320F50A1C3993E707F81CB955B770
:10385000182993075005E31EF7F88327050A93E715
:103860000720B9B7182993075006E314F7F8832700
:10387000050A9397B7282DBF182993075007E31A15
:10388000F7F68327050A9397F7281DB7182993079A
:103890005008E310F7F685471CA98347A50293E774
:1038A00017002305F50245B7AA8728350547631D8C
:1038B000E500F82B631BA700982B6318A7001307DC
:1038C000600398AB0145828005458280AA876829FC
:1038D0000547631EE504982B930670036314D70213
:1038E00003C7A702238607049376070499C61377B4
:1038F000F7FB136707012385E7021307800398ABE3
:1039000001458280930650036314D7021307800396
:1039100098AB03C7A7022386070493760704EDD26A
:103920001377F7FB136707012385E702D1BF05452E
:103930008280782999476315F70883274511B833A2
:10394000A307E504D833D4232207558F2318E504B1
:10395000F823FC331429A207D98F2319F504130780
:10396000A0038347E5026392E604858B99CB832706
:10397000050AA30505022307050293E70704232090
:10398000F50A8347A50293E717002305F50285474B
:103990001CA91C3993E707F81CB98347E50293F784
:1039A000F7FB2307F5020145828093974760E3D236
:1039B00007FE8327450A93E707042322F50AD1BFB0
:1039C00005458280AA87682905476310E50403A797
:1039D0008710418B05CF982B6317A7001307B004FE
:1039E00098AB014582809306A0046319D70003C7F2
:1039F000A70288AB136717002385E70203A7870A8E
:103A00001367070423A4E70AE9BF05458280AA8754
:103A1000682905476310E502942B1307A004639CF3
:103A2000E60003C7A70288AB01451367170023858B
:103A3000E70282800545828078298D476315F71A51
:103A40001C39832645118D8B89EB0C2921479387DF
:103A500005FC93F7F70F6361F702D9472306F502D8
:103A60009307A002A305F5028327850A93E72700A1
:103A70002324F50A014582803C35639A0714930795
:103A800050056398F500D9472306F50293073002E5
:103A9000D1BF97E7FE1F9387670BD02203C7A70309
:103AA00083C7B703718F2305E514B432F58F8346BE
:103AB0006514A305F514B318D02863141701230562
:103AC0000514034675143318C02863940701A30531
:103AD00005148347A5140347B514E9CF45CB93F6E6
:103AE00027009DCA1376270039C693072020231587
:103AF000F5148347A5146394F80023050514834740
:103B0000B5146314F800A30505148547639CF50AF2
:103B1000930760051CA9B9BF13F647001DE6858B06
:103B2000B9E785472305F51493772700B9CB894773
:103B3000A305F5147DBF13F6470015C213764700A1
:103B400001EE858B8DEB8947F1BF1376470009E6BF
:103B5000858B95E39147F9B79307404049BF858B23
:103B6000FDD393771700E5D39307101049B79376E9
:103B70001700FDFA45BF93771700FDF79147E1F66F
:103B800055B7118B85474DD791475DB733D6C740A1
:103B9000058A01C623050515A9BF13F7270009C724
:103BA00089472305F514B1B7918B99C39147D5BFC8
:103BB0008547C5BF1DDFB356D740858AB5D6A30557
:103BC000151505BF8327850A93E7071055B5854767
:103BD0006396F500DC22A305F5141DBF8327850A33
:103BE00093E7072071B50545828074290D47AA87A0
:103BF000639CE61414291307500505456397E614E2
:103C0000A8376313051483C6471403C7571403A6C4
:103C1000471133F8E6004C22631E08006396B60095
:103C2000034836006308E80023950714130770055E
:103C300098AB8280ED8E2385D7143032718F03C606
:103C40006714A385E714B318C0286394160123856D
:103C5000071483C577143318B02863140701A385AC
:103C6000071403C7A71483C6B71479C7D5C2137640
:103C700027000DC693F52600A9C113072020239520
:103C8000E71403C7A7146394E8002385071403C748
:103C9000B714E31DE8F8A385071449BF93754700DF
:103CA0009DE5058B39E705472385E71413F72600C3
:103CB00039CB0947A385E714E9B79375470095C148
:103CC00093F5460081ED058B0DEB0947F1BF93F5A8
:103CD000460089E5058B15E31147F9B71307404006
:103CE00079BF058B7DD313F7160065D3130710102A
:103CF00079B713F616007DFA45BF13F716007DF766
:103D0000114761F655B7918A0547CDD611475DB782
:103D1000B355B740858981C5238507159DB793762F
:103D2000270089C609472385E714A1BF118B19C352
:103D30001147D5BF0547C5BFA9D633D6C640058AAA
:103D400035D6A385171535BF05458280AA87283546
:103D500005476317E506F42B15476394E606982B91
:103D6000930650056306D70093068005631BD704AE
:103D700003C7A70283A54711136717002385E7022E
:103D8000D0211147636BC702B4316368D7021307B0
:103D9000F6FF1388F6FF718F3378D8003367070179
:103DA00009EFF821C8312385C7142207498F2396CC
:103DB000E714A385D7141305A00588AB01458280BD
:103DC00005458280AA87283509EDF42B0D47639AB3
:103DD000E600942B05476396E6001307100698ABA0
:103DE000828005458280782989476317F7028327F7
:103DF00045111829BC332308F50285476317F700DE
:103E0000930760071CA9014582808327850A939741
:103E1000B7282324F50AC5BF05458280782989473C
:103E2000631AF7021829930750076313F7028327D1
:103E30004511BC332308F5028327050A9397F72819
:103E40002320F50A85471CA91C3993E707F81CB9FC
:103E5000014582800545828074291547AA8705455A
:103E60006390E60C942B130750080545639AE60A05
:103E700003A747113433A38AD71683064700A38FBD
:103E8000D71603065700238DC7167823238FE7160E
:103E900003C7271793754700A5C98946A389D71675
:103EA00083A6070A6D9B2389E7169396062923A00C
:103EB000D70A03C747189376170099CE9306F007E1
:103EC0006306D600136727002382E71803A7070AB3
:103ED0001317172923A0E70A17E7FE1F034737C761
:103EE000A387E70203C747030145A38DE7160547EC
:103EF00098AB03C7A702136717002385E702983B17
:103F0000136707F898BB8280098B45D7DDD203A7DA
:103F1000070AA389A7161317072923A0E70A51BF89
:103F20008280782995476311F70A03274511BD461A
:103F30003C3363E0F60697E6FE1F83C6F6C4FD8EAB
:103F4000A9CA742313F61700230DD516830657004C
:103F5000A30FD51639C2814711A085478507230ACB
:103F6000F5165C23A30AF5168347251713F74700B8
:103F70001DCF0947A309E5160327050AED9B230971
:103F8000F516131707292320E50A83474503A30DD8
:103F9000F516014582808947D1B713D6174855FEDB
:103FA00013D627486DFA8D87CDDF8D4745BF898BA6
:103FB000E9DFE1DE8547A309F5168327050A939714
:103FC00007292320F50AD1B70545828074291147B6
:103FD000AA870545639EE608B0370547054563197E
:103FE000E60883A64711A8326364A602D822130804
:103FF00010099305B7FF93F5F50F636BB800CC324A
:104000009386B5FF93F6F60F6364D80063F1E5027B
:104010007947A385E702130780022386E70203A7F7
:10402000870A1367270023A4E70A0145828083A635
:10403000C71093F60608F5DA83C6E7186316C502BB
:1040400093E616002387D7189306000AA387E7187C
:104050003307D702B63F3347D70283D60704850616
:1040600036972398E718D1B7D99A2387D71875BF01
:10407000828078299307B0026319F71C8357051EC5
:10408000411126C206C622C44AC09306A002AA84D1
:1040900063F3F61A17E9FE1F0329C9B20545630D3C
:1040A00009188327C901B98B6398071803A4441121
:1040B00019465C2C1387F7FF9375F70F636DB616DF
:1040C0007D8F631A071603C7E4146306071690284A
:1040D000130700046313E60203A7040AA385D402AE
:1040E0001367470023A0E40A1307200798A803C713
:1040F000A402136717002385E40293D717488507A6
:10410000230EF90C3C3C19469305D40113F7F70034
:10411000230AE90C93D747481305690DA30AF90C44
:1041200097D0FD1FE780E05B5C349583A30FF90C0B
:1041300078301C243438A30EE90C7834230FF90CA2
:104140007C242207A2065D8F1C28C207D98F18384D
:1041500062075D8F93070908D8CB3828D98E582875
:104160004207558F98CF382414342207558F3434A2
:10417000C206D98E58246207558F543498DBFD8AC5
:10418000D4DB03476402834654022207558F8346DB
:104190007402C206D98E034784026207558FB8C3E2
:1041A000834794022300F90E8347A402A300F90E6B
:1041B0008347B4022301F90E8347C402A301F90E19
:1041C0005C203830A207D98F2399F4147C20583012
:1041D000FD8BA207D98F7820239AF41493760702D7
:1041E00081CA1377070439EF9397E728239AF414C9
:1041F0007C285838A207D98F239BF4141C2C7838BC
:10420000A207D98F239CF4143C2C183CA207D98F09
:10421000239DF4148347440203473402A207D98F35
:10422000239EF41483A7040A9397E72823A0F40A93
:10423000930710079CA80145B240224492440249CA
:10424000410182807177D98F55B7054582807829E1
:10425000AD476318F702411106C68347E518832569
:104260004511294693E707012307F5188D05130526
:10427000751997D0FD1FE780C046B2400145410146
:10428000828005458280782993073002631EF718E3
:104290000357051E411126C206C622C44AC0930711
:1042A0002002AA8463F8E71617E9FE1F0329899103
:1042B0000545630209168327C901B98B639D07145D
:1042C00003A4441199465C2C1387F7FF1376F70F6C
:1042D00063E2C6147D8F631F071203C7E414630BE8
:1042E00007129428130700046395E6021307A0023F
:1042F000A385E40203A7040A1367470023A0E40A86
:104300001307200798A803C7A40213671700238583
:10431000E40293D717488507230EF90C3C3C194655
:104320009305D40113F7F700230AE90C93D7474804
:104330001305690DA30AF90C97D0FD1FE780603AB9
:104340005C349583A30FF90C1C247830230FF90CEF
:104350007C34A30EE90C7824A207D98F18284207D1
:104360005D8F1C38E207D98F3838232AF9083C289A
:1043700022075D8F5C28C207D98F232CF9083C24C3
:104380001834A207D98F383442075D8F5C24E207C6
:10439000D98F58342328F90A7D8B232AE90A5C2017
:1043A0003830A207D98F2399F4147C205830FD8B24
:1043B000A207D98F7820239AF4149376070281CA32
:1043C0001377070439EF9397E728239AF4147C288E
:1043D0005838A207D98F239BF4141C2C7838A207D5
:1043E000D98F239CF4143C2C183CA207D98F239D11
:1043F000F4148347440203473402A207D98F239E53
:10440000F41483A7040A9397E72823A0F40A9307D8
:1044100010079CA80145B240224492440249410140
:1044200082807177D98F55B7054582807829E14719
:104430006319F70C03278510411122C406C626C252
:10444000098B2A84854719CF2435639CF404EFE057
:104450009FED1C28A305A402639C970093071004FA
:104460001CA88147B240224492443E85410182808B
:1044700013070004639CE700930710041CA88347FC
:10448000A40293E717002305F402E1BF8327040A7F
:1044900093E727002320F40A1C3893E707F81CB899
:1044A000C9B718390D8B19CF9307A002A305F402E1
:1044B000BD472306F4028327840A93E727002324B9
:1044C000F40A45B718296317F700EFE0DFE5A30505
:1044D000A40269B793060002631ED700EFE0BFE4B1
:1044E000A305A4023DFD8327440A9397F7292322BD
:1044F000F40A85BF93060004E316D7F6930730024B
:1045000075B785473E858280411106C622C426C202
:104510004AC00349B500631B09067829A5472A84C8
:104520006316F7068327850FA18BADC3930405108F
:10453000CC48214626858D0597D0FD1FE780601A5F
:104540009C40373778081307070D13060408D98FE6
:10455000385ED4407D8F7C5E93E6060198C4F58F6B
:10456000DCC418288547631CF700930710031CA8B8
:10457000B240224492444A85024941018280832705
:10458000840A93E707012324F40ADDB70549CDB770
:1045900041114AC006C622C426C27829A54705494A
:1045A0006311F7061829930700032A840549631A43
:1045B000F70493040510CC48214626858D0597D035
:1045C000FD1FE78000129840B73778089387070DE2
:1045D0005D8F93070408B45FD040F98EF85F1366CF
:1045E000060194C4718FD8C4A305040298531367BD
:1045F000070298D31C3823082401014993E707F8E0
:104600001CB8B240224492444A850249410182804A
:10461000411122C406C626C22A842835854763185C
:10462000F5067828A5476318F7041C28639AA704A1
:1046300093040410CC48214626858D0597D0FD1F94
:10464000E780200A9C40373778081307070D1306C8
:104650000408D98F385ED4407D8F7C5E93E60601D6
:1046600098C4F58FDCC4930710031CA81C380145BF
:1046700093E707F81CB8B24022449244410182807B
:104680008327840A93E707012324F40AC5B7054565
:10469000DDB7411122C406C626C22A8428358547C3
:1046A0006311F5047828A1476318F70283244411A5
:1046B0001305841215469385340097D0FD1FE780BB
:1046C00040029C3498240145A207D98F2317F41285
:1046D0001C3893E727F81CB8B240224492444101A9
:1046E00082800545D5BF011122CC06CE26CA4AC814
:1046F0002A8428358547631CF5107828DD47631226
:10470000F7108324441121461305B41A938534000D
:1047100097D0FD1FE780E0FCB834DC24A309E41A3D
:10472000230AF41AEFA0FEA92AC4EFA09EA92AC664
:1047300021462C001305441C97D0FD1FE78060FA2A
:10474000FC34F8241305C41CA2074207BA97982822
:1047500011462C00BA97D8346207BA972324F40C78
:10476000BC38B828A2074207BA97D828BA97983811
:104770006207BA972322F40C0347541C8347641C36
:104780004207A207BA970347741CBA970347441C11
:104790006207BA972320F40C0347941C8347A41C98
:1047A0004207A207BA970347B41CBA970347841C71
:1047B0006207BA97232EF40AA2473747030013076C
:1047C000D73FB387E70237A72600130737ECBA971E
:1047D0003EC497D0FD1FE780C0F0FC28D8380145C3
:1047E000A207D98FF83842075D8F9C2CE207D98F3A
:1047F000232EF40C8327C41C2320F40E93071002ED
:104800001CA8F2406244D2444249056182800545B9
:10481000CDBF78299147631DF712411126C2832429
:10482000451122C406C6BC302A8481CB1387F7FF0A
:104830007D8F01E73D476376F70293070002A305EA
:10484000F402930730022306F4028327840A93E7D5
:1048500027002324F40AB240224492440145410136
:104860008280D4301307E0076387E60013F7170050
:1048700021C3814721A0F947D9B785478507230A76
:10488000F41683874400C9C303053414A30BF4163C
:104890003307F5001375F50F6356F002830794177D
:1048A00063D6E702898FA30BF4160DA08947F9B7E9
:1048B00013D7174879F313D727486DFB8D87F1D3AA
:1048C0008D476DBF83078417E34EF7FC834774174A
:1048D0003E9513154560EF40E0772301A414EF40A7
:1048E000007103473414A301A4143307E540A30B5C
:1048F000E416EF402076834744170347341423011E
:10490000A414A297A38FE716830744038306C41752
:10491000014763D5F600958F13F7F70F230BE416C5
:10492000DC300547230DF4161C286396E700930737
:1049300060F81CA80DB7130750086396E700FD57F1
:10494000230BF416EDB78327840A9397D72811B762
:10495000054582807829A547631AF704411122C4CE
:1049600006C61429130700052A8485476394E602C6
:10497000EFE09FBF0DE58327040AA305040293E738
:1049800007102320F40A1C3893E707F81CB8854762
:104990001CA88147B24022443E8541018280834762
:1049A000A40293E717002305F402F1BF85473E8573
:1049B00082807829A5476309F7000545828005456F
:1049C000B24022444101828083278510411122C4D4
:1049D00006C693F707022A84FDD3EFE0FFB88547A8
:1049E000E30FF5FC18286317F700930710051CA8C0
:1049F0000145F9B78327840A93E707082324F40ABB
:104A0000C5BF05458280411106C622C426C2243591
:104A1000F9E07829E1472A84631FF70A18299307E8
:104A20000004631AF70A8325451105659306A5C797
:104A3000D821BC3122075D8F9307A7FFB3C70708B2
:104A400063E2F608FC21D431130505C8A207D58F0F
:104A5000636AF50663E8E7069025F4312206558E71
:104A60009306301F63E0C606B42503C89500A2066E
:104A7000B3E606016368D50413051600334505083F
:104A80003305E50213983600634EA802A83519C114
:104A900063EAA702231DC4042312A406231AE40612
:104AA000231BF406231ED404DC35D8253146A20787
:104AB000D98F2313F406B9051305840697D0FD1F7B
:104AC000E78020C2930770041CA8B24022442685C8
:104AD0009244410182808544CDBF054582800545D1
:104AE0008280054582800545828005458280054596
:104AF00082805C25A30A0500F19B93E717005CA563
:104B0000032505111335150082800145828041116E
:104B100006C6EFC00FC7B2401335150006054101A8
:104B200082806FF0DFFE411106C6EFC08FC505C160
:104B30000357C5058356A5050356650783554507E5
:104B40000A25EF7040520145B2404101828009457B
:104B5000E5BF01111375F50F06CEEFA06FD129C97E
:104B600097D7FE1F83A7070C93F707209DC302C4A6
:104B700002C202C08148014881470147814605467B
:104B800081451305C003EF70804E0145F240056179
:104B900082808346D5031307E50302C0814801489C
:104BA0008147054681451305C003EF70E049F1BF19
:104BB0000945E9BF97D7FE1F938747F903A7C708A1
:104BC000094529CB83A7870D011106CE93F707204E
:104BD0008DC302C402C202C0814801488147014717
:104BE000814601468145EF708048F24001450561EC
:104BF0008280835807020358A7018357070583461D
:104C00005707014602C01307670781450945EF7042
:104C1000A043E1BF8280011106CE22CCEFC06FB667
:104C200025CD303505472A8497D7FE1F938707F295
:104C30006312E604F853094515CB03460403834683
:104C400057048358E4030358C4033E3C0E24034531
:104C5000B4021307670432C00546EF70E03E7C34AF
:104C6000A3050402014593E717007CB4F2406244B7
:104C70000561828003A7C70809456DDB8346570796
:104C80008358E4030358C4033E3C0E240345B40296
:104C90001307670702C0D1B70945C9BF397106DEDE
:104CA00022DC26DAEFC0EFAD71C938352A8497D7F8
:104CB000FE1F9387A7E92DEBE4530945ADC01946C4
:104CC0008145081097D0FD1FE78020A8194681452F
:104CD000281097D0FD1FE78040A7C167FD178358B4
:104CE000A40383C6540430340E240345B4023EC8E2
:104CF0009C2413088102138764043EC6834704037F
:104D00003EC47E3C3EC25E3C3EC01C10EF70A038EC
:104D10007C34A3050402014593E717007CB4F250EC
:104D20006254D25421618280A45F0945EDD81946AE
:104D30008145081097D0FD1FE78020A119468145C5
:104D4000281097D0FD1FE78040A083D7240D8358FB
:104D5000A40383C6540530340E240345B4023EC870
:104D60009307F00F3EC602C47E3C130881021387EE
:104D700064053EC25E3C3EC01C1049BF094545B7B4
:104D8000397106DE22DC26DA4AD8EFC08F9F630F26
:104D90000514343505472A8497D7FE1F938707DB10
:104DA000639AE60AE4530945C1C083C7440419461F
:104DB000898BC9C38C58BC25B5CFB105280897D0BD
:104DC000FD1FE780009283C75404138964041946C9
:104DD000898BA5CBCA85081097D0FD1FE78060900E
:104DE0008C5819469105281097D0FD1FE780608FD9
:104DF000834704038358A40383C6540430340E2429
:104E00000345B4023EC47E3C1308010238103EC282
:104E10005E3C3EC03C08EF7080257C34A305040254
:104E2000014593E717007CB4F2506254D2544259C2
:104E3000216182808145280897D0FD1FE780E0909E
:104E400059B78145081097D0FD1FE780009019469B
:104E5000CA8551BF83A4C7080945F9D483C744064E
:104E60001946898BB9CF93856406280897D0FD1F12
:104E7000E780208783C74407138964071946898B15
:104E8000A1CBCA85081097D0FD1FE780808583A538
:104E9000440819462810910597D0FD1FE7806084CB
:104EA00083A74408BC3393E72700A38AF4068358FA
:104EB000A40383C6540730340E240345B40202C44D
:104EC00099B78145280897D0FD1FE78000885DB716
:104ED0000810814597D0FD1FE78020871946CA85B5
:104EE000281097C0FD1FE780C07FD1B709452DBFAF
:104EF000797122D426D206D6AA84EFC08F8817D41F
:104F0000FE1F032424CC39C5AA8709451DCC83D7AD
:104F1000271519469305640D7C8685477C87835742
:104F2000440D13052101A3040100FC80648597C092
:104F3000FD1FE780007B8327C40D28003ECC83271C
:104F4000040E3ECEEF70A01B0145B2502254925485
:104F5000456182800945D5BF011122CC06CE2A8445
:104F6000EFC02F823DC18347B502034745176083D9
:104F7000DC8283473517D8845C8495EF83477517A7
:104F8000030795175C86830735145C85631CF7005F
:104F90008947DC854800EF7060160145F2406244A5
:104FA00005618280030785176314F7008547D5B72D
:104FB000A3050100C5B78347A5175C85834755172F
:104FC000DC858347F5175C86F1B70945C1BF011140
:104FD00022CC06CE2A84EFB0DFFA29C58307A517B5
:104FE000C084218040851307F0076389E7020347E7
:104FF0004503998FDC858347451813F707010DE3B7
:1050000093F7070293B71700850728005C86EF70B7
:10501000C00E0145F240624405618280FD57DC8587
:105020008147E5B70945FDB7797122D426D206D666
:10503000AA84EFB01FF517D4FE1F0324A4B821C51E
:10504000AA87094505CC83D7271519469305640D12
:10505000FC808547FC818357440D13056101A3063D
:105060000100FC82648797C0FD1FE780806783276B
:10507000C40D68003ECEEF7000080145B2502254C6
:105080009254456182800945D5BF411106C6EFB0F3
:105090005FEF11C9834505140A25EF7080050145AE
:1050A000B240410182800945E5BF9375F50F0111BA
:1050B0002E8506CE22CC2EC6EF909FFB05C18346DF
:1050C00005072A84B245082D0546EF700002014508
:1050D000230C0400F2406244056182800945DDBF73
:1050E000411106C6EF702000B240014541018280A7
:1050F000411122C406C617D4FE1F0324A4AC0945DF
:1051000009CC0355240DEF60D07D0325C40C930713
:10511000F00F2319F40C11E50145B240224441017E
:10512000828097E0FD1FE780800BA304040CEDB79D
:1051300097D7FE1F83A707A999CB41111385070DA8
:1051400006C6EF60D079B240014541018280094531
:105150008280411106C622C4EFB0BFE205C9834672
:105160007514034665140E252A840345B502850689
:10517000050693F6F60F1376F60FEF6030740145CF
:10518000A3050402B2402244410182800945DDBFEB
:10519000411106C6EFB0FFDE05C10357251E835639
:1051A000051E0356651E8355451E0A25EF60F06BEC
:1051B0000145B240410182800945E5BF411106C663
:1051C00022C4EFB01FDC15C52A840357C5058356DA
:1051D000A50503566507835545070A25EF607068E6
:1051E0001C38014593E747001CB8B24022444101F6
:1051F00082800945DDBF411106C6EFB09FD805C1C9
:105200008347451B0346351B9305B51A0A25A2079C
:105210005D8EEF60D0640145B24041018280094556
:10522000E5BF411106C622C4EFB0BFD505C10E25AA
:105230002A84130605100345B502EF60106201458C
:10524000A3050402B2402244410182800945DDBF2A
:10525000411106C622C4EFB0DFD205C50357C5050C
:105260008356A505035685050E252A840345B502F8
:10527000EF60705E0145A3050402B2402244410183
:1052800082800945DDBF014582800145828001455C
:1052900082800145828001458280014582800145EE
:1052A00082800145828001458280014582800145DE
:1052B00082800145828001458280014582800145CE
:1052C00082800145828001458280014582800145BE
:1052D000828001458280411106C622C418219306AE
:1052E0000008AA876313D70218319306C002054548
:1052F00063E3E604971601009386869A3347D72026
:10530000AA231843029701453DA0930610080545BE
:105310006313D7029833E9466309D71063E5E604BF
:10532000B1466303D70E63ECE60095466304D706E7
:10533000A146630AD70AB240224441018280CD4689
:10534000E31BD7FEAA23EFB0DFC32A8429C9035683
:10535000450419C60E250545EF60F04D23120404DF
:10536000A30804024DB7930670056309D70C930692
:10537000F00FE30AD7F893060003E31ED7FAAA2337
:10538000EFB03FC02A8401CD0E250345B502EF6082
:10539000104B85A8AA23EFB0DFBE2A8419E1094586
:1053A00059BF032785110DC7835745048507B3C728
:1053B000070818433E868507B3C707087DFB2312FD
:1053C000C40419C60E240545EF60F04623120404F8
:1053D0000345B402034644050E24EF609044228541
:1053E000EFB05FAA0DB7AA23EFB0BFB92A8445D9A1
:1053F0000346C5040E250345B5023336C000EF60F1
:105400009042A305040201B7AA23EFB09FB72A84F4
:1054100059D503572505835605050346F5040E2582
:105420000345B502EF607040E9BFAA23EFB07FB536
:105430003DD50345B502EF605040F1B5AA23EF60BA
:105440005040D1B5011122CC37E400E026CA044017
:105450004AC84EC652C406CEB70720002A892E8AF3
:10546000B289FD8C2320F4180F100000114597C05D
:10547000FD1FE780E0171DC523004501A30035018E
:1054800023112501232094106244F240D244424962
:10549000B249224AAA8517C5FE1F03455532056148
:1054A0006F90FEC723209410F2406244D2444249D8
:1054B000B249224A11450561828041114AC037E94B
:1054C00000E026C28324090006C622C4B7072000D4
:1054D000FD8C2320F9180F100000EFB09FAA11E9EE
:1054E000232099100945B2402244924402494101C7
:1054F000828083270512230D05002A84A9CF7834E2
:105500000A25058B11EF0A24014693050008EFF0E8
:105510007FF329C5B7E700E023A097100145E1B765
:10552000D443D0278C278906EF60D03115E183273B
:105530000412BA27A3840700136707F0BAA79C4395
:105540002320F4128357240481C7FD172311F40488
:1055500083270412CDFB231104046DBF85473CACA7
:1055600055BF411122C406C62A8497C7FE1F83A7D0
:10557000276A89E7B2402244410182806384870020
:10558000DC5FC5BF3C2499C79305C4001305A40183
:10559000EFA060093C28F9DF930544011305A4023C
:1055A0002244B24041016FA00008AA862E86AA8537
:1055B000170500001305C5006F905EED411126C26E
:1055C00097C4FE1F9384845883A7440C22C406C644
:1055D0002A8491E7B240224492444101828063844C
:1055E0008700DC5FFDB73C2499C79305C400130511
:1055F000A401EFA040033C2899C79305440113057B
:10560000A402EFA0400222852244CC58B24092442A
:1056100041016FF09FF901114AC817C9FE1F130914
:10562000E95222CC0324490C26CA4EC652C456C2A3
:1056300006CEAA84014A93094500854A65E0930590
:1056400020251305000497E0FD1FE780E0AC2A84C5
:105650001D4545CCBC3019469385440013054400D4
:105660003CB097C0FD1FE780C007938AA401414664
:105670008145568597C0FD1FE780602079E1930939
:10568000A401D68541464E8597C0FD1FE780C01B0B
:1056900085473CA43C309305C4004E8593E7270022
:1056A0003CB4EF9050789384A4024146814526850E
:1056B00097C0FD1FE780A01C41E99307A402A685BF
:1056C0003E854146BE8497C0FD1FE780E0178547B1
:1056D0003CA83C3093054401268593E727003CB85D
:1056E000EF907074A3000400832549032285EFF036
:1056F000DFEB631E0A042322890C232E0402834756
:10570000090C014585072300F90CF2406244D2449C
:105710004249B249224A924A056182803830BC30FF
:105720006305F700228A405C11BF4146CE85130510
:10573000440097C0FD1FE780600CE31555FF494505
:10574000E9B72305040085B72309040061BF232EB0
:105750008A0265B7411122C426C206C64AC017C4D0
:10576000FE1F0324E44AFD5419ECB240224497C7BB
:10577000FE1F23AF074897C7FE1F2389074892449F
:105780000249410182800820EF90DEED0329C40325
:1057900004A0228597E0FD1FE78060A44A84E9B752
:1057A00097C7FE1F9387873A2380070C23A2070C15
:1057B0006F90307141114AC017C9FE1F1309093992
:1057C00026C28324890706C622C483C7D404858BD6
:1057D000A9CB8347290049459DCF194697C5FE1F90
:1057E000938525451385E40497C0FD1FE78060EF8E
:1057F0008547BCB49CB8BCB8BC28094798A4C1CBA9
:10580000EF902034832789052A8485C793070040B9
:1058100063EFA7001D45B240224492440249410172
:105820008280194697C5FE1F9385454065BF1304C6
:1058300005C08357C90A81CF17C7FE1F130787FA10
:105840001E2B7837B387E702E3F687FC1D8CEF90B9
:1058500000378D473354F4023355A40A1181334580
:1058600005082391A4045DD512059305E024334572
:10587000050897E0FD1FE780208A03D62404E8C0CE
:105880002A871308F6FF814763CBC704A8C483C7E0
:10589000040217C4FE1F130464F20D472830639CF2
:1058A000E704F228BE383E969145EF903ECA283074
:1058B000914597E0FD1FE780C0F5923C19CA938699
:1058C00014031206A685172500001305A5F0EF9016
:1058D000FEBB97C7FE1F238B072601452DBF63D94B
:1058E000070193060701B6850CC38507368769BF94
:1058F000BA868145D5BF09476394E700B2386DB7D2
:10590000F2285DB741119305E0261305800E22C4ED
:1059100006C697E0FD1FE78020802A842DC9130664
:10592000800E814597C0FD1FE78020E297C7FE1FCC
:1059300023AA8728230504002304040097C7FE1F19
:105940009387C743985FDC5F78D83CDCFD571EB86F
:10595000A30EF406A300F408970700009387C7E599
:105960003CD497270000938767AE7CD4972700002C
:105970009387A7993CD897C7FE1F83C7A7EC81EBF5
:105980008D4503A5C1B897C0FD1FE780801EB240BA
:105990002285224441018280411122C406C626C2CA
:1059A0008347C5052A84A5C79305E5051946130550
:1059B000E50497C0FD1FE78060E4AA8429E91C285C
:1059C000898BA5E397C7FE1F83C7571885CF8347E9
:1059D000D4058DCB834734061307000493F7070CD7
:1059E0006392E7021305C40597D0FD1FE780E0FE30
:1059F00068D009C98947230EF4048347D40493E788
:105A0000270089A80347C40589476316F700834721
:105A10004405A1E78544B2402244268592444101D1
:105A200082808347D405E5DB8347340613070004EF
:105A300093F7070CE391E7FE97C7FE1F83C7171183
:105A4000F9D71305C40597D0FD1FE78000F968D08A
:105A5000F9574DF1A30EF4045DBF97C7FE1F83C72E
:105A6000F70ECDDB8347540513054405A9CB8347C7
:105A7000B4051307000493F7070C6392E70497D06B
:105A8000FD1FE78000F268D051D593046405A68518
:105A90001946510597C0FD1FE780A0C46C508D4783
:105AA000230AF404BC311946910593E72700A30AA1
:105AB000F404268597C0FD1FE780A0C2A1BF97D040
:105AC000FD1FE78040E968D031D58947230AF404F7
:105AD0003C29A9D38D47230AF4040431B334900040
:105AE0001DBF034745051DC31829AA870545058B1A
:105AF00005C3E84BAC4F411106C697D0FD1FE780A8
:105B0000E0FAB2403335A000410182800545828031
:105B10008280797122D406D63C292A84BDC30357DA
:105B2000050483572504637EF70497D0FD1FE780A3
:105B300040EE85476307F5000145B25022544561A8
:105B400082805C341D4728446394E70083478402C5
:105B50005CA1834754051946930564055CB18347EE
:105B6000940219057CA13E341EA597C0FD1FE78055
:105B700040B78357040485072310F4043C449C4336
:105B80003CC4584CA1674834F98FE1C7994763E793
:105B9000A7047C2413075002E360F7FA970601007C
:105BA0009386461B3345D5201841369702874D47CB
:105BB0002304E4027D57E917A304E402231F04022F
:105BC000A30604022307F40211A8930750F11EB4A0
:105BD000231F0402A306040223070402034EE40267
:105BE000014363090E007C2403238407B387C74164
:105BF00089073E93034584028346C4020347D402C7
:105C00008347940203083402835EE403834554050A
:105C1000830854018506137F45001AC872C613060F
:105C2000640593F6F60F63030F021303E4051AC429
:105C30000343D4051AC276C0EF6080480545F5BD20
:105C40004147BDB76D47ADB749479DB702C402C2D2
:105C5000DDB785476316F50417C7FE1F032787F6D0
:105C6000182B8345540583075401098B13066405DB
:105C700015C38346D40599CE0347340613050004A3
:105C80001377070C6318A7001307E4050545EF60B9
:105C9000A0426DB7014781460545EF60803B79BF63
:105CA000742493075002E3E9D7E889476307F500B6
:105CB00099476315F500094511A00D45E91693F6BE
:105CC000F60F2307D402014799C2385C21078307E6
:105CD00054018345540513066405C1B7411106C636
:105CE00022C42A8497F0FD1FE78060D2930700FA50
:105CF0003CA4A14517C5FE1F034575ACEF903E8D32
:105D000017C7FE1F130787E41C237628850793F720
:105D1000F70F1CA3130700643347D70263C8E700DB
:105D2000EF90FEDF97C7FE1F238207E2B2402244B6
:105D300041018280411122C406C6B1475CA57C594D
:105D40000D472A8498A35C25785993F7F7031CB371
:105D50008347D50423060504898BA1C383474505E2
:105D6000898BA1C76C5189ED6C50BC299DCB6858BB
:105D70001946D105210597C0FD1FE780809615A023
:105D8000BC25FDD389472306F50468591946B1059A
:105D9000090597C0FD1FE780C09483474405898BA0
:105DA000E1F78347C404898B91EB68581946930542
:105DB000E404090597C0FD1FE780A092034744054E
:105DC0008D47630BF7006858194693056405210554
:105DD00097C0FD1FE780E0908347D404858B91E74F
:105DE0000347C40489476317F70078581C2393E7D7
:105DF00007041CA383475405858B91E7034744059B
:105E00008D476317F70078581C2393E707F81CA306
:105E100058349D474C24631EF700034554029307F2
:105E200060FA3CA42244B240410117D3FD1F670031
:105E300003FE930720FA3CA40145EDB7411126C2A9
:105E40009384C1B98C4097C7FE1F23AB07F222C4CD
:105E500097C7FE1F23A407F206C6D85597C7FE1F93
:105E600083C78799B7060082FD161396476093F79C
:105E7000F703758FE607D98FDCD51307A0032A84B3
:105E800083A7C1BB635CC704F84FB7060007558FF3
:105E9000F8CF2285EFF01FEA785883A7C1BA228590
:105EA000B8DF9C4098431317772998C3D857719B44
:105EB000D8D7EFF01FC697D0FD1FE78000E997C73E
:105EC000FE1F83A7E7EB858BB1C797C7FE1F23A9EA
:105ED00007EAB24022449244410182801307200223
:105EE000635AC700F84FB70600F9FD16758FB7065D
:105EF000000571BFB70600F96947FD166357C70073
:105F0000F84F758FB706000359B7F84F758F131701
:105F10008729BDBF930700FA3CA465BF797122D4DD
:105F2000930555012A84285D014626D206D697D0CE
:105F3000FD1FE780E0E3894463140518305C9D464B
:105F4000A1441C22BD8B5CB4183278A4639AD71686
:105F50003C22914493D6670093F7F70363F2E71668
:105F60009944639F06149305F7FF9D8D93F5F50FF4
:105F70002307B4022832C544937635006392061491
:105F8000937645006397061093064600FD1793F439
:105F9000F70F9377850095CB9C328348940213D8F2
:105FA0004700639408170568130808F083C80600C3
:105FB000A207B3F707010358A402B3E7170163165A
:105FC000F814F914890693F4F40F418935C19C2221
:105FD0000965130505F093F7F7032302F402BC22C9
:105FE000A207E98F8832C98F939757607EB08DCF13
:105FF000038506006353050A1305C01203485402C3
:10600000B387A7020545631CA8082D070A07998FC7
:10601000138547ED13084051034784026374A808B1
:10602000136707042304E402F5148D0693F4F40FB8
:106030003C3213F7070261EF93F7070499C79C22DC
:10604000FD1493F4F40FA301F402E1E40346E40227
:106050007C24385C8346C402918F8907BA9732C684
:106060003EC802C402C27E3C850693F6F60F3EC0CF
:106070008308540103083402834794020347D4027F
:10608000834554050345840213066405EF6040030D
:1060900005A893065600F917DDBD794585B7290790
:1060A0000E07B5B74A3CAA9517C5FE1F035505AEA6
:1060B000635EB500136707042304E402930400023F
:1060C000B25022542685925445618280136707029C
:1060D0002304E4021387C1BA08434EBC4C4513980D
:1060E0001549232605010F1000001843370502004B
:1060F000938757ED08C71305000817C8FE1F23270D
:10610000A8C886077CD34CC705B7D14455BFD9442E
:1061100045BFE14475B75D71A6C2B7040300A2C4D0
:10612000CAC04EDE52DC56DA5AD85ED686C617C4CE
:10613000FE1F032424A91389C1BA370A020097C994
:10614000FE1F9389A9C3930A0008138BC1B9938BCF
:10615000C1BB9384841583270900F8537DFFD4477E
:1061600013971649D8C70F1000000327090093079B
:106170002030B70533002324470123A859017CD3DD
:1061800054C797C7FE1F23AB07BE8347840293F70C
:10619000F7F92304F40297C7FE1F23AB07BE97C786
:1061A000FE1F23AF07BC85471CC383270B00944306
:1061B00093F6F6CF94C3944393F6F6CF93E6062076
:1061C00094C383A60B0090464D8E90C624CBD85620
:1061D000759BD8D6984383464402137707F893F605
:1061E000F607558F98C397D0FD1FE78000B697F04C
:1061F000FD1FE780C08183A70900858B89CB22859D
:1062000097C7FE1F23AC07B6EFF05FD131C59307E8
:1062100000FA3CA4034584028346C4028308540167
:106220001375F5F9136505042304A4020308340269
:10623000834794020347D4028345540502C802C62B
:1062400002C402C2723C850693F6F60F32C01306F2
:106250006405EF50F06609A8834784021307000223
:1062600093F70706638DE700B64026449644064937
:10627000F259625AD25A425BB25B61618280382421
:106280009307500AE309F7EC71B75971A2D493054B
:1062900055012A84285D014686D6A6D2CAD0CECE24
:1062A000D2CCD6CADAC8DEC6E2C4E6C2EAC06EDE26
:1062B00097D0FD1FE780C0AB094759ED032B84073A
:1062C0001D461307000883460B00BD8A54B483475C
:1062D0001B007CA46392C60883442B00114713DC87
:1062E00064002304840393F4F40363F7F406138730
:1062F00014006376F70089461947630FDC04FD1725
:10630000858F2307F40283473B0013094B00858BDD
:106310009DE7FD1483473B0093F4F40F898BC5CBB5
:106320000347C4053C5C6300071689469C23631839
:10633000D7069397476063C90706494731A8834743
:106340004405130564058DCB1946CA8597B0FD1F1A
:10635000E780C04A454721E1B65026549654065975
:10636000F649664AD64A464BB64B264C964C064DE5
:10637000F25D3A85656182808547230AF40483478C
:106380000B001946CA8593D76748A30AF40497B04F
:10639000FD1FE78000351309AB00E514A5BF0347D7
:1063A000D4059D83E31BF7F81946CA851305E40558
:1063B00097B0FD1FE780804449D183478402E914E8
:1063C000190993E7470093F4F40F2304F40222859C
:1063D000EFF08FDC254749D183463B0093F7460019
:1063E00089C7FD14050993F4F40F93F7860095CB44
:1063F0008347190083459402514713D64700E39D14
:10640000C5F40567130707F0A207F98F03470900D2
:10641000D98F3A346303F7003EB4F914090993F4B1
:10642000F40F93F70601C1C35547E3170CF28347F6
:1064300009000967130707F093F7F7032302F40233
:1064400083472900A207F98F03471900D98F939733
:1064500057607EB003070900635507006177D98F45
:106460007EB07E30F5140D0993F4F40F93F6060216
:1064700099C78347840293E707022304F40295EA4D
:10648000231F04029DA80547230EE4049C231946FC
:10649000CA859D83A30EF4041305E40597B0FD1F80
:1064A000E780202419BF93F60602F9DA5947E3156D
:1064B0000CEA4946CA85680897B0FD1FE78060224C
:1064C000BC8709477EBC5C4CB98B6394E702834769
:1064D0002408858B6383071A97B9FE1F83A9496F28
:1064E00093056405054A6390090C8347C407639BC1
:1064F0000710B914490993F4F40F83473B0093F74D
:10650000070489CB83470900FD140509A301F402A0
:1065100093F4F40FC9C013062003A54505450347AE
:10652000190083470900631BC7046399B704034735
:10653000C4076315A70403473900834629002207CF
:10654000558F83464900C206D98E0347590062071A
:10655000558F2320E40C034769002300E40E034712
:106560007900A300E40E034789002301E40E0347EA
:106570009900A301E40E0947230EE40663FD97008A
:1065800013871700B387F440FD171377F70F93F4C1
:10659000F70F3A99C9F42285EFF0AFD48547630B22
:1065A000F52E054755BB03C7490083479402631383
:1065B000F70C8347540503C75900858B631CF70A02
:1065C0001946138569002EC697B0FD1FE78000238A
:1065D000B2456311450B83479402A308040C2319A9
:1065E000440D230AF40C8347540519461305640D22
:1065F000A30AF40C97B0FD1FE780A00E2320040E21
:10660000230E44079257A2561305040B13D75700C5
:106610001D8BA30FE40C0347540213968601A1823D
:106620000507230EE40C7A3CA30EE40C2183230F10
:10663000E40C13D78700598E1307040814CF835630
:10664000C10250CBFD8B2314D40882565CDB14DBD3
:10665000EFA01FBB0347D1018967A307A408937666
:106660000702F249FD17A1EEB3F9F900F947B38922
:10667000F90295A083A90900BDB50347440D8347DE
:106680009402E314F7E6834754050347540D858BC2
:10669000E31DF7E41946930564051305640D97B0EF
:1066A000FD1FE780A0158547E311F5E4A308040C5E
:1066B0002319A40C2320040E230EA406A1B7B3F9BA
:1066C000F900137707049307C012B389F90201C7D1
:1066D000B7872500BE998346540205477C246393FF
:1066E000E618AD078A07B389F940B7074B0013874F
:1066F00049ED938777DAE3EEE7DE97BBFE1F938BD6
:106700006B1303D5CB0037460F008146B3A5A90212
:10671000130606242300040833053503EFB0502C7C
:1067200083A70B002A8AAE8A8297B307450133B547
:10673000A700B305550183A68B003E8799E163E46A
:10674000D7003387D74083A781A92320E40A829703
:106750001307204E33CDE90223AAA1B883D7EB005B
:10676000B74D0F00938D0D249387471F17BAFE1F57
:10677000034ADA0883DCCB00814681456686B3C7CD
:10678000FD02B30AED023305BA03135A1A00B3DA55
:10679000FA02EFB0F024930600321307204E66860B
:1067A000B387AC03AA9AB3F7D7028146B387E7024F
:1067B000B3C79703B335BA03B3C70708BE9A330507
:1067C000BA03EFB0F02156956371350BD289B3B59A
:1067D0005C03032A040A37460F002326540B1306D2
:1067E0000624814633855C03EFB0901F636CAA08D2
:1067F0003305AA402322A40A0345D4079307F00FC8
:106800006304F500EF801EE68327440A17B5FE1FD8
:106810000325453C63EC3707338637418327C40D96
:1068200003D7CB009306D407A183B3C70708B38768
:10683000E70213070032A2859387071933D7E702CF
:1068400097D0FD1FE780E0EC0347D4079307F00FD4
:10685000E301F7CAFD572319F4085C4C93E747009E
:106860005CCC41B9A9078E07BDBD37153D006686D2
:106870008146130505908145EFB09016B38AA94073
:106880008D49B1B783A78B003E9A9DB703A78B00B4
:10689000BA9759B78947631CFC007C34858B81CB40
:1068A0008347440589C71C38CDC3FD171CB897E042
:1068B000FD1FE780C0152285EFF0AFA58347840256
:1068C00093F70702E38F07CC7E301397576063522C
:1068D0000708CE07CD831307C0120346540285462E
:1068E000B387E70278246318D6062D070A07998F25
:1068F000B7064B00138647ED938686DA130710021E
:10690000E3ECC6A413070064E36DF7C81387C1BAAC
:1069100010435446939516494CC60F100000184377
:1069200037060200938757ED10C71306000897B586
:10693000FE1F23ADC54486077CD354C7930750FA86
:106940003CA48347E4025EBCA9B92285EFF00FCFD7
:1069500089B9794759B729070E0751BF411122C498
:10696000930555012A84285D014626C206C64AC001
:1069700097C0FD1FE780C03F894435E503298407A0
:106980009D4693040008034709003D8B58B4834794
:1069900019007CA46319D704034784029944136740
:1069A00087002304E402034729009376F703198341
:1069B0001DEB1387160091446377F702FD17958F3F
:1069C0002307F4028347390093054900858B8DCF57
:1069D000834644050D47834709006392E61293F707
:1069E000070489EBC544B2402244024926859244FB
:1069F0004101828068501946510597B0FD1FE7801C
:106A0000E0DF9305A90079DD83473900C94413F716
:106A1000270071FB230E040413F74700CD4461F7F0
:106A200093F40702639F041213F7870005C398319C
:106A30008566938606F02207758F94218905558F08
:106A40003AB403C7F5FF1183A304E402C18BB9CFA5
:106A50009C210967130707F093F7F7032302F40259
:106A6000BC21A207F98F9831D98F939757607EB0D8
:106A700003870500635F07081307C012034654022B
:106A80008546B387E70278246317D6082D070A07DF
:106A9000998F138747ED9306405163F1E6088347CA
:106AA000840293E707042304F4028D058347390029
:106AB00093F7070481C79C21A301F4020307440153
:106AC0003C38634AE00885475CA82C380545EF80D0
:106AD000FEFD08B82285EFF0CF838547E315F5F07A
:106AE000834784021307000293F70706E39DE7EE4E
:106AF000930750FA3CA48347E4025EBCEDB503471C
:106B0000540593D76748E31FF7EC1946130564054E
:106B1000EDB57947A5B729070E079DBF1387C1BA01
:106B2000104354461395164948C60F1000001843E9
:106B300037060200938757ED10C71306000817B5F4
:106B4000FE1F2325C52486077CD354C783478402B0
:106B500093E7070289BF858399C33CB8BDB78547D2
:106B6000EDBFD94449B5011126CA9384C1BB9840F1
:106B700022CC4AC84EC606CE5C571389C1B9938948
:106B8000C1BAF59B5CD7032709008346450217B4B9
:106B9000FE1F1304A41E1C4393F6F607014693F749
:106BA00007F8D58F1CC3B7C7898E938767ED1CC7BD
:106BB000B7575500938757555CC303A70900930542
:106BC000F00F5C4393E717005CC3930710FA3CA5F2
:106BD000034555022320040097C0FD1FE78020478E
:106BE00083A60900232A04000327090023220400A6
:106BF00085479CC21C433706330093F7F7CF1CC36D
:106C00001C4393F7F7CF93E707201CC39840F2404B
:106C100062441C47D2444249D18F1CC7B7070300C6
:106C200093878715BCCAB24905618280411106C6A7
:106C300022C4FD572308F502834715022A84230145
:106C4000F502A147A300F502354597E0FD1FE78057
:106C5000A0E32285EFF03FF19387C1BA98435447F0
:106C60001396164950C70F1000009C4337070200C7
:106C700098C71307000817B6FE1F2329E6100567FB
:106C8000130727A8F8D3D4C7930740FA3CA4B2400F
:106C9000224441018280011122CC930555012A84AE
:106CA000285D014606CE26CA4AC84EC652C497C0C1
:106CB000FD1FE780E00B631105428329840713075A
:106CC000F00783C60900BD8A54B483C71900A30125
:106CD000E402230A040493F7F7037CA4230E0404BC
:106CE0001D476399E632544C1167758F6318073E50
:106CF00003C929009374F903138714006392E73ED4
:106D0000135969002304240383C73900138A4900F7
:106D100013F7170051CB6317093CC18B91C7034789
:106D2000140289476300F73C8547230AF40483C7AC
:106D30000900D285194693D7674813056405A30A4D
:106D4000F40497B0FD1FE780C09983C73900E514AC
:106D5000138AA90013F7270093F4F40F25EB83C7D8
:106D6000390013F747006311073893F60701A18B29
:106D7000C5C383471A000567130707F0A207F98FF9
:106D800003470A00D98F3EB483471A009183A304B6
:106D9000F402FD572301F402C1E6F914090A93F441
:106DA000F40FA3060402F9A0FD1413F7270093F4CF
:106DB000F40F55D7630C09008D44F24062444249F8
:106DC000B249224A2685D24405618280C18B91C78F
:106DD000034714028947E301F7FE8547230EF404B5
:106DE0003C5CD28519469C231305E405E9149D8378
:106DF000A30EF40497B0FD1FE780A08E83478402A2
:106E0000190A93F4F40F93E747002304F40281BFB7
:106E1000FD57A304F4022301F402C1D6D54471BF87
:106E200097E0FD1FE780A0BE83472A00096713078C
:106E300007F093F7F7032302F40283474A00A207FF
:106E4000F98F03473A00D98F939757607EB00307B5
:106E50002A00635507006177D98F7EB083474A00C7
:106E600009479583A302F402E36AF7FAED14150AC1
:106E700093F4F40F83C7390013F70702631807264A
:106E800013F7070405C313F7070111C7834614025C
:106E90000947638FE62403470A00FD1493F4F40FB7
:106EA000A301E40263980424631A09022285EFE037
:106EB000BFAE19E1A54411B72285EFE09FC27DD98D
:106EC00083C73900C18B95E397E0FD1FE78020B4AD
:106ED000228523070402EFE0DFC389B7C18B91E766
:106EE00097E0FD1FE780A0B215BF834754027230C0
:106EF000230604028507A306F4029317566063DF96
:106F0000070C4E064D829307C01203471402330646
:106F1000F60285476316F7007C24A9078E071D8EAD
:106F2000B7074B00130746ED938787DA63E6E71C44
:106F30009307005063E6C70A9384C1BA9C40D847C0
:106F400093161749D4C70F1000009C40B7060200E3
:106F500017B9FE1F130989E294C7130656ED93066D
:106F600000082328D9000606F0D3D8C7F8537DFFC0
:106F70008347140222852301F402A147A300F402EF
:106F8000EFF07FBE9C40D84793161749D4C70F1027
:106F900000009C40B70602009304000294C79306C9
:106FA00000082328D9009306A032F4D3D8C797C08D
:106FB000FD1FE78080D983270900858BE38F07DEDB
:106FC00022856244F240D2444249B249224A97B7EC
:106FD000FE1F23A507DA05616FF02FABF94735B720
:106FE000034704039307F00F93041002E317F7DC41
:106FF000930710271306F6D83356F60293060403B8
:10700000A285170500001305A5C29304F007EF80C1
:10701000EEC765B3130770043357D700058B93048D
:107020000008E30C07D8E91793F7F70F7D47E366ED
:10703000F7D88544230A940483C709001946938529
:10704000290093D7674813056405A30AF40497A0A1
:10705000FD1FE78000695C34230E040463919702EE
:107060002C5C230EF40419469C211305E405A105AC
:107070009D83A30EF40497A0FD1FE7808066228500
:10708000EFE09F918547AA84E316F5E22285EFE0C1
:107090005FA5E31195E25C3481C71947639CE70063
:1070A0006434858881C88347440589C71C3889CFE3
:1070B000FD171CB897E0FD1FE78060955834914795
:1070C0006318F7009D44D5B92285EFE03FD7F5B1AD
:1070D0002285EFE01FA4FDB78944C5B1A144F1B9F1
:1070E0009144E1B9C544D1B9CD44C1B9D944F1B154
:1070F000DD44E1B1E144D1B1930410027DB9411105
:1071000022C4930555012A84285D014626C206C67D
:1071100097C0FD1FE780C0C5894429E12C5C7D47ED
:1071200091449C31230E040493F7F7037CA4E917E0
:1071300093F7F70F6364F7029C211147A144BD8BBD
:107140005CB4639DE700834644050D479C21AA84F7
:107150006395E60493F7070481EBC544B2402244EB
:10716000268592444101828068501946890551055F
:1071700097A0FD1FE78080686DD1030744013C386C
:107180006348E00285475CA82C380545EF801E92D5
:1071900008B82285EFE0FF97D1B70347540593D78E
:1071A0006748E31CF7FA1946890513056405C9B752
:1071B000858399C33CB8C9BF8547EDBF011122CC77
:1071C00017B4FE1F130484BB584C26CA06CE4AC807
:1071D0004EC6954797B4FE1F83A4C49E6306F7006E
:1071E000584C8D47631FF7008347140281E79307CC
:1071F00060101EB0F2406244D2444249B249056177
:1072000082805C4C1389C1BA8327090037070200CA
:10721000194523A2070698C797B7FE1F23A807B6EC
:107220009389C1B997E0FD1FE780008603A7090095
:10723000B7C7898E938767ED1CC7B75755009387EB
:1072400057555CC383C724021307F00F6387E70019
:10725000A380F402FD572381F402032709000146AD
:107260009305F00F5C43014593E717005CC3930758
:1072700010FABCA499475CCC97B7FE1F23A007B0B7
:107280001384C1BB97C0FD1FE78060DC18405C57CA
:10729000F59B5CD783A6090098349C421377F707C7
:1072A00093F707F8D98F9CC297A7FE1F83C787590A
:1072B00099C703A5C1B897B0FD1FE780A08A03A7AF
:1072C0000900B70633001C4393F7F7CF1CC31C43D8
:1072D00093F7F7CF93E707201CC318401C47D58FBF
:1072E0001CC703270900B7070300938787153CCB0A
:1072F00097B7FE1F23AE07A897B7FE1F23A207A8C4
:1073000085471CC3C5BD411122C406C626C217B499
:10731000FE1F0324248B03471402A147630BF70AC3
:1073200097B6FE1F83A646A799476394F60A894439
:107330001C346315970A130770026380E710130764
:107340005002930570026394E700930560020CB449
:1073500083A7C1B998433706CEFF7D161377F7CFC1
:107360001367071098C303A7C1BB144703A5C1BA8D
:1073700037083300F18E14C73706030030C997B6BB
:10738000FE1F23AD069E97B6FE1F23A306A097B649
:10739000FE1F23A7069E854614C194431306861537
:1073A00093F6F6CF94C3944393F6F6CF93E6062074
:1073B00094C31447B3E6060114C730C95457F59A6D
:1073C00054D79843137707F84D8F98C3930710FA53
:1073D0003CA4B240224492444101828013077002CF
:1073E0006386E702930650026394D7001307600296
:1073F00018B483A6C1BBDC56F59BDCD683A6C1B905
:107400009C4293F707F8D98F9CC2C9B783470402FF
:10741000898B85C77238A14517A5FE1F0345353AEC
:10742000EF80CE9293075002A30094021CB4224432
:10743000B240924441016FF07FD822852244B2408D
:10744000924441016FE09F8997A7FE1F93870770C1
:1074500003A7070A25E317B7FE1F13072792504F0C
:10746000A9466309D604544F2D476385E6044111AC
:1074700022C4A05F06C617A5FE1F034555348347E7
:10748000040213F7170011C78547322CA300F4023A
:1074900039A0898BF5DB72388947A300F402A14536
:1074A000EF80CE8A930750021CB42244B2404101BF
:1074B0006FF0DFD08280011122CC26CA4AC84EC6A6
:1074C00052C456C25AC006CE17A4FE1F0324846FAE
:1074D000930A200A1309100A9304600A130B400A46
:1074E0009309500A17BAFE1F130A4A893C2463986D
:1074F000570B9387C1BA984354471396164950C700
:107500000F1000009C433707020097B4FE1F9384BE
:10751000E48698C71307000898C803A7C1B91843A1
:107520001357774835C31307E018F8D3D4C797C06B
:10753000FD1FE78080819C40858B8DCB97B7FE1F18
:1075400023AE078297D0FD1FE780604C2285EFF0C5
:107550001FBB09CD030744013C38634A0702FD57AE
:107560005CA82C380545EF806ED408B81C246388CD
:1075700007126244F240D2444249B249224A924A36
:10758000024B05616FF09FC31307E01A79BF8607AE
:1075900093F7F70F99C33CB8E9B7FD57EDBF639177
:1075A000270383270A00858BF1D3228597A7FE1F27
:1075B00023A6077CEFF02FEE3C24E39927F37DB759
:1075C0006392970A9387C1BA984354471396164912
:1075D00050C70F1000009C433707020097A4FE1FFE
:1075E0009384C47998C71307000898C803A7C1B942
:1075F00018431357774821CF1307E018F8D3D4C79F
:1076000097B0FD1FE78060749C40858B89CF97A75A
:10761000FE1F23A5077697D0FD1FE780403F2285F8
:10762000EFF0CFB309CD030744013C3863440702B0
:10763000FD575CA82C380545EF804EC708B83824A4
:107640009307500AE314F7F2EFE0FFAC05B7130716
:10765000E01A6DB7860793F7F70F99C33CB8D9BF07
:10766000FD57EDBF639A670397B0FD1FE780E06D9C
:1076700083270A00858B81CB228597A7FE1F23AF26
:10768000076EEFE09FC03C2463943701EFE0BFA892
:107690003C24E38D97E4D9BDE38A37FFC1BD97A7AA
:1076A000FE1F83C7271A99CF6244F240D244424951
:1076B000B249224A924A024B0145056117A3FD1FB8
:1076C0006700434AF2406244D2444249B249224AE6
:1076D000924A024B056182804111B7E700E026C261
:1076E00084433707200006C622C44AC0F98C23A071
:1076F000E7180F10000097A7FE1F9387276803C79E
:10770000170211CB83C6070209476396E60017A745
:10771000FE1FA3050768D44F21476386E600D44FB8
:107720001D476398E600D84F2380E7020547A380F2
:10773000E70297D0FD1FE780802D17A4FE1F0324CA
:1077400064486840231504002304040097C0FD1F0B
:10775000E780E0A817A9FE1F130949060345390071
:107760009145231004042322040423240404EF700D
:107770001EE603453900A145EF707EE5034514037D
:107780009307F00F6307F500EF70DEEDFD57A308D8
:10779000F402034504039307F00F6307F500EF704D
:1077A0007EECFD572308F40297A7FE1F83C78709C5
:1077B00091C7014597A0FD1FE780C03AB24022441F
:1077C000B7E700E023A0971002499244410182806C
:1077D000411106C6FD57A308F5024546930500086A
:1077E0000145EFD03FC6B24041016FF0FFEE97A7D1
:1077F000FE1F83C7D7FC85EF41111765FFFF1305F7
:10780000852C06C6EF802E88EF608FB8B24097E7D0
:10781000FFFF9387670F17A7FE1F2327F73A9707E6
:107820000000938787C923A6F1B84101828097E7BA
:10783000FFFF9387670D17A7FE1F2327F7389707CA
:107840000000938787C723A6F1B88280411126C222
:1078500006C622C44AC0EF903F84AA8439C9EF907B
:107860004FF22A8463050510930710113EA5930774
:1078700000FB7CA585471CA917A9FE1F130989F6E3
:10788000835709011307401093053025A5071305F9
:107890000004B3C70708B3D7E70A33F5A70A97C0B0
:1078A000FD1FE78060872328A41019E90A24EF90C0
:1078B0005F8CB24022440249268592444101828075
:1078C00097A7FE1F83A7474F232AF41097A7FE1FF1
:1078D0009387C72703A6070D83A6470DBA3F83C723
:1078E000A704232CC40E232ED40EA304F416FD5794
:1078F0002310F4047EB01EB48347E4022324C41092
:107900002326D41093E707FC2307F40285679387A7
:1079100087BB2315F4042312E414228523130414D3
:10792000EF709FF0034549012301A414EF10206C70
:10793000D147A303F41893078002A302F418930716
:10794000C04E231CF4169307F007230DF416F577A9
:107950009387A7EB231EF416A301A4142300A418F5
:10796000A300A41897A7FE1F2396071E99B7854466
:1079700089B7411122C426C24AC006C697A4FE1F79
:107980009384C41C2A84A8308345040317A9FE1FCE
:10799000130949E5A307A402EF80EE8897A5FE1F0F
:1079A000938545E9D2253E3C93060032232AA4085C
:1079B0003387C7028C453358D7023377D702232643
:1079C00004091308204E33070703B387070333471F
:1079D000C702B3D7A7021AB003478901BA971A3C66
:1079E00093878716B3C7070805073307C702231213
:1079F000F408130707193357D70283268408BA9669
:107A000063E5E600368663E4B6003386B640034796
:107A100074039306204E2313F4083307D702232858
:107A2000C40822852311E408EF705FBF2285EF7040
:107A30005FDA6E3C22859205F915B3C50508EF7033
:107A40003FBA2285EF909F8083A741B823A0840A84
:107A5000898B91CF8327090399CB832584093545E9
:107A60008297832709038325C40939458297228594
:107A70002244B2409244024997A7FE1F239F070C5D
:107A800097A7FE1F23AC070C41016F808FBE835761
:107A900045080357050889463357D70AB397E700C7
:107AA0002313F5086F80AE87011122CC26CA4AC87D
:107AB00006CE4EC68347650338392A848507230BD3
:107AC000F5021389C1BA5C259384C1B9631A0750C2
:107AD0001439BD9B93E73700130700045CA5A30D81
:107AE000050038B99397466063D8070093F6F60708
:107AF00014B9EFD00F8039A88327850A13F7270020
:107B000025C3F59B2324F50A83270510918BB1C764
:107B1000EFA03FC9343C854758246399F604832776
:107B20008411DC4398A3832784115838DC4398B32D
:107B300003278411832709005843B8DF9C409843EA
:107B40001317772998C3D857719BD8D7F24062444E
:107B5000D2444249B24905618280EFA09FC25DBF15
:107B600013F717000DC3F99B2324F50A832704118B
:107B7000582498A383270411583898B38327090001
:107B8000032704115DBF182985496310371DE1C320
:107B900013F7070119C7BD9B2324F50AEFB0CF9F48
:107BA00095BF13F7070201CB93F7F7FD2324F50ADE
:107BB000EFB00FB285B713F7070401CB93F7F7FBCC
:107BC0002324F50AEFA09FC2B1B713F7070809CB2A
:107BD00093F7F7F72324F50A2285EFA09FCD1DBF69
:107BE00013F7072009CB93F7F7DF2324F50A228543
:107BF000EFA0FFDC05B713F7074001CB93F7F7BF02
:107C00002324F50AEFB0FF9131B71317B0287D8F09
:107C100001CB9397B7482324F50AEFA09FF2DDBD6F
:107C200005677D8F01CB9397C7482324F50AEFA002
:107C3000BFF3CDB509677D8F01CB9397D748232438
:107C4000F50AEFA0DFFDF9B52324050A05B7832760
:107C5000450A6384073013F7070401CB93F7F7FB5A
:107C60002322F50AEFA0BFAB75B513F7071001CBC0
:107C700093F7F7EF2322F50AEFB0AF9661BD13F744
:107C8000072019CBCD8A6391060E93F7F7DF2322E5
:107C9000F50AEFB0AF99BDBD13F7074001CB93F7DD
:107CA000F7BF2322F50AEFA0FFB1ADB51317B02837
:107CB0007D8F01CB9397B7482322F50AEFA07FB4BD
:107CC00091BD05677D8F11CBCD8AD9EE9397C748BB
:107CD0002322F50AEFA09FC635BD11677D8F01CB2A
:107CE0009397E7482322F50AEFA01FE025B54167E7
:107CF0007D8F01CB939707492322F50AEFB0CFA6DA
:107D000011BD370702007D8F01CB939717492322BE
:107D1000F50AEFA01FE1FDBB370710007D8F01CBF7
:107D2000939747492322F50AEFA05FEAE5B33707A7
:107D300080007D8F01CB939777492322F50AEFB01E
:107D4000CFDBC9BB2322050A15B519CF1306A00541
:107D50006367E6041306F003636AE60015171377FA
:107D6000F70FF54763F4E702228561B3130707FCB9
:107D70001377F70F6946E369E6FE17E6000013067E
:107D800026FF3347C72018433297028797E6000043
:107D90009386C6043347D7201C43B6978287930740
:107DA000200763ECE7029307000763E8E7229307E5
:107DB00060066301F722130767F91377F70F854908
:107DC000E3E4E9FAEFC0FFD28327040A9397B728C8
:107DD0002320F40A2308340135BB93076007E30E20
:107DE000F7E293076008E311F7F8EFA05FE33DA027
:107DF0001317B0287D8F2DDB9397B7482324F50AFE
:107E0000EFA03FD4930700041CA829B38347B50211
:107E10009DC305476396E700EFB08F8B8547EDB7AD
:107E200083270510918BC5C7BD472306F402228521
:107E3000EFA03F97E5B7EFC0DFCB8327040A93E7B6
:107E400027002320F40AD9BFEFC0BFCA85471CA86A
:107E50008327040A2311040693E747002320F40A2A
:107E600055B9EFA06FFFD947230AF40465B1EFC0FD
:107E70005FC88327040A93E717002320F40A230826
:107E8000040049B997A0FD1FE7800011E30405C86D
:107E90008547A306F4042285EFA0BF868347C40468
:107EA000F99B2306F404BDB1EFC0BFC4C9BF83274B
:107EB0008510858B81C7EFA07FE4A9B9E947A305A9
:107EC000F50283270510918B99C38D47B9BF228591
:107ED000EFA03F8BA1B7EFA0CFFA8347D40491CB9B
:107EE00041469305C40A1305C40C9790FD1FE78013
:107EF000407F8347C4042326040E2328040E93E7FF
:107F000017002306F40439B183270510918B91CB18
:107F10008D472306F502EFA0DF881C38DD9B1CB8D7
:107F2000F5BDEFA01F86D5BF8347C5042322050EEC
:107F30002324050E93E727002306F504EFA02FF670
:107F40001C38A3050402DD9B1CB88327040A93E7B1
:107F50000701C5BDEFA09F89D1B597A0FD1FE780A0
:107F6000A003E30905BA09B50347A51411CB83475C
:107F70006514B317F0286385E70093E6060114B98A
:107F80000347B41419CB83477414B317F0286386DE
:107F9000E7001C3893E707011CB87C2C91CF1C38F4
:107FA000C18B99EB8327040A93E707202320F40A67
:107FB0002285EFC01FB49DB58307B417F5DB832777
:107FC0004410898BF5D78327440A939747292322A6
:107FD000F40AF9BFEFB0EFD491B5EFC09FB1DDBBAC
:107FE00017A7FE1F130787B61E2B85071EAB1DB6EE
:107FF0008347E518858B638C070E397122DC06DE1A
:1080000026DA4AD84ED652D456D25AD05ECE62CC58
:10801000834765132A8413D737002A9783460713AB
:108020009D8B33D6F640058A55CE034545037D57D3
:10803000FD4759152C003AC43EC613154560EF1094
:1080400040140326841322478326C413B247718F3A
:10805000F58F6314E6006386F6062800EF904F9ACA
:10806000894763F0A706294681451305741997903F
:10807000FD1FE780806D2249B249814A0D4C930B68
:10808000500256864A85CE85139A4A60EF90D051A9
:10809000135B2A40229B137A3A00058983447B199B
:1080A000060A05CDB394442993F4F40FA30B9B184F
:1080B000850AE3987AFD8347E41893E7870023074E
:1080C000F418F2506254D2544259B259225A925A78
:1080D000025BF24B624C21618280331A4C01B3E4A3
:1080E0004401D9B7B396F6282308D712D9BF8280A6
:1080F000397126DA97A4FE1F938444A522DC03A4D9
:10810000C4094AD84ED656D237090300B74A0F00E1
:10811000B709008252D45AD006DE5ECE62CC66CA5F
:108120006AC86EC6130A8915138BFA23FD197C24BD
:108130001307000D639BE71E938BC1BA83A70B0047
:1081400098430D8B1DC3238801A8B84B1377F78F75
:10815000B8CB98431367870098C39C4393D737489D
:1081600089C701000100010001009797FE1F83C726
:10817000676D89E797A0FD1FE780A00A8347C404C5
:10818000858B89C7A2850545EF00D053138CC1B9F3
:1081900003270C0083472414938CC1BB5457939539
:1081A000476093F7F703B3F63601E607D58F5CD740
:1081B0009306A00383A70C0063D8B610F44F3706CC
:1081C0000007D18EF4CF8327840983A60B0017AD57
:1081D000FE1F130DADBA1CC78327C4095CC3DC4264
:1081E00093E71700DCC25C57F19B93E717005CD75D
:1081F0008355041E0356241E03457414930710FD73
:108200007CA491059307000C2320FD00B3C505084D
:1082100097B0FD1FE780A0E383457414054683A64D
:108220000B000357240883576408639BC50C13078E
:108230001703D046B3A7E72013171649D8C60F1067
:10824000000003A70B00B7060200860714C79306B9
:1082500000082328DD007CD350C797A7FE1F23A961
:1082600007B203A60B0097A7FE1F23AB07B08547F5
:108270001CC28346C40483270C0003A70C00858A14
:10828000D9C29443B705330093F6F6CF94C3944311
:1082900093F6F6CF93E6062094C31447CD8E14C709
:1082A0009306891734CA5457F59A54D783466413F2
:1082B000984393F6F607137707F8558F98C397B04E
:1082C000FD1FE78080A8A5B59306200263DAB600FB
:1082D000F44F370600F97D16F18E37060005D5B547
:1082E000370600F9E9467D1663D7B600F44FF18EE4
:1082F00037060003F9B5F44FF18E93968629D9B568
:10830000130717043DB79443B705330093F6F6CF30
:1083100094C3944393F6F6CF93E6062094C3144790
:10832000CD8E14C723284605BDBF1307100D6390DB
:10833000E75297ABFE1F938B6BA483A70B00858B33
:10834000638C074483A70B0093F70708CDCF7C34D9
:10835000179CFE1F034C8C4A93F7070299CF3E3CB3
:108360001307204EB387E70203274409B3D7E70278
:108370001307CC03BA972312F408979DFE1F938D21
:108380006D4B0355440803DDCD0037460F00130540
:108390001504B325A50313060624814683AC4B03BD
:1083A0003305AD02EF90D0638327C40803A68D0088
:1083B0003385A740B3079501BE8563E4A70063E456
:1083C000C700B385C74003270409636FB7128356FC
:1083D00064088357240813850A240D8FB3A7F62059
:1083E000B387A703DA97B3D7A7026365F7001D8E9B
:1083F0006374E6002328B4088582B3F6860B231045
:1084000004082313D40803254411130624039305F9
:10841000440397B0FD1FE780A09503D7640483470A
:10842000440323ACAB00998F230AF4028327441141
:108430001307F0039C236364F7008D8B81E7854766
:1084400023ACFB0083A78B01858B639907268347A9
:10845000A40293E727002305F40283A70B0093F7F8
:10846000070889CF0347641393573700A29783C641
:1084700007131D8B3397E6482388E7127C34898BDA
:10848000D5C32285EF70CFBA51ED7C34A309040027
:1084900093E747007CB4832784118DCB383C1DC7FC
:1084A0009837058B05E7BA27C843136707F0BAA7C3
:1084B00097B0FD1FE780A0D283574404850723129D
:1084C000F404832784119C43232CF4105C3881CB63
:1084D0008347C404898B81C72285EF70AFB91C28FC
:1084E000130720026394E7028327040AA30504020A
:1084F00093E787002320F40A1C3893E787001CB811
:10850000930740021CA839A83297D1B5130700067B
:10851000639CE70A85471CA88347A40293E71700DA
:108520002305F40283A78B01898BF5C38347C40419
:10853000858BF1CF1C3C85071CBC7C3413F72700CE
:1085400031E393E727007CB4930700F85CAC3E3C32
:108550001307204EB387E70203274409B3D7E70286
:108560001797FE1F034787291307C703BA97B3C797
:1085700007082312F40886072311F4089797FE1FB3
:1085800023A6076622859797FE1F23A9077EEFF093
:10859000AFD14C3803456414910597B0FD1FE780B7
:1085A00000875C386381071C8347C404898B638C14
:1085B000071AA2850145EF00F00A6308051097C06D
:1085C000FD1FE780C0449DA4130770066397E70270
:1085D00003A7C1B93C57ED9B3CD79797FE1F23805B
:1085E000077C371700401E2FC607C5831EAF5C24CB
:1085F00093F7F7FD5CA4854731B77147E394E7F241
:108600008327040A93E717002320F40A21BF228559
:10861000EF702FA41DF1A30C04002285EF708F9E34
:108620001C38A18B8DCB7C289DC77C38094793F7DC
:10863000B70F6382E7029307D003230AF40493077A
:1086400070021CA88347C404858BE38807EE22854B
:10865000EF704FA7DDB55C340D476394E7047C38B9
:108660001307A0026372F7027C381D476388E70294
:10867000A306F4028327840A228593E717002324A4
:10868000F40AEFA08F8319A817D7000013078756A5
:10869000B3C7E7209C432285829779F57C28DDF3D8
:1086A00069BDE38C07E87C28E38907E8228597A069
:1086B000FD1FE780E09DE31205E8CDB71C2C850780
:1086C0001CACFE248507FEA48DBD03A7C1B91C43C5
:1086D000B706330093F7F7CF1CC31C4393F7F7CFCC
:1086E00093E707201CC303A7C1BB1C47D58F1CC73A
:1086F000B707030003A7C1BA938787273CCB83A79B
:10870000C1B998431317772998C3D857719BD8D705
:10871000930720FD7CA49797FE1F83C7A712E390C1
:1087200007BA83270412E38C07B87834058BE30873
:1087300007B8D443D0278C270A248906EF3090103D
:10874000E31F05B683270412BA27136707F0BAA7F9
:108750009C432320F41283572404E38207B6FD17B9
:108760002311F404A9BE03A7C1B91C43B706330003
:1087700093F7F7CF1CC31C4393F7F7CF93E707207A
:108780001CC303A7C1BB1C47D58F1CC783A7C1BA95
:1087900013078925B8CBA5B783A7C1BAFC53E398C3
:1087A000079897C0FD1FE780802683A70B002285CE
:1087B00093F707086381071EEFF06FADBE2822858F
:1087C0008507BEA8EFF0DF8283570404A5C3130713
:1087D0004006B3F7E702B9EB83A741B8898B9DCF79
:1087E0001799FE1F130909000327090305CB9E28CB
:1087F000AE282545C207DD8D029783270903EE24A5
:108800002945829783270903831524032D458297E1
:108810008327090383054403314582979797FE1FF9
:10882000239D07329797FE1F23AA073222856254A1
:10883000F250D2544259B259225A925A025BF24B28
:10884000624CD24C424DB24D21616F706FED1307F7
:10885000200DE396E7D6979BFE1F938B2B5283A7A1
:108860004B00858B638C07120327040A9797FE1F22
:1088700023A807508967F98FEDE7228597A0FD1F90
:10888000E780008E8547631EF50C8355041E035652
:10889000241E034574149105B3C5050897A0FD1F58
:1088A000E780E07A8347C404138CC1BA938CC1B9C2
:1088B000858B138DC1BBBDCBA2850545212503A7A3
:1088C0000C00B70633001C4393F7F7CF1CC31C43BF
:1088D00093F7F7CF93E707201CC303270D001C472E
:1088E000D58F1CC783270C0013078917B8CB9307B4
:1088F00010FD7CA483270C00D44713971649D8C7D2
:108900000F10000083270C003707020098C71307D9
:10891000000823A8EB0003A70C001843135777485F
:1089200015CF1307E018F8D3D4C751BA03A70C002A
:10893000B70633001C4393F7F7CF1CC31C4393F7D0
:10894000F7CF93E707201CC303270D001C47D58FE3
:108950001CC783270C0023A8470551BF1307E01A43
:10896000D9B797C0FD1FE780800A1C3C85C73D47EB
:108970006379F7009305D0032285EF706FEDA305AF
:10898000A4029797FE1F83A7E7E889C795451305BB
:10899000500882972285EF701FAC49BD83A7C1BAEA
:1089A000FC53639607F897C0FD1FE7804006DDB7CC
:1089B000411106C6EF605FB09797FE1F93870719B6
:1089C00017F7FFFF1307C7E823A8E70AB24017F716
:1089D000FFFF130747FA23AAE70A97F7FFFF9387DA
:1089E000677123A8F1B841018280797122D42A8469
:1089F0001305050B06D626D24AD05AC84ECE52CC05
:108A000056CA5EC662C4138981A9EF806FFF8327AF
:108A100009008324040AA307A4088297179BFE1F5A
:108A2000130B4BE163EAA416B74B0F00938B0B2497
:108A30003385A440B33575030356CB008146130C30
:108A4000204E33057503EF90A0798327090023009A
:108A50000408AA89829723AAA1B88357EB0083242C
:108A6000C40D179AFE1F034A7AD99387471FB3C7CD
:108A7000FB02A180B3C404080359CB0081468145A1
:108A80004A86B38A840333057A03B3DAFA02EF9095
:108A90002075130700324A8681468145B307990243
:108AA00093541A00AA9AB3F7E702B3878703B3C7B0
:108AB000270333857403B3C70708BE9AEF9040724B
:108AC0005695636E350137153D004A86814613057C
:108AD00005908145EF90C070B38AA9408D44B335AD
:108AE00059038329040A37460F002326540B130623
:108AF0000624814633055903EF90806E63E2A90A8C
:108B00003385A9402322A40A0345D4079307F00F15
:108B10006304F500EF601EB58327440A1795FE1F16
:108B20000325450B63E29708338697408327C40DDE
:108B30000357CB009306D407A183B3C70708B387B5
:108B4000E70213070032A2859387071933D7E7029C
:108B500097B0FD1FE780E0BB0347D4079307F00FF2
:108B6000630FF7005C4C05472300040893E7670098
:108B7000A308040C2319E40C5CCC230EE406B250C9
:108B8000225492540259F249624AD24A424BB24BA1
:108B9000224C01454561828083278B00BE9469B5D4
:108BA00083278B00BE99A9BF03278B00BA97ADBF5F
:108BB00001114AC81799FE1F130949F922CC032451
:108BC000C90B26CA4EC652C456C206CEAA848149D3
:108BD000130A2500854A39E093057025314597A091
:108BE000FD1FE78060532A84014539C89C3019462F
:108BF000938524001CB0130524009790FD1FE78087
:108C000040AE8327C90BB1E7232E890A2324040031
:108C10008347890B8507230CF90A15A018309C306F
:108C20006305F700A28900447DB71946D285130574
:108C300024009790FD1FE78060BCE31555FF0545B4
:108C4000F2406244D2444249B249224A924A056102
:108C50008280E38D09FA23A489004DBF1795FE1F7A
:108C6000032585FA11E99797FE1F23AF07F8979719
:108C7000FE1F238907F88280411106C622C40045E1
:108C800097A0FD1FE780A055228575F8B2402244C9
:108C90009797FE1F23AA07F69797FE1F238407F6D0
:108CA000410182809797FE1F938747EA23AE070A08
:108CB000238C070A8280138781B91C439306001016
:108CC00094C301000100010001001C4323A0070020
:108CD000143103480500A206B3E606010348250047
:108CE00042083368D8003431E206B3E6060194D76F
:108CF000543103484500A206B3E606010348650067
:108D000042083368D8007431E206B3E60601D4D7CE
:108D1000143503488500A206B3E606010348A50002
:108D200042083368D8003435E206B3E6060194DB26
:108D300054350348C500A206B3E606010348E50022
:108D400042083368D8007435E206B3E60601D4DB86
:108D500094318821A206C98EA8214205558DB431CF
:108D6000E206C98E94CFD431C821A206C98EE8216B
:108D70004205558DF431E206C98ED4CF882594354D
:108D8000A206C98EA8254205558DB435E206C98EC6
:108D900094D3D435C825A206C98EE8254205558D41
:108DA000F435E206C98ED4D3D443F59AD4C3D44360
:108DB00093E61600D4C3944393E6160094C3144379
:108DC000DC42858BBDE39C4E01451CA21C439C4F9D
:108DD000A1831CB21C439C4FC1833CA21C439C4FEB
:108DE000E1833CB21C43D84F58A2D84F218358B2DC
:108DF000D84F418378A2D84F618378B2985318A690
:108E00009853218318B69853418338A698536183A9
:108E100038B6D85358A6D853218358B6D85341836F
:108E200078A6DC53E1837CB68280010049BF011142
:108E300022CC2A84354506CE2EC632C497C0FD1FEB
:108E4000E78080C403A7C1BA3C4B228593E707089B
:108E50003CCB2246B245EFF01FE6F24062440145AA
:108E60000561828003A7C1BA3C4B93E707083CCB5E
:108E7000010001000100010093850508F851160565
:108E800083A781B91365050888C398CBB8550145F8
:108E9000D8CBD85D98CFB841D8CFF84198D3B84552
:108EA000D8D3F84598D7B849D8D7F84998DBB84D02
:108EB000D8DBF84D98C7B851D8C798431367070453
:108EC00098C3828003A7C1BA3C4B93E707083CCB09
:108ED000010001000100010093850508F855160501
:108EE00083A781B91365050888C398CBB859014594
:108EF000D8CBD85D98CFB841D8CFF84198D3B845F2
:108F0000D8D3F84598D7B849D8D7F84998DBB84DA1
:108F1000D8DBF84D98C7B851D8C7984313670704F2
:108F200098C3930700081797FE1F2325F7E6828052
:108F300083A7C1B99843370600827D161317772996
:108F400098C31307F03F98DF13070005D8DBD85705
:108F50001317F729D8D7D4571797FE1F0347C78988
:108F6000931547601377F703F18E6607558FD8D7AF
:108F70009306A00303A7C1BB63DFB602744F370695
:108F80000007D18E74CF370702001307C720D8DF40
:108F9000984B137707FC1367E70098CB37E700E09F
:108FA000D147A309F70497A7FD1F9387C7C693E787
:108FB00017007CD782809306200263DAB600744FD4
:108FC000370600F97D16F18E370600055DBF3706BE
:108FD00000F9E9467D1663D7B600744FF18E370667
:108FE000000345B7744FF18E9396862961BF13072E
:108FF000A003AA87636EA7041307A0020D45636A46
:10900000F7041307200209456365F704694705451E
:109010006361F70451470145636DF70249477D5588
:109020006369F702394775556365F70229476D553E
:109030006361F70219476155636DF7001147595590
:109040006369F700094745556365F700315582802C
:10905000114582803557AA87634CE50449570D4571
:1090600063C9E7045D57154563C5E70465571D45AA
:1090700063C1E70471572D4563CDE70279573D453C
:1090800063C9E7024D4563C6070255459DC30547C1
:109090006D456380E702094713053002638BE700E3
:1090A0000D471305B0026386E7001305B003828005
:1090B0000545828019C5371700401E2F9397F72862
:1090C0001EAF8E0522069797FE1F238AB7CC498EC6
:1090D00083A7C1B94D8E13164629B0D7B857136769
:1090E0004700B8D7B85789C613172729B8D7828041
:1090F00013172749E5BF411122C406C61794FE1F66
:109100001304C4C703470402A1476318F702179763
:10911000FE1F0347679F9797FE1F9387E7A0058B66
:10912000B033B42321CBC84331C50C310905EF401E
:10913000CF9501C58547A300F40203470402994770
:10914000631AF7009797FE1F83A7C7A7BC3795C779
:10915000EFE0CF86034704029D476310F70297971D
:10916000FE1F83A767A7FC3389CB2244B24041018D
:109170006F603008814501455DBFB2402244410126
:1091800082805D71B7E700E0CAC003A90700A6C2EC
:109190004EDE3707200086C6A2C452DC56DA5AD803
:1091A000AA84AE893379E90023A0E7180F100000E4
:1091B0001384C1B91840138AC1BB938AC1BA1C4336
:1091C000370B03001306800293F7F7CF93E70710DE
:1091D0001CC383260A003707CEFF7D179C469305E4
:1091E00010082800F98F9CC683A70A0023A86705EA
:1091F0009780FD1FE7806055354597C0FD1FE780CC
:10920000A0881C4093F6F41F3706330023A4070000
:10921000984B130B8B15130510F81367F70398CBB6
:10922000F84F130E401F914E137707E0558FF8CF7C
:109230009843130380021367070898C31797FE1F0C
:10924000232807B483A60A001797FE1F232A07B214
:10925000054798C298431377F7CF98C3984313777D
:10926000F7CF1367072098C303270A001C47D18F45
:109270001CC723A866053800814613F8F60F13565D
:1092800038004E961C2213787800B3D70741858B9F
:10929000D1CB1C4083280A0023AC070423A0070677
:1092A00083A5C802F59923A6B80283A8070093F501
:1092B000F60793F808F8B3E8B80023A01701CC53D9
:1092C0009395F528CCD303AF0A0081452322CF071D
:1092D00083A807066382150383A807038305070095
:1092E00093D8F8009398486063D515018C5BBD81D5
:1092F0000CA3AC5393F5F50F83284F066386080043
:1093000083A88705E3F41EFDCC539395F548CCD391
:109310008305070063D6B4001C22B39707491CA23B
:1093200033E5A50A85060507E39966F418401C4B4A
:1093300093F707FC93E7E7001CCBB6402644B7E75A
:1093400000E023A0271196440649F259625AD25AE6
:10935000425B61618280011122CC2A84114526CAB8
:109360004AC832C62E89B68406CE97B0FD1FE78064
:10937000A0719386C1B99C421385C1BA9385C1BBC4
:10938000D85737033300719B13671700D8D783284A
:1093900005001307800723A2E80698431377F7CF49
:1093A00098C398431377F7CF1367072098C303A890
:1093B0000500324603278800336767002324E8004E
:1093C000370703001307872523A8E8040327C802EB
:1093D000759B2326E8026305090A98431364040475
:1093E0001374F407137707F8418F98C337477671E2
:1093F0001307971298C78327480093F7F7EF2322A4
:10940000F8000100010098411794FE1F130404970F
:10941000A6855C4393E707105CC39842B757550095
:10942000938757555CC31C41185C0145B8DF1797FB
:10943000FE1F232907941797FE1F23270794D8435D
:10944000799BD8C391475CCC97A0FD1FE780C0A64D
:1094500003A741BA11C7544318479C42D98F9CC2F5
:109460005C44858B81CB1787FE1F1307276E1E2751
:1094700085071EA7F2406244D244424905618280BA
:1094800098431374F407137707F8598C37C7898EFC
:1094900080C3130767EDB9BF011126CA4AC84EC67B
:1094A000C1643709006AB70900AC22CC52C456C265
:1094B00006CE1304F00FFD141309690E9389E90C0D
:1094C000614A930A0002A6850145EF60AEE093175A
:1094D000850013F7071033E5270119C333E537017A
:1094E00081470147B356F54885073356F54863076A
:1094F000D60005071377F70F6364EA04E39457FF78
:1095000081471306F003ED463357F5001377F70351
:1095100005CB6307C7028507E398D7FE135785007D
:109520009377F50F1377F70F639BE7021357050146
:109530001377F70F6395E702135785016391E702ED
:109540007D141374F40F41F09305000F4145EF6053
:10955000EED5B7B7006A4205938767CE5D8DF240BE
:109560006244D2444249B249224A924A0561828009
:109570009797FE1F93878780D44F11476385E60E28
:1095800083C737026391070EB7C7004003A781B9AD
:10959000938707306319F70C011122CC37E400E000
:1095A00026CA044006CE4AC84EC652C456C2B707A1
:1095B0002000FD8C2320F4180F100000354597B0D3
:1095C000FD1FE780604C938AC1B91522A522EFF0F8
:1095D0003F9683A70A00138AC1BBB706330098439E
:1095E0009389C1BA370903001367070898C39843E2
:1095F0001377F7CF98C398431377F7CF13670720F4
:1096000098C303270A001C47D58F1CC783A70900EE
:1096100013078955B8CBAD24EF00B01D7522352452
:1096200003A70A001C4393F7F7CF93E707101CC367
:1096300083260A003707CEFF7D179C46F240224A58
:10964000F98F9CC683A70900924AB24923A827052F
:109650009787FE1F23A20774232094106244D244EC
:109660004249056182808280B7C700401387073076
:1096700023ACE1B813870720411123A6E1BA9387F1
:10968000071037D7004022C406C61784FE1F1304F4
:10969000E46E23AEE1BA23AEF1B885475CCC978780
:1096A000FE1F9387A75C5CDC9787FE1F83A7871349
:1096B0001CDC9797FD1F9387675623A4F1BAEFF040
:1096C0003FEBB7E700E0A301040203C7574113676C
:1096D0000708A38AE740B24022443707100023A0BE
:1096E000E7103707200023A0E7104101828083A7FD
:1096F000C1BA1307C008D8CB93066007D4CFD8D31C
:109700001306E006D0D7D8DBD0DFF8C3F4C7D843C0
:10971000059BD8C30547FAA323AA07041787FE1F92
:1097200003278769F8DF7D5798C737071F003D0774
:10973000D8C7828083A7C1BB1307004898D7D85FDA
:10974000B70600F9FD16758F13179729D8DFD85F74
:109750009D663706FDFF0E070D831317E729D8DF37
:10976000985B7D161367077098DB985B558F98DBC5
:10977000985BB7060700558F98DB985BB70600909B
:10978000FD16758F1317C72998DBB4473707F9FF04
:109790007D17F98EB4C7F447E19AF4C7F44793F6FE
:1097A000F6F8F4C7F447F18EF4C7F44F758FF8CF8D
:1097B000F84FB70690FFFD16758FF8CF9307400658
:1097C0000100FD17F5FF82801387C1BB1C43B44B1A
:1097D00093960649B4CB94479396562994C7D44799
:1097E00093E60601D4C7D447BD9AD4C7010001004F
:1097F000010001001C43D44793E60601D4C7D443BB
:109800009396C628D4C303A6C1BA9306400674D261
:10981000745291C683A6C70993D68648F5DA01002B
:109820000100010001001C4313870708544FB84B87
:10983000FD8A13170729B8CBB84B019B558FB8CBBE
:1098400098471317574998C7828083A7C1BBB44F65
:1098500041777D17F98EB4CF94479396062994C724
:10986000D44793F6F6EFD4C7D443758FD8C3D847FF
:1098700013670710D8C7D84313170729D8C38280A6
:10988000397122DC4ED652D406DE26DA4AD856D2B8
:109890005AD05ECE62CC66CA6AC86EC603A4C1BB8B
:1098A0005C409389B1BB138A91BB93F7F7EF5CC01F
:1098B0001C549397C7481CD45C54BD9B5CD41C4477
:1098C000939717291CC45C4093E707015CC0B75706
:1098D000341203A701BB938787676309F7705C4065
:1098E00001791309F90FF99B5CC01C5C3167130700
:1098F00007F0B3F72701D98F1CDC5C409304040800
:1099000093E717005CC09790FD1FE780407E9C485E
:1099100093F7F7032380F900DC48A98393F7F7074F
:10992000238DF1BA5C403D6713070780F99B5CC04B
:109930001C5CB3F72701D98F1CDC5C4093E7170050
:109940005CC09790FD1FE780807A9C4893F7F703EF
:10995000A38BF1BADC48A98393F7F707238BF1BAFD
:109960005C40356713070740F99B5CC01C5CB3F78C
:109970002701D98F1CDC5C4093E717005CC09790EF
:10998000FD1FE780C0769C4893F7F7032300FA0099
:10999000DC48A98393F7F707238CF1BA5C40416751
:1099A000130707C0F99B5CC01C5CB3F72701D98F74
:1099B0001CDC5C4093E717005CC09790FD1FE780BC
:1099C00000739C4893F7F703A38AF1BADC48A98394
:1099D00093F7F707238AF1BA834C0A0003C70900FB
:1099E000930760021306500233079741B307F7024B
:1099F00093067002930540021305300213082002FB
:109A0000130E1002F94E754FFD4FF14A3306C7028F
:109A10006D4BE94B654CD942D543DD48D14DCD4422
:109A20004949B3C7D7023D43B949294D354A334661
:109A3000D60292072206D18F3306B702D98F9545F9
:109A40003346D6023206D18F3306A7021305040827
:109A50003346D6024206D18F330607033346D60279
:109A60005206D18F3306C703254E3346D60262060F
:109A7000D18F131657003346D6027206D18F1CD1F0
:109A80003306E703194FB307D7039D4EB3C7D70279
:109A90003346D60292072206D18F3306F7038D4F45
:109AA0003346D602D18F33065703B14A3346D60226
:109AB0003206D18F330667032D4B3346D60242065A
:109AC000D18F33067703E14B3346D6025206D18F4E
:109AD00033068703454C3346D6026206D18F3306E0
:109AE00077033346D6027206D18F5CD133067702F4
:109AF000B30757023346D602B3C7D70222069207EE
:109B0000D18F330617033346D602D18F3306B703FE
:109B10003346D6023206D18F330697023346D60239
:109B20004206D18F330627033346D6025206D18F21
:109B3000330687033346D6026206D18F13164700D9
:109B40003346D6027206D18F1CD5B307670233465F
:109B5000F703B3C7D7022206D18F33063703334644
:109B6000D6021206D18F330657033346D602320689
:109B7000D18F330667033346D6024206D18F3306B0
:109B8000A7033346D6025206D18F3306C7033346A6
:109B9000D6026206D18F131637003346D6027206FC
:109BA000D18F5CD5B307D70333464703B3C7D7027A
:109BB0004206D18F3346D7026206D18F3306E703C0
:109BC0003346D6021206D18F3306B7023346D60289
:109BD0002206D18F131627003346D6023206D18FC4
:109BE000131617003346D6025206D18F1CD983C7ED
:109BF00071BBB387FC4033C6A70393FCFC03B3CD12
:109C0000B7033206920DB3EDCD001306800233C8C0
:109C1000C702B3ED0D01214833C80703420833E8FA
:109C20000D01B3CDB702F20D3368B801B38DF70360
:109C3000B3CDCD02A20D3368B801B38DE703B3CD28
:109C4000CD02D20D3368B801B38DD703B3CDCD02A9
:109C5000E20D3368B801338B6703232A05031148EB
:109C6000B38DC703B38A5703338A4703B3893703D6
:109C700033C80703B3CDCD021208334BCB0233E810
:109C80000D01B3CACA02220B336B6801334ACA0200
:109C9000B20AB36A5B016D4BB3C9C902420A33EA27
:109CA0004A01F14AD20933683A01B3896702754A19
:109CB00013034002B3C9C902E209B369380113981A
:109CC00047003348C802338C87037208B3E909019F
:109CD0000948232C3503F94933892703B3849702B4
:109CE000B3837702B3825702B3881703B38B77032A
:109CF00033C80703334CCC0232083349C9023368F6
:109D00000C01654CB3C4C402120933692801B3C302
:109D1000C302A204B364990013091002B3C2C202C1
:109D2000C203B3E3740093046002B3C8C802D20252
:109D3000B3E2530093032002B3CBCB02E208B3E8B3
:109D4000120193023002F20BB3E87801E94B232EA3
:109D5000150333887703B38867033348C802B3C851
:109D6000C8021208A20833681801B3888703B3C871
:109D7000C80233681801B3885703B3C8C802B208D1
:109D800033681801B3884703B3C8C802C2083368F0
:109D90001801B3883703FD49B3C8C802D208336835
:109DA0001801B3883703B3C8C802E2083368180142
:109DB00093985700B3C8C802F208336818012320EB
:109DC0000505338827039398C7013348C8023368D1
:109DD0001801B3887702B3C8C80292083368180123
:109DE000B3885702B3C8C802A20833681801B38801
:109DF0006702B3C8C802B20833681801930850025A
:109E0000B3881703B3C8C802C20833681801B388FF
:109E10009702B386D702B3C8C802B3C6C602D20837
:109E200033681801E206B366D80074C19306900245
:109E3000B386D70203288504137808FFB3C6C60289
:109E4000BD8AB366D80034C59306A002B386D70294
:109E5000B3C6C60230451376F6F0BD8A9206D18E9F
:109E600034C503C681BB03C861BB33080641B306D2
:109E7000A80303238504B308B802B3C6F602B3C827
:109E8000F802A206F208B3E61601B308C803B3C885
:109E9000F802B208B3E6160193183800B3C8F80206
:109EA000C208B3E61601B308D803B3C8F802D20853
:109EB000B3E61601B308E803B3C8F802E208B3E654
:109EC0001601B798888893880880B3E61601B3E630
:109ED0006600931828003343F80234C583C6A1BB3B
:109EE000918E1376F6076206B3C8F8023203B3E820
:109EF00068003383F6033343E302B30FF8037203BE
:109F0000B3E86800060833C3E602B3CFFF0252038A
:109F1000B3E868003348F802920FB3E8F80122086A
:109F2000B3E70801139816003348E8026208B3E764
:109F30000701256813088888B3E707017CC5338FBC
:109F4000E603B387B60293952600B3C7E702334F03
:109F5000EF029207B3C5E502220FB3E7E701B38E24
:109F6000D603CD8F93953600338EC603B386A603F2
:109F7000B3CEEE02B3C5E502B20EB3E7D701334E5E
:109F8000EE02C205CD8FB3C6E602520EB3E7C7019B
:109F9000370700817D17E206D58F3CC95C40BD9B29
:109FA0005CC05C40F99B5CC01C549397C7281CD4D0
:109FB0005C5493E707015CD41C5C93F707FCB3EC9B
:109FC0009701232C94031C5CF98FD18F1CDCF25079
:109FD0006254D2544259B259225A925A025BF24BFD
:109FE000624CD24C424DB24D2161828023A801BA0D
:109FF000E5B203A7C1BB5C4393E707105CC3828053
:10A00000411106C6EF00206D93056040EF2060020D
:10A01000B2400145410182806F00E07011C589C5E1
:10A0200001C61E2201458DE301110565C9471306CE
:10A03000F100130555C3854506CEDC87EF10307F50
:10A04000F240888705618280828001119787FE1F18
:10A050002387A7B405651306F100130595C485454C
:10A0600006CEA3070100EF10907CF24088870561BF
:10A07000828001111305910006CEEF00406D4884E7
:10A080000565300025059D45EF10707AF240088483
:10A090000561828001119305F10006CE22CC2A844D
:10A0A000C12D48860565C086700021801305554086
:10A0B00091454087EF10B077F24062440886056111
:10A0C000828001111305D10006CEE125488609657D
:10A0D000700009059145EF109075F2400886056102
:10A0E0008280011106CED925C88709651306F100C3
:10A0F00015058545EF10B073F240888705618280B1
:10A10000011106CEEF008074C88709651306F100BF
:10A1100029058545EF10B071F2408887056182807E
:10A12000011106CEEF00B000C88709651306F100E3
:10A1300039058545EF10B06FF24001450561828019
:10A14000011106CEEF00F03FC88709651306F10044
:10A1500041058545EF10B06DF2408887056182802A
:10A16000011106CEEF00901FC88709651306F100A4
:10A1700045058545EF10B06BF24088870561828008
:10A18000411106C622C4EF00B0248965CD052A849A
:10A19000EF10306AB24022852244410182800111D1
:10A1A0001305510006CEEF00503E4882096550006D
:10A1B0006105A545EF10B067F24001450561828059
:10A1C000411106C6EF00B03F8965E505EF107066E6
:10A1D000B240014541018280011106CE22CC2A8481
:10A1E000EF00F04E48860965C08670002180690541
:10A1F0008D454087EF10B063F24062440145056130
:10A200008280011106CE22CC2A84EF00905A488623
:10A210000965C086700021806D058D454087EF106F
:10A220001061F2406244014505618280011106CE51
:10A2300022CC2A84312F48860965C086700021808F
:10A24000130505028D454087EF10705EF2406244B1
:10A25000014505618280011106CE22CC2A84EF00DF
:10A26000700348860965C0867000218013051502B9
:10A270008D454087EF10B05BF240624401450561B7
:10A280008280011106CE22CC2A84EF0090044886F9
:10A290000965C08670002180130525028D45408721
:10A2A000EF10F058F24062440145056182800111CF
:10A2B00006CEEF00B054C88709651306F1001305F8
:10A2C00075028545EF10B056F2408887056182809F
:10A2D000011106CEEF00B05BC88709651306F100D7
:10A2E000130595028545EF109054F240888705616B
:10A2F0008280011106CEEF00705DC88709651306E4
:10A30000F1001305D5028545EF107052F2408887A1
:10A3100005618280011106CEEF003060C8870965B3
:10A320001306F1001305E5028545EF105050F24089
:10A33000888705618280011106CEEF005062C887D0
:10A3400009651306F100130515038545EF10304E1E
:10A35000F240888705618280011106CEEF10A00DC2
:10A36000C88709651306F100130575038545EF10CD
:10A37000104CF240888705618280011106CEEF10F3
:10A38000C021C88709651306F100130585038545BB
:10A39000EF10F049F240888705618280011106CEF6
:10A3A000EF10C038C88709651306F100130595033F
:10A3B0008545EF10D047F24088870561828079712A
:10A3C00002C0814801488147014706D6EF10E0509E
:10A3D000A30FA10009651306F1011305E5038545E7
:10A3E000EF10F044B2500345F10145618280011144
:10A3F00006CEEF102068C88709651306F100130523
:10A40000F5038545EF10B042F240888705618280F0
:10A41000011106CEEF10407BC88709651306F100D5
:10A42000130505048545EF109040F24088870561CB
:10A430008280011106CEEF10100AC8870965130645
:10A44000F100130515048545EF10703EF240888732
:10A4500005618280011106CEEF101019C8870965C9
:10A460001306F100130525048545EF10503CF2401A
:10A470008887056182809777FE1F2399A770014521
:10A480008280011106CEEF10B01FC8870965130640
:10A49000F100130515058545EF107039F2408887E6
:10A4A00005618280011106CEEF105026C88709652C
:10A4B0001306F100130525058545EF105037F240CE
:10A4C0008887056182805D711303D1031AD203432B
:10A4D000010786C61AD00343C1061ACE034381067C
:10A4E0001ACC034341061ACA034301061AC80343A0
:10A4F000C1051AC6034381051AC4030341051AC2E4
:10A50000034301051AC0EF005049230EA10209655B
:10A510007018130565038945EF107031B640034587
:10A52000C103616182809776FE1F93862662BE26F4
:10A5300081E79307F01FBEA6BE262146014513F70B
:10A5400007103357C7408607B3C70708598D93D5FF
:10A55000574013D797402D8F058B7D161375F50F38
:10A56000D98F71FEBEA682801777FE1F1307075E84
:10A570005E2789E7E17793C7F7FF5EA75E27B946B5
:10A5800001459168994533F617013356D640860741
:10A59000518D33C8070813D6E748FD1693D7F748FF
:10A5A000B18F1375F50FB367F800E39EB6FC5EA795
:10A5B0008280797126D24AD04ECE52CC06D622D491
:10A5C00056CA5AC85EC6AE84B289368A1779FE1F4B
:10A5D0000329497E2DC5AD472A8463E8A7021304E9
:10A5E000F5FF1374F40F138B11BC83470B00C9E301
:10A5F0009D47494563EA370317C7000013070787DC
:10A60000B3C7E9209C43BA978287B147630CF50230
:10A610009307600263E5A7001304E5FFD9B793072A
:10A6200070024945E301F4FCB2502254925402599D
:10A63000F249624AD24A424BB24B456182801304CE
:10A64000500255B71304600279BFCA8AB38B240144
:10A65000638D5B01EFF05FF12381AA00850ACDBF16
:10A66000CA8AB38B240163965B0385472300FB00F2
:10A6700093F9F9009306FAFF228523003901A3001C
:10A68000990093F6F60F26868545EFE0DFCC01456D
:10A6900061BFEFF05FE92381AA00850AE9B726864A
:10A6A0009305000F130529009770FD1FE780E0094F
:10A6B0006DBF26869305A00AF5B726869305F00F91
:10A6C000D5B726868145F9BF2686BD45E1BF2686DA
:10A6D00093055005C1BF41119317B02806C622C487
:10A6E000E98F95C3EF40FFE4AA87094589CB9423FE
:10A6F000114731456395E600154798A34945B24097
:10A700002244410182802E84EF60BF8765D93C25B9
:10A71000C18BEDD73C35230A8504B337F000E90738
:10A720001CA90145E9BF011106CE22CC2EC6EF605F
:10A730005F8501CDB2452A84EF509F91A305A40205
:10A740000145F2406244056182804945DDBF1777CB
:10A75000FE1F1307A73F814799468345070E33061F
:10A76000F50085070CA20507E399D7FE0145828015
:10A77000411122C406C62E84EF60BF8009C9830739
:10A78000450301451CA0B240224441018280094595
:10A79000DDBF9777FE1F9387E7049A2B18A19A2BAA
:10A7A000218318B1FC373CA10145828019E149455C
:10A7B00082809777FE1F93876739B84FAA8501C7B4
:10A7C0005827314575F7B85F01C7383731456DF304
:10A7D00003A7C70801C77833314579FB0111054745
:10A7E00006CE19461775FE1F1305A544B8A32EC63D
:10A7F0009770FD1FE780E0EEB2459306000CD8315C
:10A800009377070C639FD70019461775FE1F130532
:10A81000A5429770FD1FE780C0EC0145F24005613D
:10A8200082809306F00363E8E60019461775FE1F61
:10A830001305E540F9BF130700044945E390E7FE1F
:10A8400019461775FE1F1305E53FE1B7411126C2F2
:10A850009774FE1F9384842F22C4A04C06C639E44B
:10A86000BC5499E74945B240224492444101828058
:10A8700035CD0547E318E5FE014582972A8455C585
:10A880009317B0281EB1930700707EA58D471CBD9D
:10A89000A30A050219469775FE1F938525391305EE
:10A8A00065039770FD1FE780C0E321A87848B707CC
:10A8B0000008F98FADEBBC54D5D70DC98547E3131C
:10A8C000F5FA58248547E30FF7F87C24B98B95CB2C
:10A8D000742405478947639FE6021EB02244FC5456
:10A8E000B24092441305000F410182871305000F07
:10A8F000EF400FF825D95C25B5D7EF405F970145AC
:10A900009DB7EF500F809777FE1F83C707EFE311C6
:10A91000F5FC89BF1E3013070002B3F7E70A116781
:10A92000B3D7E70A5DBF31453DBF1D452DBF9777C2
:10A93000FE1F83A7672A314599CBFC3389CB411190
:10A9400006C6EF60E013B24001454101828082807B
:10A95000011126CA4AC84EC652C456C25AC02E89D0
:10A96000368ABA893E8B06CE22CCB284C28AEF6088
:10A970004FE185671307A9FF9386A7C733470708E9
:10A9800063E8E610938707C82A84494563E4970A79
:10A9900063E2240B1307301F636E470963EC37092A
:10A9A00093071A00B3C70708B387970213973900B4
:10A9B00063D2E70841C01C3813F747003DC3ED9B45
:10A9C0001CB83C34231A2407231B9406D5EB0357E9
:10A9D0008406C167FD176309F706631799063E3CB5
:10A9E000231BE404231CF4049777FE1F83D7C7209E
:10A9F0008D46114763E5F600850713F7F70FA30AA5
:10AA0000E4042285EF40BFF183570404A907231F04
:10AA1000F4048327440A93E717002322F40AC54766
:10AA20005CBC231C6407231D5407231D4405231EFF
:10AA300034050145F2406244D2444249B249224AB7
:10AA4000924A024B056182800356440601CEB3D47C
:10AA5000C40233069602334606083376260B231CBF
:10AA6000C40459B7B305990085814A85EF508E8695
:10AA7000231CA404930584052685EF306F81ADB7B0
:10AA80008327840A93E707022324F40AC14749BFB6
:10AA900049454DB7411122C406C62E84EF606FCEE2
:10AAA00011E54945B2402244410182801C39A30589
:10AAB000850213F7470075D7ED9B1CB9BD472306E8
:10AAC000F5028327850A93E727002324F50A014529
:10AAD000D1BF411122C426C206C62E84B284EF60C3
:10AAE0004FCA03278510137707023DC7130754FE8B
:10AAF0009306000EAA8733470708494563E0E6023C
:10AB00001167938684EB13078714B3C6060863673F
:10AB1000D70003D7471E631887000145B24022447F
:10AB20009244410182809776FE1F93862602BA36B0
:10AB3000A38E8706239F97063357870A239AE71C1D
:10AB4000DA363357970A239BE71C03A7470A1317E4
:10AB5000B72823A2E70AD1B74545C9B79777FE1FA3
:10AB60009387C7FEB44F2A8791C6D02601C6D43634
:10AB7000494585EAB45F99C6B03609C6942A494565
:10AB8000858A85E283A6C70891C6F03201C6D4360D
:10AB9000494581EA83C6870B83C7970B63E8F600B4
:10ABA0001D4582801D45F2400561828001111946D4
:10ABB0001305A10006CED8849770FD1FE78060B210
:10ABC0002800EFD0FFFE8547E31EF5FC0145E1BFFD
:10ABD000797126D24AD04ECE52CC56CA5AC85EC6D9
:10ABE00006D622D42E89B289B68A3A8ABE8B428B87
:10ABF000EF602FB9C94455C105679307A9FF9306B4
:10AC0000A7C7C944B3C7070863E9F608130707C80D
:10AC10006365370963E329099307301F63EF57071B
:10AC2000636D470713871A00334707083307270365
:10AC300093173A006353F70604392A848588639E84
:10AC4000040E8327450A93F71720E5EB3835231ABE
:10AC50002507231B3507231C7507231D6507231DA7
:10AC60005505231E45055C3D4DE385EB8327051007
:10AC7000898BA1C331469305F00F130585069770A4
:10AC8000FD1FE78080AC8327440A2314040693E762
:10AC900007202322F40AC9475CBCB250225402594F
:10ACA000F249624AD24A424BB24B268592544561E0
:10ACB000828063093905B385290185814A85EF4082
:10ACC0007EE1231CA404930584054E85EF205FDC00
:10ACD0009777FE1F83D747F28D46114763E5F6004D
:10ACE000850713F7F70FA30AE4042285EF403FC35B
:10ACF00083570404A907231FF4048327440A93E716
:10AD0000170041BF231C2505E1B7C1FB8327851030
:10AD1000898B95C731469305F00F1305850697700B
:10AD2000FD1FE78080A28327440A2314040693E7CB
:10AD300007202322F40ACD4785B7B144B9BFE944BF
:10AD4000A9BF9777FE1F938767E0B84F11C75427B5
:10AD500081C6583749450DEBB85F19C7343789C6E6
:10AD6000182B4945058B0DE383A7C70891C7F83316
:10AD700001C7DC37494589EB411106C6EFD01FEE0C
:10AD8000B2400145410182808280411122C426C225
:10AD90004AC006C6AA84014421499305F00F05451F
:10ADA000EF40DED0B387840088A30504E31724FFB7
:10ADB000B2402244924402490145410182807971A6
:10ADC00022D44ECE06D626D24AD02EC6B28936849A
:10ADD000EF602F9B7DC90349B500B245AA84631675
:10ADE000090E21461305B51A9770FD1FE780608F85
:10ADF000A389341B93D98900238A341B7C245034C3
:10AE00006C345424A207420603C5C404B297E20678
:10AE1000AE97B69703A7440A9386040835C1DCD6DB
:10AE20003C24103413670702A2074206B29730345D
:10AE3000B29710246206B2979CDA7C205030A207A9
:10AE40004206B2977030B29750206206B297DCDAB1
:10AE50003C201030A2074206B2973030B297102043
:10AE60006206B2979CDE8547A386F40423A2E40A17
:10AE7000B25022549254F2494A8502594561828067
:10AE8000FCC63C24103413678700A2074206B29721
:10AE90003034B29710246206B297BCCA7C2050307E
:10AEA000A2074206B2977030B29750206206B2975E
:10AEB000FCCA3C201030A2074206B2973030B2974D
:10AEC00010206206B297BCCE55B7094955B741115B
:10AED00022C406C62E84EF60CF8A71C934358547F7
:10AEE0002A870545639CF606142B93074002639658
:10AEF000F6067C245434A207C206B6977434B6977B
:10AF00005424E206B6978346D704A9CE93060708D1
:10AF1000DCD63C241034A2074206B2973034B297F4
:10AF200010246206B2979CDA7C205030A2074206B9
:10AF3000B2977030B29750206206B297DCDA3C20AC
:10AF40001030A2074206B2973030B2971020620646
:10AF5000B2979CDE9307A0021CAB0145B24022448D
:10AF60004101828093060708FCC63C241034A207E6
:10AF70004206B2973034B29710246206B297BCCA28
:10AF80007C205030A2074206B2977030B297502012
:10AF90006206B297FCCA3C201030A2074206B29764
:10AFA0003030B29710206206B297BCCE65B7054527
:10AFB00075B7411106C6EF50DFFC1DCD343505478E
:10AFC000AA8709456397E602942B13074002639210
:10AFD000E6020D472386E7021947A385E702130718
:10AFE000500298AB03C7A7020145136717002385DA
:10AFF000E702B240410182800945E5BF5D71A2C40C
:10B00000A6C286C69777FE1F938747B436849433CB
:10B010002A87B2848DC2B44F81C6D4263145BDE2A1
:10B02000B45F81C6B4363145B1EE83A6C70881C688
:10B03000F4323145A1EA03C6070C83C6170C1D453F
:10B040006372D60483A7070D494593F707049DCB88
:10B0500019462800D8839760FD1FE7808068414625
:10B06000A6851305E1029760FD1FE7808067130541
:10B07000E1014146A2859760FD1FE7808066480098
:10B08000EFA06FD9B64026449644616182809777DD
:10B09000FE1F9387A7AB98330DC3B84F01C758273E
:10B0A000494505E7B85F01C73837494519EF83A718
:10B0B000C70881C7FC33494589EB411106C6EFA09B
:10B0C0006FE9B24001454101828082809777FE1F7F
:10B0D0009387C7A794332A878DC2B44F81C6D426DD
:10B0E00049459DEAB45F81C6B436494595E683A6D5
:10B0F000C70881C6F432494585E203A6870D98B397
:10B1000083A5C70D9376F69F19C39366066023AC9B
:10B11000D70C23AEB70C014582809307006433053A
:10B12000F502411126C29774FE1F938424A222C403
:10B1300003A4440C4AC006C61309F00FC8D801E89E
:10B14000B2402244924402490145410182800820D4
:10B1500063052501CC58EF402E91405CCDB7977721
:10B16000FE1F9387A79EA38CA7021377150011EBF0
:10B1700003C7C7036D8F6304B70049458280238DE1
:10B18000E702098919C10145828003C7D703718F7E
:10B19000E315C7FEA38DC702FDB75D716ECE977D27
:10B1A000FE1F938DAD9A52DC3E8A83A78D05A6C201
:10B1B000CAC04EDE56DA5AD85ED662D46AD086C687
:10B1C000A2C466D246C6B684830B41058346810578
:10B1D000834901062A8D2E89B28A3A8C428B99C7FF
:10B1E000EC4BB70700043145ED8F85EF8D4763E9E0
:10B1F0004701937C090163870C0085476389F60446
:10B20000494505A093753900E38CF5FE93758900D7
:10B21000E5F96397F60283C7CD033145918B6393BC
:10B220000720B640264496440649F259625AD25A3B
:10B23000425BB25B225C925C025DF24D6161828096
:10B240006394F91E83C7CD03918B3145F9DB6A8581
:10B25000EF301FE22A8411E983A78D060545829706
:10B260002A841D455DDC2304A40193070002639F2B
:10B27000F4008D476399F904562C9307900F13053A
:10B280005004E3E0D7FA762CE3EDD7F89376F90F84
:10B290002300D406638E0C101379F9009547631BC5
:10B2A000F902930710F87CA44545E3EC54F7FD47F9
:10B2B0004545E3F857F79167E3E597F6D69485801F
:10B2C000B3C4040831A88547E392F9FC562C9307D0
:10B2D000D02E75B7B5476313F90C85477CA4894414
:10B2E00006B0A307840163160C1085471CBC93F6B7
:10B2F000060299E2A30A4403324519468145976044
:10B30000FD1FE780C05763140510B2458547230E23
:10B31000F402A30E640319461305E4039760FD1FAE
:10B32000E780203C834701055CB49307F0076393F3
:10B33000FB0E56579767FE1F83C7074C1CA30305D8
:10B340005401EFD03FD12304A406EFD05FCAD657F3
:10B3500048B888A38347C1052305040623020406D1
:10B36000A302F40683470406C18B99EBFD1993F9F8
:10B37000F90F8947E3E637E9A3050406A30134077B
:10B38000834741060145A300F40683478106A303D2
:10B39000F4067C489397B7297CC861B58947631444
:10B3A000F900994709B7E30009F023070400EDBD50
:10B3B0009D477CA493F5160093F7460089C991E355
:10B3C0009145A30FB4048547230FF404F1BD93F511
:10B3D000260081C9894591C39545A30FB4048947C7
:10B3E000E5B78D4591C39945A30FB404230F040419
:10B3F00065BDA30C040081478D453356FC4801C64A
:10B40000103C050610BC8507E399B7FECDB5230EA9
:10B41000040209BF914763C57701A30A740105B708
:10B420005CB831BFE385D9E28947E392F9E283C78B
:10B43000CD03898B19BD01114EC69769FE1F9389F3
:10B44000E97083A7890526CA4AC852C406CE22CC11
:10B450002E89B6843A8A99CFF84BB7070004F98F42
:10B4600091CB3145F2406244D2444249B249224A2A
:10B4700005618280EF30DFBF2A8419E583A7890543
:10B4800013052004F9FFF9BF782585473D8B630E2E
:10B49000F70E03470506418B41CF8D476304F90042
:10B4A0004945C9B7FD47E3ED97FE231E0400F1C8E7
:10B4B0005E2C03D769071D45B3869700E344D7FA8E
:10B4C000582405C71630130700026390E6020347AD
:10B4D00034068D46631DD70A1307900F13055004D9
:10B4E000E362F7F87E2CE36FF7F68D471D45E31B0B
:10B4F000F9F637E900E083290900B7072000232087
:10B50000F918B3F9F9000F1000009305800C0545F8
:10B51000EF40CED98357C406120523244403850780
:10B52000BD8BC98F2316F40646AC23203911B1A870
:10B53000631AF900231E0500A5D458248547E31992
:10B54000F7F605B70D47E302E9F61147E316E9FE02
:10B55000744937070001758F21F75825E312F7F476
:10B560005E2D9DDF95FC9305800C0545EF400ED4C4
:10B570008357C40612058507BD8BC98F2316F406B1
:10B5800029A07C48939787497CC80145E1BD854641
:10B59000E31DD7F41307D02E91B701114EC697695A
:10B5A000FE1F9389A95A83A7890526CA4AC852C48F
:10B5B00006CE22CC2E89B6843A8A99CFF84BB707AB
:10B5C0000004F98F91CB3145F2406244D2444249A4
:10B5D000B249224A05618280EF309FA92A8419E589
:10B5E00083A7890513052004F9FFF9BF782585474E
:10B5F0003D8B6304F71203470506418B71C38D47EA
:10B600006304F9004945C9B7FD47E3ED97FE231FE1
:10B610000400638004107E2C03D769071D45B386A0
:10B620009700E343D7FA582405C7163013070002E2
:10B630006390E602034734068D466312D70E562CFC
:10B640001307900F13055004E360D7F8E36EF7F685
:10B650008D471D45E31AF9F65C5485C78347640698
:10B66000898B85C3085811CD3C2581CFEF901FF5FC
:10B670000C58194613056403B1059760FD1FE78058
:10B68000400637E900E083290900B707200023209E
:10B69000F918B3F9F9000F1000009305800C054567
:10B6A000EF40CEC08357C406120523264403850706
:10B6B000BD8BC98F2316F40666AC23203911B1A8BF
:10B6C000631AF900231F050095DC58248547E3140D
:10B6D000F7F4D5BD0D47E30CE9F21147E316E9FE97
:10B6E000744937070002758F11FF5825E31CF7F0E6
:10B6F0007E2D89DB81F89305800C0545EF400EBB5C
:10B700008357C40612058507BD8BC98F2316F4061F
:10B7100029A07C48939797497CC8014575B5854613
:10B72000E318D7F2562C1307D02E29BF5D71CAC07B
:10B730001769FE1F13098941AA8703258905A6C237
:10B7400086C6A2C44EDE52DC56DA5AD85ED662D421
:10B7500066D26AD06ECE32C23AC4B68405E5858B15
:10B7600095EFA9C10145B640264496440649F259D1
:10B77000625AD25A425BB25B225C925C025DF24D2D
:10B7800061618280744937070004758F6312071462
:10B79000858B89E781C9EF309FADE9B7639D050EC1
:10B7A0004945D1B70324C90555DC2285EF303FACAC
:10B7B0000040DDBF78493377EC00631B0710034777
:10B7C000F505630497016316A70103D7EA01630136
:10B7D000071003C75A03630E370703C7EA0063174E
:10B7E0003701332794201A23E3ECEDFA0327C90627
:10B7F0007D141374F40F79CFA247B3249A209A20B2
:10B800003E9A9305800C2397EA0603470A000545F4
:10B8100023980A06A384EA06EF404EA903D7CA0676
:10B820001205264405073D8B498F2396EA06832798
:10B83000C90603C50B00B64096440649F259625A40
:10B84000D25A425BB25B225C925C025DF24D616156
:10B85000828793878A05194681453E853EC6976053
:10B86000FD1FE780C001631D350119469765FE1F66
:10B870009385253C13858A059760FD1FE78060E668
:10B880001946814513858A059760FD1FE78020FFD3
:10B89000E31535F531B7FD1513F4F50F370C00033B
:10B8A000894C154D8549930D0008130BF00F9247F5
:10B8B000228AB38B870003C50B00EF306FFBAA8A87
:10B8C000E31A05EE8327890513052004E38D07E8B5
:10B8D000314551BDE31D64FDE1B539714AD84ED6FD
:10B8E00056D25AD05ECE62CC66CA6AC83E8B06DE9D
:10B8F00022DC26DA52D49767FE1F83A7A72A834B40
:10B900000104AE8A3289368CBA89C28C468D95C7BD
:10B91000F84BB7070004F98F8DC3314AF2506254D7
:10B92000D2544259B259925A025BF24B624CD24CF9
:10B93000424D5285225A21618280EF306FF3AA84F2
:10B94000130A200461DD63745901494AC1BF954758
:10B95000E3FD57FF8347050693F73703FDF7034AD7
:10B96000E505E31C0AFA7C49918BC5FBEF302025E5
:10B97000F94763E4A7001D4A55B783C7340691EB26
:10B9800003D744089307D02E63F5E700994763F087
:10B99000270F6384090CB3C73A03E3C867FB639BB3
:10B9A0000B0203A4C40A2DC423023401230474012E
:10B9B000A3026401FC4856991359194093E72700E4
:10B9C000FCC883C7040623932409B3E787012380B7
:10B9D000F406A9B7E3FB6CF785476383FB02B30763
:10B9E0009B412947B387E702B3C77703E3CFA7F5A6
:10B9F00003A4C40A11CC23023401A303A40131A07F
:10BA000003A4C40A11C4230234012303940179BF9F
:10BA10001386190012069305E010328532C697701E
:10BA2000FD1FE780606F2A8439D5324681459760D3
:10BA3000FD1FE78080D1B7C7898E23A6840A93872C
:10BA400067ED1CC0930704015CC423023401E38F3B
:10BA50000BF48547E393FBFA4DBF03A5C40A39D91C
:10BA60009770FD1FE780A07723A6040AA1B7130AE9
:10BA700050046DB5011126CA4AC84EC606CE22CC66
:10BA800052C49767FE1F83A7E711AE843289B68937
:10BA900091C7F84BB7070004F98FA9E3EF304FDDEA
:10BAA0002A841305200459C07C48898B8DC38347A1
:10BAB000340691EF035744089307D02E63F9E7004B
:10BAC0000357640899471305500463F1E70693F799
:10BAD000D40F05476386E700630209063145B9A024
:10BAE000B7E700E003AA07003707200023A0E71804
:10BAF000337AEA000F1000000325840A19C59770F5
:10BB0000FD1FE780C06D2324040A23120408B7E751
:10BB100000E023A047116312090A8D476393F402E2
:10BB20007C4823120408F99B7CC80145F24062441A
:10BB3000D2444249B249224A056182809147E38F4B
:10BB4000F4F84945E5B7F51493F4F40F8547E3E7B6
:10BB500097F8930550104A859770FD1FE780C05BEA
:10BB60002324A40A25DDB7E700E08443370720003B
:10BB700023A0E718F98C0F1000007C4893F70740CA
:10BB800091CF9305800C0545EF305EF28357A408F2
:10BB900012058507BD8BC98F2315F4080325840A78
:10BBA0004A86CE859760FD1FE780A0B3B7E700E027
:10BBB0002312240923A097108DBF7C48918BC1F7D5
:10BBC0008D47E388F4F819BF41114AC01769FE1F79
:10BBD0001309C9F78327890526C206C622C4AA8489
:10BBE0002E8589CFF84BB7070004F98F81CB3145FB
:10BBF000B24022449244024941018280EF304FC753
:10BC00002A84130520046DD413F714007C484DCB0F
:10BC100013F7170069FF034704061377370361FB27
:10BC20008988C1CC0327490D454593E70740418BDF
:10BC300061D3C1657CC8FD150145EF30BEE9231411
:10BC4000A408EFD07F8593040408B7050001C8C499
:10BC5000FD150145EF309EEA88C89304040A154695
:10BC60009765FE1F938565FE26859760FD1FE7801B
:10BC700040A7A685130500FBEFD0AFD02685EF5077
:10BC80002FD87C485824A300A408DD9B93E74700E5
:10BC90007CC88547631FF7009305800C0545EF308E
:10BCA000FEE08357C40612058507BD8BC98F231696
:10BCB000F406EF60400E014525BF93F7F7BF95BF2F
:10BCC0000345D407CD9B7CC89307F00FE303F5FE33
:10BCD000EF305E99F9BF01114AC83A891767FE1F14
:10BCE0001307C7E60328870722CC26CA4EC652C4CC
:10BCF00056C206CE2A8AAE8A3284B684BE896308CA
:10BD000008008326C80191673145F58F9DE3785F70
:10BD1000314505C39377A4FF454581EF93775400E0
:10BD2000314581CB6310080202972A880D45631FB5
:10BD30000800F2406244D2444249B249224A924A3F
:10BD4000056182808347B8003145E5F78D47494555
:10BD5000E3E147FFA3064805230858012300080232
:10BD60009375140085C99C20A307F8008357090028
:10BD7000231BF80003D609003356F60A9307500533
:10BD8000231CC8003306F60285472300F8022186EB
:10BD9000231DC800118829C0AE949C2033A92521F9
:10BDA000B3A53521A307F800A307F802035709003C
:10BDB0002319E8029E21B3D7E70A13075005231A77
:10BDC000F802B387E702A187231BF8028347080222
:10BDD00093E727002300F8028327C80101459397C2
:10BDE000F728232EF800B1B71767FE1F130707D6F1
:10BDF0003C5F011122CC26CA4AC806CE2E89B284E5
:10BE0000368489E77C5F8DEB314521A8D04F916660
:10BE1000F18EFDFA785F6DDB19C905476309E5020C
:10BE20004945F2406244D2444249056182802AC6B3
:10BE3000EFB09F8A3245F5B70547E313E5FE8297D9
:10BE4000AA870DCD1147A30605047AA91AADB43708
:10BE50000547E387E6FC85C086BFA2BF01C41E0478
:10BE6000E3D084FC238927016244F240D244424952
:10BE7000BC570561828723AC0702EDB70D4555B766
:10BE8000011122CC26CA4AC84EC606CE2E8932845B
:10BE9000B689BA84EF30CF9D3DC503284505AA87F2
:10BEA00031451377082029EB1767FE1F130707CAD0
:10BEB00083469704454563E1260503C6470B335681
:10BEC0008640058A15CA8326070D37060800F18EBD
:10BED00085C60347870463619702238B870AA38A79
:10BEE000270BA38B370B11C0268413680810238CF3
:10BEF000870A23AA07050145F2406244D244424919
:10BF0000B2490561828013052004FDB7411122C4A6
:10BF100006C62E84EF30CF9515C17849AA873145E2
:10BF20009376270081CA9376F7DF19C093660720BE
:10BF3000F4CB0145B2402244410182801305200424
:10BF4000D5BF011126CA4AC852C406CE22CC4EC65D
:10BF50002E8A3289B684EF50CF8271C1938701BC9B
:10BF6000631D0900054798A30145F2406244D2448D
:10BF70004249B249224A05618280982385472A8432
:10BF80006315F700238001BC094AB7E700E083A9E5
:10BF900007003707200023A0E718B3F9E9000F10C6
:10BFA00000004165130545F5EF403FFF29C93C25D9
:10BFB0003EA583278411A1E3232CA410232EA410D3
:10BFC000930710F8F9141CB523200500231625014A
:10BFD0002304450144C1834594020145B315B028AB
:10BFE000B3C505089780FD1FE780A082B7E700E092
:10BFF00023A0371195BF8327C41188C3C1B79767A2
:10C00000FE1F83A7278191C79565938555550545E3
:10C010008297B7E700E023A037111D45B9B709455E
:10C02000A9B76F009FBB6F003FC06F003FC56F0097
:10C030007FCB6F005FD16F00FFDD6F005FD56F00BA
:10C04000DFD882806F005FE1034301001AC06F00F8
:10C05000CF876F00CF936F006F9D6F00EFA36F00CE
:10C060004FAA6F002FB06F00AFB66F002FBB797172
:10C070001303F00F1AC81AC60343810306D61AC465
:10C08000035341031AC2035301031AC0EF00CFBF89
:10C09000B2504561828003530100035E4100834E2C
:10C0A0008100034FC100835F010176C47AC67EC858
:10C0B00072C21AC06F004FBD6F00CFD06F008FDC0F
:10C0C00003530100034E4100834EC10093F8F80F63
:10C0D0001378F80F76C672C21AC06F00AFE06F0017
:10C0E0002FF06F002FF96F00CFFC6F001F806F00E3
:10C0F000DF856F007F8C6F00BF90828082806F0031
:10C100001FA3411126C206C622C4AE849397556070
:10C1100063DA071603C5C1BC9750FD1FE780605363
:10C120002A8409CD1C21130710096380E702130735
:10C13000000D6387E7082285EF205EF91395F46808
:10C14000B24022449244410182801C3139476397B6
:10C15000E7025A21856793875740E31EF7FC1C4589
:10C16000A8239833AC33220583A781BC598DE1D72E
:10C170009C43F1D393954560829775BF1307E00305
:10C18000E39BE7FA38219D47E317F7FA4A219770B6
:10C19000FD1FE780807D45D15825A147E31DF7F8B5
:10C1A00083A781BCC9DB9C47D9D732246E204A20A3
:10C1B0007116F11533460608B3C505088297A5BF69
:10C1C0003C2119476383E702636EF70095C3154767
:10C1D0006380E70A83A781BCB9DFDC43A9DF22853E
:10C1E000829791BF3147E397E7FEEF10D01CDDB790
:10C1F0001C31EDF383C7D1C1B9E341469765FE1FFA
:10C200009385C5BE1765FE1F130545C09750FD1FDA
:10C21000E780C05E1DED1766FE1F130626BFC145F1
:10C220000945EF303ED41766FE1F130626BDC145F3
:10C230000D45EF303ED303C58185EF307ECD1946E5
:10C24000930534001385C1C29750FD1FE7806049F4
:10C2500051B741469765FE1F938545B81765FE1F88
:10C260001305C5B99750FD1FE78040594DD5C1BF93
:10C270001C31ADF33225930545002831A146EF105E
:10C28000001F89BF11656D8DE30C05EA138641C35C
:10C2900091451145EF301ECD03C58185EF305EC756
:10C2A0001395E46871BD411122C406C69767FE1F4D
:10C2B0002389A784328481C52E85EF10601319C0AD
:10C2C00023A481BC83C7D1C18DE72244B24003C6F9
:10C2D000E1C103C5C1BC938741C31767FE1F1307A4
:10C2E000E7B19766FE1F938666B2A14541016F7064
:10C2F000BEE4B24022440145410182800111C8865A
:10C3000083C7C1BC680006CE5C864C87D087EF60CF
:10C310006EE7F2400561828003C5C1BC6F600EE329
:10C32000238EA1C003C741C49307F00F6308F70031
:10C330008547A38EF1C0B147A38EF1C28280975783
:10C34000FE1F83C7974B81EB614582806145B240F8
:10C350002244410182804111170500001305A5DA2E
:10C3600022C406C61384C1BCEF30EED108A0130767
:10C37000F00FE30DE5FCA147A38EF1C2EFF05FFAE9
:10C3800083C7D1C199C30145D9B71766FE1F1306EC
:10C39000E6A7C1450945EF30DE961766FE1F130676
:10C3A000E6A5C1450D45EF30DE9541469765FE1F78
:10C3B0009385C5A51765FE1F130545A39750FD1F5F
:10C3C000E780203241469765FE1F938525A31765B8
:10C3D000FE1F1305A5A09750FD1FE7808030138630
:10C3E00041C391451145EF30DE910820EF40FEB783
:10C3F00059BF130705031E21110593C7F7FF231E1D
:10C40000F5FE8347E5FF93C7F7FF230FF5FEE3141F
:10C41000E5FE828099473305F50201110A86C14580
:10C4200006CE1305052033450508EF309E8D09E53E
:10C430000886F240056182800145E5BF011122CCEA
:10C4400026CA4AC84EC606CE81440144138991BE0D
:10C45000938901BF83470900636AF400F240624494
:10C460004249B2492685D2440561828083A70900EA
:10C470001315440019469305F00F3E959750FD1F84
:10C48000E780E03F01E5850493F4F40F050413749D
:10C49000F40FC9B703A541BE11CD411106C6EF2067
:10C4A000FEC2B24023A201BE83C791BE2384F1BE67
:10C4B0004101828083C791BE2384F1BE828059717D
:10C4C000A6D286D6A2D4CAD083C781BEAA84639ED0
:10C4D000A700138401C108208545EF20FED4082061
:10C4E0008945EF207ED4EFF0FFFA19493389240300
:10C4F0005000C145130409202285EF309E8009C9F0
:10C500000144B650228526549654065965618280AE
:10C5100019469305F00F48009750FD1FE78020361D
:10C5200065F1480041469305F00F9750FD1FE780E5
:10C53000C021480871469305F00F9750FD1FE78012
:10C54000C0200818130600039305F00F9750FD1F35
:10C55000E780A01F5000C1452285EF30BEA05008E3
:10C560002A84F14513051920EF30DE9F5008498CCD
:10C57000F14513052920EF30FE9E1374F40F500887
:10C58000498CC14513053920EF30DE9D1374F40F3B
:10C590005008498CC14513054920EF30BE9C1374E7
:10C5A000F40F5008498C914513055920EF309E9B9C
:10C5B0001374F40F498C1D6510189305000326951C
:10C5C000EF305E9A1374F40F498C03C581851374A0
:10C5D000F40FEF30FE9335B7011122CC26CA4EC6B8
:10C5E00006CE4AC80144EF001FAD938991BE9384E3
:10C5F00001BF83C709006369F400F2406244D2447A
:10C600004249B249056182808840131944001946A5
:10C610009305F00F4A959750FD1FE780402611E5DE
:10C620008C40CA95E835EF005FA905041374F40F38
:10C63000C9B7397122DC26DA4ED652D406DE4AD882
:10C640000144EF007FAA938991BE938401BF194AE8
:10C6500083C70900636AF400F2506254D25442590D
:10C66000B259225A21618280884013194400194628
:10C670009305F00F4A959750FD1FE78040201DE578
:10C68000330544030A86C1451305352033450508A3
:10C69000EF302EE71008C1450945EF308EE68C409B
:10C6A00014080A86CA95E835EF00DFA30504137461
:10C6B000F40F79BF011106CEEFF05FD80547894727
:10C6C0006363A700A9471306F100854513052004FD
:10C6D000DC87EF702ED9F24005618280011122CCF7
:10C6E00026CA4EC652C406CE4AC80144938991BE9A
:10C6F000938401BF194A83C709006367F402EFF00E
:10C70000FFD383C7C1BE99C3EFF01FED83C7B1BE8E
:10C7100099C3EFF01FF26244F240D2444249B24959
:10C72000224A05616FF01FF9330544039040131945
:10C730004400C1454A961305052033450508EF30EE
:10C740004EDC05C9884019469305F00F4A9597506D
:10C75000FD1FE78080FF884019469305F00F4A953A
:10C7600019059750FD1FE78040FE9C40CA9723960D
:10C77000070005041374F40FBDBF2A2183C501C14E
:10C780006F801EF89947B385F502397122DC26DAED
:10C790004AD84ED606DEA1472A84B2843A899389C4
:10C7A00025206384F6009389152071468145480051
:10C7B0009750FD1FE78060F95000F1454E85EF303E
:10C7C0004ED405E18347E1012547E51793F7F70FBD
:10C7D0006369F700CA86500093F514002285EF4084
:10C7E0006EE7F2506254D2544259B25921618280AC
:10C7F000797122D426D24AD0AE842A8932848145E6
:10C80000130600020A8506D69750FD1FE780E0F365
:10C8100083C7A18523102101230EF100B4843DCCF0
:10C8200083C7F1C003C7C1C05C8283C7E1C0DC829B
:10C8300013564748937777002206D18F13565748EF
:10C840002606D18F135767482A07D98F93F6868F0C
:10C85000D58F41469755FE1F9385455713056100B7
:10C86000FC849750FD1FE780C0E783C7D1C013F752
:10C87000170011C789C4B88413672700F8840347D9
:10C880006101A2850A85D98F230BF100EF408ECE7E
:10C89000B2502254925402594561828083C771C0BC
:10C8A00003C741C05C8283C751C0DC82135647482E
:10C8B000937777002206D18F135657482606D18FDB
:10C8C000135767482A07D98F93F6868FD58F41462D
:10C8D0009755FE1F9385854E13056100FC84975084
:10C8E000FD1FE78000E083C761C051B7011122CC72
:10C8F00006CE2A842EC632C49770FD1FE780E0065C
:10C9000005C55825A1472246B245631CF70083A7F9
:10C9100041BF99CBDC4389CB22856244F24005615B
:10C92000828783A781BFF5B7F240624405618280A8
:10C93000011122CC26CA4AC84EC606CEAA8401449A
:10C94000138991BE938901BF83470900636BF4008B
:10C950003E84F24022856244D2444249B249056194
:10C96000828083A70900131544001946A6853E95C9
:10C970009750FD1FE78080E869FD05041374F40FEC
:10C98000E1B75D71A2C4138441BE1C40CAC04EDE33
:10C9900086C6A6C252DC56DA5AD82A89AE89A1EFD9
:10C9A0006300051A638E0518EFF09FF8938A91BE15
:10C9B00083C70A00138A81BE2300AA00636DF502B3
:10C9C0008144138B01BF0DA083270B0013954400F6
:10C9D00019469305F00F3E959750FD1FE78020EA1A
:10C9E00009E9850493F4F40F83C70A00E3EEF4FC2D
:10C9F000BE8423009A00938481BE9C2003C791BE0D
:10CA000063F0E71418403DEB1947B387E7024A8605
:10CA1000C1459387072033C50708EF30AED413060E
:10CA200000039305F00F0A859750FD1FE780E0D1C2
:10CA300088209D670A863E959305000333450508C7
:10CA4000EF304ED29C2003A501BF41469207CA8514
:10CA50003E959750FD1FE780C0C82320340103C5D1
:10CA60008185EF30EECA0145B6402644964406491A
:10CA7000F259625AD25A425B616182801047014783
:10CA800019CE19473385E702F145130515203345C3
:10CA90000508EF302ECD1C40054723A407001C409D
:10CAA000904B39CE88209947F1453305F50213059F
:10CAB000252033450508EF30EECA1C40D04B23A893
:10CAC000070029E2D04741DE88201949C1453305D6
:10CAD00025031305452033450508EF30AEC88820EF
:10CAE0001C40914533052503D047410613055520C9
:10CAF00033450508EF300EC71C4023A6070085B755
:10CB0000D04B05C288209947C1453305F50213056E
:10CB1000352033450508EF30EEC41C4023AA07003A
:10CB200055B7D04755F205FF83C7C1BE99C3EFF093
:10CB3000BFAA83C7B1BE99C3EFF0BFAFEFF09FB7F5
:10CB400005451DB70111994722CC3304F50226CAC9
:10CB50000A86AE84C14506CE13040420334404087B
:10CB60002285EF300E9A19C50145F2406244D24445
:10CB70000561828019469305F00F0A859750FD1FC5
:10CB8000E780E0CF75F138869377D70F89C4937724
:10CB9000F70F93E72700630CF7000A86C14522854B
:10CBA0007C86EF302EBC03C58185EF306EB605451F
:10CBB0006DBF411122C426C206C6014501449384BB
:10CBC00091BE9C206373F40011C5B240224492448C
:10CBD0004101828022850504EFF07F8E1374F40FEB
:10CBE000CDB783C791BE637EF502011122CC06CE7C
:10CBF0002E8485C599473305F5020A86C14513057C
:10CC0000052033450508EF30CE8F01E919468A85A6
:10CC100022859750FD1FE780C0ACF2406244056159
:10CC2000828082809947B307F5021D71A2CCCEC6DF
:10CC30003284AE890A86C145A6CA86CE938707206C
:10CC4000CAC8AA8433C50708EF30AE8B11C90149A1
:10CC5000F6406644D644B6494A85464925618280F5
:10CC600019469305F00F0A859750FD1FE78020C1F4
:10CC700079FD9D67BE941008930500032685EF306B
:10CC80004E882A8919C10549E1B70808EFF06FF607
:10CC90006394090413060003814508089750FD1F9B
:10CCA000E780E0BD6DF11306000381450808975049
:10CCB000FD1FE78080A985470808238EF1BEEFF0AD
:10CCC0004FF31008930500032685EF30AEA903C586
:10CCD0008185EF30EEA345BF1C083E871623638590
:10CCE000360311079400E31BD7FE3DD09A2311C7EA
:10CCF00091079800E39CE7FEA1BFB823239037017A
:10CD0000E30387F8A0A345BF3C23E38E87F620A367
:10CD10005DF02310070045B7011126CA4AC84EC668
:10CD200006CE22CC52C49759FE1F9389A9AB03C5E6
:10CD3000E900FD579305200412052388F1C0938470
:10CD400001BFA38401BE23A801BE9760FD1FE78039
:10CD5000A03C88C0138991BE05C183C7E900014486
:10CD60002300F900834709006360F40C83A789005E
:10CD7000638B070E238001BE8347090005444146AB
:10CD800081451755FE1F130565042384F1BEA38E4C
:10CD9000818423A201BEA38701C0238701C09750CD
:10CDA000FD1FE780809A930470074146814517551F
:10CDB000FE1F1305A500238691C0238E8184A386C0
:10CDC00001C023A401C0238301C0A38301C0A382A7
:10CDD00001C09750FD1FE7804097238291C023A098
:10CDE00001C0A38E01BE9547A38DF184C147238D59
:10CDF000F184238E01BE8947A38CF184F240238CF9
:10CE00008184A38B8184238B8184624423AC01BE03
:10CE100023AA01BE238601BE238501BED244424916
:10CE2000B249224A056182808840131A440019469B
:10CE30009305F00F52959750FD1FE78000918840B1
:10CE400019469305F00F529519059750FD1FE7807D
:10CE5000C08F9C4005041374F40FD29723960700EB
:10CE60002387070001B7930700F82380F1BE29B795
:10CE70001971A6DACAD8CED6D2D4D6D286DEA2DC32
:10CE80008144938991BE138901BF194A9D6A83C762
:10CE9000090063E3F40203C58185EF306E8783C721
:10CEA0000900F65066542384F1BED6544659B6594B
:10CEB000265A965A0961828003250900139444007A
:10CEC000194622959305F00F9750FD1FE780E087E4
:10CED0000325090019469305F00F2295190597506F
:10CEE000FD1FE78080868327090041469305F00FE8
:10CEF000A297338444032396070023870700480042
:10CF00009750FD1FE780608471469305F00F480835
:10CF10009750FD1FE7806083130600039305F00F11
:10CF200008189750FD1FE7804082334404085000E2
:10CF3000C1451305042033450508EF30AE82500883
:10CF4000F1451305142033450508EF30AE81500834
:10CF5000F1451305242033450508EF30AE80500815
:10CF6000C1451305342033450508EF20BEFF5008A6
:10CF7000C1451305442033450508EF20BEFE500887
:10CF800091451305542033450508EF20BEFD338538
:10CF9000540110189305000385043345050893F4E4
:10CFA000F40FEF203EFCE5B5411122C4930705C004
:10CFB00006C6130720022E84B3C70708636EF70C5A
:10CFC00017970000130787ECB3C7E7209C43BA9775
:10CFD000828783C7D1851CA08147B24022443E8509
:10CFE0004101828083C7D1C093D72748EDB783C75B
:10CFF000F1C0D5B783C7E1C0F9BF41469755FE1FC1
:10D000009385C5DC22859740FD1FE780806DE9B7D9
:10D0100083C7D1C0858BC1B783C7C1C06DBF83A78C
:10D0200081C01CC055BF83C7C18575B783C761C0A8
:10D0300065BF83C771C045B783C751C069BF41464B
:10D040009755FE1F938585D775BF83C761C0D9B734
:10D0500083C741C049B783A701C0E1B783C7D1BF28
:10D060009DBF83C7B18585BF83C7A185ADB783C782
:10D07000C1BE95B783C7B1BEB9BFEFF02FBC08A042
:10D08000A1BF83C7618581BF83C7D1C093D737480C
:10D0900099B783C761C0DDBF130700048947E36EFA
:10D0A000A7F2EF307EE50AA005BF011106CE22CC23
:10D0B00026CA4AC84EC652C4EF402EB53DED03C73E
:10D0C000A1BE85472A84938491BE630CF70213891D
:10D0D00001BF054A9C206370F4048327090093195B
:10D0E0004400CE97FC27639A47012285EFF02FBDBD
:10D0F00083270900CE972387070005041374F40FD4
:10D10000D1BFEFF01FAB9820238501BE83A701BFDD
:10D11000B907631DE400EF30CE8A6244F240D24486
:10D120004249B249224A05616FF04FDB0504238072
:10D1300007001374F40FC107E9BFF2406244D24400
:10D140004249B249224A0561828079714AD04ECE65
:10D1500052CC06D622D426D256CA938991BE89478C
:10D1600003C409002E8A3289630AF50663F1A70217
:10D170008D478144994A630AF506B25022852254AC
:10D1800092540259F249624AD24A456182802E8500
:10D19000EFF00FFA83C709002A84E370F5FEE30E6F
:10D1A00009FC1946D2854A859740FD1FE7806053E8
:10D1B000E9B703A50A009397440019463E95D28526
:10D1C00019059740FD1FE780606329ED850493F4FE
:10D1D000F40F03C40900E3EE84FC45B78144938A4D
:10D1E00001BFC5BF850493F4F40F03C40900E3F63F
:10D1F00084F8338554030A86C14513053520334529
:10D200000508EF201EB079FD41469305F00F0A8511
:10D210009740FD1FE780A06671F5D2850A85EF3043
:10D220007ED569F183C7090063E4F4002684B1B7B1
:10D23000E30E09FECA852685EFF0BF9AC5BF797156
:10D2400026D206D622D44AD0AA8402CC231E0100BC
:10D250009760FD1FE78060710DCD1389C18503477D
:10D26000090089476307F702930565002A8448315E
:10D270003008EFF09FED83C791BE6372F5022AC6B6
:10D28000EFF04F99B2452A860547A1462685EFF073
:10D290006FCFB25022549254025945618280834725
:10D2A000090091E795452685EF404E93DDB7054788
:10D2B000E391E7FE4C3001462685EFF06FD3D1BFF6
:10D2C0000111C16726CA06CE22CC4AC84EC6FD1738
:10D2D000AE846309F5069760FD1FE78000692A8424
:10D2E000514929C993056500483101465549EFF078
:10D2F000DFE583C791BE6376F500A685EFF09F84D6
:10D3000001498DC82285EFF04FC72DA0A685228543
:10D31000EFF05F8311C1014905041374F40F83C753
:10D320000900E365F4FE99C417F5FFFF13052545D1
:10D33000EFB0BECAF2406244D244B2494A85424983
:10D340000561828001445549938991BEC9BF01118D
:10D35000C1674AC84EC606CE22CC26CA52C4FD17A3
:10D360002E89B2896300F5069760FD1FE780E05FB4
:10D37000D14421C19305650048310146D544EFF001
:10D38000DFDC83C791BE6376F5024E86CA85EFF077
:10D390007F89814439A84E86CA852285EFF09F880F
:10D3A00011C1814405041374F40F83470A00E36438
:10D3B000F4FEF24062444249B249224A2685D244F0
:10D3C000056182800144D544138A91BEF9BF4111A1
:10D3D00022C406C6138401C10C2023ACA1BE614542
:10D3E000EF406E8B08202244B24041016F90BEC3D3
:10D3F000411122C406C6138401C10C2023AAA1BE78
:10D400006145EF404E8908202244B24041016F90AF
:10D410009EC1411106C622C426C28DEDAA85AA84EA
:10D4200037450F00130505243375A602EF30BEAE55
:10D430002A8401E90144B2402285224492444101F8
:10D4400082809307E00FE308F5FE85452685EF30DF
:10D45000FEF8D5B7EF309EF8F1BF1387D1851C23B6
:10D4600083C5D1C093E707F81CA36F30FEEB597159
:10D47000A2D432845000CAD0D2CC86D6A6D2CECE88
:10D480002A89368A02C223140100EFF01FCC83C719
:10D4900091BE6374F50EAA84EFE0DFF79147AA8985
:10D4A0006316FA0C03C7D185791713371700914615
:10D4B0001949338924034E86A6852285EFF08FAC67
:10D4C0005146814568009740FD1FE78000287000A5
:10D4D00033490908C1451305492033450508EF20A4
:10D4E0005E8205E941469305F00F68009740FD1FF5
:10D4F000E780E03819ED700891451309592033454C
:10D500000908EF201E80700093F519002285EF3086
:10D510005EE69D67BE9410109305000333C50408B2
:10D52000EF202EFE19ED0810EFE0BFEC04108E2066
:10D5300089C5B0202285EF807E8091049C08E39805
:10D54000F4FE93F929006387090083C501C1228590
:10D55000EF800E9B91476314FA0403C7D185894776
:10D56000631FF7022285EFF05FEF15A803C7C1859F
:10D57000791713371700D28625BFA147E31CFAFCA1
:10D5800003C7C1858947631CF7000146CA85228508
:10D59000EFF00FA6014681452285EFF02FB5B6507A
:10D5A000265496540659F649664A014565618280BB
:10D5B000411122C42A8406C6EFF00FF6238881C0E9
:10D5C0002244B24041016FF06F911D7186CEA2CC12
:10D5D000A6CACAC8CEC6D2C4D6C2EFF0FEB083C7B0
:10D5E000718599CB0144138A91BE138901BF994A71
:10D5F00083470A00636BF400F6406644D64446490C
:10D60000B649264A964A2561828003250900931966
:10D61000440019469305F00F4E959740FD1FE78093
:10D62000002629E9B30454035010F145B3C404089B
:10D630001385142033450508EF20AEEC05ED0347B4
:10D64000F1039307F00F6317F7025000C1451385EC
:10D65000342033450508EF20CEEA5008C14509457E
:10D66000EF202EEA8325090054085000CE95E835B6
:10D67000EFF05EA705041374F40F9DBF5D71A6C2A1
:10D68000CAC0930705C086C6A2C44EDE52DC56DA75
:10D690005AD8130720022A89B284B3C707086368DF
:10D6A000F74E1797000013072787B3C7E7209C435F
:10D6B000BA978287854761446393F5021C22094724
:10D6C000636FF700A38EF184014411A8854761447C
:10D6D0006397F50014221387D1C063FAD50CB640C6
:10D6E0002285264496440649F259625AD25A425B30
:10D6F0006161828085476144E393F5FE1C221147F6
:10D70000E36FF7FCA387F1C0C1B785476144E39895
:10D71000F5FC1C22E3E5F5FC2387F1C075B7C14792
:10D720006144E39EF5FA4146A6851745FE1F1305A1
:10D73000E5699740FD1FE780C0FA79B785476144E6
:10D74000E39FF5F814221387D1C0E3EAD5F81C2330
:10D750006381062093E71700B9A885476144E390E9
:10D76000F5F81C222386F1C085B791476144E39800
:10D77000F5F61842B7470F009387F723E3E1E7F682
:10D7800023A4E1C091B785476144E39AF5F41C22D4
:10D790000947E366F7F4238EF1843DB7854761447A
:10D7A000E39FF5F21422E3ECD5F2138761C01C234A
:10D7B00089C693E747001CA301BFED9BEDBF8547DA
:10D7C0006144E39EF5F01C221147E36AF7F0A3835E
:10D7D000F1C0DDBD85476144E393F5F01C22E3E031
:10D7E000F5F0A382F1C0CDB5C1476144E399F5EEF0
:10D7F0004146A6851745FE1F1305455C1DBF85479D
:10D800006144E39EF5EC1422E3EBD5EC138761C091
:10D810003DBF85476144E394F5EC1C222382F1C0AF
:10D8200065B591476144E39CF5EA1842B7470F009C
:10D830009387F723E3E5E7EA23A0E1C071B56144EC
:10D84000E39F05E8EF307EBC01E9EFF08FB6EF20F3
:10D850005E97EFE0BFE88DBD85472385F1BEADB58E
:10D860009D476144E39DF5E69385140019466800E1
:10D870009740FD1FE780E0E6882050086C00EFF03D
:10D88000DF8C83C791BEAA840944E37AF5E4480893
:10D89000EFB00ED52A8409E92685EFE05FC2EF20BC
:10D8A0005E92EFE0BFE325BD83A701BF9204A69778
:10D8B0000547F8A7594425B59D47639EF5081946C5
:10D8C0009385140068009740FD1FE78080E1882061
:10D8D00001466C00EFF07F8783C791BE6377F50444
:10D8E0009947B304F5025008F14593841420B3C45A
:10D8F00004082685EF20EEC02A8415E51307A04111
:10D900009307F00F6313E90085475008F14526851A
:10D91000A307F102EF200EE503C58185EF204EDF5E
:10D92000EFF0BFCA6DBB0944E5BF83C701BE094420
:10D93000E38707DA1387F1BD9306A0411C23631A1E
:10D94000D90093E717001CA31D46A685138581BD4A
:10D95000CDB3F99B8DB585476144E392F5D8138724
:10D96000F1BD9306A0411C236315D50093E7270062
:10D9700099B5F59B89B5A38B0184EFF01FC5A9B3B9
:10D980008547A38BF1840144138991BE9949130AF9
:10D99000F00FFD5A138B818583470900E37FF4FC68
:10D9A000B30434035008F14593841420B3C404082D
:10D9B0002685EF200EB505E18347F102638D47010F
:10D9C0005008F1452685A3075103EF20AED9034542
:10D9D0000B00EF20EED305041374F40F75BF8547D9
:10D9E0006144E39EF5CE1C22E3EBF5CEA38EF1BE9F
:10D9F000E1B985476144E394F5CE1C222547E360F5
:10DA0000F7CEA38DF184C9B185476144E399F5CC84
:10DA10001822A546930797FF93F7F70FE3E1F6CC9B
:10DA2000238DE18455B185476144E39AF5CA138794
:10DA3000C1BE1C2214231CA3E39806C8E396B7C8F2
:10DA400009BD85476144E39CF5C81384B1BE1C221F
:10DA500018201CA009E76394B700EFE03FC8082036
:10DA6000EFF0CEE895B185476144E39AF5C61C22F4
:10DA70000D47E366F7C6A38CF184B9B185476144CD
:10DA8000E39FF5C41C22238CF1843DB90545EF20AA
:10DA90002EC81DB985476144E393F5C41C22238B2E
:10DAA000F1841DB1930740026144E39AF5C28830C6
:10DAB000014693852400EFF04FE983C791BE63646C
:10DAC000F500094429B999473305F5029820A14783
:10DAD00033490508631FF702130929205008F1454F
:10DAE000334909084A85EF20CEA12A8415E593859C
:10DAF000840048086D469740FD1FE78080BE5008AF
:10DB0000F1454A85EF200EC603C58185EF204EC042
:10DB1000F9B613091920D9B70544D1B61747FE1F26
:10DB2000035747CD930740046D44E3FAE7BA8547AE
:10DB30006144E396F5BA1C22E3E3F5BA81CF83A7EB
:10DB400041BD5544E38D07B81387D1C01C2393E72B
:10DB5000870095B11387D1C01C23DD9BA9B9174756
:10DB6000FE1F035727C9930740046D44E3F9E7B646
:10DB700085476144E395F5B61C22E3E2F5B6F9DB8F
:10DB800083A741BD5544138761C0E9F389BE93075C
:10DB90000004E3E827F38947E395F5F226448E2055
:10DBA000B6409644F259625AD25A425B4A850649B7
:10DBB00061616F305E8E797106D622D426D23C2107
:10DBC0005147E91793F7F70F6367F70417870000CA
:10DBD0001307473DB3C7E7209C432A84BA9782873F
:10DBE000262550255435268532C636C49760FD1F3C
:10DBF000E780A0D7AA8705C1D827A147A246324609
:10DC000013053400631EF70283A741BFA68599CB95
:10DC10009C4389CB82978544B250225426859254E6
:10DC20004561828003A501C0EF30EEAE6DD593074C
:10DC3000E00FE302F5FE85452685EF302EFAE1BFC1
:10DC400083A781BFA68599C39C43E9F703A581C03B
:10DC5000E1BF2E252E852EC49760FD1FE780E0D002
:10DC6000AA8755D9D827A147A24513053400130622
:10DC7000C4009306C4016319F70083A741BFC1DF45
:10DC80009C47D1DB829741BF83A781BFCDBF1031B5
:10DC90004DEE7C21858BCDCB83A741BED5E7814559
:10DCA000414608089740FD1FE78020AA4C48A5C5BB
:10DCB000FC291946C105A30FF10008089740FD1F74
:10DCC000E78020A2B8867C2093D72748D98FFC868E
:10DCD000EFE0CFF683C791BE639FA70083C761853E
:10DCE00099C3EFF0EF989747FE1F83A7A7B281C7AC
:10DCF000854521458297EFE06FF4A2850808EFE0A3
:10DD00005FC8AA841DE5894503C501C19760FD1F51
:10DD1000E78020B011B74A209760FD1FE780E0C47C
:10DD2000E30B05EE5C31194693056500A30FF10086
:10DD300069B710304A208545EFE05FBB55468D45F9
:10DD40004A20EFE0BFBAC1BD01468545D5BF1830B6
:10DD500099474A216318F7029760FD1FE780E0C0EA
:10DD6000AA840DC183C7918509476386E7020D47E1
:10DD7000638DE70005476397E7004C314A20014671
:10DD8000EFE01FA71030894565BF014681451305A7
:10DD90000041EFF0BF8E4E2088201546EF302EE771
:10DDA000D5B79305450028310146EFF00FBA83C778
:10DDB00091BEE372F5E699473305F5021306C400F8
:10DDC00091451305552033450508EF20AE9903C54D
:10DDD0008185EF20EE9381B583C7D1BF4A2181C7EA
:10DDE00083C5B18599BD83C7D18599E39545B1B503
:10DDF0009760FD1FE78060B7AA84E30E05E03C242E
:10DE00004831858B85C7854763F2A7025E2493F767
:10DE1000072089EF100893856400EFF00FB383C7E4
:10DE200091BE6395A7004A208D4501BDCC304A20A4
:10DE300013068400EFE0DF9B0146814511B74A21BC
:10DE4000EFF0EFBFC9BB4A21EFF02FA61387D185B2
:10DE50001C2393F7F7071CA37DBB797126D206D646
:10DE600022D44AD04ECE52CCAE849397556063D91B
:10DE7000070803C501C19730FD1FE780807D2A8414
:10DE800031C11C211307100B6389E7041307000D30
:10DE90006384E7021307000B6393E7025821F947F5
:10DEA0006316F7002A218145EFF08FC14C2013053E
:10DEB0008400EF609EA721A0EFF0FFCF01C522856F
:10DEC000EF10CEA01394F468B250228522549254DD
:10DED0000259F249624A456182805C21EDF31225C4
:10DEE0006E212A21238E01BEEFF06FC683C7C1BF0A
:10DEF000F9D703C58185238E01BEEF206E81C1B79E
:10DF000093F7250095C381450145EFE09FA79387CF
:10DF100001C1894511C18545882313C42400976038
:10DF2000FD1FE780008F4DB793F71500DDCB1389F8
:10DF300041BE83270900138401BD03DA47001C405A
:10DF400081EFC1651387E1BC89461386819BFD156E
:10DF50000545EF80EE8308C00C4093C4140085E9AA
:10DF60008327090001468545CA2333C40408EFE02E
:10DF7000FF978327090001468D45CA23EFE01F97CD
:10DF800003C58185EF10DEF8EFE0CFD035BF938970
:10DF9000E1BC03D609009308F00F09488147130735
:10DFA000E10074005285EF80EECF01E9308611C6A2
:10DFB0001C405285AE27EFF08FB9084003D6090008
:10DFC000C1658146FD15EF806EC308C033C40408E7
:10DFD00041D9854503C501C19760FD1FE780608376
:10DFE000E5B513F44500E30104EE13C44500E9BDB3
:10DFF0003421F14763EFD726178700001307C7FFC7
:10E00000B3C7E6209C43411122C4BA9706C626C274
:10E010002A8482871C31938401C4D1E74146974505
:10E02000FE1F9385A5DC1745FE1F130525DE9730DF
:10E03000FD1FE780A07C29E91746FE1F130606DDB9
:10E04000C1450945EF101EF21746FE1F130606DBF9
:10E05000C1450D45EF101EF103C58185EF105EEB44
:10E06000930534001385C1C219469730FD1FE78020
:10E0700040678547854503C541C49CC09750FD1F37
:10E08000E78020798840D9A041469745FE1F9385B7
:10E09000E5D41745FE1F130565D69730FD1FE780B1
:10E0A000E07559D975BF99479CC0E9BF18313C311B
:10E0B00029E309476394E702138701C41C438145A0
:10E0C000014593F7F7F093E707021CC3EF504EA307
:10E0D00008B0B24022449244410182800547814504
:10E0E00001456395E700EF504E95DDB7EF508E8800
:10E0F000C5B70947E38FE7FC138701C41C43C19BE5
:10E1000013E5670008C399A01C31938401C4BDEFD7
:10E110008D47639FF6041387B1C31C239396476012
:10E1200063DC060093F7F707894503C541C41CA3C8
:10E130009750FD1FE780E06D9C40914613F7F70074
:10E140006311D702C19B13E5570088C083A741C163
:10E15000C9D39C43BDDFA2852244B2409244410111
:10E1600082878946E307D7F6C19B13E52700F1BFF5
:10E17000238E01C29C40954613F707FFBD8B1365A4
:10E180003700E394D7FC13654700C1B79C40C19B9F
:10E1900013E567005DBF938401C49C401831C19BA7
:10E1A00011EF93E747009CC03225930545002831C5
:10E1B0009146EFF0CFAB238E01C2E9B59306100371
:10E1C0006317D700238E01C293E73700F1BD93E7B1
:10E1D0006700D9BDEFF03F9E138701C41C439546ED
:10E1E00013F6F700C19B13E53700E31DD6F013E5E6
:10E1F000270009BF938401C49C40183193F7F7F0BE
:10E2000021E34D47639AE60293E707011387A1C311
:10E210009CC01C239396476063DC060093F7F707C6
:10E22000914503C541C41CA39750FD1FE780605E64
:10E230009C401395872919BF93E707029CC0CDBF67
:10E2400093E70703E5BF138601C41842FD770C313D
:10E250009387F70F7D8F9367073081E9ED459367CB
:10E2600007206394B600936707101CC21395972983
:10E27000F1BD82801821930610096307D700930728
:10E28000000D630EF702828014313947639BE6026A
:10E2900056210567130757406395E6021C4513078F
:10E2A000F00783853700638EE50003A741C111CBDA
:10E2B000584301CB8833BC23A2075D8D02876FF0E2
:10E2C0003FD38280011126CA06CE22CCAE8493971A
:10E2D000556063DF070A03C541C49730FD1FE7801F
:10E2E00040372A8409C983C7D1C189EFEFF09FF86D
:10E2F0002285EF00BEDD1395F468F2406244D244FB
:10E30000056182801C211307000D639BE7043C21FB
:10E3100081E7EFF03FF601A81547639CE700582519
:10E32000A147E395E7FCA28503C5C1C1EF003EDF2D
:10E33000D9B72147E38FE7FC99466394D7007C3136
:10E34000CDB71D47E394E7FA4A219750FD1FE780B8
:10E35000C06159DD5825A1472285E319F7F8E1B7D7
:10E360001307200AE384E7F813071009E393E7FA99
:10E370001831B947E31FF7F85A218567938757404B
:10E38000E319F7F81C458833BC23A2075D8D75BFE0
:10E390009167ED8F91CF138641C391451145EF10E1
:10E3A0007EBC03C58185EF10BEB61395E468B1B796
:10E3B00093F71500BDCB83C7C1C3A9C7EFA0BEC7E4
:10E3C0009737FE1F83C767436361F5048D475C82FF
:10E3D00083C701C25C864C0083C7F1C103C541C439
:10E3E000DC86EF405EA719CD938701C4884341992D
:10E3F0001365650088C383A741C189C79C4399C33E
:10E400008145829713C51400CDBD83C7B1C25C821C
:10E41000194683C7A1C2938541C213056100DC82FE
:10E420009730FD1FE780E02B65B793F7250095CB6C
:10E4300083C7B1C3858B9DC303C541C4EF403ECEA6
:10E4400011CD938701C488431375F5F088C383A762
:10E4500041C189C79C4399C38145829713C5240054
:10E4600069BD13F54500E30A05E883C7A1C38DC75D
:10E4700003C541C4EF40BECD05C1138701C40843A5
:10E48000FD779387F70F7D8D08C383A741C189C7A7
:10E490009C4399C38145829713C54400B9BD397126
:10E4A00022DC26DA4AD84ED652D406DE2A8AAE8933
:10E4B0003289B6843A843EC69750FD1FE780E04A11
:10E4C00029C17E25324663EB37016369F9001E29B5
:10E4D000639697003E296145638D87002C0852851D
:10E4E000231C3101231D2101E486E087EFA0EEF813
:10E4F0000145F2506254D2544259B259225A216114
:10E5000082805145FDB7411122C406C69737FE1FD0
:10E51000A388A75E328481C52E85EFE05FEB83A7D9
:10E5200001C48DEB19C023AA81C02244B24003C6A6
:10E53000E1C183C5D1C303C541C4938741C3174714
:10E54000FE1F1307A78B9746FE1F9386268C41015B
:10E550006F509EBEB24022444545410182809737AC
:10E56000FE1F83C7872989EB614582806145B240E0
:10E570002244924441018280411126C206C622C42F
:10E58000938441C480209307F00FE311F4FE170534
:10E590000000130565D3EF100EAF88A0E30885FCDB
:10E5A00023AA01C023A001C49147A38EF1C2EF208A
:10E5B000DE9B414681451745FE1F13052585973093
:10E5C000FD1FE7808018414681451745FE1F130552
:10E5D000E5829730FD1FE780401723AA01C2A3857B
:10E5E00001C2238501C29D471746FE1F13060682FE
:10E5F000C14509452380F1C2A38F01C0EF106EF021
:10E600001736FE1F1306867FC1450D45EF106EEFCE
:10E6100041469735FE1F9385657F1735FE1F13050D
:10E62000E57C9730FD1FE780C00B41469735FE1F04
:10E630009385C57C1735FE1F1305457A9730FD1F5E
:10E64000E780200A138641C391451145EF106EEB18
:10E65000014531BF1737FE1F1307474AFD575CB30B
:10E660007CA3A38E01C20547238EE1C223AA01C267
:10E670001947239DE1C00567130707C8239CE1C024
:10E68000238EF1C08D47238F01C0A38E01C0A38CC0
:10E69000F1C2238CF1C219468145138541C217335B
:10E6A000FD1F6700830A411122C4930705D006C6E7
:10E6B0005D472E84B3C707086367F70C1787000010
:10E6C0001307C79AB3C7E7209C43BA97828783C7CB
:10E6D000D1C31CA019A841469735FE1F9385057329
:10E6E00022859730FD1FE780C0FF8147B24022445A
:10E6F0003E854101828041469735FE1F9385057016
:10E70000C5B783A741C39CC1CDB719469385C1C284
:10E71000C1BF83C7C1C375BF2E85EF407ECAF1B7A5
:10E720002E85EF401ECCD1B783C7B1C25DB783C77A
:10E73000A1C245B71946938541C25DB783C701C2DF
:10E7400049BF83C7F1C171B783A701C459B783C754
:10E75000E1C141B783D7A1C11EA041BF83D781C109
:10E76000E5BF83C791C3B5B783C781C39DB72E8566
:10E77000EF401ECA9DBF83C7B1C393F7F70791BF90
:10E7800083C7A1C3B9B7130700048947E360A7F69D
:10E79000EF208EF60AA091BF2A879307F7CFD946BC
:10E7A0002E85B3C70708B28563EDF624978600006F
:10E7B0009386C691B3C7D7209C43411106C6B6972E
:10E7C00082874147E147631EE50241461735FE1F38
:10E7D0001305C5639730FD1FE780A0F015A04147E2
:10E7E000E1476310E50241461735FE1F1305056139
:10E7F000D5B71147E1476316E5001C4223AAF1C2D1
:10E800008147B2403E85410182800547E147E31AD6
:10E81000E5FE1387C1C31C2214231CA385C2EDF39C
:10E8200003A701C43D8B93074002B3D7E700858B54
:10E83000E1DB03C541C4EF408EF6D9B7F1D383A71E
:10E8400001C46386A700BD8BF517E36BF5FA854518
:10E8500003C541C49750FD1FE780A0FB55B7930740
:10E86000C01C63ECA718630A0618B24041016F4050
:10E870007E909307C01C63E2A71863000618B2409D
:10E8800041016F409E9B0547E147E31CE5F61822D6
:10E89000A946E3E8E6F6A385E1C29DB70547E1474F
:10E8A000E311E5F618228D46E3EDE6F42385E1C297
:10E8B00081BF1947E147E316E5F41946138541C2C4
:10E8C00011BF0547E147E31EE5F218229D46E3EA42
:10E8D000E6F22380E1C22DB70547E147E313E5F2F5
:10E8E00018228D46E3EFE6F0A38FE1C011BF054784
:10E8F000E147E318E5F01C22238FF1C011B7094767
:10E90000E147E310E5F0122205671307A7C7930656
:10E91000A6FFB3C60608E366D7EE239DC1C0CDB5FA
:10E920000947E147E31FE5EC122205671307A7C774
:10E930009306A6FFB3C60608E365D7EC239CC1C0C7
:10E94000C1B50C2203C681C3A38CB1C20145EFE05F
:10E950006EFA7DB5102283C591C3238CC1C2FDB769
:10E960009307C01C63EBA70849CAB24041016F403E
:10E970003E990547E147E316E5E81387B1C3142341
:10E980001C22858A1CA313F6170091C6E31A06E61B
:10E99000EF402EFBB5B5E30506E683A601C4B98AB0
:10E9A0008945E39706EA93E707F81CA391BD05475D
:10E9B000E147E318E5E41387A1C31C2214231CA339
:10E9C00091C6E39F07E2EF402EFA1DBDE38A07E2FE
:10E9D00083A601C493F6060FF9D6914595BD93071A
:10E9E000000463EEE70089468947E31CD5E0B240A6
:10E9F0000E223A8541016F201EAAE14719B58947C9
:10EA000009B59307000463E9E7008946894763165F
:10EA1000D5000E223A85C5B789473E8582806FE0D2
:10EA20004EE8014881476FE08EE9011106CE2AC603
:10EA30009750FD1FE78060F301C9B245F2400821FD
:10EA40004D4605616F20BE9CF240494505618280BC
:10EA5000411106C6EF90DFF51795FEFF130525104F
:10EA6000EF007EE2EF803EFC1735FEFF1305A5ADFB
:10EA7000EF007EE1EF20DEA81765FEFF130585EFAE
:10EA8000EF007EE0EF503EEC17B5FEFF1305A556F4
:10EA9000EF007EDFEFB0EEE917F5FFFF1305253C31
:10EAA000EF007EDEEFE0DFB01785FEFF1305A573F4
:10EAB000EF007EDDEF80CEEFB24041016FF03FAA64
:10EAC000411106C6EF307F8983C741C4FD1793F714
:10EAD000F70F1307D00F6372F7061795FEFF1305A4
:10EAE0000508EF005EDAEF801EF41735FEFF130510
:10EAF00085A5EF005ED9EF20BEA01765FEFF1305C8
:10EB000065E7EF005ED8EF501EE417B5FEFF130572
:10EB1000854EEF005ED7EFB0CEE117F5FFFF13058E
:10EB20000534EF005ED6EFE0BFA81785FEFF1305A2
:10EB3000856BEF005ED5EF80AEE7B24041016FD04C
:10EB40001F8083A701C503A781C401456313F70094
:10EB50008280F62399E2D62336959C43C5BF1737AA
:10EB6000FE1F130727C81C435A2341119386071120
:10EB7000E117BA97856523A8D1C423A4F1C406C6BA
:10EB80009D051356370063F4E50013060020338714
:10EB9000C60023A6E1C4611698C2D2A22393060040
:10EBA0001CC3998FE1175EA323130700EFF07FF9D1
:10EBB000B2409737FE1F2396A7C04101828083A7EA
:10EBC00001C503A781C401456313F7008280F623C2
:10EBD00081E6D6233375D50A9C43FDB79C211CA141
:10EBE000BE211CB1BE21A1833CA1DC213CB1114559
:10EBF000828023AC01C423AA01C482800DCD4111BF
:10EC000022C426C206C6AA842E84014585C1228557
:10EC1000414697750000938525519730FD1FE78089
:10EC200040AC9C2005455CA49C305CB4B2402244BE
:10EC300092444101828001458280011122CC26CA82
:10EC400006CE8947AA843284639FF5006384B602A6
:10EC5000414781476397E6048A85EFF03FFA4146D2
:10EC60008A85228515A841476393E504638FF600E2
:10EC7000639FB6022E86A2856244F2402685D24466
:10EC800005611733FD1F670063B78A853285EFF092
:10EC9000FFF641468A8526859730FD1FE78000B63E
:10ECA000AA87F2406244D2443E8505618280814752
:10ECB000CDBF23AAA1C4828023ACA1C4828001114C
:10ECC00022CC622106CE26CA4AC84EC63DC8832938
:10ECD00085002A88AE8403C909008147131749605B
:10ECE00063550702B147054563F6870403552800BD
:10ECF0005114334404084E8633878900A286854523
:10ED0000EFB04E9AB337A0008507135569487D14BC
:10ED10001379F903334404089CA088B023812401AB
:10ED2000C2A0014719C01387190098C4094763831B
:10ED3000E7000145F2406244D2444249B2490561CC
:10ED400082800545C5BFC167F917630AF502D94737
:10ED500063F7B702011122CC2EC606CE2A84EF80BB
:10ED6000DEBCB2456368B50022856244F2400561AD
:10ED70006FA0EEA3F240624405450561828005451F
:10ED80008280C167F9176314F5006F801EBA4111C4
:10ED900006C6EFA0AE9011E15D45B2404101828010
:10EDA0009147639DF5001C211CA23C211831A2074C
:10EDB000D98F3EA23C3101455CA282801145828000
:10EDC00039714ED652D45AD05ECE06DE22DC26DA17
:10EDD0004AD856D22A8A2E8BB289B68B15E7EFF025
:10EDE0005FFA9145EF805EC12A844D49854A19ED4D
:10EDF000F2506254D254B259225A925A025BF24BE8
:10EE00004A854259216182803A84814A2300340133
:10EE10008544630A0B00DE8513051400029B9304EE
:10EE20001500B3C404089399496063D30902C1452E
:10EE30005285EFA0AE94654915E533069400A6858A
:10EE40002285EFA09ED72A8911EDB104B3C404082E
:10EE500091472C0052857C8422C66485EF905EAC7D
:10EE60002A8959D5E3860AF822859740FD1FE78055
:10EE70000037BDBF011122CC26CA4AC84EC606CEF5
:10EE80002A893284B689EFF0BFF3AA8419ED83A7EB
:10EE900081C581CF05476317E40003C40900050459
:10EEA0001374F40FA2854A858297F2406244424966
:10EEB000B2492685D24405618280AE860147054667
:10EEC000970500009385C5D16FF0DFFA9E211CA144
:10EED0009E21A1831CB1BE213CA1BE21A1833CB1D6
:10EEE000114582809E211CA19E21A1831CB1BE21BF
:10EEF0003CA1BE21A1833CB1DC315CA1FC215CB111
:10EF00008A2519053345050882809E211CA19E2172
:10EF1000A1831CB1094582809E211CA19E21A18351
:10EF20001CB1BE213CA1BE21A1833CB11145828010
:10EF30009E211CA19E21A1831CB1AA210905334554
:10EF4000050882809E211CA19E21A1831CB1BE21A7
:10EF50003CA1BE21A1833CB1CA211105334505085E
:10EF600082809C211CA1054582809E21411122C4E2
:10EF700006C61CA19E212E841105A183A30EF5FEB9
:10EF8000BE219505230FF5FE83D7D5FFA183A30FDF
:10EF9000F5FE03C6F5FF9720FD1FE780807448202B
:10EFA000B2402244110541018280AE8601471146DC
:10EFB000970500009385C5F16FF09FE013F73500CA
:10EFC000AA8701EB8981114591C50EA25CC201455A
:10EFD000828011458280D8218947631CF702011184
:10EFE00022CC2A84C84506CEAE8601C92EC69D45D0
:10EFF0009740FD1FE780E02AB2462A8722856244B7
:10F00000F240194697050000938505EE05616FF003
:10F010003FDB09458280DC210947AE866385E70036
:10F020004147639AE7000147214697050000938511
:10F0300005F46FF0FFD8094582800EA291E10145E9
:10F0400048C201458280AE860147294697050000E7
:10F050009385E5EB6FF0DFD6AE8601473146970525
:10F0600000009385A5EB6FF0BFD5DC210947AE8684
:10F070006385E7004147639AE700014741469705EA
:10F0800000009385C5EE6FF0BFD30945828033350C
:10F09000B0000A058280011122CC26CA06CE98252E
:10F0A0008547AA842E8449466310F702EFF07FCD8E
:10F0B0003E2049151306200963C8A700F2406244A8
:10F0C000D244094505618280183485476314F700EE
:10F0D00013660604484001C98D4532C69740FD1F9E
:10F0E000E780201C3246A2866244F2402A872685A9
:10F0F000D244970500009385E5E305616FF05FCC8E
:10F10000011122CC2A84884506CEAE8601C92EC6BE
:10F1100095459740FD1FE780C018B2462A87228593
:10F120006244F2405946970500009385E5E1056188
:10F130006FF01FC93335B0000A058280AE860147E3
:10F14000614697050000938505E26FF07FC785470C
:10F15000114563F1D7021C320C220945A207CD8F5D
:10F1600081456384A60093052600F9161EA336A3E5
:10F170004CC3014582809E211CA19E21A1831CB10C
:10F1800009458280BC2105471CA18A216397E700BD
:10F190000A050505334505088280C9473305F50290
:10F1A000CDBF8A210A05334505088280BE211CA1F6
:10F1B0008A21BE213305F502050533450508828005
:10F1C0008A2182808A2182808A218280BE211CA19C
:10F1D0008A21BE213305F5020505334505088280E5
:10F1E0009E211CA19E21A1831CB1BE213CA1BE2158
:10F1F000A1833CB1CA2111053345050882809E21B7
:10F200001CA19E21A1831CB1AA2109053345050833
:10F210008280894711456398F6001C32142201450B
:10F22000A207D58F1EA382809A21D947AE8663FAA2
:10F23000E70001470D4697050000938505F46FF040
:10F240007FC3094582801145639DA6001C321422AC
:10F250000145A207D58F1EA33C323422A207D58FC9
:10F260003EA38280BC210547FD1793F7F70F636229
:10F27000F7049E219DCF011122CC2A84C84106CEDD
:10F280002EC61DC189459740FD1FE78080012A8752
:10F2900022856244B246F2401546970500009385E8
:10F2A000A5EE05616FF01FBDF2406244094505619E
:10F2B000828009458280954763F0D706411122C4B8
:10F2C00026C24AC006C61C323A841822A207B2845B
:10F2D000D98F1EA03C32382293854400A207D98FD3
:10F2E0003EA089475CA00946130554003689972043
:10F2F000FD1FE780003F194781476304E9009387BA
:10F300006400691923142401B2405CC4224492446D
:10F310000249014541018280114582809E219DCF95
:10F32000011122CC2A84C84106CE2EC61DC18545B6
:10F330009740FD1FE780E0F62A8722856244B246A7
:10F34000F2401D46970500009385E5E505616FF0E5
:10F350007FB2F2406244094505618280094582809E
:10F360009947B2856388F600D147114541466384C9
:10F37000F60082800946411106C650A39C319421B3
:10F3800013055700A207D58F1EA3BC31B4219105E8
:10F39000A207D58F3EA39720FD1FE7808034B2409F
:10F3A0000145410182809E219DCF011122CC2A84FA
:10F3B000C84106CE2EC61DC189459740FD1FE78076
:10F3C00040EE2A8722856244B246F24025469705E0
:10F3D00000009385E5DD05616FF0DFA9F24062442E
:10F3E00009450561828009458280894711456398F6
:10F3F000F6001C3214220145A207D58F1EA382807D
:10F40000011122CC2A84C84106CEAE8601C92EC67F
:10F4100085459740FD1FE780C0E8B2462A872285D0
:10F420006244F2402D46970500009385A5D90561F9
:10F430006FF05FA46FF03FE1011122CC2A84C84134
:10F4400006CEAE8601C92EC685459740FD1FE780D2
:10F4500040E5B2462A8722856244F2403546970548
:10F460000000938565D605616FF0DFA093F7160065
:10F47000114581EB89476386F600858256A310C348
:10F4800001458280011122CC2A84C84106CE2EC6B5
:10F490001DC185459740FD1FE780A0E02A87228592
:10F4A0006244B246F2403D4697050000938505D27E
:10F4B00005616FF03F9CF24062440945056182801E
:10F4C0009E219DCF011122CC2A84C84106CE2EC692
:10F4D0001DC189459740FD1FE780A0DC2A87228552
:10F4E0006244B246F240454697050000938545CEFA
:10F4F00005616FF03F98F2406244094505618280E2
:10F5000009458280854763F4D70208A70CB71C32EF
:10F510000C220945A207CD8F81456384A60093057F
:10F520002600F9161EA336A34CC30145828011455F
:10F530008280014781464D4681456FF0BF938D47DC
:10F54000114563F5D7021C320C22A207CD8F1EA3F2
:10F550003C322C22A207CD8F81456384A6009305FF
:10F560004600F1163EA356A30CC701458280011147
:10F5700022CC2A84884506CEAE8601C92EC6954582
:10F580009740FD1FE780E0D1B2462A87228562447A
:10F59000F2405D46970500009385C5C405616FF094
:10F5A0007F8D854711456395F6001C2201451CA3FC
:10F5B000828001478146654681456FF0BF8B01110E
:10F5C00022CC2A84C84106CEAE8601C92EC68D45FE
:10F5D0009740FD1FE780E0CCB2462A87228562442F
:10F5E000F2406D46970500009385A5C105616FF057
:10F5F0002FFD011122CC2A84C84106CEAE8601C956
:10F600002EC68D459740FD1FE780A0C9B2462A87C8
:10F6100022856244F240754697050000938565BED9
:10F6200005616FF0EFF9397126DAAE84B705400055
:10F630004ED6F915AA89054506DE22DC4AD8EF0028
:10F64000EECB1314652997550000938565EC414670
:10F650000A85EF604DD5414697550000938545EBEF
:10F660000808EF604DD49317840013590401334701
:10F6700004082183D98F1379F90F10088A854E85E4
:10F680007C87A3062101EF908FFA8347E1010347AE
:10F69000D101A0B0A2074207BA970347F101218028
:10F6A000C0A0BA979CA013D78700C18398B0BCA014
:10F6B000A3822401F2506254D2544259B2592161BA
:10F6C0008280011119469725FE1F93854513172542
:10F6D000FE1F1305A55506CE22CC26CA4AC8916442
:10F6E0004EC69720FD1FE780C0FF9385F4FF0145BC
:10F6F000EF004EBE2A84FD550145EF002EC0A287C3
:10F70000FD147D5933F79700B366E500CDC6631449
:10F7100025016302970A1724FE1F130424432308BC
:10F72000F40EA18393E707FC1169C1692326A40E97
:10F73000A308F40E7D19FD19CA850145EF008EB9A5
:10F74000AA84FD550145EF006EBBB3679500EDD768
:10F75000FD576314F500E38124FF0357040E93570C
:10F760000501230AF40E93578501A30AF40E83566C
:10F77000240EB3470508B98F0357440F230B940E8B
:10F78000A18093F4F403358FA30B940ED98F835685
:10F79000440E0357640F2319A40E358FD98F939706
:10F7A0005760B3F73701C9DBF2406244D2444249A3
:10F7B000B24905618280A6850145EF00AEB12A8479
:10F7C000FD550145EF008EB3A2872DBF4111930572
:10F7D00090241305000A22C406C69740FD1FE78047
:10F7E000A0932A842DC91306000A81459720FD1F86
:10F7F000E780A0F51727FE1F13074758145F585FCF
:10F800009727FE1F23AA873C9307040898CFD4CBE1
:10F810007D572300E404130710FB78A023020400A3
:10F82000170700001307070498C7170700001307FE
:10F830004743D8C7170700001307472F98CB9727D0
:10F84000FE1F83C7270081EB914503A5C1C5972003
:10F85000FD1FE7800032B2402285224441018280B0
:10F86000411126C29724FE1F9384442E22C403A470
:10F87000C40806C6834754062302040685E3854769
:10F880002302F40619469725FE1F9385253A130592
:10F8900064069720FD1FE780C0E4B5A80547639A7A
:10F8A000E700B8200DE74945B240224492444101A7
:10F8B000828083254408DDED8347C4068DE303473A
:10F8C00054068947E30DF7FABC20F1DF8547230290
:10F8D000F40619469725FE1F9385A5354DBF1305E0
:10F8E000C4069730FD1FE78000072322A40819CD26
:10F8F0003C2589CF89472302F40619469305C500A4
:10F90000130564069720FD1FE780A0DD034744062A
:10F910008947E316F7FAB7050001FD150145EF0029
:10F92000EE9D68CCEF905FB728CCC1451545EF0040
:10F93000EE9785477CB0834784030D4748A458A0C1
:10F940009724FE1F938484E7639EE702523883570F
:10F950006404A830C1453E96EFF05DBFA830C145B4
:10F960009740FD1FE780E0EA01459727FE1F238FA0
:10F97000071C1DBFBC25A1D789472302F4061946E1
:10F98000B105BDBF0947A8306396E700035664047C
:10F99000C145D9B75238EDBF411106C622C42A84E9
:10F9A0009750FD1FE780A006930700FB7CA09305FE
:10F9B00000021725FE1F034595E0EFF05DC11727F4
:10F9C000FE1F1307A7181C235638850793F7F70F58
:10F9D0001CA3130700643347D70263C8E700EF0096
:10F9E0000E949727FE1F23830716B240224441013D
:10F9F0008280011126CA9724FE1F93842438D84C94
:10FA000022CC06CE4AC84EC695471724FE1F0324B3
:10FA1000A41C6306F700D84C8D47631FF70083C70B
:10FA2000140281E7930770109EB0F2406244D24402
:10FA30004249B249056182800D459750FD1FE7801C
:10FA4000A0049389C1B903A70900B7C7898E93871A
:10FA500067ED1CC7B7575500938757555CC30347DD
:10FA6000A4039307F00F6305F700FD57230DF4027D
:10FA70001389C1BA032709008547A30CF4025C432C
:10FA80000145014693E717005CC3930720FB7CA068
:10FA90009D47DCCC930550029727FE1F23A0072E1D
:10FAA0009384C1BB9730FD1FE780605A98400145A1
:10FAB0005C57F59B5CD783A6090058309C421377AE
:10FAC000F70793F707F8D98F9CC29727FE1F83C7C4
:10FAD00067D799C303A5C1C59720FD1FE78080089C
:10FAE00003A70900B70633001C4393F7F7CF1CC3E5
:10FAF0001C4393F7F7CF93E707201CC398401C479C
:10FB0000D58F1CC703270900B70703009387871504
:10FB10003CCB9727FE1F23AD07269727FE1F23A167
:10FB2000072685471CC311B7411122C406C626C249
:10FB30001724FE1F0324440A03479403A1476303C9
:10FB4000F70A89445C306314970A130770026381D3
:10FB5000E71013075002130570026394E7001305C2
:10FB6000600248B083A7C1B998433706CEFF7D161F
:10FB70001377F7CF1367071098C303A7C1BB1447C8
:10FB800083A5C1BAF18E14C737060300B0C9972602
:10FB9000FE1F23A5061E545713068615F59A54D743
:10FBA000944393F606F8C98E94C39726FE1F23A1AB
:10FBB000061E9726FE1F23A5061C854694C1944366
:10FBC00093F6F6CF94C3944393F6F6CF93E60620CC
:10FBD00094C31C47B7063300D58F1CC7B0C9930721
:10FBE00020FB7CA0B2402244924441018280130752
:10FBF00070026386E702930650026394D7001307EE
:10FC0000600258B083A6C1BBDC56F59BDCD683A648
:10FC1000C1B99C4293F707F8D98F9CC2C9B78347F3
:10FC20008403898B95C70356A40493050002172506
:10FC3000FE1F0345D5B8EFF07D9193075002A30C4A
:10FC400094025CB02244B240924441016FF07FDAEA
:10FC500022852244B240924441016FF0FFD397279E
:10FC6000FE1F9387A7EE03A7070A35E3411122C4BD
:10FC700003A4C70806C69307000B78206306F700A5
:10FC80009750FD1FE780A0D8834784031725FE1FE8
:10FC90000345F5B213F7170011C785473238A30C97
:10FCA000F40201A8898BF5DB0356A4048947A30C51
:10FCB000F40293050002EFF07D8993075002230FB1
:10FCC00004025CB02244B24041016FF09FD28280B6
:10FCD00001114EC69389C1BA83A7090022CC26CA56
:10FCE0004AC806CED8431389C1B92A8413671700BE
:10FCF000D8C38326090037C7898E130767ED98C6D6
:10FD00003757550013075755D8C2D8439724FE1FBD
:10FD10009384C406014613671700D8C3930730FBCA
:10FD20007CA10345C5039D47DCCC9305F00F23A0C0
:10FD300004009730FD1FE780803103A6090023AA45
:10FD4000040023A2040085471CC283270900B705CD
:10FD5000330098431377F7CF98C398431377F7CFBF
:10FD60001367072098C303A7C1BB1447CD8E14C7E0
:10FD7000B70603009386861534CA5457F59A54D7AC
:10FD80008346B403984393F6F607137707F8558F25
:10FD900098C3F2406244D2444249B249056182802C
:10FDA0007D572300E50403479503411106C6230D43
:10FDB000E5022147A30CE5020347B50358B1EFF074
:10FDC0003FF19387C1BA984354471396164950C7D9
:10FDD0000F1000009C4337070200B24098C713077A
:10FDE00000081726FE1F2323E6FA0567130727A836
:10FDF000F8D3D4C741018280011122CC06CE26CA95
:10FE00004AC84EC652C403479503A1472A84631FBC
:10FE1000F720930750FB7CA10345C50393052002FF
:10FE20009730FD1FE780A0FE8347C403094733D9FD
:10FE3000E70A83244409930720021CA495479CA049
:10FE400078209307400B9729FE1F938929D0631AC6
:10FE5000F70083A7090D1167F98F81C79307500237
:10FE60009CA0930720029CB0034744068947130ACD
:10FE70006406631BF7008325440819465285B105C3
:10FE80009720FD1FE780E08583475406858B91E727
:10FE90000347440689476316F7009C2093E707044D
:10FEA0009CA01946D285138524009720FD1FE7806A
:10FEB00040838347540789C79C2093E707F89CA099
:10FEC000194693056407138584009720FD1FE7807A
:10FED000408183478405FCA483479405FCB4834791
:10FEE000A4059CA88347B4059CB87C4C13D7870015
:10FEF000BCA8C183DCA8B8B889476313F9008D4753
:10FF0000DCB8B327892003C707058325440998ACCB
:10FF100003D70705218398BCB82FB8ACBA2F21832B
:10FF2000B8BC03C707029E33D8ACA183DCBC9C3DA0
:10FF3000982DA207D98F03D7C90A630707148D47E5
:10FF40002317F4049727FE1F9387C78E83DEC7000D
:10FF50009306003203D7A90213860E193356D60230
:10FF600034501307270283A2490903AF870005878E
:10FF70002D07814313090032954F369616857D5320
:10FF80008357E40461E1636967008507B3C7070825
:10FF90002317F404E3F4FFFE8347E404B70600826A
:10FFA000FD16FCA88357E404A183FCB883C7E90FBE
:10FFB000FCAC83C7F90FFCBC83C709102380F40293
:10FFC00083C71910A380F40283C729102381F40288
:10FFD0005C24FD8BA381F40283C7390003C735027B
:10FFE0009607D98FA381F50283A5C1B9D855972764
:10FFF000FE1F83C767801396476093F7F703758FDB
:020000023000CC
:10000000E607D98FDCD51307A00383A7C1BB6355CF
:10001000C708F84FB7060007558FF8CFF240624483
:10002000D2444249B249224A05618280930740FB8B
:100030007CA19305200201459730FD1FE78020DD5C
:100040000149C5BBB386D703032E0509938606195C
:10005000B3D62603B388C600B3B6D80046886394E7
:10006000D30063E4E8013388E841B306C84163691B
:100070000E01B3060E4163F5E60085072317F4046D
:1000800008413353D30AEDBD8D838D071947B3D78C
:10009000E70A2317F40409B713072002635AC700BD
:1000A000F84FB70600F9FD16758FB7060005ADB716
:1000B000B70600F96947FD166357C700F84F758FFB
:1000C000B706000391BFF84F758F13178729B1B793
:1000D000411106C622C426C29714FE1F9384046EE3
:1000E0002A84A830C145EFF08DCEA83093050002D8
:1000F000EFF0EDCD2302040023130400B2402244AC
:10010000924441018280411106C626C222C44AC0DF
:10011000AA84EF20CF8CEF00DFE679C5B85083A723
:10012000440901482324E508B84C2A841546232CA9
:10013000E508F84C9725FE1F938525B11305851317
:100140002322E5F6D83B1729FE1F130929A0A30F88
:10015000E5EEF83BF42B2207558F2310E5F0983F8E
:10016000942F2207558F2311E5F0B83FB42F2207B3
:10017000558F2312E5F0D82FDC3FA207D98F231328
:10018000F5F0DC2423220501A30EF5EE81471CC106
:100190009710FD1FE780E054F8209307600B631D64
:1001A000F70485472300F41483C7C4032303F4141E
:1001B000A303F4142285EF10DFF08327890D0A24AE
:1001C000294693F7072091E3054693050008EF5071
:1001D0006FA78327090D1167F98F99C70A24514624
:1001E00093050008EF500FA62244B240024926852D
:1001F000924441016FF0DFED8327090D1167F98FFC
:10020000D5DB83A74409982383A784099C23F98F0E
:1002100093D757482300F41471BF011122CC06CEA6
:100220002A8426CA4AC88347C4070325450899EB90
:10023000032544084DE158348547631DF71268587B
:100240002C5C19A231C53C25A1C78347D407C9C37B
:10025000834734081307000493F7070C639AE706F3
:100260009305E40769052EC69720FD1FE780E06629
:10027000054783274408B245631CE5020947230E5E
:10028000E40619461385C7009710FD1FE7806045F7
:100290000347C4078947E30DF7F819469305E407B8
:1002A000130564069710FD1FE780405551F119A012
:1002B0009C3389EB8144F240624442492685D24412
:1002C000056182809727FE1F83C75788F1D3DDB76A
:1002D0001C31DDFFC5B73C29B9DF83475407D9C7B7
:1002E0008347B4071307000493F7070C6390E708EC
:1002F000930564071305A5022EC69720FD1FE7800E
:10030000C05D2A898547AA84B2450325440863163F
:10031000F904194651059710FD1FE780803C972787
:10032000FE1F83C7B78281DB8947230AF4065C344A
:10033000E39327F983274408AA23DA23EE239E2791
:100340004207598DC207DD8D6244F240D2444249D2
:1003500005611723FD1F670063751C31A1DF971727
:10036000FE1F83C7B77EE38807ECA9B71C31E3946F
:1003700007EC89B70347D40683475407E31CF7F219
:100380001946930564071305E4069710FD1FE780DF
:10039000E046B334A00005B7411106C622C42A8442
:1003A000EFF09FA50327440983A7C1BAB8DF83A74D
:1003B000C1B998431317772998C3D857719BD8D7D9
:1003C0009730FD1FE7806098B2402244014541010B
:1003D0008280011122CC2A840325850901468145AA
:1003E00006CE26CA9730FD1FE780809871ED8324E2
:1003F00084099D469C20BD8B1CB4983038A463971B
:10040000D70CBC200346D40393D667006312D60CE6
:1004100093F7F7039385440063FEE70A230A040673
:10042000BC30858B95C38547230AF4069C2019466A
:100430001305640793D76748A30AF4069710FD1FB6
:10044000E780202A9385A400230E0406BC30898B04
:1004500085C78547230EF4068327840919461305AB
:10046000E4079C232EC69D83A30EF4069710FD1F60
:10047000E7802027B2459905BC30A18B99C79C31F4
:100480000347F40391836319F7042285EFF0FFD843
:1004900085476309F5001305F007F2406244D24432
:1004A000056182808347E40389CBFD17230FF402A3
:1004B0009740FD1FE780A055F9BF22856244F240B6
:1004C000D24405616FF05FED0945C1BF2145F1B729
:1004D0001945E1B71145D1B75145C1B7011122CC3A
:1004E0002A84032585090146814526CA06CE4AC8C5
:1004F0004EC69730FD1FE780A087894449E903294C
:100500008409A146A14483470900BD8B1CB403475D
:10051000190038A4639DD7068349290093D4690044
:10052000BDEC9387190093F7F70F631CF706034799
:1005300039008D476319F70683470900194693056B
:10054000490093D7674813056407A30AF406971078
:10055000FD1FE78000198547230EF40683278409D1
:1005600019469305A9009C231305E4079D83A30E58
:10057000F4069710FD1FE780C016B5476397F90290
:100580002285EFF09FC905C52285EFF0DFB7F24065
:1005900062444249B2492685D24405618280994429
:1005A000FDB7E544EDB7C544DDB7E144CDB7A5449B
:1005B000F9BF011122CC2A84032585090146814512
:1005C00006CE26CA4AC84EC69720FD1FE780407A4D
:1005D00063140528032984091D46034709009376FF
:1005E000F70014B48347190093F7F7033CA463940E
:1005F000C61E7D57230DE402034729000546935686
:100600006700A30ED402639BC6241377F703050784
:100610006398E72403473900E1479376F7FB639338
:10062000F62493778700AA849309490085C78347F6
:1006300059008566938606F0A207F58F8346490028
:1006400093096900D58F2312F404834759009183DD
:10065000A30FF4029377070195E31377070419C7F3
:100660000347940389476313F700DD44F240624473
:100670004249B2492685D244056182809740FD1FD8
:10068000E780E03883C7090093F7F703A30DF4026E
:1006900003C629008967938707F022067D8E83C7EA
:1006A00019005D8E131656602311C40483C72900F8
:1006B0009583230EF4028387090063D8070E9307FE
:1006C000C012034794033306F60285476316F7000A
:1006D0003C24A9078E071D8EB7070080930646EDC0
:1006E000938737ED63E2D718230DE402834739007F
:1006F00093F7070481C78947E309F7F69307F00FDB
:10070000E306F7F6130700506363C70A1389C1BAFB
:1007100083270900D84793161749D4C70F10000044
:1007200083270900B70602009719FE1F9389096500
:1007300094C7130656ED9306000823A8D9000606B1
:10074000F0D3D8C7F8537DFFA147A30CF40222854C
:10075000EFF00FD883270900D84793161749D4C75D
:100760000F10000083270900B706020094C7930604
:10077000000823A8D90093062030F4D3D8C79720C7
:10078000FD1FE780805C83A70900858BE38007EE6F
:1007900022856244F240D2444249B2499717FE1F73
:1007A00023AE075C05616FF0DFC2F94719BF03474D
:1007B0000404E31DF7EA930710271306F6D833560F
:1007C000F60293060404A28517F5FFFF1305855D65
:1007D000EFE0DDCB61BD398B59EBE91793F7F70FEC
:1007E0007D4793040008E363F7E88544230A9406F1
:1007F0008347090019469305290093D767481305D5
:100800006407A30AF4069710FD1FE78080ED1C34EF
:10081000230E04066392970283258409230EF406AF
:1008200019469C211305E407A1059D83A30EF40638
:100830009710FD1FE780E0EA2285EFF01F9E8547B5
:10084000A544E315F5E222856244F240D2444249D0
:10085000B24905616FF05FB4894409BD994439B567
:10086000914429B58D4419B59304100201B5930440
:100870000008EDBB797122D44AD04ECE52CC56CA74
:100880005AC85EC662C466C206D626D26AC01714AB
:10089000FE1F03246434130A200B930A400B130B2E
:1008A000600B930B300B130C500B1719FE1F130921
:1008B000E94C9719FE1F9389E9F7930C800F7C2070
:1008C000639F470183270900858BD9C3228597172A
:1008D000FE1F23A5074AEFF0DFCD75D195A8639BD6
:1008E00057099717FE1F83A7A749858BB5C317190B
:1008F000FE1F130929F40355C9009717FE1F23A1F2
:1009000007489307800F3305F50237460F008146ED
:10091000130606248145EF10B00C83270900AA8432
:10092000AE898297B307950033B5A700B3053501AB
:10093000832689003E8799E163E4D7003387D74057
:1009400038D09740FD1FE780800C2285EFF0AFFB89
:100950005C20638907102254B25092540259F24924
:10096000624AD24A424BB24B224C924C024D4561F4
:100970006FF02F88639C67079387C1BA98435447E9
:100980001396164950C70F1000009C43370702000A
:100990009714FE1F9384843E98C71307000898C8D5
:1009A00003A7C1B918431357774815CF1307E018A9
:1009B000F8D3D4C79720FD1FE78020399C40858B52
:1009C00089CF9717FE1F23AB073A9740FD1FE7809B
:1009D00000042285EFF09FB025DD8347E4038507FF
:1009E000230FF402B5B71307E01AD9B7639E770156
:1009F00083270900858BA9DF22859717FE1F23AF68
:100A00000736EFF01F9DD1BDE39487F5832749009A
:100A1000858B9DDF03D5C90037460F00814633051E
:100A200095031306062481459717FE1F23AA073452
:100A3000EF10007B83A70900AA842E8D8297B3074D
:100A4000950033B5A700B305A50183A689003E87AD
:100A500099E163E4D7003387D740930760FB38D030
:100A60007CA0B1BDB250225492540259F249624A5C
:100A7000D24A424BB24B224C924C024D456182808D
:100A8000411122C406C69717FE1F9387272F03C75D
:100A900017021714FE1F0324241411CB83C6070268
:100AA0000D476396E6001717FE1FA309072ED44FC4
:100AB00021476386E600D44F19476398E600D84F74
:100AC0002380E7020547A380E7029740FD1FE780E8
:100AD00000F42285EFF0CFDF1306A0029305000893
:100AE0000145EF403F96034504049307F00F630769
:100AF000F500EFE03DB7FD572300F404B240224477
:100B00004101828097F7FFFF938787CC1717FE1F5D
:100B10002326F70C97070000938707D623AEF1C46E
:100B20008280411126C2AA8428490146814506C611
:100B300022C44AC09720FD1FE780802389470DED1E
:100B4000A0482146A14718203D8BB8B81430B4A85E
:100B50006314C7020349240099471357690009EF3A
:100B6000130719001377F70FE5476397E60038304E
:100B70008D47630AF700C547B240224492440249B8
:100B80003E854101828003A5040B1946930544006C
:100B900011059710FD1FE78060C671DD19469305AA
:100BA000A400138564039710FD1FE78020C5C94783
:100BB00061D53547E147E311E9FCEF104FE2EF0063
:100BC0004FBC2A8471C183A6040BD850FC44014851
:100BD0002324E508984E9715FE1F938505071305F6
:100BE00085132320E5F6D84A1719FE1F130909F6C5
:100BF0002322E5F6D83BA30FE5EEF83BF02B2207C6
:100C0000518F2310E5F0983F902F2207518F231129
:100C1000E5F0B83FB02F2207518F2312E5F0D82F0F
:100C2000DC3F1546A207D98F2313F5F0DC2E2322D3
:100C30000501A30EF5EE81471CC19710FD1FE7804B
:100C400040AA85472300F41483C7040822852303A0
:100C5000F414A303F414EF10CFC68327890D93F780
:100C6000072081CB0A241306900293050008EF4069
:100C70006FFD8327090D1167F98F99C70A24514623
:100C800093050008EF400FFC83A7C40A0D47B8B7CF
:100C90008547DDB5397152D4171AFE1F130A0A0EA3
:100CA00083270A03B706080022DC4ED666CA93895A
:100CB000C1BA971CFE1F938C6CE906DE26DA4AD86F
:100CC00056D25AD05ECE62CCF58F03A48C0503A712
:100CD00009009DE37C5781C785472388F1A8F2501E
:100CE0006254D2544259B259225A925A025BF24B80
:100CF000624CD24C21618280930780070329C40A89
:100D00007CD3238801A883479900032CC90092074C
:100D10003E9C83472C0095CB834769009306204E69
:100D200003461C00B387D702938787FD11CA834609
:100D30007900B386C6021306D007B386C602B697FB
:100D4000B706080014C786077CD71C438D8B91C754
:100D500009459740FD1FE78020D3138BC1B9832736
:100D60000B00938AC1BB37063300D857370800827F
:100D70007D18719B13671700D8D798431377F7CF67
:100D800098C398431377F7CF1367072098C303A737
:100D90000A001447D18E14C783A609003706030042
:100DA00013068625B0CA5057759A50D7904383458D
:100DB000E407137606F893F5F5074D8E90C3030507
:100DC0008406D0579375F503E605337606014D8EFC
:100DD000D0D71306A003635CA628704FB7050007A1
:100DE0004D8E70CF03270409D8C30327C40898C7C2
:100DF0008327C40AB83785476313F72E832B040B68
:100E00000347990083C71B00631BF72C23A6060624
:100E1000B70708009CC69717FE1F23A707F8DC42F8
:100E2000154793E71700DCC26444930720021CB8FF
:100E300098A09CB083475403858B91E703474403F4
:100E400089476315F700930750049CA01946930542
:100E50006403138524009710FD1FE780808883C7F3
:100E60003B0089C79C2093E707F89CA0194693850F
:100E70004B00138584009710FD1FE780808683C791
:100E80008B01FCA483C79B01FCB483C7AB019CA866
:100E900083C7BB019CB883A74B0113D78700BCA8AD
:100EA000C183DCA8B8B80347040889476313F70077
:100EB0008D47DCB803D7CB0083D7AB00BA978583C7
:100EC00013D7870098BC03C7EB009CAC8D83B8ACEC
:100ED00003D7EB008D072183B8BC03C70B01D8AC47
:100EE00003C71B01D8BC1947B3D7E70AFCA8A183E5
:100EF000FCB883C7EC0FFCAC83C7FC0FFCBC83C7FA
:100F00000C102380F40283C71C10A380F40283C753
:100F10002C102381F40283C7CB01FD8BA381F40243
:100F2000784483C73C00834637029607D58FA301D8
:100F3000F7029717FE1F83C7278C83250B00B70680
:100F40000082FD16D8551396476093F7F703758F07
:100F5000E607D98FDCD51307A00383A70A006354E3
:100F6000C714F84FB7060007558FF8CF10388345E0
:100F7000040801459717FE1F23A807E09720FD1FCF
:100F8000E78080F383278A00858BC9C7971AFE1FE5
:100F9000938A4A8A03D5CA009717FE1F23A407DE47
:100FA0009307800F3305F50237460F00814613067D
:100FB00006248145EF10C02283A70A00AA842E8B45
:100FC0008297B307950033B5A700B305650183A6E3
:100FD0008A003E8799E163E4D7003387D740034511
:100FE000040858D00146B9459720FD1FE780200628
:100FF0000146814505459720FD1FE780E0EB9740BE
:10100000FD1FE780C0A08327CA00858B81C722858A
:10101000EFF03FB18347990003474900850793F7F5
:10102000F70FA304F90063F3E7329714FE1F9384CC
:1010300064809C28638E07268327C40A130770FAEE
:101040001725FD1F1305E528B8A79710FD1FE7809A
:1010500020D26254DC40F250D2544259B259225A42
:10106000925A025BF24B624CD24C2161828713068A
:101070002002635AA600704FB70500F9FD156D8E6A
:10108000B7050005B1BBB70500F96946FD15635703
:10109000A600704F6D8EB705000399B3704F6D8E2B
:1010A000131686293DBB13072002635AC700F84F69
:1010B000B70600F9FD16758FB706000575B5B706BA
:1010C00000F96947FD166357C700F84F758FB706DB
:1010D000000359BDF84F758F1317872979B5DC4286
:1010E000F99BDCC264449D47832B8C00834A3C00FF
:1010F0001CA89CA08547A3810400BCA07C4893F752
:1011000007209DC79147BCB08347640B8346540BAF
:1011100078449A07D58F5CA3BC2081468507BCA084
:101120000346840B8345540B0345640BEF709FF813
:101130007C4893F7074095CBB8307C44B4201367C4
:101140008700B8B00357A408B697B8B3BC2078445A
:101150008346F4073E978357A4089206A183BD8B6C
:10116000D58F5CA3BC208907BCA08347040693F7F6
:10117000070489CFB8307C44B42013670704B8B0A3
:101180005838B697B8B3BC208507BCA08347C407BE
:101190000547C11793F7F70F6362F706BC20032BCF
:1011A000C40415468D073E9BA1472300FB0093070F
:1011B0008002A300FB009715FE1F938505A9130568
:1011C0002B009700FD1FE780C0518346C4074147AD
:1011D000835784086395E60CA1072311F408C547DB
:1011E000230EF40683472408A303FB008357240837
:1011F000A1832304FB00BC20A507BCA0638C0B00CB
:10120000BC20684456868D07DE853E959700FD1FFD
:10121000E780204DB82001459377F7038507BE9AF4
:1012200093FAFA0FA3085401B8A07C44A380570195
:1012300083A709007844B8DF10388345040897175E
:10124000FE1F23A307B49720FD1FE780E0C6973059
:10125000FD1FE780C07B83A709003707020023A298
:10126000070698C71717FE1F232207B203472C0053
:10127000E30207DAFC57E38F07D81725FD1F130594
:1012800005179710FD1FE780E08D03A709007C5725
:10129000FDFF01459710FD1FE780C08CA5BB0357DC
:1012A0002408B307F7400947E34EF7F2C9470DBFDB
:1012B000938A81A983A70A0082972A8B83A70A00B1
:1012C0008297E30D65FF03475900834799009444D3
:1012D000B387E702DA24B387E70213070032938764
:1012E0000719B3D7E702032744093E973A8463649A
:1012F000F7006364D7003304D74083A70A008297BE
:10130000B307A4406374A4009844BA9737450F000C
:1013100013050524B3B5A702D22481463385A7025D
:10132000EF00106CAD472A84170500001305C59621
:10133000232EFA009710FD1FE780C08283A70900C3
:1013400037070800060498C7E0D751BA8327C900B9
:10135000884719ED1C24680023070100DC868327D9
:10136000C40ADC23DC87EFB0EEF32305090085BA5D
:101370009720FD1FE780A0E60327C90083464900A8
:10138000814763C5D7001C47EDF3E9B72324070065
:101390008507C5BF5D714EDE9389C1BA03A60900FA
:1013A000A2C452DC5ED686C6A6C2CAC056DA5AD8D5
:1013B00062D466D26AD06ECE930780077CD223882F
:1013C00001A8138AC1B983270A00938BC1BBB70553
:1013D0003300D8572A84719B13671700D8D79843D6
:1013E0001377F7CF98C398431377F7CF1367072086
:1013F00098C303A70B001447CD8E14C7B70603008C
:101400009386862534CA5457F59A54D78345E50701
:10141000944393F5F50793F606F8CD8E94C35442A2
:10142000F99A54C283058506D4573705008213F60E
:10143000F5037D156606E98ED18ED4D79306A003F9
:1014400063D0B62A744F37060007D18E74CF1307C6
:1014500004085447184B9305300294C7D8C3054578
:101460009717FE1F23A20792EFE04DE464449D47C7
:101470001CA8230FA4069CA08547A3810400BCA040
:101480007C4893F707209DC79147BCB08347640B06
:101490008346540B78449A07D58F5CA3BC208146C1
:1014A0008507BCA00346840B8345540B0345640B9E
:1014B000EF705FC07C4893F7074095CBB8307C4411
:1014C000B42013678700B8B00357A408B697B8B321
:1014D000BC2078448346F4073E978357A4089206BD
:1014E000A183BD8BD58F5CA3BC208907BCA0B02095
:1014F000035744089307D00F918F1709FE1F130954
:10150000E96463DFE7200347040885476316F72093
:101510009307804279479387371AB3C7E702834618
:101520004907C16593E60601230AD90683A6090087
:101530008CC63387E7020607B8D2B83013670701B5
:10154000B8B078448346E407329734B3B420784483
:1015500036975CA3B8207C44BA9703470408160763
:10156000D8B3BC208D07BCA08347040693F70704BB
:1015700089CFB8307C44B42013670704B8B058381A
:10158000B697B8B3BC208507BCA08347C4070547FE
:10159000C11793F7F70F6362F706BC20832AC404D0
:1015A00015468D07BE9AA1472380FA009307800253
:1015B000A380FA009705FE1F9385256913852A00ED
:1015C0009700FD1FE780E0118346C407414783571A
:1015D0008408639EE614A1072311F408C547230E6F
:1015E000F40683472408A383FA0083572408A183C1
:1015F0002384FA00BC20A507BCA003564408814AF6
:1016000021C2B82068448325840A930737003E9599
:10161000BC30C18B63860712F95AB38AEA4093FA49
:10162000FA0F56869700FD1FE780A00B8327840AD8
:10163000D6973CDC83574408B38757412319F406F7
:10164000B8200145056B9377F7038507BE9A93FA97
:10165000FA0FA3085401B8A07C44130D8007B70DFE
:101660003300A380570183A709007844B70A030019
:10167000938A8A25B8DF1038834504081D4C854CB1
:101680009720FD1FE78040839730FD1FE7802038BB
:1016900003270A00130B8B843C57ED9B3CD797071D
:1016A000FE1F238E076E371700401E2FC607C58307
:1016B0001EAF83474907C18BD9EB22852644B6402C
:1016C00096440649F259625AD25A425BB25B225C96
:1016D000925C025DF24D61611723FD1F6700C32B11
:1016E0009306200263DAB600744F370600F97D16C0
:1016F000F18E3706000591BB370600F9E9467D16E5
:1017000063D7B600744FF18E370600033DBB744FAC
:10171000F18E939686291DBB856793878784DDBBF1
:101720008347490793F7F70E230AF90635BD035798
:101730002408B307F7400947E345F7EAC94745B529
:101740009700FD1FE780E0F9834A4408D5BD834731
:10175000490793F70702E5DF8347490703A6090016
:1017600093F7F70C230AF9062322A607238801A87A
:1017700083270A00D857719B13671700D8D798435F
:101780001377F7CF98C398431377F7CF13670720E2
:1017900098C303A70B001447B3E6B60114C7232868
:1017A00056055457F59A54D798438346E407137760
:1017B00007F893F6F607558F98C36444230884010D
:1017C00023808401A3810400238194017C4893F742
:1017D000074095C7A147BCB07C440357A408D8A3D1
:1017E000BC2078448346F4073E978357A4089206AA
:1017F000A183BD8BD58F5CA3BC208907BCA0B02082
:10180000035724079307E00F918F63D3E70603473D
:101810000408DA8763149701930780427947938716
:10182000371AB3C7E70283464907C16593E6060145
:10183000230AD90683A609008CC63387E702060768
:10184000B8D2B83013670701B8B078448346E407CC
:10185000329734B3B420784436975CA3B8207C44E4
:10186000BA97034704081607D8B3BC208D07BCA05D
:101870000356240781470DCEB82068442C5C93079B
:1018800037003E95BC30C18BA5C3F957998F93F7AC
:10189000F70F3E863EC69700FD1FE78080E4385C68
:1018A000B2473E9738DC035724071D8F2319E406FF
:1018B000B420014513F7F6030507BA9793F7F70F1E
:1018C0001CB8B4A078441CB31038834504089707AB
:1018D000FE1F23AB074A9710FD1FE780E05D97309E
:1018E000FD1FE780C012F1B39700FD1FE78060DFA6
:1018F000834724072319040665BF8347C507638B05
:10190000073E797122D406D626D24AD04ECE52CC8A
:1019100049472A84639CE7020357250883578508B3
:101920006316F7021305050A15469705FE1F9385F2
:10193000C5312AC69700FD1FE780A0DA3245EFF0D7
:101940003E8C9147A300A408230EF406228597102D
:10195000FD1FE78080D109459730FD1FE780C01249
:101960000327C40A138981A98347C4078326090072
:10197000630E071E0D476398E70C9147230EF4068C
:101980007C4893E787007CC89707FE1F9387071C56
:1019900003C75707098B6DDF03C757071377C70FB7
:1019A000A38AE70682969707FE1F9387A7E8D627A4
:1019B00003576408232AA4089C473307D7029306D9
:1019C0000032130707193357D702B306E5003686EE
:1019D00063E4A60063E4F6003386F640232CC408D3
:1019E0009706FE1F83C696E1636CD604158E930698
:1019F000D407A28517050000130565F09720FD1F89
:101A0000E78020D1AD4717F5FFFF1305E52817073D
:101A1000FE1F2323F7389700FD1FE780A01483A73C
:101A2000C1BA0947F8D783578408B2509254850742
:101A30002314F40822540259F249624A4561828013
:101A4000958F3E966DB78329840982969704FE1F71
:101A5000938444DE63E6A9043385A9409707FE1FFB
:101A600083C7D7D963E5A700854763EEA702DA24C9
:101A7000835764089044B387E702130700329387C3
:101A80000719B3D7E702032784093E97BA86636430
:101A9000F7006364C700B306C740232CD40861B7BE
:101AA0009C44BE9955BF8326C40AA3840600D22451
:101AB00083576408032784098C44B387C70213063D
:101AC0000032232AE40893870719B3D7C7023E9749
:101AD0003A866364F7006364B7003306B7409C2816
:101AE000232CC40899CF930770FABCA61715FD1FC5
:101AF0001305257E9700FD1FE7808027DC40829735
:101B00001DB7832709008297AA8983270900829736
:101B1000E38DA9FE8327090083294409829763E4A2
:101B2000A904AD471707FE1F2328F726B7470F0064
:101B3000938707243385A940B335F502D224814623
:101B40003305F502712D83A7C1BA3707080098C77E
:101B50000605E8D717F5FFFF130505149700FD1FCD
:101B6000E7804000C9B59C44BE9965BF0D47639EA0
:101B7000E7089147230EF4067C4893E787007CC86A
:101B80009707FE1F938787FC03C75707098B6DDFF5
:101B900003C757071377C70FA38AE70682969707ED
:101BA000FE1F938727C9D62703576408232AA40852
:101BB0009C473307D70293060032130707193357A0
:101BC000D702B306E500368663E4A60063E4F600B8
:101BD0003386F640232CC4089706FE1F83C616C220
:101BE0006362D602158E9306D407A28517050000FE
:101BF0001305E5D09720FD1FE780A0B12285EFF007
:101C00006FF915B5958F3E96F9BF8296AA84832702
:101C100009008297E38DA4FE8327090083248409A9
:101C20001709FE1F130909C1829763EEA4023385C9
:101C3000A4409707FE1F83C777BC8359C90063E39D
:101C4000A70015E5835764081307003203268900AF
:101C5000B387370393870719B3D7E70203278409AC
:101C60003E97BA862DB583278900BE94C9B79707DA
:101C7000FE1F83C7F7F493E717009704FE1F9384B2
:101C8000E4ECA38AF40603AAC1BAB7070800232428
:101C9000FA00B7470F0093870724B335F5024E8645
:101CA00081463305F5022D2B06052326AA0683C798
:101CB0005407898BEDDF83C75407130700320326CF
:101CC000890093F7C70FA38AF40683576408B38784
:101CD000370393870719B3D7E702032784093E9791
:101CE000BA866364F7006364C700B306C740232C59
:101CF000D40829B78280411126C2AA84284922C467
:101D000001462E84850506C69710FD1FE780400614
:101D10003DEDBC481D4621459423BD8AB4B8983397
:101D2000B8A8639DC604B423114513D6660093F684
:101D3000F60363F5E604194531E27D17158F58B0B7
:101D4000B83345459376270095EA9376470085EEAC
:101D500091079306F00F34A093768700514599EED2
:101D600093760701554599EA137507021DE113772C
:101D700007049306F00711C3942314A0B240224431
:101D8000924441018280D42395078D8AE9B70945A1
:101D9000F5B75945E5B797070000938747B617078A
:101DA000FE1F232DF7E0828009CE93070002918F5A
:101DB000635AF000B397F5003355C500B3D5C5009D
:101DC0005D8D8280011633D5C5008145828009CEA4
:101DD00093070002918F635AF000B357F500B39553
:101DE000C5003315C500DD8D82800116B315C50011
:101DF00001458280014863CA050E63DB0600B337E4
:101E0000C000B306D0401348F8FF9D8E3306C04093
:101E1000B2882A872E83E9E663F5C512C16763603D
:101E2000F61CB7070001B337F600B307F040E19B9B
:101E3000E107335EF600974600009386663AF29615
:101E400083C60600130E0002B697B306FE40630C6D
:101E5000FE003393D500B357F500B318D60033E333
:101E600067003317D50013D608013355C302939684
:101E70000801C182935707013373C302B385A602D9
:101E80004203B3E7670063FAB700C6971303F5FF91
:101E900063E4170163EFB7321A858D8FB3D5C7029C
:101EA00042074183B3F7C702B386B602C2075D8F0C
:101EB000637BD70046979387F5FF63651701F91594
:101EC0006363D700BE8542054D8D814563090800D7
:101ED000B337A000B305B0409D8D3305A04082808C
:101EE00063FED50081450145D5B7B337A000B305E2
:101EF000B0409D8D3305A0407D5801B7C16763E8B0
:101F0000F618B7070001B3B7F600B307F040E19B3E
:101F1000E107B3D8F600174700001307672C469770
:101F200003470700130300023E97B308E34063151D
:101F3000E31863E2B6283335C50013451500814523
:101F400071B745C6C1676370F62613330610134395
:101F500013000E03B3566600974700009387472887
:101F6000B69783C60700930700029A96B38ED740B0
:101F7000639DD708B386C5401353060142064182CC
:101F8000854533D5660293570701B3F66602330ED3
:101F9000C502C206D58F63FAC701C6979306F5FF3F
:101FA00063E4170163E4C7233685B387C741B3D61B
:101FB000670242074183B3F767023386C602C2074E
:101FC0005D8F637BC70046979387F6FF63651701B4
:101FD000F9166363C700BE864205558DC5BD9337AC
:101FE000061093C717008E07A9B5814697470000D2
:101FF0009387071FB69783C6070001439307000224
:102000009A96B38ED740E387D7F6B318D60133DE5E
:10201000D50013D30801B3576E021396080141820D
:10202000B356D5003317D501B395D501CD8E93D5D1
:102030000601337E6E023305F602420EB3E5C5019A
:1020400063FBA500C695138EF7FF63ED151763FBC1
:10205000A516F917C695898D33D56502C206C182CA
:10206000B3F56502330EA602C205CD8E63FBC60131
:10207000C6969305F5FF63E3161563F1C61579154A
:10208000C69693950701B386C641C98DDDBD93B74A
:10209000061093C717008E07B3D8F6001747000045
:1020A00013070714469703470700130300023E97E0
:1020B000B308E340E30FE3E6B35EE600B396160130
:1020C000B3EEDE0033D3E50013DF0E01B357E303B5
:1020D000139E0E01B3951501135E0E013357E500F3
:1020E0004D8F93560701331616013373E303B3057F
:1020F000FE024203B3E6660063FBB600F696138366
:10210000F7FF63E3D60D63F1B60CF917F6968D8EE3
:10211000B3D5E60342074183B3F6E6033303BE02B9
:10212000C206558F637B670076979386F5FF6369D8
:10213000D70963776708F9157697C207416FCD8F86
:102140009306FFFFB3F5D70013DE0701F18E41823E
:10215000B38ED50233076740B306DE0213D30E01F8
:10216000B385C502B6959A95330ECE0263F3D500BA
:102170007A9E93D60501F2966363D7026305D70072
:102180003E858145A1B3C166FD1633F7D5004207F0
:10219000B3FEDE00331515017697E373E5FE138574
:1021A000F7FF814525B3B70700016377F602935621
:1021B0000601414355B38145054509BB2E85D1B57F
:1021C000B685A5BFF28741BD9A8791B77915C697A5
:1021D000E9BB7915C697D1B1935686016143ADBB72
:1021E0003288AA882E87C5EE63F3C510C167636085
:1021F000F61AB7070001B337F600B307F040E19BCA
:10220000E1073353F60097460000938666FD9A96E1
:1022100083C6060013030002B697B306F340630BB0
:10222000F3003397D500B357F5003318D6005D8F10
:10223000B318D500135608013355C7029316080189
:10224000C18293D708013377C702B385A60242073C
:10225000D98F63FAB700C2971307F5FF63E407014C
:1022600063E1B7323A858D8F33D7C702C20893D85E
:102270000801B3F7C702B386E602C207B3E8F80065
:1022800063FBD800C2989307F7FF63E5080179174D
:1022900063E3D8003E874205598D8145828063F50E
:1022A000D500814501458280C16763EAF618B7070A
:1022B0000001B3B7F600B307F040E19BE10733D864
:1022C000F600174700001307A7F1429703470700DE
:1022D000930800023E973388E8406397E81863E468
:1022E000B6283335C500134515008145828055C693
:1022F000C1676372F62613370610134717000E07DF
:10230000B356E60097470000938787EDB69783C7DB
:10231000070093060002BA97B38EF640639FF60853
:10232000B387C5409356060142064182854533D5A1
:10233000D70213D70801B3F7D7023303C502C20788
:10234000D98F63FA6700C2971307F5FF63E40701AB
:1023500063E667223A85B387674033D7D702C2085E
:1023600093D80801B3F7D7023306C702C207B3E810
:10237000F80063FBC800C2989307F7FF63E5080104
:10238000791763E3C8003E874205598D82809337F1
:10239000061093C717008E07ADB58146974700001A
:1023A000938707E4B69783C70700014793060002A7
:1023B000BA97B38EF640E385F6F63318D60133D3D9
:1023C000F50093560801335ED30213160801B39546
:1023D000D5014182B357F500CD8F13D70701B3184C
:1023E000D5013373D302B305C603420333676700D5
:1023F000637BB70042971305FEFF636D0717637B8E
:10240000B716791E42970D8F3355D702C207C18385
:102410003377D7023303A6024207D98F63FB6700E5
:10242000C2971307F5FF63E3071563F16714791586
:10243000C29793150E01B3876740C98DCDBD93B781
:10244000061093C717008E0733D8F6001747000011
:10245000130707D9429703470700930800023E97E6
:102460003388E840E38DE8E6335EE600B396060184
:10247000336EDE00B3D8E500935E0E01B3D7D80308
:1024800013130E01B3950501135303013357E500F0
:102490004D8F9356070133160601B3F8D803B305E1
:1024A000F302C208B3E6160163FBB600F296938806
:1024B000F7FF63E3C60D63F1B60CF917F2968D8E44
:1024C000B3D5D60342074183B3F6D603B308B302AC
:1024D000C206558F637B170172979386F5FF636978
:1024E000C70963771709F9157297C207C16ECD8FB7
:1024F0009386FEFFB3F5D70013D30701F18E418217
:10250000338ED50233071741B306D30293580E0119
:10251000B385C502B695C6953303C30263F3D500F0
:10252000769393D605019A966363D7026305D70025
:102530003E8581458280C166FD1633F7D50042078E
:10254000337EDE00331505017297E373E5FE1385D4
:10255000F7FF81458280B70700016377F602935643
:102560000601414745B38145054582803A85D1B58D
:10257000B685A5BF2A8E41BDC68791B77915C2978A
:10258000D9BB7915C297C5B19356860161479DBBEA
:102590007971935775014AD04ECE06D6931995009E
:1025A00022D426D252CC56CA5AC893F7F70F93D9E1
:1025B00099001359F501F1CF1307F00F6381E70E6E
:1025C0008E0937070004B3E9E900938A17F801443C
:1025D000014B93D77501139A950093F7F70F135A90
:1025E0009A0093D4F501C1C71307F00F6380E70C7D
:1025F0000E0A37070004336AEA00938717F801468A
:10260000BD4633479900B38AFA4063EB861A974672
:102610000000938666B20A0436941C40B6978287FF
:102620009307F00F8146B250225413957701558DD0
:102630007E0792540259F249624AD24A424B598D5E
:10264000456182808D47630EFB0085476315FB0E55
:102650002A8781478146C1BF8D472685D289631C61
:10266000F60C01479307F00FB70640006DBF631DDE
:102670000A0813641400B54733479900E3E287FA68
:1026800097460000938646AF0A0436941C40B697DE
:102690008287639B09041144814A054B1DBF6390E7
:1026A00009042144930AF00F094B25B763130A026A
:1026B000136424007514AD4633479900E3EB86F8A4
:1026C000174600001306C6AE0A0432941440B296B0
:1026D0008286136434009307F00F0D4615B731441A
:1026E000930AF00F0D4BF5B54E852EC6EF00701412
:1026F0009307B5FFB399F9009307A0F8B245B38AE1
:10270000A7400144014BF1B55285EF0090129307A9
:10271000B5FF331AFA009307A0F8898F0146CDB5AB
:10272000938A1AF089474A85E31EFBF02A879307AC
:10273000F00F8146CDBD2A879387FA076351F004D5
:1027400093F6790099C693F6F90011466383C600A3
:102750009109B7060008B3F6D90081CAB70700F897
:10276000FD17B3F9F90093870A089306E00FE3C950
:10277000F6EA93966900A58293F7F70F6DB50546C3
:1027800099C71D8EED4581478146E3CEC5E8938606
:10279000EA09B396D900B336D000B3D7C900D58FB4
:1027A00093F6770099C693F6F70011466383C60047
:1027B0009107B7060004FD8ED5CA85478146A5B5A9
:1027C000C16613185A00FD1693550801B376D80058
:1027D00063F8490733D6B902CE87FD1A814933051C
:1027E000D602B3F7B702C207B3E7370163F8A70011
:1027F000C2979308F6FF63F607074686898F33D59D
:10280000B702B3F7B702B306D502C20763F2D70225
:10281000B3850701B3B8F5001303F5FFAE876398DE
:10282000080063F6D5007915B387050111A01A8554
:102830004206958F498EB337F000B369F600EDBDBF
:1028400093D7190033D6B702FE0993D9090133058E
:10285000D60241BF26852A87EDBB0147B706400057
:10286000D9B3E3FCA7F87916C29749BF9A0793D664
:10287000970081474DBB268555BD13567501370717
:1028800080007D1793D675011376F60F1308F00FAD
:10289000B378A7009357F5016D8F13F5F60FFD81FF
:1028A00063060603630A050105EE11E929CB639F60
:1028B0000804B9C92E858280094501EB19E2E38A33
:1028C00008FE638BB7020545A1E38280639C080282
:1028D000E31BC5FE094575FBE397B7FE0145828002
:1028E0007DD1E392B7FEE340C5FE6347A600E36CEB
:1028F00017FD0145E3FBE8FC81CB3E858280E39434
:1029000008FC8280094582807D558280E381B7FE84
:102910005DBF79719357750152CC56CA1317950054
:1029200006D622D426D24AD04ECE5AC893F7F70FF5
:10293000935A9700135AF501638B07101307F00F92
:10294000638DE71013973A00B7060004B36AD70007
:10295000938417F80149014B93D77501139495009F
:1029600093F7F70F258093D9F501F9C71307F00FF7
:102970006382E706938717F8338597000E043707BD
:102980000004A947598C81469304150063CF270F93
:10299000B3453A0109472E88634C27057D19054642
:1029A000636C26136382E60C8547C2856394F60642
:1029B00081470147B250225413957701598D93975F
:1029C000F50192540259F249624AD24A424B5D8D56
:1029D000456182801385F40F49CCB3453A011369F0
:1029E000390029472E88938404106347271F8D469A
:1029F0000547331727011376075319CE8947630517
:102A0000FB068D476304FB02DA8685475684C28540
:102A1000E380F6FA268535A29377072481EB1377B6
:102A200087085DCB4E88A28A368BC9BF8145930744
:102A3000F00F37074000BDBF3DEC26851369190034
:102A4000A947854693041500E3D427F53DA863956F
:102A50000A0411498144054B01B7639A0A022149CE
:102A60009304F00F094BCDBDC2859307F00F0147CA
:102A700091B713692900A9479384041039478946FF
:102A8000E3D827F1AD47E30FF7F8528885BF314906
:102A90009304F00F0D4BC9B556852EC6592B9307DD
:102AA000B5FFB39AFA009307A0F8B245B384A740E4
:102AB0000149014B55B52285AD2BB387A4401307BF
:102AC000B5FF1385A7F8A9473314E40081469304A2
:102AD0001500E3DF27EB55BFC1689387F8FF13D6D6
:102AE0000A0113580401B3FAFA00E18FB3865703C1
:102AF000B307F60213D70601B30A5803BE9A5697D6
:102B0000330606036373F700469641687D18B37772
:102B10000701B3F60601C207B697939667001354F0
:102B20000701E9833337D0003294D98F1A045D8CC2
:102B3000B7070008E18F91C79357140005885D8C93
:102B400026859307F507635FF0021377740019C7B2
:102B50001377F40091466303D70011043707000888
:102B6000618F19C7B70700F8FD177D8C930705081B
:102B70001307E00F6349F70413176400258393F7E5
:102B8000F70F0DBD854699C79D8E6D46814701475C
:102B9000E342D6E21307E5093317E4003337E000D8
:102BA000B357D400D98F13F7770019C713F7F7007D
:102BB00091466303D7009107370700047D8F01CB4F
:102BC00085470147C5BB9307F00F0147E5B39A0757
:102BD00013D797008147F9BBBD46814537074000B1
:102BE000E30AD9DC2D478D4671BDB707800041113E
:102BF000FD1713D6750133F7A70093567501ED8FB6
:102C000026C24AC09354F50106C622C41376F60FB5
:102C10001305F00F13F9F60F26880E07FD81939622
:102C200037006303A60493C51500B307C940638F3B
:102C3000B400635AF03035E2638F06141386F7FF51
:102C40006302062A638FA702B287A9A86359F030EE
:102C50007DCA6308A90237060004D18E6D4663520F
:102C6000F6140507CA878DA8930719F0D5E693C512
:102C700015006383B40E638D071863090910AE84D1
:102C800036870D8313F814001305F00F3DCB014870
:102C90001305F00F37074000ADA0E304A9FE370687
:102CA0000004D18EED45054663CDF5001306000204
:102CB0001D8E3396C600B3D6F600B337C00033E698
:102CC000F600118FB7070004B376F700639406107F
:102CD00093767700CA87E1C29376F7001146638343
:102CE000C6001107B7060004F98ED5C685079306FE
:102CF000F00F13F81400638BD70C1A0713F5F70FB6
:102D00002583B24022445E05598D9317F801924401
:102D100002495D8D41018280E39FB4F4B9C3631120
:102D2000091C9307F00F3DC79385F7FF63890512D0
:102D30001305F00F6386A71AED4763DBB71A1387F5
:102D40001600B28751BFA1CA1386F7FF63090610A8
:102D5000E389A7F2B28719B789C7E30409FC0147E1
:102D60000DB79307190013F6E70F631506146318E0
:102D700009166306071A6396061A0D83814726070C
:102D8000258313F5F70F13F81400A5BF9307F00F71
:102D900065EBAE8436879306F00F0D83E384D7EEA0
:102DA000F9BF130600021D8E3396C6003336C000ED
:102DB000B3D6F600D18E3697B7070004F98F89DBBA
:102DC000930719009306F00F6393D70A1305F00FCA
:102DD000014705BFFD173374F7002285992C93072F
:102DE000B5FF3314F40063CA2705B387274185076D
:102DF000130700021D8F3317E4003337E00033540C
:102E0000F400418F814793767700E39706ECD9BDB4
:102E10009307190093F7E70F85EB631A090A65CF4B
:102E2000A9DEB307D740370600047D8E630806107D
:102E30003387E6408147AE84F9B7370700FC7D173A
:102E4000B307F940618FC1B73304D740B707000417
:102E5000E18FD1E359F00148014501475DB536974F
:102E6000B7060004F98E89470549E38306E637066D
:102E7000007E935617007D16058BF18E558F61B736
:102E80001385F7FF41C51308F00FAE84638A070569
:102E9000ED45854763CCA50093070002898FB317E2
:102EA000F7003355A700B337F000C98F3387F640DA
:102EB000328909BD1306F00FE38AC7F0BA9613D71B
:102EC000160013767700E31906E00D834DBD11EF70
:102ED000E38F06DA6DB33384E640AE84FDBD11E7BF
:102EE000368745B3158F0549F1BBE38C06D845B34A
:102EF000930700028D8FB317F700B355B700B337B0
:102F0000F000DD8D3387D50032897DB53387E6400B
:102F1000AE84054945BBA1D2AE843687B9BD36879C
:102F2000A9BD369737060004798E814759DEB70769
:102F300000FCFD177D8F0D83854791B589DF3E87A6
:102F40000D8381472DBDE38507EC33052641AA8714
:102F5000E30009E4B70700045D8FAE8415BFE38288
:102F600007E0B305264163140900AE876DBBB707C0
:102F700000045D8FD1B30DCD411122C406C62A8451
:102F80004D289307E009898F130760096347F7020B
:102F90002147630AE50861153317A4002607258336
:102FA00013F5F70FB24022445E05598D410182802E
:102FB000014501475E05598D8280130790096348DA
:102FC000F70415479306B5FF6304E5003314D400F6
:102FD000B70600FCFD16137674003377D40011CECB
:102FE0003D881146630BC400110737060004798E33
:102FF00009C69307F009758F898FB24022441A07DA
:1030000013F5F70F25835E05598D41018280130763
:10301000B50195463317E400898E3337E000335409
:10302000D400598C75B72604135794001305600912
:1030300095BFC1676376F5029337051093C71700F4
:103040008E07130700021D8F3355F50097370000D8
:1030500093870719AA9703C507003305A740828005
:10306000B70700016370F502C1473355F500973784
:1030700000009387E716AA9703C507004147330569
:10308000A7408280E1473355F500973700009387CA
:103090002715AA9703C5070021473305A74082805B
:1030A0002E86AA8503A5018625A8AA8503A50186E3
:1030B000A9AAAA8503A50186B1A801476314E60061
:1030C00001458280B307E5000507B386E50083C7A5
:1030D000070083C6F6FFE383D7FE3385D74082809F
:1030E00033B7C502011106CE22CC3386C50209CB07
:1030F000314718C10144F240228562440561828053
:10310000B28532C619222A8475D532468145EF2010
:10311000FDAAD5B7C5C183A7C5FF011122CC06CE34
:103120001384C5FF63D307003E942AC6EF003029FD
:10313000138741C61C43324589EB2322040000C398
:103140006244F24005616F001028637DF400104076
:10315000B306C4006396D7009443DC43B29614C010
:103160005CC0F1BF3E87DC4399C3E37DF4FE1443AA
:103170003306D700631F86001040B29614C333068F
:10318000D700E39FC7FA9043DC43B29614C35CC3F5
:1031900045BF6375C400B1471CC15DB71040B3069D
:1031A000C4006396D7009443DC43B29614C05CC05D
:1031B00040C379B7828041114AC0138901C6832771
:1031C000090022C426C206C6AA842E8489E7814546
:1031D0004D242320A900A2852685612C7D59631AE0
:1031E00025017D54B2402285224492440249410186
:1031F0008280130435007198E30685FEB305A44070
:103200002685852CE31025FFE9BF011126CA93848A
:103210003500F1984AC806CE22CC4EC6A104B1476B
:103220002A8963F6F406B14463E5B4064A85EF00E3
:103230001019938941C683A709003E8435E4A68509
:103240004A85EFF05FF7FD572A846317F50C03A456
:103250000900A287C5EB8329040081454A85A2990C
:10326000092C6394A90A1C408D049D8CF198A1043B
:10327000B14763F3F400B144A6854A85EFF0BFF38C
:10328000FD576304F5081C40A6971CC03DA8E3DD6C
:1032900004F8B1472320F9000145F2406244D244CA
:1032A0004249B249056182801440858E63C9060493
:1032B0002D47637ED70204C03307940063978702CB
:1032C00023A0E9005C4014C35CC34A85EF00B00F43
:1032D0001305B4009307440061993307F540E30EEA
:1032E000F5FA3A94898F1CC04DBFD8C3E1BF58404E
:1032F0006395870023A0E900C9BFD8C3F9B7A287A7
:1033000040402DBF3E84DC43B1B7B1472320F900D4
:103310004A85EF00500B49B704C145BF5D7122D407
:1033200006D62A842EDA32DC36DEBAC0BEC2C2C469
:10333000C6C603A5018611C51C4D81E72AC6FD231B
:1033400032450C455418228636CEEF00300FB2506D
:10335000225461618280011126CA06CE22CC4AC85D
:103360004EC652C4AA8419E11C4502901C4D2E89F8
:10337000B5E76D2B9C4C8044A5C797370000938719
:1033800027FA6312F406C0407C50858B89EB835783
:10339000C40093F7072081E7284CEF0000728357A1
:1033A000C400A18B99C31C48CDE7A2852685ED22D8
:1033B0004DC1FD547C50858B89EB8357C40093F736
:1033C000072081E7284CEF00606FF24062444249D9
:1033D000B249224A2685D24405618280004571BFE8
:1033E0002685A92359BF97370000938767F1631497
:1033F000F400804451BF97370000938767EEE315D0
:10340000F4F8C04451B71CC4050963C907021C4045
:103410001387170018C02380B7001C448345090098
:10342000FD17F5F11CC463D907022286A94526853C
:103430006520FD57E30FF5F6A944ADBF184C63C4F2
:10344000E700E39645FD228626857920E31735FDC2
:103450008DB7FD59294AD1B71C401387170018C0F2
:1034600029472380E700C9BFAA8503A501866FF01D
:103470009FEE411122C42A842E8523AA01C606C6C6
:10348000EF305DB8FD576316F50083A741C791C3C0
:103490001CC0B240224441018280AA8703C70700B2
:1034A00085076DFF3385A7407D15828005C67D1693
:1034B0000147B307E500B386E50083C7070083C66D
:1034C00006006396D7006304C7000507FDF3338544
:1034D000D740828001458280011122CC26CA4AC889
:1034E00006CE4EC6AA842E89328401C51C4D91E3B6
:1034F0003529973700009387A7E26318F402C0408C
:103500001C4C1CC48357C400A18B99C31C4895EF65
:10351000A2852685512015C97D59F2406244D244C6
:10352000B2494A85424905618280973700009387F6
:1035300027DD6314F4008044E1B7973700009387D8
:1035400027DAE31FF4FAC04465BF1C4808409379AA
:10355000F90F1379F90F1D8D5C486346F500A285BC
:103560002685B52455F91C440505FD171CC41C40CF
:103570001387170018C0238037015C486389A700B0
:103580008357C400858BD1DBA947E318F9F8A285DE
:103590002685352C59D149B7411122C426C24AC0CB
:1035A00006C683A401862A892E8489C49C4C99E38B
:1035B0002685AD2E97370000938787D66314F402D3
:1035C000C0408317C40013F7870035EB13F70701DA
:1035D00015EB25472320E90093E707042316F400A1
:1035E0007D5561A897370000938787D16314F40055
:1035F0008044C1BF97370000938787CEE313F4FC64
:10360000C044C1B7918B95C74C5891C993074404E6
:103610006385F5004A85EFF0FFAF232A0402835744
:10362000C4002322040093F7B7FD2316F4001C48BE
:103630001CC08357C40093E787002316F4001C487E
:1036400081EF8357C4001307002093F70728638591
:10365000E700A2854A85C9218317C40013F7170024
:103660001DC35848232404003307E04018CC1848F1
:10367000014501E713F7070825F3B24022449244BD
:1036800002494101828013F72700814611E3544823
:1036900014C4F1BF8397C500011122CC26CA06CEFF
:1036A0004AC84EC613F78700AA842E8471E7D84112
:1036B0006345E000B8416359E008585451C7B183ED
:1036C00003A90400858B23A004000C50A1CF7048EF
:1036D0008357C400918B99C75C401D8E5C5899C379
:1036E0003C401D8E5C540C50814626858297FD57C8
:1036F000630EF5041C480567232204001CC0835791
:10370000C400F98F91C368C84C5823A024018DCD03
:10371000930744046385F5002685EFF0BF9F232AB5
:1037200004021DA00146854626850297FD572A867C
:10373000E310F5FA9C40C9DF75476385E7005947F8
:103740006395E70623A024010145BDA09840831797
:10375000C40001CFF5466305D700D9466319D704E5
:103760001C48232204001CC045B71848B1832322FB
:10377000040018C0858B79B783A90501E38609FC8D
:1037800003A905008D8B23A0350133093941014779
:1037900091E3D84918C4E35920FB1C540C50CA8645
:1037A0004E86268582976340A0028317C40093E764
:1037B00007042316F4007D55F2406244D244424986
:1037C000B24905618280AA993309A940E9B79C49A9
:1037D000411106C622C426C281EB8144B240224474
:1037E0002685924441018280AA842E8401C51C4D05
:1037F00091E32D2A97370000938787B2631EF40266
:10380000C0408317C400F1DB7850058B11E793F7B4
:10381000072099E3284C55242685A285EFF09FE7E1
:103820007C50AA84858BDDFB8357C40093F7072067
:10383000D5F7284C61245DB797370000938747ACD4
:103840006314F400804475BF97370000938747A93D
:10385000E319F4FAC04475B7411122C406C62A849C
:103860002316B5002317C5002320050023220500D9
:10387000232405002322050623280500232A05000A
:10388000232C0500214681451305C505EF200DB306
:1038900097070000938767685CD0970700009387BD
:1038A000C76A1CD4970700009387076F5CD49707FB
:1038B00000009387C771B24000D01CD82244410158
:1038C0008280970500009385C5F051A2411126C260
:1038D000930780069384F5FFB384F4024AC02E89CF
:1038E00022C406C693854407EFF03F922A8401CD97
:1038F0002320050023222501310508C413868406F0
:103900008145EF20ADABB24022852244924402496A
:10391000410182801385C1C64DA21385C1C679AA13
:10392000138501C759AA138501C749AA411122C4A9
:1039300006C62A84EFF0DFFE1C4C91C72244B24039
:1039400041016FF05FFE970700009387C7F71CD413
:1039500023240404232604042328040483A7819D2C
:103960006394870085471CCC2285152848C0228592
:103970003D2008C42285252048C448400146914581
:10398000EFF09FED08440546A545EFF0FFEC4844F5
:103990000946C945EFF05FEC85471CCC45B741119E
:1039A00026C24AC006C622C42A89EFF0BFF683A405
:1039B000819D9C4C81E72685EFF05FF7938484041A
:1039C0008044DC40FD1763D607009C40A5C78440B7
:1039D000C5BF0317C40021EFC17785075CC4130579
:1039E000840523220406C928EFF03FF32146232053
:1039F0000400232404002322040023280400232A93
:103A00000400232C040081451305C405EF200D9B01
:103A1000232A0402232C040223240404232604045E
:103A2000B24022852244924402494101828013041B
:103A3000840649BF91454A85EFF05FE988C02A8432
:103A400059F5EFF09FEDB1472320F900D1BF79710F
:103A500022D44AD04ECE52CC5AC85EC606D626D202
:103A600056CA2A892E8A130485048149054BFD5BB9
:103A70000444832A4400FD1A63D00A0200406DF812
:103A8000B250225492540259624AD24A424BB24B2B
:103A90004E85F2494561828083D7C400637BFB0079
:103AA0008397E40063877701A6854A85029AB3E984
:103AB000A90093848406C1B7828082808280597174
:103AC000A2D42E848395E500A6D2CAD086D6B2842D
:103AD000368963D305028357C40093F707088DEB3B
:103AE00013070040B65026542320F90098C0065909
:103AF000965401456561828030002523E34D05FC25
:103B00003247BD67F98F7977BA9793B71700C9BF66
:103B1000814713070004F9B783D7C500797122D410
:103B200006D626D24AD04ECE898B2E8491CF9307CB
:103B300074041CC01CC885475CC8B25022549254FF
:103B40000259F2494561828074003000AA84EFF086
:103B50001FF7A2492A892685CE85EFF00FEB01EDEC
:103B60008317C40013F7072069FBF19B93E7270035
:103B70002316F4006DBF970700009387C7D49CD429
:103B80008357C40008C008C893E707082316F40049
:103B9000B247232A340189CF8315E4002685752195
:103BA00001C98357C400F19B93E717002316F40063
:103BB0008357C40033E527012316A400BDBF138536
:103BC00081C66FF09FEF138581C66FF03FEF1C46F3
:103BD000FD171CC663DA0700184E63C5E700A94746
:103BE0006394F5006FF05F8F1C422E8513871700DA
:103BF00018C22380B7008280011122CC26CA4AC88D
:103C00004EC652C406CE2A89AE893284B304D60089
:103C10007D5A63149400014511A8834504004E8623
:103C20004A85EFF0DFFA0504E31545FFF2406244F0
:103C3000D2444249B249224A05618280357122CD7F
:103C400026CB4AC94EC706CF52C556C35AC1DEDE7F
:103C5000E2DCE6DAAA892E843289B68409C51C4DD5
:103C600099E3EFF0BFCC972700009387676B631B46
:103C7000F40403A449007C50858B89EB8357C4006E
:103C800093F7072081E7284CEFF03FE38357C40008
:103C9000A18B99C31C48B5E3A2854E85EFF0DF8F59
:103CA00029CD7C50858BA9C37D55FA406A44DA44FE
:103CB0004A49BA492A4A9A4A0A4BF65B665CD65C7C
:103CC0000D61828097270000938787636315F40056
:103CD00003A489004DB79727000093876760E31C12
:103CE000F4F803A4C90041BF8357C40093F7072029
:103CF000C5FF284CEFF09FDC45BF93070002A304EB
:103D0000F1029307000302D22305F10226C6930BAA
:103D10005002972A0000938AAA62054C294BCA8454
:103D200083C7040099C3639C7709B38C2441638ED5
:103D30002401E6864A86A2854E85EFF0FFEBFD570B
:103D4000630EF5189257E6973ED283C70400638747
:103D50000718FD571389140002C802CE3ECA02CCD0
:103D6000A309010482D483450900154656853526EA
:103D7000C2479304190031E513F7070109C7130778
:103D80000002A309E10413F7870009C71307B00273
:103D9000A309E104834609001307A002638BE6022E
:103DA000F247CA848146254603C704009385140060
:103DB000130707FD6375E6068DC63ECE1DA085047C
:103DC00085B7330555413315AC00C98F3EC82689E8
:103DD00059BF324793064700184336C6634A070265
:103DE0003ACE03C704009307E002631EF70403C73B
:103DF00014009307A002631AF702B24789041387DD
:103E000047009C433AC663D30700FD573ECA25A826
:103E10003307E04093E727003ACE3EC8D9B7B387CF
:103E20006703AE848546BA9741B7850402CA8146C6
:103E30008147254603C7040093851400130707FD37
:103E40006374E606E1F683C504000D4617250000FD
:103E50001305854F992411CD972700009387C74EEE
:103E60001D8DC247130700043317A700D98F85049F
:103E70003EC883C504001946172500001305054DEB
:103E8000138914002304B102092C25CD93070000E7
:103E900095E74247B2471377071009CF91073EC60F
:103EA0009257D2973ED2A5BDB3876703AE848546AD
:103EB000BA9749B79D07E19BA107D5B77800970648
:103EC00000009386A6D322860C084E85970000003A
:103ED000E7000000FD572A8AE314F5FC7C50858B2F
:103EE00089EB8357C40093F7072081E7284CEFF054
:103EF000FFBC8357C40093F70704E39707DA125512
:103F00006DB3780097060000938646CF22860C0892
:103F10004E854D2CC1B7411122C42E848395E500F6
:103F200006C62523634905007C48AA977CC8B24091
:103F30002244410182808357C4007D777D17F98F29
:103F40002316F400EDB783D7C500011122CC26CA91
:103F50004AC84EC606CE93F70710AA842E8432892B
:103F6000B68991C78395E50089460146112283579A
:103F7000C4007D777D17F98F8315E4002316F400C4
:103F80006244F240CE864A86B24942492685D244EE
:103F900005613DA8411122C42E848395E50006C623
:103FA000C1287D578357C400631BE5007D777D17CB
:103FB000F98F2316F400B240224441018280056744
:103FC000D98F2316F40068C8FDB78395E5003DA09E
:103FD000411122C42A842E85B285368623AA01C6C1
:103FE00006C6EF20BDFFFD576316F50083A741C746
:103FF00091C31CC0B240224441018280411122C4BD
:104000002A842E8523AA01C606C6AD21FD57631654
:10401000F50083A741C791C31CC0B24022444101AF
:104020008280411122C42A842E85B28523AA01C62A
:1040300006C6B921FD576316F50083A741C791C392
:104040001CC0B240224441018280411122C42A8412
:104050002E8523AA01C606C61529FD576316F5004D
:1040600083A741C791C31CC0B24022444101828052
:10407000411122C42A842E85B285368623AA01C620
:1040800006C61929FD576316F50083A741C791C3DA
:104090001CC0B24022444101828093F5F50F2A965C
:1040A0006314C5000145828083470500E38DB7FE98
:1040B0000505FDB7797156CA9C49BA8A984522D43C
:1040C0004AD04ECE52CC06D626D25AC85EC6AA894F
:1040D0002E843289368A63D3E700BA872320F90019
:1040E0000347340401C785072320F9001C4093F7D8
:1040F000070291C78327090089072320F90004409C
:10410000998891E8130B9401FD5B5C440327090037
:10411000998F63CCF40483473404B336F0001C4019
:1041200093F70702A5EB13063404D2854E85829AD5
:10413000FD576303F5041C4011478144998B639933
:10414000E7004444832709009D8C63D30400814425
:104150001C4418486354F700998FBE9401496904C0
:104160007D5B63982405014509A885465A86D2855A
:104170004E85829A631E75017D55B2502254925429
:104180000259F249624AD24A424BB24B456182809F
:104190008504A5BF3307D40013060003A301C70499
:1041A0000347540493871600A2978906A381E70466
:1041B0009DBF85462286D2854E85829AE30E65FB99
:1041C000050945B7797122D44AD04ECE52CC06D6D5
:1041D00026D256CA5AC803C88501930780072A8980
:1041E0002E84B289368A63E20703930720069386FA
:1041F000350463E107036301081E93078005172652
:10420000000013062615630BF814930424042301FD
:10421000040515A89307D8F993F7F70F5546E366F9
:10422000F6FE17260000130666158A07B2979C4310
:10423000B29782871C4393842504938647009C434E
:1042400014C32381F504854755AA90411C43137577
:1042500006089385470039C19C430CC3584063D37B
:1042600007149305D002A301B40418C463500704D3
:10427000B307F040172600001306C60D2948B68480
:1042800033F70703FD143297034707002380E40048
:104290003E87B3D70703E37507FF8DA09C431375D3
:1042A00006040CC345DDC207C1874DBF6D9A10C01F
:1042B000C1B790411C43137506089385470001C59B
:1042C0000CC39C4339A0137606040CC37DDA83D754
:1042D00007001307F006172600001306A607631150
:1042E000E80C2148A3010404584018C4E34907F826
:1042F0000C40ED990CC0C1F7B68451F3A147631E81
:10430000F8001C40858B91CB58401C4863C7E700E0
:1043100093070003A38FF4FEFD14858E14C8528703
:10432000CE867000A2854A85EFF0DFD8FD5A631B68
:10433000550D7D55B250225492540259F249624AA9
:10434000D24A424B456182809C4193E707029CC15F
:10435000130880071726000013060601A3020405B0
:104360000C401C4313F8050813854700630508003B
:1043700008C39C4301A813F8050408C3E30B08FE17
:1043800083D7070013F7150001C793E505020CC09A
:1043900099C3414881BF18401377F7FD18C0D5BFB6
:1043A000294889B7172600001306C6FA29482DBFE9
:1043B00090411C43CC4913780608138547006306D7
:1043C000080008C39C438CC301A808C313760604E5
:1043D0009C4375DA2390B70023280400B68481B784
:1043E0001C43D04181459386470014C384432685EE
:1043F000EFF0BFCA19C1058D48C05C401CC8A301BD
:10440000040431BF14482686CE854A85029AE30209
:1044100055F31C40898B8DE7B2474844E35CF5F0C7
:104420003E8509BF85465686CE854A85029AE302B7
:1044300065F185045C443247998FE3C5F4FEE9BF1A
:104440008144930A94017D5BF5B7411122C42A840B
:104450002E85B285368623AA01C606C6A120FD5741
:104460006316F50083A741C791C31CC0B240224424
:10447000410182809307800523AAF1C67D55828081
:104480009307800523AAF1C67D5582809307800596
:1044900023AAF1C6014582809307800523AAF1C6AD
:1044A0007D5582809307800523AAF1C67D558280C1
:1044B00000000001000000020000000400000008ED
:1044C00000000010000000200000004000000080FC
:1044D0000000001B000000360000006C000000D847
:1044E000000000AB0000004D0000009AF401FA004B
:1044F000960064004B0032001E0014000000000013
:1045000000000000000000000000000000000000AB
:10451000000000000000000000000000EC24FDFF8F
:104520001025FDFF3425FDFF4A25FDFF6425FDFF15
:104530007625FDFF9A25FDFFBE25FDFFD425FDFF55
:10454000EE25FDFF0000000000000203090B0D0E28
:10455000040612161A1C06051B1D1712080C242C23
:1045600034380A0F2D2739360C0A363A2E240E0914
:104570003F31232A101848586870121B4153657E3A
:10458000141E5A4E726C161D53457F6218146C74BB
:104590005C481A17657F51461C127E6246541E11F4
:1045A00077694B5A203090B0D0E0223399BBDDEED2
:1045B000243682A6CAFC26358BADC7F2283CB49CB3
:1045C000E4D82A3FBD97E9D62C3AA68AFEC42E39F4
:1045D000AF81F3CA3028D8E8B890322BD1E3B59E2A
:1045E000342ECAFEA28C362DC3F5AF823824FCC40B
:1045F0008CA83A27F5CF81A63C22EED296B43E2174
:10460000E7D99BBA40603B7BBBDB42633270B6D5D7
:104610004466296DA1C746652066ACC9486C1F5722
:104620008FE34A6F165C82ED4C6A0D4195FF4E692F
:10463000044A98F150787323D3AB527B7A28DEA5D5
:10464000547E6135C9B7567D683EC4B95874570F5A
:10465000E7935A775E04EA9D5C724519FD8F5E719F
:104660004C12F0816050ABCB6B3B6253A2C06635FD
:104670006456B9DD71276655B0D67C29685C8FE732
:104680005F036A5F86EC520D6C5A9DF1451F6E59AF
:1046900094FA48117048E393034B724BEA980E4525
:1046A000744EF1851957764DF88E14597844C7BF6A
:1046B00037737A47CEB43A7D7C42D5A92D6F7E41BF
:1046C000DCA2206180C076F66DAD82C37FFD60A361
:1046D00084C664E077B186C56DEB7ABF88CC52DAC8
:1046E00059958ACF5BD1549B8CCA40CC43898EC9E3
:1046F00049C74E8790D83EAE05DD92DB37A508D37B
:1047000094DE2CB81FC196DD25B312CF98D41A823F
:1047100031E59AD713893CEB9CD208942BF99ED1B2
:10472000019F26F7A0F0E646BD4DA2F3EF4DB04342
:10473000A4F6F450A751A6F5FD5BAA5FA8FCC26AD7
:104740008975AAFFCB61847BACFAD07C9369AEF902
:10475000D9779E67B0E8AE1ED53DB2EBA715D8332A
:10476000B4EEBC08CF21B6EDB503C22FB8E48A324F
:10477000E105BAE78339EC0BBCE29824FB19BEE1F2
:10478000912FF617C0A04D8DD676C2A34486DB7854
:10479000C4A65F9BCC6AC6A55690C164C8AC69A18B
:1047A000E24ECAAF60AAEF40CCAA7BB7F852CEA9BE
:1047B00072BCF55CD0B805D5BE06D2BB0CDEB30822
:1047C000D4BE17C3A41AD6BD1EC8A914D8B421F9E3
:1047D0008A3EDAB728F28730DCB233EF9022DEB1BE
:1047E0003AE49D2CE090DD3D0696E293D4360B989A
:1047F000E496CF2B1C8AE695C6201184E89CF9111B
:1048000032AEEA9FF01A3FA0EC9AEB0728B2EE997D
:10481000E20C25BCF08895656EE6F28B9C6E63E831
:10482000F48E877374FAF68D8E7879F4F884B14932
:104830005ADEFA87B84257D0FC82A35F40C2FE819D
:10484000AA544DCC1B9BECF7DA411998E5FCD74FE5
:104850001F9DFEE1C05D1D9EF7EACD531397C8DB97
:10486000EE791194C1D0E3771791DACDF465159202
:10487000D3C6F96B0B83A4AFB2310980ADA4BF3F9F
:104880000F85B6B9A82D0D86BFB2A523038F8083EF
:104890008609018C89888B07078992959C15058A62
:1048A0009B9E911B3BAB7C470AA139A8754C07AF77
:1048B0003FAD6E5110BD3DAE675A1DB333A7586B67
:1048C0003E9931A45160339737A14A7D248535A2A2
:1048D0004376298B2BB3341F62D129B03D146FDF8F
:1048E0002FB5260978CD2DB62F0275C323BF1033FF
:1048F00056E921BC19385BE727B902254CF525BAE2
:104900000B2E41FB5BFBD78C619A59F8DE876C94C8
:104910005FFDC59A7B865DFECC91768853F7F3A048
:1049200055A251F4FAAB58AC57F1E1B64FBE55F26F
:10493000E8BD42B04BE39FD409EA49E096DF04E4C6
:104940004FE58DC213F64DE684C91EF843EFBBF860
:104950003DD241ECB2F330DC47E9A9EE27CE45EA7F
:10496000A0E52AC07BCB473CB17A79C84E37BC74EE
:104970007FCD552AAB667DCE5C21A66873C76310D8
:10498000854271C46A1B884C77C171069F5E75C2EF
:10499000780D92506BD30F64D90A69D0066FD40496
:1049A0006FD51D72C3166DD61479CE1863DF2B48F0
:1049B000ED3261DC2243E03C67D9395EF72E65DADF
:1049C0003055FA209B5B9A01B7EC9958930ABAE2EA
:1049D0009F5D8817ADF09D5E811CA0FE9357BE2D94
:1049E00083D49154B7268EDA9751AC3B99C895522F
:1049F000A53094C68B43D259DF9C8940DB52D292BA
:104A00008F45C04FC5808D46C944C88E834FF6750B
:104A1000EBA4814CFF7EE6AA8749E463F1B8854A9E
:104A2000ED68FCB6BB6B0AB1670CB96803BA6A02E1
:104A3000BF6D18A77D10BD6E11AC701EB3672E9DA3
:104A40005334B16427965E3AB7613C8B4928B5620E
:104A500035804426AB7342E90F7CA9704BE20272A9
:104A6000AF7550FF1560AD7659F4186EA37F66C51B
:104A70003B44A17C6FCE364AA77974D32158A57ADE
:104A80007DD82C56DB3BA17A0C37D938A871013977
:104A9000DF3DB36C162BDD3EBA671B25D337855639
:104AA000380FD1348C5D3501D73197402213D53280
:104AB0009E4B2F1DCB23E9226447C920E029694979
:104AC000CF25FB347E5BCD26F23F7355C32FCD0E31
:104AD000507FC12CC4055D71C729DF184A63C52A00
:104AE000D613476DFB0B31CADCD7F90838C1D1D9D1
:104AF000FF0D23DCC6CBFD0E2AD7CBC5F30715E689
:104B0000E8EFF1041CEDE5E1F70107F0F2F3F5023F
:104B10000EFBFFFDEB137992B4A7E9107099B9A9C8
:104B2000EF156B84AEBBED16628FA3B5E31F5DBEC0
:104B3000809FE11C54B58D91E7194FA89A83E51A1F
:104B400046A3978D52096AD53036A538BF40A39E3B
:104B500081F3D7FB7CE339829B2FFF87348E43445C
:104B6000C4DEE9CB547B9432A6C2233DEE4C950BB8
:104B700042FAC34E082EA16628D924B2765BA24918
:104B80006D8BD12572F8F66486689816D4A45CCC37
:104B90005D65B6926C704850FDEDB9DA5E1546570A
:104BA000A78D9D8490D8AB008CBCD30AF7E4580540
:104BB000B8B34506D02C1E8FCA3F0F02C1AFBD034C
:104BC00001138A6B3A9111414F67DCEA97F2CFCE1D
:104BD000F0B4E67396AC7422E7AD3585E2F937E8B8
:104BE0001C75DF6E47F11A711D29C5896FB7620EFA
:104BF000AA18BE1BFC563E4BC6D279209ADBC0FEDB
:104C000078CD5AF41FDDA8338807C731B112105987
:104C10002780EC5F60517FA919B54A0D2DE57A9F79
:104C200093C99CEFA0E03B4DAE2AF5B0C8EBBB3C6E
:104C300083539961172B047EBA77D626E1691463F2
:104C400055210C7D637C777BF26B6FC53001672B40
:104C5000FED7AB76CA82C97DFA5947F0ADD4A2AF70
:104C60009CA472C0B7FD9326363FF7CC34A5E5F17E
:104C700071D8311504C723C31896059A071280E22C
:104C8000EB27B27509832C1A1B6E5AA0523BD6B380
:104C900029E32F8453D100ED20FCB15B6ACBBE39F0
:104CA0004A4C58CFD0EFAAFB434D338545F9027FDC
:104CB000503C9FA851A3408F929D38F5BCB6DA2195
:104CC00010FFF3D2CD0C13EC5F974417C4A77E3DC1
:104CD000645D197360814FDC222A908846EEB81417
:104CE000DE5E0BDBE0323A0A4906245CC2D3AC62DA
:104CF0009195E479E7C8376D8DD54EA96C56F4EAE5
:104D0000657AAE08BA78252E1CA6B4C6E8DD741FF5
:104D10004BBD8B8A703EB5664803F60E613557B9B8
:104D200086C11D9EE1F8981169D98E949B1E87E972
:104D3000CE5528DF8CA1890DBFE6426841992D0F21
:104D4000B054BB16EA3CFDFF6044FDFF6044FDFF2C
:104D50006044FDFF543DFDFF6044FDFF6044FDFFE6
:104D6000EA3CFDFF6044FDFF423DFDFF6044FDFF66
:104D7000EA3CFDFF6044FDFF6044FDFF6044FDFF31
:104D80006044FDFF0E3DFDFF6044FDFF6044FDFFFC
:104D90006044FDFF263DFDFF6044FDFF9C40FDFF9C
:104DA0006044FDFFAC40FDFFEA3CFDFF6044FDFFB9
:104DB000D841FDFF6044FDFF0442FDFF4641554CD4
:104DC0005420696D672066696E6973682F73746F0C
:104DD00072650D0A000000004641554C5420696D73
:104DE00067207061636B6167652D6F766572666CB5
:104DF0006F770D0A000000004641554C5420696D44
:104E00006720666565642F73746F72650D0A000014
:104E10004641554C5420696D67207472616E73660B
:104E200065722061626F727465640D0A0000000093
:104E30005A4C49422061626F727465640D0A000029
:104E40005A4C494220626567696E206661696C65EB
:104E5000640D0A004641554C5420696D6720696E07
:104E600069742D66697273740D0A00004641554CD1
:104E70005420696D67206465766963652D626F757E
:104E80006E640D0A000000004641554C5420696DC7
:104E900067207061636B6167652D7A65726F0D0ABB
:104EA000000000004641554C5420696D6720707227
:104EB0006F746F636F6C0D0A000000004641554C23
:104EC0005420696D6720627573792D64726F703D2F
:104ED000000000004641554C5420696D6720627502
:104EE00073792D70726F746563740D0A0000000091
:104EF0004641554C5420696D672066697273742D64
:104F00006C656E2D76616C75653D00004641554CB3
:104F10005420696D672066697273742D6C656E0D1F
:104F20000A0000004641554C5420696D67206465B5
:104F300063727970740D0A0041598B7B997407A3D1
:104F4000C149134414FF127B41598B7B997407A309
:104F5000C149134413FF127B41598B7B997407A3FA
:104F6000C149134412FF127B41598B7B997407A3EB
:104F7000C149134411FF127B41598B7B997407A3DC
:104F8000C149134410FF127B41598B7B997407A3CD
:104F9000C149134409FF127B41598B7B997407A3C4
:104FA000C149134408FF127B41598B7B997407A3B5
:104FB000C149134407FF127B41598B7B997407A3A6
:104FC000C149134406FF127B41598B7B997407A397
:104FD000C149134405FF127B41598B7B997407A388
:104FE000C149134404FF127B41598B7B997407A379
:104FF000C149134403FF127B41598B7B997407A36A
:10500000C149134402FF127B41598B7B997407A35A
:10501000C149134401FF127B41598B7B997407A34B
:10502000C149134400FF127B9845FDFFFE45FDFF7B
:10503000DA46FDFF3447FDFF4847FDFF4045FDFFD1
:10504000C247FDFFC048FDFF3A49FDFF5E49FDFF35
:10505000AC49FDFF0645FDFFE849FDFF524AFDFF53
:105060005A4C49422066696E697368206572726F96
:10507000720D0A005A4C49422066696E69736820B5
:105080007261773D000000005A4C49422066656518
:1050900064206572726F720D0A0000001011120018
:1050A000080709060A050B040C030D020E010F0088
:1050B00000000000010102020303040405050606C6
:1050C0000707080809090A0A0B0B0C0C0D0D000054
:1050D00001000200030004000500070009000D00A4
:1050E0001100190021003100410061008100C10060
:1050F0000101810101020103010401060108010C03
:105100000110011801200130014001600000000081
:105110000000000001010101020202020303030377
:105120000404040405050505000000000300040054
:10513000050006000700080009000A000B000D002A
:105140000F001100130017001B001F0023002B008D
:1051500033003B0043005300630073008300A3004F
:10516000C300E300020100001855FDFF2C55FDFFB0
:105170003E55FDFF5055FDFF6255FDFF9055FDFF6B
:105180009C55FDFFA255FDFFA855FDFFAE55FDFF47
:1051900043483538355F424C455F4C49425F563194
:1051A0002E340000686561642066696C6520657254
:1051B000726F722E2E2E00004C494220696E697467
:1051C000206572726F7220636F64653A20257820C3
:1051D0002E2E2E0A000000004641554C54206275C8
:1051E00073792D7374617475730D0A00494D4720EE
:1051F0006C6173743D000000494D4720627974650D
:10520000733D0000494D4720646F6E650D0A000034
:10521000494D472062617463683D0000494D472055
:105220006261746368206572720D0A0000010203F6
:105230000506FFFFFFFFFFFFFFFFFFFF4641554C45
:10524000542065706420726177423D004641554CA0
:10525000542065706420726177413D004641554C91
:105260005420657064207461726765743D000000AD
:105270004641554C542065706420627573792D74D5
:10528000696D656F75740D0A000000004255535931
:105290002074696D656F75740D0A00004641554CA8
:1052A000542065706420627573792D756E73757006
:1052B000706F727465640D0A000000004255535906
:1052C000206E6F2D6163746976650D0A0000000021
:1052D0004641554C542065706420627573792D7574
:1052E0006E737570706F727465640D0A0000000053
:1052F00042555359206E6F2D7461726765740D0AA3
:1053000000000000494D4720666C6173682072659B
:10531000706C617920636F6D706C6574650D0A0047
:105320004641554C5420696D67207265706C6179F7
:105330003B206E6F20726566726573680D0A00000F
:105340004641554C5420696D6720726F6F6D3D006A
:105350004641554C5420696D672067726F75703DEA
:10536000000000004641554C5420696D6720707262
:1053700065736176652D6D697373696E670D0A00DB
:105380004641554C5420696D6720666C6173682DE9
:105390006275666665722D616C6C6F630D0A000044
:1053A00043656E7472616C00000000000000000034
:1053B0000000000000000000666163426C654572F9
:1053C00072200000666163436C65616E52656769B7
:1053D000737420737563636573730D0A00000000B6
:1053E000666163436C65616E5265676973742066BC
:1053F00061696C65640D0A00666163526567697373
:105400007420737563636573730D0A00666163527C
:105410006567697374206661696C65640D0A0000D4
:105420004C494E455F544F4F5F4C4F4E4700000074
:10543000626C6520000000006661635265626F6FF8
:10544000740000006661635265626F6F742066616C
:10545000696C65640D0A00006661635265626F6F76
:105460007420737563636573730D0A00666163432B
:105470006C65616E526567697374000066616352A2
:1054800065676973740000004241445F434D440006
:1054900077696669000000004641554C54207561EB
:1054A0007274302072782D6F766572666C6F770D2E
:1054B0000A000000647AFDFF647AFDFF147BFDFFA3
:1054C000767AFDFFFE7AFDFF887BFDFF424C45208A
:1054D0006F746865722D73746174653D000000001F
:1054E0004641554C5420626C652073746174652D7F
:1054F000636F64653D0000004641554C5420626C6A
:10550000652073746174650D0A0000004F544120DA
:10551000646973636F6E6E6563742072657365741E
:105520000D0A0000424C4520636F6E6E6563746522
:1055300064206164766572746973696E670D0A0030
:10554000424C4520706172616D2D6D61783D0000A7
:10555000424C4520706172616D2D6D696E3D000099
:10556000424C4520706172616D2D75706461746587
:1055700020726571756573740D0A00004641554CC3
:105580005420626C65207374617475733D00000073
:105590004641554C5420626C6520646973636F6E9C
:1055A0006E65637420726571756573740D0A000011
:1055B000424C4520646973636F6E6E65637420723C
:1055C000657175657374206F6B0D0A004F5441202F
:1055D000657261736520636F6D706C6574650D0A2B
:1055E000000000004641554C54206F7461207374D4
:1055F000617475733D0000004641554C54206F7432
:10560000612065726173650D0A0000004F544120EE
:10561000657261736520636F6D706C6574650D0AEA
:10562000000000007087FDFF8087FDFF8487FDFF7D
:105630006C87FDFF8887FDFF8C87FDFF4641554C39
:10564000542065706420627573792D74696D656F7F
:1056500075740D0A000000004255535920726566AA
:10566000726573682D74696D656F75740D0A00003D
:1056700050207265706C61794D733D005350492024
:1056800062797465733D00005020736F75726365B5
:105690003D000000502073746167653D000000000C
:1056A0005020726573756C743D00000030313233E8
:1056B000343536373839414243444546000000000E
:1056C0002CC0FDFFACC0FDFFACC0FDFF80C0FDFFE6
:1056D000CABFFDFFCABFFDFFCABFFDFFCABFFDFFB6
:1056E000CABFFDFF8AC0FDFFA2C0FDFFC6C2FDFF0D
:1056F000E6C2FDFF82BFFDFF82BFFDFFEEC2FDFFE0
:1057000082BFFDFF82BFFDFF82BFFDFF82BFFDFFA5
:10571000DAC2FDFF42C3FDFF48C3FDFF82BFFDFFAC
:1057200082BFFDFF68C3FDFF70C3FDFF78C3FDFFAF
:105730008EC3FDFF82BFFDFF82BFFDFF82BFFDFF65
:1057400082BFFDFF82BFFDFF82BFFDFF82BFFDFF65
:1057500082BFFDFF82BFFDFF82BFFDFF82BFFDFF55
:1057600082BFFDFF82BFFDFF82BFFDFF82BFFDFF45
:1057700082BFFDFF54C3FDFF5CC3FDFFA2C3FDFF5D
:1057800082BFFDFF82BFFDFF40C2FDFF6AD0FDFF6B
:10579000E4CFFDFF62D0FDFFE0CFFDFFE4CFFDFFD2
:1057A00056D0FDFFE4CFFDFFE4CFFDFFE4CFFDFFCA
:1057B000E4CFFDFFE4CFFDFF6ED0FDFFE4CFFDFFA2
:1057C00056D0FDFF92D7FDFF88D7FDFF8ED7FDFF96
:1057D000AED7FDFFB2D7FDFFB6D7FDFFC6DEFDFF9A
:1057E0005ADFFDFF8ADFFDFF10E0FDFFF4DEFDFF65
:1057F000F4DEFDFFF4DEFDFFF4DEFDFF20E0FDFF43
:1058000028E0FDFF5AE0FDFFB2E1FDFFE2E1FDFF10
:10581000CEE1FDFFECE1FDFFCAE4FDFF66E5FDFF23
:1058200074E5FDFF82E5FDFF9AE5FDFFAAE5FDFFBA
:1058300092E4FDFFB8E5FDFFCCE5FDFF2EE9FDFF9D
:1058400048E9FDFFC2E9FDFF58E9FDFFC2E9FDFFA0
:10585000C2E9FDFFC2E9FDFF7AE9FDFFC2E9FDFFF4
:10586000C2E9FDFFC2E9FDFF9EE9FDFF2CEAFDFF55
:1058700020EAFDFF2CEAFDFF1CEAFDFF2CEAFDFFFC
:105880001CEAFDFF2CEAFDFF1CEAFDFF2CEAFDFFF0
:1058900024EAFDFF2CEAFDFF1CEAFDFF2CEAFDFFD8
:1058A0002CEAFDFF1CEAFDFF1CEAFDFF1CEAFDFFE0
:1058B00028EAFDFF28EAFDFF1CEAFDFF1CEAFDFFC8
:1058C0001CEAFDFF2CEAFDFF1CEAFDFF2CEAFDFFB0
:1058D000000EFEFF380EFEFF540EFEFF620EFEFFAE
:1058E000181AFEFFA019FEFF4A1AFEFFA019FEFFBC
:1058F000561AFEFFA019FEFF101BFEFFA019FEFFA7
:10590000AA1BFEFFA019FEFFB61BFEFFA019FEFF9B
:10591000C21BFEFFA019FEFFA019FEFFA019FEFF8B
:10592000D21BFEFFA019FEFFE81BFEFF12F20200D1
:105930009C54010046F20200C0600100B6F2020071
:105940009260010060F3020064600100EAF302006B
:10595000426B010034F40200426B01006CF402005F
:10596000A46A010060F302001860010004F502005F
:105970002063010000000000000000003EF502006E
:10598000C4630100A2F50200145501000A40FEFFA5
:105990000A40FEFF8C40FEFF8C40FEFF2C40FEFFC5
:1059A0008C40FEFF6040FEFF8C40FEFF7440FEFF17
:1059B0008C40FEFF7C40FEFF8440FEFF8C40FEFFDB
:1059C0003440FEFF01010201020101020101040451
:1059D00006010401010101010401020101000000AE
:1059E0000101020102010102010204040601040195
:1059F000010101010404020104000000CA4CFEFF81
:105A0000DE4CFEFF1C4DFEFF364EFEFF3E4EFEFFFF
:105A10007E4EFEFFB64EFEFFF04EFEFF224FFEFF13
:105A2000D84DFEFF564FFEFFC64FFEFF2A5BFEFF1E
:105A30002A61FEFFD45DFEFF345EFEFF0A61FEFFB9
:105A4000445FFEFF845FFEFFBE5FFEFFF45FFEFF6C
:105A50002E60FEFF2A61FEFF7060FEFFE260FEFF27
:105A600000000000000000000000000000000087AF
:105A7000070B0D1113171D1F25292B2F353B3D43F8
:105A800047494F535961FF00AA93FEFF3092FEFF32
:105A9000B68DFEFF3092FEFFAA93FEFF3C8EFEFF06
:105AA000C6BDFEFFC0BDFEFF62BCFEFF62BCFEFFC6
:105AB00062BCFEFF62BCFEFF62BCFEFF62BCFEFF7A
:105AC00062BCFEFF62BCFEFF0EBDFEFF62BCFEFFBD
:105AD00062BCFEFF62BCFEFF84BDFEFF84BDFEFF14
:105AE00064BDFEFF62BCFEFF62BCFEFF62BCFEFF47
:105AF00014BEFEFF62BCFEFF62BCFEFF62BCFEFF86
:105B000062BCFEFF62BCFEFF26BAFEFF62BCFEFF67
:105B100062BCFEFF62BCFEFF1ABEFEFF3ABAFEFF89
:105B20003ABAFEFF78BDFEFF24BDFEFFDEBBFEFFDE
:105B3000DEBBFEFFDEBBFEFFDEBBFEFF5CBDFEFF8D
:105B4000DEBBFEFF78BDFEFFDEBBFEFFDEBBFEFF61
:105B50007AB9FEFF46C9FEFF32C9FEFF2EC9FEFF1D
:105B60002EC9FEFF2EC9FEFF2EC9FEFF54C9FEFF3F
:105B70002EC9FEFF5CC9FEFF2EC9FEFF2EC9FEFF27
:105B80002EC9FEFF80C9FEFF2EC9FEFF2EC9FEFFF3
:105B90002EC9FEFF2EC9FEFF90C9FEFF3CDCFEFFB2
:105BA00056DCFEFF56DCFEFF5ADCFEFF56DCFEFF35
:105BB00090DCFEFF56DCFEFFB4DCFEFF56DCFEFF91
:105BC00056DCFEFF56DCFEFFC8DCFEFF56DCFEFFA7
:105BD00056DCFEFFDCDCFEFF56DCFEFF56DCFEFF83
:105BE00056DCFEFF56DCFEFF56DCFEFFF0DCFEFF5F
:105BF000E63502009246020090360200E6460200B8
:105C0000AE360200243702004A3702008437020011
:105C10001046020090450200A8380200CC3802006D
:105C20003239020078230200084502002C440200A9
:105C3000064A020018240200C43902000E3A02008B
:105C4000B249020054490200383A0200EA3B02001D
:105C50004C3D0200C43D020010250200DA4A020059
:105C600086420200E63D02001C3E0200DE4A0200BF
:105C7000E24A0200E64A0200EA4A02001248020032
:105C8000583E0200223F0200EE4A0200024A020091
:105C9000CC3F02004E42020072400200BA540200A1
:105CA000164C02000A4B020050520200225202001F
:105CB000F6510200BC510200905102008E520200C7
:105CC00092520200804D0200965202005251020090
:105CD0009A520200305102009E520200F05002001F
:105CE000E0500200AA500200A25202008A500200B4
:105CF000A6520200AA520200AE5202002850020030
:105D00000E4B0200224B0200B2520200B6520200B9
:105D1000BA520200BE520200C2520200CE4F02002E
:105D2000584F0200C6520200CA520200CE52020070
:105D3000D2520200F04E0200865202008A52020045
:105D40009C4C0200B44B0200524B0200264B020056
:105D50005EFEFEFF7AFEFEFFF0FEFEFF64FEFEFF2B
:105D6000F4FEFEFF64FEFEFFF8FEFEFF8420FFFF50
:105D7000A020FFFFFC1FFFFFFC1FFFFFFC1FFFFF1A
:105D8000DC20FFFFDC20FFFFFC1FFFFFFC1FFFFFED
:105D9000FC1FFFFFFC1FFFFFE821FFFFFC1FFFFFB1
:105DA000FC1FFFFFFC1FFFFFFC1FFFFFFC1FFFFF8F
:105DB0006C1EFFFFFC1FFFFFFC1FFFFFFC1FFFFF10
:105DC000EE21FFFF821EFFFFFC1FFFFFEE21FFFF02
:105DD000FC1FFFFFFC21FFFF8A20FFFF901FFFFF3A
:105DE0009620FFFF901FFFFF901FFFFF901FFFFFF8
:105DF000D620FFFF901FFFFF901FFFFF901FFFFFA8
:105E00003021FFFF901FFFFF9620FFFF901FFFFF35
:105E1000901FFFFFFE20FFFF901FFFFF901FFFFF5F
:105E2000901FFFFF5021FFFF901FFFFF901FFFFFFC
:105E3000C41DFFFF901FFFFF901FFFFF901FFFFF7C
:105E4000901FFFFFAC20FFFF901FFFFFD020FFFF40
:105E500043483538355F424C455F4C49425F5631C7
:105E60002E342E3400000000F847FFFF3648FFFFB5
:105E70004A48FFFFE247FFFF5248FFFF5A48FFFF33
:105E80006048FFFF6648FFFF4A71FFFF5C71FFFF3C
:105E90006671FFFF6C71FFFF7271FFFF8871FFFF7A
:105EA0009071FFFF9671FFFF9E71FFFFA471FFFFCE
:105EB000AA71FFFFB071FFFFB671FFFFC271FFFF54
:105EC000C871FFFFCE71FFFF1072FFFFD471FFFF9B
:105ED000DA71FFFFE071FFFFE671FFFFF271FFFF74
:105EE0001072FFFF1072FFFF1072FFFF1072FFFFB2
:105EF0001072FFFF1072FFFF1072FFFF1072FFFFA2
:105F0000FA71FFFFEC71FFFF1072FFFF0072FFFFDD
:105F10000A72FFFFA077FFFFB877FFFFE077FFFF70
:105F2000F677FFFF0A78FFFF2878FFFF4678FFFF2C
:105F30005678FFFF7278FFFF8878FFFFAA78FFFF8F
:105F4000C078FFFFD478FFFFEA78FFFFFE78FFFFFD
:105F50000E79FFFF2A79FFFFCA7AFFFFDE7AFFFF83
:105F6000F47AFFFF127BFFFF7A7CFFFF527BFFFF7B
:105F70004C79FFFF687BFFFF787BFFFFA479FFFF71
:105F8000A479FFFF627AFFFF6C7AFFFF807BFFFF3F
:105F90002E7BFFFF907BFFFF087CFFFF4A7CFFFF0B
:105FA000A67EFFFF767CFFFF767CFFFF027EFFFF71
:105FB000EE7CFFFF407CFFFF9E7EFFFF767CFFFFB5
:105FC000AE7DFFFF387EFFFF767CFFFF767CFFFF14
:105FD000767CFFFF767CFFFF767CFFFF767CFFFF01
:105FE000767CFFFF767CFFFF767CFFFF767CFFFFF1
:105FF000B27CFFFF2080FFFFDE80FFFFB880FFFF45
:106000001481FFFF1481FFFFA281FFFFE081FFFFEA
:10601000DE80FFFFDE80FFFFDE80FFFFDE80FFFF10
:10602000DE80FFFFDE80FFFFDE80FFFFDE80FFFF00
:10603000DE80FFFFDE80FFFFDE80FFFFDE80FFFFF0
:106040000082FFFF0082FFFFDE80FFFFDE80FFFF98
:10605000DE80FFFFDE80FFFFDE80FFFFDE80FFFFD0
:106060005282FFFF5282FFFF6686FFFF6E86FFFFB0
:106070008E86FFFF9A86FFFFA286FFFFAA86FFFF9C
:10608000B086FFFFB886FFFFC086FFFFC686FFFF12
:10609000CC86FFFFD486FFFFDA86FFFFE086FFFF96
:1060A000E686FFFF1E87FFFF1E87FFFFEC86FFFFD0
:1060B000F486FFFFFA86FFFF0087FFFF0687FFFFDA
:1060C0000E87FFFF1887FFFFFA86FFFF1687FFFF87
:1060D0002A87FFFF1689FFFF4287FFFF9687FFFF92
:1060E000AA87FFFFBE87FFFFD487FFFFEA87FFFF76
:1060F000FA87FFFF1088FFFF1689FFFF2688FFFF42
:106100001689FFFF1689FFFF3688FFFF5888FFFFBB
:106110007A88FFFF8C88FFFF9888FFFFAA88FFFF1F
:10612000E688FFFFFB349B5F8000008000100000CA
:10613000000000008CC6FFFFECC4FFFF1EC5FFFF80
:1061400024C5FFFF1EC5FFFF2EC5FFFF1EC5FFFFB5
:1061500024C5FFFFECC4FFFFECC4FFFF2EC5FFFF0B
:1061600024C5FFFFF0C5FFFFF0C5FFFFF0C5FFFF2F
:106170002EC5FFFFACC4FFFFACC4FFFFDEC4FFFFB2
:10618000E0C6FFFFDEC4FFFFEEC4FFFFDEC4FFFF7B
:10619000E0C6FFFFACC4FFFFACC4FFFFEEC4FFFFCF
:1061A000E0C6FFFFB0C5FFFFB0C5FFFFCAC6FFFFD7
:1061B000A6C4FFFFAEC6FFFFA6C4FFFFCAC6FFFF0F
:1061C00074C4FFFF74C4FFFFAEC6FFFFCAC6FFFF63
:1061D00074C5FFFF74C5FFFF74C5FFFF0001020215
:1061E000030303030404040404040404050505056F
:1061F000050505050505050505050505060606064B
:10620000060606060606060606060606060606062E
:10621000060606060606060606060606070707071A
:1062200007070707070707070707070707070707FE
:1062300007070707070707070707070707070707EE
:1062400007070707070707070707070707070707DE
:1062500007070707070707070707070708080808CA
:1062600008080808080808080808080808080808AE
:10627000080808080808080808080808080808089E
:10628000080808080808080808080808080808088E
:10629000080808080808080808080808080808087E
:1062A000080808080808080808080808080808086E
:1062B000080808080808080808080808080808085E
:1062C000080808080808080808080808080808084E
:1062D000080808080808080808080808000000005E
:1062E00000000000000000000000000000000000AE
:1062F000000000000000000000000000000000009E
:10630000000000000000000000000000000000008D
:10631000000000000000000000000000000000007D
:10632000000000000000000000000000000000006D
:10633000000000000000000000000000232D302BB2
:1063400020000000686C4C00656667454647000009
:10635000303132333435363738394142434445469B
:10636000000000003031323334353637383961625D
:106370006364656600000000BCDEFFFFD2DEFFFF45
:1063800092DEFFFF92DEFFFF92DEFFFF92DEFFFF55
:10639000D2DEFFFF92DEFFFF92DEFFFF92DEFFFF05
:1063A00092DEFFFF38E0FFFF3ADFFFFFD0DFFFFFA5
:1063B00092DEFFFF92DEFFFF68E0FFFF92DEFFFF4D
:1063C0003ADFFFFF92DEFFFF92DEFFFFD8DFFFFF25
:1063D000C07100003C7100000000000002000000DD
:1063E000F4530020010000009C5200200200000035
:1063F000E8530020010000002C52002002000000A1
:10640000A4520020030000001254002002000000EB
:10641000E453002001000000A44B00204F54412011
:106420004368616E6E656C00020106110641598B6E
:106430007B997407A3C149134400FF126B0000004D
:1064400017095425324637383244344141444641D5
:106450005331464040414530A6860000A6890000E1
:106460000000000002000000F453002001000000C2
:10647000B452002002000000E85300200100000098
:106480003A520020100000000850030000000000F5
:106490000000000002000000E053002003000000A4
:1064A000D058002002000000E85300200100000046
:1064B0003952002010000000F84F030001000000D6
:1064C0000000000002000000E8530020010000006E
:1064D0003852002010000000E84F030002000000C6
:1064E0000000000002000000E8530020010000004E
:1064F0003752002010000000D84F030000000000B9
:106500000000000002000000E05300200300000033
:10651000C058002002000000E853002001000000E5
:106520003652002010000000C84F03000200000097
:106530000000000002000000E853002001000000FD
:106540003552002010000000B84F0300000000008A
:106550000000000002000000E053002003000000E3
:10656000B058002002000000E853002001000000A5
:106570003452002010000000A84F03000200000069
:106580000000000002000000E853002001000000AD
:106590003352002010000000984F0300020000005A
:1065A0000000000002000000E8530020010000008D
:1065B0003252002010000000884F0300010000004C
:1065C0000000000002000000E8530020030000006B
:1065D0003152002010000000784F0300030000003B
:1065E0000000000002000000E8530020030000004B
:1065F0003052002010000000684F0300030000002C
:106600000000000002000000E8530020030000002A
:106610002F52002010000000584F0300030000001C
:106620000000000002000000E05300200300000012
:10663000A058002002000000E853002001000000E4
:106640002E52002010000000484F030002000000FE
:106650000000000002000000E853002003000000DA
:106660002D52002010000000384F030003000000EE
:10667000000000003CA50000A4A4000000000000F1
:1066800002000000F453002001000000C05200206E
:1066900002000000E8530020010000003F520020EB
:1066A00002000000D85200200300000047540020E0
:1066B00002000000E453002001000000684F0020A9
:1066C00002000000E8530020010000003E520020BC
:1066D00002000000D45200200100000046540020B7
:1066E00002000000E453002001000000544F00208D
:1066F00002000000E8530020010000003D5200208D
:1067000002000000D052002002000000455400208A
:1067100002000000E453002001000000404F002070
:1067200002000000E8530020010000003C5200205D
:1067300002000000CC520020000000004454002061
:1067400002000000E053002003000000405400203D
:1067500002000000E4530020010000002C4F002044
:1067600002000000E8530020010000003B5200201E
:1067700002000000C852002004000000385400202D
:1067800002000000E453002001000000184F002028
:1067900043686172616374657269737469632035FB
:1067A000000000004368617261637465726973740C
:1067B000696320340000000043686172616374659E
:1067C000726973746963203300000000436861726A
:1067D000616374657269737469632032000000003C
:1067E00043686172616374657269737469632031AF
:1067F00000000000F0F1F2F3F4F5F6F7F8F9FAFB17
:10680000FCFDFEFFE894FCFEE7683F737015F49012
:106810000E51D2E0FAC60000F8C6000000000000E9
:10682000EEC60000EEC80000F0C60000F4CE000086
:10683000F0CE0000D0D00000544458655461626C22
:10684000652D63617264383237000000000000007B
:10685000E17A84403BDF8340643B83403D0A8340D0
:1068600021B082405C8F8240C97682400E2D8240EA
:1068700085EB8140CBA18140A4708140DF4F8140F6
:10688000B81E8140560E8140F4FD804007F08040E4
:1068900060E580409CC4804008AC8040A69B80405E
:1068A000128380407F6A8040EC5180408941804063
:1068B000C5208040000080403BDF7F4014AE7F4019
:1068C000EE7C7F40643B7F403D0A7F400BB57E40BD
:1068D0001A517E4029ED7D4037897D4046257D4017
:1068E00055C17C40645D7C4072F97B4081957B4062
:1068F00090317B409FCD7A40AD697A40BC057A40AB
:10690000CBA17940D93D7940E8D97840F7757840F6
:106910000612784014AE774003787740F241774012
:10692000E10B7740D0D57640BE9F7640AD6976408A
:106930009C3376408BFD75407AC7754068917540F1
:10694000772D754086C9744095657440A3017440E5
:10695000B29D7340C1397340D0D57240DE71724030
:10696000ED0D7240FCA97140C3F570408941704043
:10697000508D6F4017D96E40DD246E40A4706D407D
:106980006ABC6C4031086C40F8536B40BE9F6A4053
:10699000B1E16940A32369409565684087A76740D6
:1069A00079E966406B2B66405D6D65404FAF644092
:1069B00041F16340333363403B70624043AD61401B
:1069C0004BEA6040522760405A645F4062A15E40DB
:1069D0006ADE5D40711B5D4079585C4081955B408B
:1069E0005A645B40223901003E3A01000000000079
:1069F00000000000705601000000000002000000CE
:106A0000F45300200100000070520020020000003A
:106A1000E8530020010000007D5200200200000029
:106A2000BC53002000000000000000000200000035
:106A3000E053002003000000000000000000000000
:106A40001C630300FC620300DC6203000000000022
:106A50000000000000000000000000000000000036
:106A60000000000000000000000000000000000026
:106A70000000000000000000000000000000000016
:106A80000000000000000000000000000000000006
:106A900000000000000000000000000000000000F6
:106AA000181E01200E0E081C0E0A020808100810FD
:106AB0000C0210021008020A01FF0000F2CE0000D2
:106AC0008ED00000B4D00000FF010000C3812F0170
:106AD00002020201020000005000A0000000E803D2
:106AE000020802020202000002000000F853002027
:106AF0000100FFFFFF20010101021005010100005C
:106B0000C45100200000000000007A440000C84288
:106B10000000204102000000A8520020E1FE000019
:106B2000E0FE00000D0A00000D0A00001000000049
:106B3000185003000D0A000002000000DC52002083
:106B4000E5FF0000E4FF0000E3FF0000E2FF0000BB
:106B5000E1FF0000E0FF00000D0A00000D0A000048
:106B60000D0A0000494D47206E3D00000D0A00004F
:106B70000D0A00000D0A00000D0A00000D0A0000B9
:106B80000D0A00000D0A00000D0A00000D0A0000A9
:106B90000D0A00000D0A00000D0A0000FFFFFFFFB4
:106BA0000D0A00005020737069423D000D0A00007C
:106BB00050207370694E3D000D0A00000D0A000060
:106BC0005020736964653D000D0A000050206E3D41
:106BD000000000000D0A000050206D733D00000011
:106BE0000D0A0000502069643D0000000D0A0000FD
:106BF000535049206D733D000D0A00000D0A00003E
:106C0000535049206E3D00000D0A000050207A6963
:106C100070423D000D0A000050207278423D000095
:106C20000D0A00000D0A00000D0A0000020000001D
:106C3000FC530020052A0000882B0000A62A000033
:106C4000C92A0000042A0000032A0000022A0000CA
:106C5000012A0000002A000002290000012900008A
:106C6000032800000228000001280000002800007E
:0C6C70000118000000180000C4510020B2
:0400000300001000E9
:00000001FF
