:081000006F405034185100202C
:101008000000000000000000A0000020D80D002013
:10101800A9BDF9F3980E00200000000000000000B0
:10102800980E0020A0000020000000000000000032
:10103800A000002000000000A00000200000000028
:10104800A0000020A0000020A0000020A000002098
:10105800A00000205C110020A0000020000000007B
:10106800A0000020A0000020EC100020A00000201C
:10107800500F0020A0000020A0000020A0000020A9
:10108800A0000020A0000020A0000020A000002058
:10109800A0000020A0000020A0000020A000002048
:1010A80001A0B7170040984B41111367070198CB6F
:1010B80003C707011377E70F2388E70013078008A2
:1010C80073370780137787083AC60F100000130795
:1010D80070052380E704130780FA2380E7040F10C4
:1010E8000000B847B70600069506558FB8C703C76E
:1010F800B7041377F70DA385E70403C7A7001367A1
:1011080027012385E700130750142394E7003727A6
:1011180000408346578093F6F60EA302D78089468F
:10112800A303D78003C7E7041377C70F1367170014
:101138002387E70403C7F70213672700A387E7029B
:1011480003C70701136717002388E70023800704F4
:10115800B247F3A707800F10000041018280EFF02B
:101168005FF4171500E01305650B970500009385DC
:10117800650A175600001306A69C63FAC500832269
:10118800050023A0550011059105E3EAC5FE176582
:1011980003E01305A51B975500009385659A1386F0
:1011A800418F63FAC5008322050023A0550011056D
:1011B8009105E3EAC5FE1385818F970502009385A3
:1011C800E5916377B500232005001105E36DB5FEB1
:1011D80093025002739002BC8D4273904280854204
:1011E800739012BC8962938282887390023097024E
:1011F8000000938222E193E232007390523097F21A
:1012080000E09382C22E73901234730020300000E5
:101218004111B7170040985F3AC6945F3247E39C84
:10122800E6FE3245410182804111814601468145F1
:10123800114506C6EF10A006B727004011472383C3
:10124800E780B7F700E0938707D0984B6D9B98CB62
:10125800984B5D9B98CB7300501001000100B24081
:1012680041018280397122DC4ED652D406DE26DA5C
:101278004AD8B7190040372A0040014681468145BF
:10128800114503D4890003497A8083445A80EF10BA
:10129800000191472303FA8003C6E90483C7A90024
:1012A80042044180A18B1379F90F93F4F40F13765C
:1012B800F60F99E31366360013078008F3370780A3
:1012C80093F787083EC60F100000B7170040930633
:1012D80070052380D704930580FA2380B7040F1084
:1012E8000000238207022380070432457325058006
:1012F8000F10000073350780137585082AC80F1072
:1013080000002380D7042380B7040F100000238730
:10131800C704238007044246732606800F10000086
:1013280003D68700137606206DC6733707801377B8
:1013380087083ACA0F1000002380D7042380B70417
:101348000F10000003C7F7001377C70FA387E70044
:1013580003C7F70013671700A387E7003727004084
:10136800A303D7808346578093F6F60EA302D7804F
:10137800130780202394E70023800704D247F3A7AC
:1013880007800F100000B7F700E0938707D0984B4D
:101398001367470098CB984B5D9B98CB7300501010
:1013A8000100010013070010937704306397E700EA
:1013B800930780020100FD17F5FF93078008F3B734
:1013C800078093F787083ECE0F100000B71700403C
:1013D800130770052380E704130780FA2380E704C6
:1013E8000F10000037270040A3032781A30297802E
:1013F8002394870023800704F247F3A707800F1080
:101408000000F2506254D2544259B259225A216112
:10141800828073370780137787083ACC0F10000053
:101428002380D7042380B7040F10000003C7F700F8
:101438001377C70FA387E70003C7F70013671700E1
:10144800A387E70037270040A303D7808346578048
:1014580093F6F60EA302D78011472394E700238062
:101468000704E24729BFB717004083D5870037270D
:10147800004003C8A70083C6E70403437780834876
:101488005780C2050111C1811378F80F93E6360021
:101498001373F30F93F8F80F130780087336078058
:1014A8001376860832C20F100000130E70052380D1
:1014B800C705130680FA2380C7040F100000238293
:1014C800070223800704924EF3AE0E800F1000002F
:1014D80073370780137787083AC40F1000002380FA
:1014E800C7052380C7040F1000002387D704238073
:1014F80007042247732707800F100000B7F600E0A3
:1015080003A706D11367470023A8E6D003D707022D
:1015180083A6818FB707800013770760F58F498FFF
:1015280063910718E57791075D8F4207418393061A
:101538008008F3B7068093F787083EC60F100000AF
:10154800B7170040130670052380C704130E80FAEE
:101558002380C7050F1000002390E70203C7A700E8
:10156800136727002385E700238007043247732782
:1015780007800F10000003D7870013770720630642
:101588000712F3B6068093F6860836C80F100000D7
:101598002380C7042380C7050F10000003C7F70086
:1015A8001377C70FA387E70003C7F7001367170070
:1015B800A387E70037270040A303C78083465780E7
:1015C80093F6F60EA302D780130780202394E70032
:1015D80023800704C247F3A707800F10000037F7DE
:1015E80000E0832707D1DD9B2328F7D07300501034
:1015F80001000100218909C9B797004023AE0712ED
:10160800B7C7004023AA072493F705301307001033
:101618006397E700930780020100FD17F5FF1307A2
:101628008008F337078093F787083ECC0F10000037
:10163800B7170040130670052380C704930680FA85
:101648002380D7040F10000037250040A3036580CE
:10165800A30215812394B70023850701238007047B
:10166800E245F3A505800F10000073370780137754
:1016780087083ACE0F1000002380C7042380D704C0
:101688000F10000003D70702460745832390E7029F
:1016980023800704F247F3A707800F1000000561B5
:1016A8008280F177FD177D8FB5BDF3B6068093F67E
:1016B800860836CA0F1000002380C7042380C70598
:1016C8000F10000003C7F7001377C70FA387E700C1
:1016D80003C7F70013671700A387E7003727004001
:1016E800A303C7808346578093F6F60EA302D780DC
:1016F80011472394E70023800704D247E9BD797195
:1017080022D426D2814601468145AA843714004056
:10171800114506D64AD0EF0090380349E402130574
:101728008015DD2E1379C90F1369190093078008F6
:1017380073B70780137787083AC60F10000013069F
:1017480070052300C404930680FA2300D4040F1004
:101758000000230204022300040432477327078091
:101768000F10000073B70780137787083AC80F1067
:1017780000002300C4042300D4040F100000230732
:101788002403230004044247732707800F10000036
:1017980037F700E0130707D00C4B93E545000CCB57
:1017A800F3B5078093F585082ECA0F1000002300B3
:1017B800C4042300D4040F1000008345F40093E50B
:1017C8000504A307B40023000404D245F3A505804B
:1017D8000F100000F3B5078093F585082ECC0F1085
:1017E80000002300C4042300D4040F100000A165E6
:1017F800CD8C2310940223000404E245F3A5058050
:101808000F1000000C4BDD990CCB73005010010039
:101818000100F3B7078093F787083ECE0F1000004A
:101828002300C4042300D4040F100000FD5723161E
:10183800F4028347640493E717002303F4042300A6
:101848000404F247F3A707800F100000B250225497
:1018580092540259456182800111814601468145B1
:10186800114506CEEF00B023B72700401147238368
:10187800E780B717004083C6E70483C7A70093F63D
:10188800F60FA18B99E393E6360013078008F33728
:10189800078093F787083EC20F100000B717004073
:1018A800130670052380C704930580FA2380B704C4
:1018B8000F100000238207022380070412457325B6
:1018C80005800F10000073350780137585082AC43A
:1018D8000F1000002380C7042380B7040F100000F6
:1018E8002387D70423800704A246F3A606800F1097
:1018F800000073370780137787083AC60F10000077
:101908002380C7042380B7040F10000003C7F70023
:101918001377C70FA387E70003C7F70013671700FC
:10192800A387E70037270040A303C7808346578073
:1019380093F6F60EA302D78011472394E70023807D
:101948000704B247F3A707800F100000B7F700E0BD
:10195800938707D0984B1367470098CB984B13672A
:10196800870298CB984B1367870098CB7300501069
:10197800984B1367870098CB730050100100010043
:10198800F24005618280411113068008F337068012
:1019980093F787083EC00F100000B7170040930563
:1019A80070052380B704130880FA238007050F10F9
:1019B8000000238207022380070402477327078059
:1019C8000F100000B7F600E0938606D0984AF17829
:1019D800FD181367470098CA03D7070213770760F3
:1019E800498F33771701E578910833671701420764
:1019F8004183F338068093F8880846C20F10000028
:101A08002380B704238007050F1000002390E70206
:101A180003C7A700136727002385E700238007046F
:101A28001247732707800F1000007336068013765D
:101A3800860832C40F1000002380B70423800705EE
:101A48000F10000003C7F7001377C70FA387E7003D
:101A580003C7F70013671700A387E700372700407D
:101A6800A303B780034657801376F60EA302C780F8
:101A780011472394E70023800704A247F3A70780B0
:101A88000F1000009C4A93E787029CCA9C4A93E780
:101A980087009CCA730050109C4A93E787009CCA31
:101AA8007300501001000100218909C9B79700404F
:101AB80023AE0712B7C7004023AA0724930780085C
:101AC800F3B7078093F787083EC60F100000B717D3
:101AD8000040130770052380E704130780FA23806A
:101AE800E7040F10000003D7070246074583239039
:101AF800E70223800704B247F3A707800F1000000E
:101B0800410182809387C18F984309C79C4382977C
:101B180023AE018E73002030B7F70700DC53411164
:101B280023ACF18EB7170040984B1367070198CB89
:101B380003C707011377E70F2388E7001307800817
:101B480073370780137787083AC60F10000013070A
:101B580070052380E704130780FA2380E7040F1039
:101B680000001307000C6319E50203D78700136709
:101B7800070C2394E700B717004003C70701136752
:101B880017002388E70023800704B247F3A70780DC
:101B98000F1000004101828003C7A700937605203B
:101BA800C9C2118B39E703C7E70403C6E7041377F3
:101BB800F70F136636002387C70403C6A70013660A
:101BC80046002385C70003D6870083D587004206D1
:101BD80093E5050C2394B7004182A5470100FD1742
:101BE80093F7F70FE5FFB71700402394C700238743
:101BF800E70493770510DDCB371700408347A7002C
:101C080093E707012305F7009377F50185E3B727E5
:101C1800004003C7578013670701A382E7801D4769
:101C280015A0136727002385E700E1B72547636BF5
:101C3800F704B727004003C757801377F70EA3822E
:101C4800E780054742054181A383E780B717004035
:101C58001367050C2394E7002394A700C9C203C7A0
:101C6800570483C65704418B858A558F09F703C7E4
:101C78002701418B09D303C7A7001377D70F238503
:101C8800E700D5BD9377050199EBB727004003C757
:101C980057801377F70EA382E780094765B7B72700
:101CA800004003C757801377F70E85BF93778501E8
:101CB80081EFB727004003C757801377F70EA38239
:101CC800E78013071005BDBFB727004003C757803B
:101CD8001377F70EA382E78013077005A5B703C72C
:101CE800A7001377B70F61BF37E700E01C435443E1
:101CF8007D56A183E206D58F9306071890C2D0C2FD
:101D080017060000130646E097F6FFFF9386862F16
:101D18008C5E90DE23AEA18E11661305071010C1EC
:101D2800130707201388C18F10C30327080075FF06
:101D380037E700E011662320C7180F1000008CDE7B
:101D4800939687002320D710E1832322F7108280FF
:101D58000111814601468145114506CE8923930725
:101D68008008F3B7078093F787083EC60F10000076
:101D7800B7170040130770052380E704130780FA9C
:101D88002380E7040F10000003C7670413671700D8
:101D98002383E70423800704B247F3A707800F10C3
:101DA8000000F2400561828037E700E01C4354439D
:101DB800A183E206D58F1CC1FD572320F7182322E3
:101DC800F718828013178500B7E700E023A0E71013
:101DD800618123A2A7108280411181460146814575
:101DE8001145752913078008F337078093F787088B
:101DF8003EC40F100000B71700401306700523807B
:101E0800C704930680FA2380D7040F100000FD55FD
:101E18002396B70223800704A245F3A505800F1077
:101E2800000073370780137787083AC60F10000041
:101E38002380C7042380D7040F10000003C767045A
:101E4800136717002383E70423800704B247F3A727
:101E580007800F10000001A09307E0043305F50286
:101E680095473355F50201007D1575FD82804111B6
:101E780022C406C62A847D1442041305803E41808C
:101E8800E13F75F8B2402244410182802E96AA872C
:101E98000F70B678828000009305000273A0458019
:101EA80082457390153492402242B2424243D24353
:101EB8006244F244025592552256B2564257D257BE
:101EC8006258F25806499649264AB64A464BD64BB6
:101ED800664CF64C065D965D265EB65E465FD65F3E
:101EE8000961730020304111B7170040985F3AC666
:101EF800945F3247E39CE6FE324541018280B7E7B2
:101F080000E03707001023A0E720828041119307E3
:101F18008008F3B7078093F787083EC60F100000C4
:101F2800B7170040130770052380E704130780FAEA
:101F38002380E7040F100000C8DB23800704B247A2
:101F4800F3A707800F10000023A8019841018280A1
:101F5800B7170040130700032388E702854723A823
:101F6800F19873002030797122D44AD006D626D24F
:101F78004ECE52CC930730032A891304D5FC63E76D
:101F8800A7003704C0A81304D4FC2A944800293DAC
:101F9800EFF00FA8B307A4406376A400B707C0A862
:101FA800A297898F3747F6A68117130707C6637D5F
:101FB800F7001245013D0945B25022549254025986
:101FC800F249624A456182802285893713070003F6
:101FD800B71700402388E702373700408347570088
:101FE80093F70704BDCB3714004083470403E20787
:101FF800E18763CF070C694579328347E40493048A
:10200800800893E7370073B70480137787083AC4CA
:102018000F100000130A700523004405930980FA85
:10202800230034050F1000002307F40423000404E0
:10203800A247F3A707800F10000083470403E207B5
:10204800E18763CE070013058057393513055034EF
:10205800E1341245853B014585B7010041B7930737
:1020680000032308F4024A855535F3B4048093F439
:10207800840826C60F1000002300440523003405F9
:102088000F1000008347A40093E787002305F4009E
:1020980023000404B247F3A707800F10000083470A
:1020A8000403E207E18763C40700EFF0EFFA1305C2
:1020B80050349D34B7170040130700032388E70204
:1020C800124509330545975000E0E780E0C161B744
:1020D8001245CD390D45CDB5411122C406C6371478
:1020E8000040A3010404EF00D02BE5BF37370040C0
:1020F800834747009946BD8B6394D70083475700B1
:10210800B73500401387819F1388919F97E8010096
:10211800938888261385619F2DA003C68500834771
:102128000700834608001376F60F850793F7F70F25
:10213800639ED700835705008507C207C183231014
:10214800F50083C7A500F1FB730020308346070024
:10215800C6962380C6002300F700E5B7197106C2AA
:1021680012C416C61AC81ECA22CC26CE2AD02ED20F
:1021780032D436D63AD83EDA42DC46DECAC0CEC2BF
:10218800D2C4D6C6DAC8DECAE2CCE6CEEAD0EED2EF
:10219800F2D4F6D6FAD8FEDA938581988841E7001A
:1021A800050092402242B2424243D2436244F24482
:1021B800025592552256B2564257D2576258F25893
:1021C80006499649264AB64A464BD64B664CF64CC3
:1021D800065D965D265EB65E465FD65F0961730052
:1021E80020302303048015472303E48001002302E1
:1021F800A480828083076480E3CE07FE23030480E3
:10220800828083076480E3CE07FE03454480828092
:1022180083076480E3CE07FE2302A48082804111F5
:1022280026C44AC24EC006C61377F50BAD47AA8925
:102238002E8995446306F70019456537653F8D4437
:102248004E854537FD59FD1463983401B240A244C8
:102258001249824941018280135509011375F50F0E
:10226800453F2209CDB7011126CC06CEB704080098
:1022780051371545BD37713769372AC6A53F3245ED
:102288009377150089EB136515001375F50FF24068
:10229800E24405618280FD14E9FC0145CDBF397136
:1022A800B7F7070006DE26DC4ADA4ED852D656D4EF
:1022B8005AD25ED062CE03AB47027D57B7E700E043
:1022C80083AA070022C603AA470023A0E71823A26F
:1022D800E718B71B0040930770052380FB0493079A
:1022E80080FA2380FB0483C74B041147AA8993E72C
:1022F800070E2382FB04372400401305F00F230345
:10230800E4802E8C3289B684E93DED35938779FFD8
:1023180093F7F70F0947137BFB006362F712A14796
:10232800370708006307FB00B70707003E9C37879D
:1023380007007955637EEC02B3878401636AF7026C
:10234800A9476398F90689E481446D3526850DA06F
:10235800E2850945E93505090345F9FFFD14050C32
:10236800453D81C49377FC0FFDF7F53D69FD7D552B
:10237800B7170040130770052380E704130780FA96
:102388002380E70403C74704418B2382E704F25004
:10239800B7E700E023A0571123A24711E2543244C3
:1023A8005259C259325AA25A125B825B724C21614D
:1023B8008280A547639AF906A1478569631DFB02D8
:1023C8009387F9FFB3869700B374FC00B69493C75C
:1023D800F7FFFD8C33FC8701416B856B9387F9FF11
:1023E800B3F7870199E363FF340193D94900C147E3
:1023F800E3E637FF91BF9307F00FE9B78567C16937
:10240800FD17C9B71305800D63886901130500021C
:102418006384790113051008E2851135A93521D99E
:102428004E9CB3843441C1B7E2852D45CD3BCA9457
:10243800E30C99F00509F133A30FA9FED5BF9387E3
:10244800F9FF93F7F70F636FF70AA1476319FB06C4
:10245800B70708003E9C83C75B043707070093F75C
:10246800070299E337870700B70708003E977955B1
:10247800E370ECF0B3079C00E36CF7EE8947639ACE
:10248800F9048980D549E38104ECE2850945413B9B
:1024980011090327C9FF91472320E48003076480BB
:1024A800E34E07FE23033481FD17EDFBFD14110CE9
:1024B80081C49377FC0FE9FF7D3371F54DBD83C768
:1024C8005B043707070093F70702D5F33787070040
:1024D80079BF8547E384F9F2E2852D4589339389ED
:1024E800F4FFE38304E6313B93F7390091EB83264D
:1024F80004800327090093074900E398E6E43E892E
:10250800CE84F1BFB5476396F9001305900BD13916
:1025180025BDB1471305B00AE38BF9FE99476394CB
:10252800F904A1476315FB00B70708003E9CE28544
:102538002D45F53181440D4BA149E1316396640184
:10254800832704802320F9008504E39834FF832738
:10255800048013172C01635507002312F900EDB30B
:102568002322F900D5B39D476399F90281451305E4
:10257800B0047531BD442320090023220900FD5908
:10258800493193F77400CA9703C70700FD14398DC2
:102598002380A700E39634FF45BB91476399F90070
:1025A800130560063D39B931130590098DB7E38DE0
:1025B80009D8F15459BB23AC05FE1C4199E30CC161
:1025C80082803E8783A787FFEDFF232CB7FE82809A
:1025D800411126C2B7E400E04AC003A90400B707C6
:1025E800200006C622C43379F90023A0F4180F107E
:1025F800000009E523A02411014535A095659385C0
:1026080005D0C98D2A842105B3C5050833450508B9
:10261800EF10902E65D1FD572320050042A17CA123
:1026280023A024112105B2402244924402494101C9
:1026380082804111B7E700E04AC003A9070026C21B
:102648003707200006C622C4AA843379E90023A0EC
:10265800E7180F10000083A701A00144014685E395
:1026680001C8A285138501A097E000E0E780C01AA1
:10267800A165268597E000E0E780006C0DA003C700
:10268800E7FF6319970205CCA285138501A097E09F
:1026980000E0E7806018A1652685EF208015B2402C
:1026A80022852244B7E700E023A02711924402497B
:1026B8004101828011E03E8683A787FF4DB73E84A3
:1026C800E5BF37E700E01C43B70620002320D718F2
:1026D800F58F0F10000019C191C111E637E700E02E
:1026E8002320F71082802E960F70B650D5BF37E79B
:1026F80000E01C43B70620002320D718F58F0F10E1
:10270800000019C1014785E137E700E02320F710F1
:102718008280B386E50003A80600B306E5007D16AF
:1027280023A00601110775F6C5B737E700E01C437B
:10273800B70620002320D718F58F0F10000001C519
:102748003307C50011E637E700E02320F710828041
:102758000505A30FB5FEE31DE5FEF5B7B7E600E0F6
:102768009C42370620002A87F18F23A0C6180F1035
:1027780000000145B306A7008386060091E637E707
:1027880000E02320F71082800505EDB70111B7E7B7
:1027980000E026CA84434AC83707200006CE22CC68
:1027A8002A892E86F98C23A0E7180F1000009305BC
:1027B800F00432C633450608EF1010142A8401C508
:1027C8003246CA85FD3DF24022856244B7E700E003
:1027D80023A097104249D2440561828037E700E080
:1027E8001C43B70620002320D718F58F0F100000D0
:1027F80001C599C1014711EA37E700E02320F71026
:10280800054582800507E309E6FE3308E500B3863F
:10281800E500034808009422E306D8FE37E700E005
:102828002320F7100145828037E700E01C43B706F4
:1028380020002320D718F58F0F1000001307F6FF8C
:10284800BA952A966317C50037E700E02320F710EA
:1028580082809821FD150505A30FE5FEE5B737E74A
:1028680000E01C43B70620002320D718F58F0F106F
:10287800000001C53307C50019E637E700E023204B
:10288800F7100145828014210505E398B6FEE31C84
:10289800E5FE37E700E02320F710054582807971CF
:1028A80026D2938481A122D4804006D64AD04ECE27
:1028B80052CC56CA5AC85EC662C44DC437C9C9018B
:1028C800814B138B01A11309F93717EA0100130A89
:1028D8002ABD97EA0100938A2ABA97E901009389E9
:1028E80029C13E2099EF5C44639A0B009CC0032CDD
:1028F800C4002285EF10B00C628489A823A6FB00CF
:10290800FDB783270B0082971C443307F540637695
:10291800F50003A789001D8F2A976368E9062E2012
:102928000820EF10106D5C405844A9CB0C4417E602
:102938000100032666BCAE97BE8663E4B70063E475
:10294800C700B386C74014C4A28B3A8459F817E766
:102958000100032767B3894763E6E70097E70100AB
:1029680023A407B2B250225492540259F249624A3F
:10297800D24A424BB24B224C4561828063940B0091
:1029880098C0B5B723A6EB009DB703274A021DCB15
:1029980063EDA7023385A7401C2099EF03479A01EE
:1029A80083A689006117B307A7003E8563E4E700A3
:1029B80063E4D7003385D74083A70A016374F50021
:1029C80023A8AA00A28B404451B703A78900BA974D
:1029D800D1B7011126CA06CE97E40100938444B109
:1029E80022CC4AC84EC652C49C288844D9CFB7E7DF
:1029F80000E003A907003707200023A0E718337970
:102A0800E9000F10000003C781A019CB23A02711EC
:102A1800F2406244D2444249B249224A0561828066
:102A280017E70100130787DE8357C70AA1CB9C4429
:102A38000324870A6304F40497E901009389C9A36E
:102A480003A709012285630BF702138A01A18327D3
:102A58000A0082976368A40C83270A00098C82976E
:102A680083A7090198443354F40AB307A4003E85A8
:102A780063E4870063E4E7003385E740B7E700E0F5
:102A880023A027119C44639BA70217E401001304A9
:102A9800A49E184883A701A16319A70882979444A4
:102AA800374736FE130707C83697B307A7003E8592
:102AB80063E4E70063E4D7003385D74017E40100F7
:102AC8001304C4F75C5C89CB83A641B39C463707E3
:102AD800CDFF7D17F98F9CC611E1884485475CD0EE
:102AE80097E7010083A7079E829715E15C5C99CF61
:102AF8005C5089CF978002E0E7800036978002E03B
:102B0800E780A0B997E7010023AC07F4493B5C5C78
:102B1800E38007F003A741B31C47B7063300D58FFE
:102B28001CC7FDB59C443E9405BF82971448984441
:102B3800B387A6003E8563E4D700E3E1E7F8338571
:102B4800E740ADBF23A2A1A001C585472384F1A01A
:102B58008280AA8799E517E701000347679A09C7A2
:102B6800D5B711476369B70017E70100130707973F
:102B7800B3C5E5209CC1828083A741A081CF4111C4
:102B880006C6829783C781A099E323A201A0B24019
:102B98004101828083C781A081E723A201A08280AE
:102BA8008280411122C426C206C64AC097E40100A9
:102BB8009384C4E883C7340217E401001304049221
:102BC800B9C317E401001304248B1389C1A1032797
:102BD80009001C2014300146B3A5E7208E21B5C991
:102BE80011C21CA00820636DD50697E70100238554
:102BF800078883A701A1D5E7B2402244924402493D
:102C08004101828082971C40F5FF97E7010083C746
:102C1800278F85E3DC48858B89CFD84C9947631E7D
:102C2800F70097E7010023A507E2EF1000105C44C6
:102C380082971C44D9D7829769B7D84C9D47E31A25
:102C4800F7FE97E7010023A507E0EF10000E1C48E8
:102C5800C5B7850793F7F70F0546E3EFD7F651B7E2
:102C68003327E5200E2323100700239501A083A70F
:102C780041A1B347F5209C4382971C208326090075
:102C880003D7A1A03377E540B3A6D7209222518F6E
:102C98009AA299C385071CA018201C30E36EF7F48C
:102CA800A9B797E7010083A727851CC8CD3E83C72E
:102CB8003402B9F383C7140299CBDC4C89EB97E74C
:102CC8000100A38D07D8978002E0E78060B997D705
:102CD800010083A7277F8DD31C4899DF18308326EE
:102CE8000900814763C7E702D84C9147E3E6E7F05C
:102CF80097E7010083C7C7AF918BE39F07EE83C7B0
:102D080081A0E39B07EE2244B2409244024941016C
:102D1800C9B133A6D7201222E31006EE8507D9B72A
:102D2800B7C700401387C72014431396264910C31A
:102D3800010001009387872617D5010003258575B3
:102D48009C436A0514C393C7F7FF99835D8D8280FE
:102D580023A2A1A28280411122C417E40100130416
:102D6800E4CD1C4426C206C6858B97E4010083A4E3
:102D780024B091EBEF20B0472244B240268592441C
:102D880041016F107043982897E7010023AC07CAE8
:102D98008947E301F7FE0146930550020145EF100C
:102DA8000029814517E501E0130505CC5D3301468F
:102DB80081450545EF10400E5C44858BC5DFB24068
:102DC800224492444101828097E7010083A707AE1D
:102DD800639B0716011122CC2A84094506CE26CA10
:102DE8004AC84EC6EF205048938941B203A609004D
:102DF80093078007138941B17CD2238401A08327DC
:102E08000900938441B3B7053300D8572285719BD5
:102E180013671700D8D798431377F7CF98C3984309
:102E28001377F7CF1367072098C398401447CD8EC0
:102E380014C7B70603009386862534CA5457F59AF3
:102E480054D798433424137707F893F6F607558F29
:102E580098C3EF10904D83A60900370500827D15B1
:102E6800DC4293E71700DCC2032609000307840647
:102E78005C569375F703E605E98FCD8F5CD693050D
:102E8800A0039C4063D5E508F84FB70500074D8FB0
:102E9800F8CFB7C7898E938767ED1CC6B75755001B
:102EA800938757555CC28347A40683444406DD8C48
:102EB800894717E701002321F7BA97E7010023A5FF
:102EC80007B87C44BCDE97D7010083C7676399C7FE
:102ED800FC52FDFF97E7010023A607B618289D4777
:102EE8008145172500001305C5036306F70017057C
:102EF8000000130585E6B13910386244F2404249B2
:102F0800B249A685D244014505616F00F078930562
:102F1800200263DAE500F84FB70500F9FD156D8F5B
:102F2800B7050005ADB7B70500F96945FD15635745
:102F3800E500F84F6D8FB705000391BFF84F6D8F0F
:102F480013178729B1B7828097E701009387078C09
:102F5800E853054754256390E60203C7470791479E
:102F6800631AF700011106CE2AC6EF10F020324589
:102F7800F240056191BD828083278511E5CB41111F
:102F880022C406C658258345E5049437D2272A84E7
:102F98001377C70F1395466063F7C5066351050697
:102FA800882793F6F60794B70546936627006314B7
:102FB800C5009366170054A4D8430907D8C303254E
:102FC80004114CB82E86CC430905EFF08FEF832708
:102FD80084115438D8433697D8C3DA27158FDAA71F
:102FE80089473CBC0347640397D7010083C7674CF4
:102FF8006369F706B24022440145410182801367A4
:10300800170058A46DBF9376F60F635505028827FD
:103018008545136627006314B5001366170050A48E
:1030280054B8A384070085473CBC832784119C437C
:10303800D5FBC9B71367170058A454B8A384070071
:1030480003250411CC430905EFF0AFE7832784116A
:103058005438D8433697D8C3DA27158FDAA78D475F
:10306800E1B75C2493E707015CA469B70545828052
:10307800411183A7C1AF22C406C6858B2A84CDEB34
:1030880078298357051D63E5E70A4165130525F58A
:1030980097F001E0E780006741CD3C253EA58327F6
:1030A8000412ADE32320A4122322A412854723117E
:1030B800F404232005007C2854415EA5583418A543
:1030C800054718B51385170217E701000327C79AA4
:1030D80015811C437D151375F50F9CC25C43DCC23A
:1030E8001C479CC65C47DCC61C4B9CCA5C4BDCCAB4
:1030F8001C4F9CCE5C4FDCCE0DC193860602130795
:103108000702C1BF8327441288C38357240423229C
:10311800A4128507B3C7070859BF17D701001307BB
:10312800E76E1E2785071EA7B24022444101828010
:103138005C2423090400054593C747005CA4EDB748
:10314800142D854763ECD70A1C3D2A870145CDEB32
:103158005C2713F507013C2B99CB8346670397D768
:10316800010083C7173563ECF60001E5828049E565
:1031780082808357271E0357671EBA9721A083575B
:10318800271E75F90145ADCF9387C71217D50100E2
:103198000355C536B3B5A70237460F0041111306CC
:1031A8000624814622C426C206C67D543385A7025A
:1031B800970003E0E780607997D4010083C4D42F97
:1031C800AA9497D7010083A7A76D03A707099C4373
:1031D8003354E40AFDFB83A701A182978147636406
:1031E800A400B307A440B240224433B59700134566
:1031F80015009244410182808147B5BF0145828014
:10320800828003A741B23C5BFDFF01000100828080
:1032180039C901116C0022CC06CE2A84EF20004B5C
:1032280015C9FD57630DF502B24797D5010083C54F
:10323800B52863EBB700034594026244F240B385B6
:10324800B74005616F10405F17D701000327C72AF1
:10325800BA97D5B76244F24005616F20A00BF240DF
:103268006244056182808280797152CC17DA01004C
:10327800130ACA5926D283244A0906D622D44AD028
:103288004ECEC5C897D701009387477BD44F1547C3
:103298006384E604DC532A8989CF978002E0E780BB
:1032A800A0BB977002E0E780403F97D7010023A9B1
:1032B800077AFD596C002685EF2040411DE517254A
:1032C800000013056505EFF0FF8783A741B23707B4
:1032D800100098C70547B8DB0D45B25022549254E8
:1032E8000259F249624A4561828063743501324469
:1032F800AA898440E1F0FD571305F00FE38FF9FC2C
:10330800914763F187029307B4FF2320F900232430
:10331800FA0A99E797D7010083A7071E2320F90027
:10332800014565BF97D7010083A7071DED17A29731
:10333800E9BF09455DB7797126D206D622D44AD0AD
:103348004ECE52CC56CA5AC85EC68347550303446C
:103358007513AA843E941374F40F9307400263F61E
:1033680087001304B4FD1374F40F03A9841383A90D
:10337800C413A38B841222864A85CE85970003E066
:10338800E7802019058915E503CBD412014A814A43
:10339800337B6403930B500252864A85CE8597008F
:1033A80003E0E780001705890DC563916A0313746C
:1033B800FA0F238B8412B250225492540259F249C4
:1033C800624AD24A424BB24B45618280850A939A3F
:1033D8004A60050AE3127AFDE9BF83278509035687
:1033E8000504797193D60701BD8EB3C60608358EDC
:1033F80093575640898B135776485D8F93573640BD
:10340800918B5D8F93571640A18B5D8F9317160094
:10341800C18B5D8F9317360093F707025D8F931763
:10342800560093F707045D8F9317760093F7F70F0D
:1034380022D45D8F2A849357D6001355B60011897C
:10344800898B93558600C98F1355F6002582C98F3D
:10345800218AD18F13961500418AD18F1396350092
:1034680013760602D18F1396550013760604D18F72
:10347800139675001376F60FD18FA207C5455D8F99
:103488003307B70226D24AD04ECE032984138329A4
:10349800C4135AC806D652CC56CA369733470708BB
:1034A80013565740098A93577748D18F1356374098
:1034B800118AD18F13561740218AD18F13161700FE
:1034C800418AD18F1316370013760602D18F13164F
:1034D800570013760604D18F131677001376F60F6C
:1034E800D18F1358B7001356D70013784800098AAC
:1034F80013558700336606011358F7002583336692
:103508000601218B518F13161500418A518F13160E
:10351800350013760602518F1316550013760604EC
:10352800518F131675001376F60F518F2207D98F16
:10353800B387B7025EC6B697B3C7070813D5574017
:10354800098913D77748498F13D537401189498F8F
:1035580013D517402189498F139517004189498F41
:103568001395370013750502498F13955700137586
:103578000504498F139577001375F50F598D13D8E6
:10358800B70013D7D70013784800098B13D68700E4
:103598003367070113D8F700A58333670701A18BA9
:1035A800D98F13171600418BD98F1317360013774D
:1035B8000702D98F13175600137707041E06D98FF1
:1035C8001376F60FD18FA2073367F5003307B702DA
:1035D800130650024A85CE853697B98EB3C40608BD
:1035E80033F6C402137BF60F970003E0E78060F21E
:1035F800058905E9834AD412014A930B5002B38A1C
:103608009A02814493DA0A0126864A85CE85970074
:1036180003E0E78000F005890DC563914A0313FBB9
:10362800F40F230B6413B250225492540259F249F6
:10363800624AD24A424BB24B45618280050A137AEC
:10364800FA0F8504E39274FDE9BF8327C508035682
:103658008508797193D60701BD8EB3C60608358EE5
:1036680093575640898B135776485D8F935736404A
:10367800918B5D8F93571640A18B5D8F9317160022
:10368800C18B5D8F9317360093F707025D8F9317F1
:10369800560093F707045D8F9317760093F7F70F9B
:1036A80022D45D8F2A849357D6001355B60011890A
:1036B800898B93558600C98F1355F6002582C98FCB
:1036C800218AD18F13961500418AD18F1396350020
:1036D80013760602D18F1396550013760604D18F00
:1036E800139675001376F60FD18FA207C5455D8F27
:1036F8003307B70226D24AD04ECE0329040A8329BB
:10370800440A5AC806D652CC56CA369733470708D1
:1037180013565740098A93577748D18F1356374025
:10372800118AD18F13561740218AD18F131617008B
:10373800418AD18F1316370013760602D18F1316DC
:10374800570013760604D18F131677001376F60FF9
:10375800D18F1358B7001356D70013784800098A39
:1037680013558700336606011358F700258333661F
:103778000601218B518F13161500418A518F13169C
:10378800350013760602518F13165500137606047A
:10379800518F131675001376F60F518F2207D98FA4
:1037A800B387B7025EC6B697B3C7070813D55740A5
:1037B800098913D77748498F13D537401189498F1D
:1037C80013D517402189498F139517004189498FCF
:1037D8001395370013750502498F13955700137514
:1037E8000504498F139577001375F50F598D13D874
:1037F800B70013D7D70013784800098B13D6870072
:103808003367070113D8F700A58333670701A18B36
:10381800D98F13171600418BD98F131736001377DA
:103828000702D98F13175600137707041E06D98F7E
:103838001376F60FD18FA2073367F5003307B70267
:10384800130650024A85CE853697B98EB3C406084A
:1038580033F6C402137BF60F970003E0E78060CBD2
:10386800058905E9834A1408014A930B5002B38A73
:103878009A02814493DA0A0126864A85CE85970002
:1038880003E0E78000C905890DC563914A0313FB6E
:10389800F40F230F6407B250225492540259F2498C
:1038A800624AD24A424BB24B45618280050A137A7A
:1038B800FA0F8504E39274FDE9BF797122D426D208
:1038C8002E84AA844146972503E09385A5870A8517
:1038D80006D6973000E0E780802B4146972503E025
:1038E800938545860808973000E0E780402A3C30F9
:1038F80010088A85DC875C2026855C875C30DC863E
:10390800977002E0E780C0B10347F1011C20014530
:10391800631EF7000347E1011C3001456318F700F7
:103928000345D1013C201D8D13351500B25022549A
:10393800925445618280011122CC26CA4AC84EC6DB
:1039480006CEAA8417D40100032484F8130925009D
:10395800854905C09C303830858B6304F700405C8E
:10396800CDBF1946930544004A85EFE03FE7E318C9
:1039780035FFF24022856244D2444249B24905618A
:103988008280411122C426C24AC006C617D401004B
:10399800032404F493042500054901E8B240228574
:1039A80022449244024941018280A6851305A4025B
:1039B8002937E30525FF405CCDB7411122C426C253
:1039C8004AC006C617D40100032484F093042500D6
:1039D800054901E8B2402285224492440249410146
:1039E8008280A6851305A401C93DE30525FF405C37
:1039F800CDB7011126CA644122CC4AC84EC652C46A
:103A080006CE2A841D4993096505054A3C4463E4AA
:103A1800F4000545A1A05834DC20631927050347A5
:103A280084026304F7008440D5B7D830834754052F
:103A3800E31BF7FE19469305640513856400EFE060
:103A4800FFD98547E311F5FED82483479402E31C88
:103A5800F7FCFA243E34E318F7FC0145F2406244CF
:103A6800D2444249B249224A05618280E31DF7FAED
:103A7800D83083475405E318F7FA1946CE851385DD
:103A88006400EFE0BFD5E31045FBC1BF011122CCB4
:103A980026CA06CE2AC42EC617D401000324C4E2BF
:103AA800854419E001450DA09C841830858B63047A
:103AB800F7000044FDB719469305A100130524003B
:103AC800EFE0DFD1E31795FEF2406244D24405618E
:103AD80082800000EFF04F8A7300000000000000B1
:103AE800938281A00383020023800200630F0300F6
:103AF800F32510342EC0970500009385E5FD7390DB
:103B08001534EF00405B7300203086DCEF00A05ACC
:103B1800E6508280000041114AC0138941B1032751
:103B2800090026C206C61C5F22C4938401B193D73C
:103B38006748B5CF930700061CDF17D401001304AC
:103B4800E4EF184C930700086317F7009C409C4368
:103B580093F707041CCC1C4093F7070489CB83A771
:103B680001A1829748D81C4093F7F7FB1CC01C4062
:103B780093F7070289CF1C4003A741B2B706080094
:103B880093F7F7FD1CC05C5414C786077CD71C4804
:103B980093F7070489EF85475CC83707020083A7B6
:103BA80041B298C71307000C18C81854F8D38327D4
:103BB8000900985F1357474811CF985F13670701AB
:103BC80098DF83A741B223A20706854717D70100CC
:103BD800232EF7E69C40D8431357174819C7D843F4
:103BE800759BD8C3D843799BD8C3B240224492442A
:103BF80002494101828005377300203097D70100C0
:103C08009387C7E33707040088DB698F01CF03A7D1
:103C180041B2FD5634D797D601009386E685D84E33
:103C28000507D8CE1377850019CF984783A641B1E9
:103C38001367170098C71307000898CBD856719BCD
:103C480013671700D8D61377150001CFD84383A67A
:103C580041B113671700D8C3D856719B1367170073
:103C6800D8D61377650019CF1377450059C3984301
:103C78001367170098C383A641B1D856719B136781
:103C88001700D8D64167698F0DC397D6010083C640
:103C980026BFC18A17D70100130747B7A5C28346B5
:103CA800470793E60602230AD70637070200698FFB
:103CB80001CF984B1377070819C3054798CB83A7FB
:103CC80041B23707020098C7B70708007D8D0DC1BC
:103CD80017D701000347D7BA058B97D701009387F9
:103CE800E7B21DCB03C7570713672700A38AE70668
:103CF8008280D84713671700D8C7B5BF83464707E0
:103D08000946BD8A6388C600834647070D46BD8AB3
:103D1800E39DC6F8914641BF03C75707118B69DB7E
:103D280003C7570713678700D1B783A641B217D7D0
:103D380001001307A7D01C43858B91E75C43858B53
:103D480099E3FC52EDFB97D7010023A307D08280AB
:103D5800938641B12A8788421C5D93D75748D1E79B
:103D680081C51C59BD839CA115C69C42945BC6069F
:103D780093D7660163D6060093E707C0B3C7070861
:103D88008316060093975760B9C6BE968947B3C68F
:103D9800F60216A283A741B2BC4B083393D7574803
:103DA8008DCF29C597D6010083A6C6CA93F6060407
:103DB8009307950009459DCABA979C23054719455D
:103DC80093F6F7066394E60201459397476063DF2D
:103DD8000700394582801EA275BF2A97483313759C
:103DE800F5077D153335A00082800545828083A7BD
:103DF800C1B199CB944BD04B9842518F98C2944300
:103E08009C479842D98F9CC2138641B205481842F4
:103E180083A641B197D70100938747C2631205056E
:103E280003A806001368080823A0060183C6270212
:103E3800B3C5D52054479385A50C13981649232656
:103E480007010F100000184237060200860510C748
:103E58001306000890CB6CD354C7238CA1B0828082
:103E680088421375F5F788C283C62702B3E5D520C3
:103E780054479385E50E1395164948C70F1000005F
:103E8800184237060200860510C71306000890CBB3
:103E98006CD354C70945D1B7411122C4AA8706C6B5
:103EA80026C22E85138441B2B285DDE71C40F85343
:103EB8007DFF3707020098C797D7010023A407B8EA
:103EC80097C401009384C45DDC5085C7B7E700E060
:103ED8003707200023A0E728B7F700E0938707D02B
:103EE800984B6D9B98CB984B1367870398CB7300BF
:103EF8005010F53D83A741B198431317772998C30C
:103F0800D857719BD8D797D7010023A307B497D761
:103F1800010023A707B21C40094798C3DC5099CB7E
:103F280037F700E0832707D193E787002328F7D0E6
:103F380073005010144017D70100130727B01C470F
:103F4800858B91E75C47858B99E3FC52EDFBB2408A
:103F580022449244410182800D47639EE70497D72B
:103F6800010023A107AE97D7010023AF07AC97C480
:103F780001009384E452DC5085C7B7E700E03707B7
:103F8800200023A0E728B7F700E0938707D0984BD5
:103F98006D9B98CB984B1367870398CB7300501091
:103FA800B93583A741B198431317772998C3D857D0
:103FB800719BD8D7A5B70547E39EE7F697C60100DA
:103FC8009386064EDC5285C7B7E700E03707200026
:103FD80023A0E728B7F700E0938707D0984B6D9B9D
:103FE80098CB984B1367870398CB730050101C40ED
:103FF800D04713171649D8C70F1000001C403707C1
:10400800020098C71307000897D5010023A0E5A46C
:1040180003A741B118431357774819C71307E01886
:10402800F8D3D0C7DC52E5BD1307E01AD5BF83A784
:10403800C1B189CFD44303A88700984233670701E9
:1040480098C2D447DC4B9842D98F9CC2054783A7B6
:1040580041B19505631EE50298431367070898C3A5
:10406800984F137707C01367A71398CF13078007D4
:10407800B8BB939735009387C70317D70100130779
:10408800E79B1CD7238CA1B019C2060610D78280E3
:10409800984309451377F7F798C3984F137707C0E4
:1040A8001367271398CF1307F007B8BB93974500FA
:1040B8009387C703D9B783A741B28847D847798D73
:1040C80011C588C783A701B291C382878280896797
:1040D80003A741B2938707F47CD383A641B383A790
:1040E800060993D7A74991C783A7060993D7974984
:1040F80099E37C53EDF782804111B7E700E022C4D1
:1041080080433707200006C6798C23A0E7180F10D4
:10411800000011C199E5B7E700E023A08710014529
:1041280049A80D0533450508130740037199B3479E
:1041380005086362A70203A581BC83A601BC639F2F
:10414800A60017C701000327A73871D7C207DD8D5E
:1041580005450297C9B703A541BCC5B77A2131EF18
:104168005A21636CF704B306F740214817C60100CB
:10417800130686306375D802832805000358660045
:10418800938687001D8FAA966117DAA223A01601CD
:104198002393060014C15EA1130788FF7AA27A222E
:1041A8006EA12105B307F7407EA2B7E700E023A080
:1041B8008710B240224441018280084149B7B7E7DD
:1041C80000E08C433707200023A0E718F98D0F1073
:1041D800000001E523A0B710828003A381BC83A857
:1041E80001BC9A87814663F8170903A8070063672B
:1041F800F5086365A80813878700636EE506F22350
:10420800216705076317E6001386B1AD1822050775
:1042180018A217C5010013052526D2237A21239356
:1042280007003297334707087AA16383670203A31D
:1042380041BC630FF30003D36600631B0300DE2257
:1042480023A0060121073E962106D2A27AA1B687AD
:1042580098436302170383A641BC630ED7007623F5
:1042680099EAD62352231843A106B296D6A398C337
:104278007E21A1077EA1B7E700E0A9BFBE86C2875D
:104288009DB7AA8703A781BC03A601BCB305B540A7
:104298006314E6003E8529A8930687001843E3E9DE
:1042A800D7FEE3F7E7FE2E85E3E4D5FEE3F2E5FE6D
:1042B8008280411126C206C622C44AC097C40100A2
:1042C80083A4445A6383041003A4C40AAA86054538
:1042D80035C03C241307700A6390E70858301C3433
:1042E80017C901001309C92003268900B387E7020B
:1042F8000357C900B387E7021307003293870719EA
:10430800B3D7E70203A744093E97BA846364F7006A
:104318006364C700B304C74083A701A184C282971E
:10432800B387A44063F5A40003278900BA9789EBF3
:104338001305F00FB24022449244024941018280A1
:1043480058309306204E3307D702E3F3E7FE93076E
:1043580080FA3CA40145F9BF1307800AE39AE7FCF9
:1043680083A701A182972A893545EF10E06FAD47F1
:1043780017C701002322F76E58301C3417C60100F6
:1043880013060617B387E7025A261046B387E702D3
:104398001307003293870719B3D7E70203A7440925
:1043A8003E97BA866364F7006364C700B306C740E4
:1043B800E310D9F817E502E013056504EFE08FF87C
:1043C80083A741B20947F8D7A5B70545A5B73971FD
:1043D80056D297CA0100938A6A6683A70A033707E9
:1043E800080026DA06DE22DC4AD84ED652D45AD045
:1043F8005ECE62CC66CA6AC86EC6F98F97C40100E1
:1044080083A444466384071C83A9C40A83C799000C
:1044180003A4C90092073E942820B1470505330537
:10442800F5025E203E9533450508EFE06F9AAA8CA9
:104438006305051A130DC5002324A5013420314650
:10444800370B0300B386C602231304000149138AFD
:1044580041B2938B41B1938D41B3130B8B15054C2E
:10446800EA9654C483C679009307D00783250A00C7
:10447800B386F602C1679CC5370833008606B4D1F7
:1044880083A60B0090421376F6CF90C29042137623
:10449800F6CF1366062090C203A50D0010453366BB
:1044A800060110C503A6090023A865059305500257
:1044B80090C672205444B2962324DD00143001467D
:1044C800CA96A301DD0003C5040897C6010023A905
:1044D8000656B13E83260A00CC4613961549D0C627
:1044E8000F10000083260A003706020090C6130644
:1044F800000823A8CA0003A60B00104213567648EA
:10450800631F860B1306E018F0D2CCC617C601004D
:104518002320065417C601002324065223A086012F
:10452800EFF0BF80EF10A04C83A64A00858AD9CA55
:10453800EA85268597F002E0E78080F20DE90346D8
:104548005D0049C276204E20B29663DDB606B428D7
:10455800AC4803258D00918E8906B695EFE06F96DD
:1045680023020D0003465D007620B29676A003264E
:104578000A00310D3452FDFE342005091379F90F74
:10458800E362D9EE9C246685A381FC001C20A382EB
:104598000C002383DC002382FC006254F250D254C6
:1045A8004259B259225A925A025BF24B624CD24C8F
:1045B800424DB24D216117A301E0670023CB1306DA
:1045C800E01A99B7FD562302DD0055B783A741B21B
:1045D800FC5781C785472384F1A0F2506254D25416
:1045E8004259B259225A925A025BF24B624CD24C4F
:1045F800424DB24D21618280411122C406C626C2B5
:104608004AC02E848DCD13F91500814741476302B6
:104618000904131745003E97B1463307D70283A410
:1046280001A2B317F02833C90708BA949C40C840C0
:10463800829723A0040023A2040033448900B240D7
:10464800228522449244024941018280B356F448AB
:10465800E9F28507E39CE7FECDB7011126CA06CE2D
:1046680022CC4AC84EC6AE84A1C593F715000144B2
:104678004147B1CB93174500A2973147B387E7026B
:10468800938901A203A909003E998327090081C7DC
:1046980003254900829731473307E40283A70900BD
:1046A800BA979C478DC733148028B3470408BD8C3C
:1046B800F24062444249B2492685D244056182806B
:1046C800B3D68448C5FA0504E31CE4FECDB723201D
:1046D800090023220900C1BFAA8703A581A111E10E
:1046E80082803A216315B7001821E30BF7FE48458D
:1046F800FDB77971B7E700E022D4804352CC06D6E3
:1047080026D24AD04ECE56CA5AC85EC662C43A8A23
:1047180037072000798C23A0E7180F10000005E167
:1047280023A087100945B250225492540259F249E5
:10473800624AD24A424BB24B224C4561828083A7DF
:1047480001A1B6892A89AE8A328B938B01A28297FE
:1047580003A70B008144B146C147338CD40233060A
:104768008701104235EEC165938505F04145EFF0AC
:10477800BF9819ED97C7010083A787D581C78145E1
:1047880011458297B7E700E023A087102D4561BF48
:10479800138781A11C43A1E308C323000500B317B5
:1047A80090283EA183A70B0023260500232465013A
:1047B80023224501E29723A0270123A2570123A41E
:1047C80047016384090023809900B7E700E023A02C
:1047D8008710014589BF3E87DC47F5FF48C775BF8D
:1047E8008504E39CF4F6B7E700E023A08710214591
:1047F8001DBFB7E700E09843B706200023A0D718ED
:10480800758F0F10000097C6010083C6F6C6637146
:10481800D50283A6C1A13325D5201621D58D0EA199
:1048280097C6010023A206C623A0E710014582808F
:1048380023A0E7100D4582800111B7E700E022CCE4
:1048480080433707200006CE26CA4AC8798C23A0A1
:10485800E7180F100000BD4763E7A7043147330787
:10486800E50283A701A2BA979C4395CF3315A028E8
:104878002E89B345050801452EC6B93DAA8409C944
:10488800B245014597C000E0E780A01023A42401A9
:10489800B7E700E023A087100145F2406244D24404
:1048A800424905618280B7E700E023A087100945E7
:1048B800EDB797C6010083C6A6F083A701AA0147F2
:1048C8006394E600014582808E23138687026394F1
:1048D800A5003E85828005071377F70FB287CDB70D
:1048E80097C7010083C7D7EDAA86850703A5C1AA84
:1048F800014712216307D60005071905E36BF7FE88
:10490800014582802A8703A541AB11E182801C45BD
:10491800B227636BC70003584500B306C800635548
:10492800D7008146639406010841C5B703D3A700A1
:10493800938807016316E30091C192A13E858280A6
:104948008506C687B3C60608F1BF97C6010083C6A9
:1049580026E783A701AE01476394E60001458280FC
:10496800AE231386C7036394A5003E85828005079E
:104978001377F70FB287CDB7411122C406C697C780
:104988000100238F07EE03A401AF05C06C39014570
:10499800B315B028B3C5050897C000E0E780004B01
:1049A800930710273305F50202942244B24081454B
:1049B800014541016FE0EF99411106C6383D19C71D
:1049C8003425631ED702B24041017DB73C2DE5DF97
:1049D8003825E30AF7FE3CA5814517E5FFFF1305D7
:1049E800E556EFE00F9797C7010083C767B189C7FE
:1049F80083A741B25147F8D3B240410182803C2D90
:104A080089C7E39AF6FC38A5C1BFD5FEEDBF4111B1
:104A18004AC017C90100130969028327890022C403
:104A280026C206C697C40100938444DE858BE050F5
:104A38009DCB97C7010023A7070083C74407C18BF5
:104A480085CFEF00D07A83C7440793F70702E5DFE5
:104A580083C74407228593F7F70C238AF40697B097
:104A680001E0E780C020EF00907822852244B24020
:104A780092440249410109B783C75407858B91CBFA
:104A8800EF00F0768D47230EF406BC5822858297F6
:104A9800D9BF83C744071547BD8B6395E704834790
:104AA800B406034534060146930550025D8DEFF0C8
:104AB8000FD8014681450545EFF00FBE8327C90091
:104AC800858BD5D3228597C7010023AF07F697B00A
:104AD80001E0E780800141F9B24022449244024952
:104AE8004101828083C744071947BD8BE39DE7F6E0
:104AF8008347B406034534060146930550025D8D8D
:104B0800EFF0EFD2014681450545EFF0EFB8832776
:104B1800C900858BA9DB228597C7010023A607F268
:104B280097B001E0E780E0D57DB7411122C426C2E5
:104B380006C67C2578452A84BD8B1CA91CA31D4765
:104B480064456395E7340547B8A08347F5058D4666
:104B58006393D7185E2DCDE37C491147B18B638DE4
:104B6800E70831476398E700034715068347F507C9
:104B78006304F7088547BCB0194693056403138599
:104B88004400EFD01FB4BC20990793F7F70FBCA0DF
:104B9800034704061377070401CFB83013670704E7
:104BA800B8B07844BA975838B8B3BC208507BCA0C9
:104BB80097C70100238607CCBC2013F7F703050726
:104BC80018B80347E4051A07D98FBCA083475403D4
:104BD800858B91E70347440389476317F7007844B7
:104BE8001C2393E707041CA37C44183898B3B240ED
:104BF8002244924441018280A147BCB08357C40635
:104C080097C50100938585C0138641B2DCA0835700
:104C1800C406034714067444A1831207BD8BD98FB9
:104C2800DCB2B4208547890693F6F60FB4A017C7FF
:104C380001000347E7C4631EF706183C9387E600A4
:104C48008E07231AF4069387C708B387E7027945C6
:104C580010420948238A0507C1650CC6938707FBDC
:104C6800B3C7070893877716B3C7A70233C70708E0
:104C7800B387A70286073CD2BC3093E70701BCB0D4
:104C88007C44B6978346240693E60604B4B3B4205E
:104C98007C44B697D8A3B4207C4421837D8BB697F7
:104CA800834634069606558FD8B3BC208D07BCA022
:104CB80021B71042F947385205833357F7023C525F
:104CC80068528583FD8BAA977CD28D47238AF50687
:104CD8003347070855B71946639BC7125E2DC1E3D2
:104CE80093056503B8B013854400EFD09F9DBC20A1
:104CF8001385A4009907BCA0BC3093E72700BCB07B
:104D080083475403898B95CF0C58BC299DCB1946F2
:104D1800D105EFD01F9B78441C2393E707F81CA309
:104D2800BC20990793F7F70FBCA003470406137735
:104D38000704E30F07E6B430784493E60604B4B0FA
:104D480095B58347D40391C778441C2393E707F8A4
:104D58001CA319469305E403EFD0BF96D1B7A1472A
:104D6800BCB08357C506DCA08357C50603461506A5
:104D78006C45A1831206BD8BD18FDCB1B02017C55D
:104D880001001305A5A8938541B209061376F60F0D
:104D9800B0A097C7010083C7A7AE6398E704183C83
:104DA8009307E6008E07231AF4069387C708B3878C
:104DB800E70279488946230AD5069441C1658CC61D
:104DC800938707FBB3C7070893877716B3C707030B
:104DD80033C70708B38707038607BCD2BC3093E7FD
:104DE8000701BCB07C44B29771BD8C41B851F947FA
:104DF80005833357F702BC5103A845068583FD8B0D
:104E0800C297FCD1230AD50633470708C1BFA1477B
:104E1800BCB08357C506DCA08357C50603461506F4
:104E28006C45A1831206BD8BD18FDCB1B02017C5AC
:104E380001001305A59D09061376F60FB0A097C7C4
:104E4800010083C7E7A383A541B2E391E7FA183CC1
:104E58009307E6008E07231AF4069387C708B387DB
:104E6800E702F9460948230A0507416588C593877B
:104E780007FBB3C7070893877716B3C7D70233C7AB
:104E88000708B387D7028607BCD189BF0547639E49
:104E9800E706B1471CB983475503898BA1CB0C5949
:104EA800BC29A9C71946D10513858400EFD07F8195
:104EB80078441C2393E707F81CA368441946930514
:104EC80064030905EFD0EFFF116797C7010083A7B7
:104ED800E7A0F98FE38C07CE7C24B98BE39807CE43
:104EE80078441C2393E707021CA3CDB18347D4035E
:104EF80089C79C2093E707F89CA068441946930546
:104F0800E4032105EFD0EFFB4DBF522D0C5593075D
:104F1800660093F7F7031CB913858400E5B7011100
:104F280026CA97C40100938464B19C4422CC06CE5F
:104F380017C401001304848D858B6850C9C32AC621
:104F480097C7010023A007B0EF00702A0347440762
:104F5800894732456307F700034744078D47631CB9
:104F6800F70283A641B2BC5203574507858313074E
:104F7800C71263F2E702BC528583B1C39147034766
:104F88004407E31EF7FE6244F240D244056117B3BA
:104F980001E06700E3F5382D3C3D09CF342563096E
:104FA800D7026388F60238A56244F240D24405610C
:104FB8006FD09FE199CF382509EF3CA5F5B72AC6F0
:104FC800EF00F02262443245F240D24405616DB2EE
:104FD800EDF7DC4CEDF70347440789476307F70013
:104FE800034744078D47E31CF7FC914703474407F1
:104FF800E31EF7FE49BF630E0530011122CC06CE31
:1050080026CA4AC84EC652C456C2582585472A845D
:105018006316F72C97C70100938747A2D44F15470B
:10502800638AE600D44F0D476386E600D84FAD4744
:105038006312F7026C386244F240D2444249B249E2
:10504800224A924A01450561B315B028B3C505083F
:105058006FF02FFA16311307006497B40100938498
:10506800E47A3347D7029C20E8D0850793F7F70FF7
:105078009CA063CAE70097C000E0E780E02097B7EC
:1050880001002385077878249D47631FF704834729
:105098009406B1C38356040763ECF6020C24930705
:1050A80030041CAC1305300493F6F60F01469780C4
:1050B80002E0E780207A22856244F240D2444249E5
:1050C800B249224A924A056117C301E06700C390BA
:1050D80085062318D40693053002054597C000E0DD
:1050E800E78060132301A4060549238A2407183C96
:1050F8008D47631CF70E97C000E0E78020830D8979
:10510800630F051463162517930760023CA49307E1
:1051180050023CAC9307700278243CBC854763027C
:10512800F70889659385F5701305102717BA0100EC
:10513800130A0A3C8349740197C000E0E7802010F5
:105148000E30835ACA002A8913060064B3855503B2
:10515800814613850532B335B50097E002E0E78054
:10516800C07EAA84B335590337460F0013060624B8
:1051780081463305590397E002E0E780007D8327E5
:105188000A00AA948297B307950003278A00BE8570
:1051980063E4A70063E4E700B385E7404E85EFF0DA
:1051A800AFE983475403898BE9CB8347C403F1C72D
:1051B8000C58E1C5BC25F1C38947230AF4021946F6
:1051C800B10513056403EFD0CFCF0347C407894760
:1051D80063E9E70A22856244F240D2444249B2496F
:1051E800224A924A05616FD03FBE89467C346315D6
:1051F800D70213F7170019CB898B1307500291EBCD
:105208009307700238A43CAC814739B71307600292
:10521800C5BF93076002FDB799CF93F61700130730
:10522800500291E6898B13B717001307670238A459
:10523800230D0400D1BF3C2C130740026368F7001C
:10524800930750023CAC3C2C3CA47DBF850793F7E8
:10525800F70F3CAC13077002E364F7FEEDB71307D2
:105268007002930750023CAC38A4930760026DB5F6
:105278001307500293077002FDB78547230AF4020B
:10528800A9B70327C40A83A601A13C27ADC31C37CD
:10529800583397B401009384A4259044B387E70258
:1052A800DA24B387E7021307003293870719B3D7C5
:1052B800E702032744093E973A896364F700636469
:1052C800C7003309C7408296B307A9406374A90091
:1052D8009844BA9703576407E3FEE7EEF240624446
:1052E800D2444249B249224A924A056182808324C3
:1052F8008409829663E9A400835764073385A44030
:10530800E37AF5ECE1BF97B7010083A7E71EBE94E7
:10531800E5B7828001114EC697B901009389094FFC
:1053280022CC03A4C9094AC817B901001309491CAA
:105338000357C90026CA835464088327040906CE84
:10534800B384E40237470F009306F72313070724B3
:1053580052C456C25AC0B694B3D4E40263EE97025C
:10536800138A01A1B384974083270A00829763E9CF
:10537800A4023385A4406349050283570404A30F9C
:10538800040085072310F40483470414639E071060
:105398002285EFD05FFA21AA03278900BA97C9B7F7
:1053A80083278900BE94F1B783270A0082970327D1
:1053B80084086366E50A198D7E3C0357C9008E0789
:1053C800B387E7021307003293870719B3D7E702B9
:1053D80063ECA708B74A0F00138BFA23938A0A24B1
:1053E8008357040485072310F4048347041481E7D2
:1053F8002285EFD05FF4228597C001E0E780C043A3
:1054080063130524032604090327C4088326890097
:105418003297BA876364C7006364D700B307D7407D
:10542800783C0356C9002328F408050778BC0357BD
:1054380064083307C7025A9733575703B384E740C2
:1054480063F5E700998EB384F60083270A008297F4
:1054580063E6A4043385A440E34405F839BF8327F1
:105468008900998F3E9589BFA145228597C001E0A3
:10547800E780A034A305A40297B7010083A74705D6
:105488006383071C6244F240D2444249B249224A2B
:10549800924A024B89451545056182878327890011
:1054A800A6973385A7404DBF2285EFD01FF32285ED
:1054B80097C001E0E7804038631705180355C90015
:1054C80083576408B7460F001386F623B387A702ED
:1054D8009386062403270409230B0402832A8900E0
:1054E800B297B3D7D702636AF716B307F740832694
:1054F800C4082324F408014BB387E600BE8463E4A0
:10550800D70063E45701B38457411E302328940819
:10551800A1CB835604045A3037460F0056B0338760
:10552800E640B387E7023A301306062481468145F0
:10553800BA97B3C707083385A7023EB097E002E0E1
:10554800E780A04011CD2695B3349500A695AA878B
:105558006314BB0063645501B30755412328F4085D
:1055680083270A008297AA8483270A008297E30D7B
:1055780095FE83270A0083248408829763E4A40E97
:105588003385A440630B050E035AC900835764088A
:10559800B7440F001387F423B38747039384042485
:1055A800BA97B3D7970217B701000347F7F0BA972E
:1055B80063E5A70CB3359502835A240252868146C7
:1055C8003305950297E002E0E78020383389AA0086
:1055D80033854A0337460F00130606248146814562
:1055E80097E002E0E780603615C1B337950252862E
:1055F8008146B385B4023385A402BE9597E002E0E4
:10560800E780A034B38AAA40231154033545A92959
:1056180023AE890838348547631AF704930700FDD9
:105628007CA4814503A581B0EFD0AFD2954717B7C9
:1056380001002323F7423707100083A741B298C718
:10564800060923A82707F2406244D2444249B249D6
:10565800224A924A024B05618280B3065701B387FA
:10566800F64071B583278900BE9419BF930710FCD3
:105678007CA4814503A501B045BF97B7010023A5C8
:105688000722834709018DC303A541AFEFD04FEC33
:10569800624483274900F240D2444249B249224A2F
:1056A800924A024B05618287834594026244F24024
:1056B800D2444249B249224A924A024B0145056105
:1056C800B315B028B3C505086FF0AF92011122CC0D
:1056D80026CA4EC606CE4AC852C456C25AC0383523
:1056E8008547832405092A84AE896314F70C8357F8
:1056F8000508835AC50317BA0100130A6ADF035B5A
:10570800CA0063FC571914296399E6180327851101
:10571800631507180327450A6311071874351D47D1
:10572800639DE6162A3DB38AFA409307204E330557
:1057380055030329440937460F00130606248146FA
:105748003305F50297B7010083C707D733592503F7
:10575800B335AB023E9933490908231324093305AD
:10576800AB0297E002E0E780401EB307950033B52F
:10577800A7002E9503278A00BE8419E163E4E70099
:10578800B384E740B307690337470F009306F7234D
:105798001307072423A09900B697B3D7E702D69733
:1057A80063E4F4009D8C31A003278A00B307F74017
:1057B800BE94138901A18327090023A09900829729
:1057C80063E2A4103385A440635D050A83270900BA
:1057D80017BB0100130BCBD1829703A7090063699C
:1057E800E50E198D7E3C0357CB008E07B387E70281
:1057F8001307003293870719B3D7E70263EFA70CA3
:10580800374A0F00930AFA23130A0A248357040419
:1058180085072310F4048347041481E72285EFD019
:105828009FB1228597C001E0E780000161E58326EA
:1058380004098327C40803278B00B697BE8463E452
:10584800D70063E4E700B384E7407C3C8356CB0091
:105858002328940885077CBC83576408B387D7023C
:10586800D697B3D7470363E6F40A9D8C83270900CC
:1058780023A09900829763E1A40A3385A440E347F3
:1058880005F897B7010083C737C363E6A70697B73C
:10589800010023AB87000145B9A88357640837473F
:1058A8000F009306F723B387670313070724B697F8
:1058B800B3D7E702E3F8F4EE03278A002697B30488
:1058C800F740C5BD97B7010083A707C3BE94DDBDE8
:1058D80083278B00998F3E9531B7A145228597C0C4
:1058E80001E0E78080EDA305A40297B7010083A734
:1058F80027BE81EF7D55F2406244D2444249B24905
:10590800224A924A024B0561828089451545829751
:10591800D5B71D8FBA9499BF83278B00BE94B1BFAA
:1059280083A741B198433706CEFF7D161377F7CF8B
:105938001367071098C303A741B314473708030038
:105948001375F51FF18E14C783A641B223A8060567
:1059580023A40700904B93F5F507130888151366E1
:10596800F60390CB90431366060890C3F04F137666
:1059780006E0498EF0CF23AC070423A00706505752
:10598800759A50D79043137606F84D8E90C3130638
:10599800401FF0D217B60100232C060A17B60100E3
:1059A8002320060A054690C29043B70533001376B4
:1059B800F6CF90C390431376F6CF1366062090C3B4
:1059C80010474D8E10C723A80605D8531317F7287C
:1059D800D8D32547F05201C6B04FE37DC7FED85350
:1059E8001317F748D8D3A853133545008280138777
:1059F80041B21443BC4ABD9BBCCA0100010001006E
:105A080001001C43B44B93F6F68FB4CB944393E652
:105A1800860094C3010001000100010083A641B182
:105A28009C4293F7F7CF93E707109CC203A641B3B4
:105A38001C46B706CEFFFD16F58F1CC61C4337075C
:105A48000300B8CB83A7C1B199CBD4439047984200
:105A5800518F98C2944BDC4B9842D98F9CC297B710
:105A6800010023AB07FE828083A741B29C438D8B44
:105A7800E9C74111B7E700E04AC003A9070026C2F9
:105A88003707200006C622C4AA843379E90023A078
:105A9800E7180F10000017B40100130424FA584C3B
:105AA8008D47631AF70097B7010083A7A7D201466D
:105AB80081454545829719476391E4048347140259
:105AC80089CB834704026396970097B70100A387A1
:105AD80007F8584CA1476315F700930780101EB0CC
:105AE800238401A02937B2402244B7E700E023A06D
:105AF800271192440249410182809D47639BF4002B
:105B080083471402F9D7034704028D47E313F7FCD0
:105B18006DBF544C6389E600584C6306F700584C37
:105B2800A147E31FF7FA83471402DDFB5C4C23000F
:0C5B3800F4028547A300F40265B78280E8
:105B440097010020938141D317A101201301414BF8
:105B540017B5FFFF1305454B97A5FF1F9385454ACE
:105B640017A6FF1F1306C66A63FAC5008322050041
:105B740023A0550011059105E3EAC5FE17A5FF1FF3
:105B84001305E55D02852A8309CA83830500230082
:105B940073007D16050385056DFA82802A8311C67C
:105BA4002300B3007D16050365FE8280B71700400D
:105BB40083C5870503C8970503C7970593F5F50FB4
:105BC4001378F80F13678700A38CE70403C79705BE
:105BD4001377B70FA38CE70403C7A7051367170050
:105BE400238DE704371700408347A705858BEDFF16
:105BF4000565C146371700409308F5FF0346A7051E
:105C040013661600230DC7040346A705058A6DFE17
:105C14000356C705FD16C2061346F6FF3376160172
:105C2400C182B297E1FEA1079183130505801D8D02
:105C3400A30C07054205230CB70441858280B717DE
:105C4400004003C777051A051377E70FA38BE70412
:105C540013974500598D136535001375F50FA38C03
:105C6400A70403C7A705C18991C513672700238D1E
:105C7400E70482801377D70FDDBFB717004003C74F
:105C840077051377E70FA38BE704130700F8A38DB9
:105C9400E7043D47238CE70413075003A38CE70470
:105CA40003C7A7051377D70F238DE704828037171F
:105CB40000408347A70593E71700230DF7048347A4
:105CC400A705858BEDFF371700408347A705E2073B
:105CD400E187E3CC07FE0355C70552055181828055
:105CE400B717004003C7E7040D8941111377C70FA5
:105CF400498F93068008F3B6068093F6860836C665
:105D04000F100000930670052380D704930680FAD1
:105D14002380D7040F1000002387E704238007049F
:105D2400B247F3A707800F10000041018280B71724
:105D3400004003C7E7020D8941111377C70F498F4C
:105D440093068008F3B6068093F6860836C60F10CD
:105D54000000930670052380D704930680FA2380FD
:105D6400D7040F1000002387E70223800704B247FB
:105D7400F3A707800F1000004101828041112A839C
:105D84000148930E407E130F0019930F4006931899
:105D9400030193D8080163EF1E0113030019337341
:105DA40065028542FD4363F0B20A8D4F214F930E85
:105DB400400689A87D13336EE3039308E016630E4F
:105DC4000E00336EF3039308D01663080E00937825
:105DD400330093B818009388D816C2981398080112
:105DE400135808016DB793F81500138EF5FF63710E
:105DF400BF04F908C2981398080193150E011358AB
:105E04000801C181E391F5FF8545630B0300B37875
:105E1400D5038145638608009375350093B5150055
:105E2400F105C29513980501135808018945D9BF96
:105E3400B3881341C2981398080193150E0113589F
:105E44000801C1818DB77D16329879463307C702A0
:105E540013D61700BE07420813580801329761464B
:105E6400B3F6C60213068070B386C6023697A166DF
:105E7400F58F4207D98FB716004003C7F602137790
:105E84000708A303E1000346710003C7F602137772
:105E94000708E314E6FE03477100B71600405DCF20
:105EA4001307800873370780137787083AC40F10E5
:105EB400000037170040930670052300D7049306AB
:105EC40080FA2300D7040F100000232A0703834617
:105ED400170393E60608A308D70223000704224702
:105EE400732707800F1000001166371700407D16D6
:105EF400545B4C5FAD8EF18EE5FE93068008F3B6DD
:105F0400068093F6860836C60F10000093067005C7
:105F14002300D704930680FA2300D7040F1000004F
:105F24005CDB8347170393E70704A308F702230006
:105F34000704B247F3A707800F10000041018280D5
:105F440003C7F60213770708A303E10003467100B1
:105F540003C7F60213770708E314E6FE034771004C
:105F640065D33DBF55714EDF86C7A2C5A6C3CAC15E
:105F740052DD56DB5AD95ED762D566D36AD16ECF6D
:105F8400AA8982C0EF00B06D93078008F3B7078039
:105F940093F78708BEC20F100000B717004013071D
:105FA40070052380E704130780FA2380E7040F10A9
:105FB400000003C7F7021377770FA387E70203C72D
:105FC400F70213678700A387E70223800704964735
:105FD400F3A707800F100000130B80C1334B650338
:105FE4009167938707E8130A30029546B347F50291
:105FF400330A4B033EC8FD873ED2BD67938707A68D
:10600400334AFA021357FA413ACA330740413AD4A1
:106014007D873ACC1307A0FB3307EB02B347F702A3
:10602400138729003ECEFD873ED68567938707FAFE
:106034003399E70063E4360133993701E1679387C5
:10604400076A3345F502930700103309A90233495F
:10605400F902930740063309F9029307D00733493D
:10606400F9029357F9413ED88547B3963701B39760
:10607400E7008D878D863EC436C6954763E9374B66
:10608400930750473687B307F7023D67130707A600
:10609400814A814B13048008371D0040930480FA21
:1060A400B3876703B307F040B3C7E7023ED0FD8769
:1060B4003EDA7337048013778708BAC40F100000E0
:1060C400130770052300ED04930D0D0423009D04B4
:1060D4000F10000003473D051377870FA309ED0454
:1060E40003473D0513671700A309ED0423000D04BE
:1060F4002647732707800F100000130C7005916C5E
:106104007337048013778708BAC60F10000093070B
:1061140070052380FD0023809D000F1000000347BD
:106124003D05A16613670702A309ED0403570D0596
:1061340033679701420741832318ED0403570D0584
:10614400558F2318ED0423800D00364773270780ED
:106154000F10000003473D0513770702630D073C4A
:1061640003473D05218B6DDF880097B0FF1FE78053
:10617400A0C37337048013778708BACA0F100000CE
:1061840023808D0123809D000F10000003473D05EF
:10619400A1661377F70DA309ED0403473D051367C3
:1061A4000702A309ED0403570D053367970142075E
:1061B40041832318ED0403570D05558F2318ED046F
:1061C40023800D005647732707800F1000000347F4
:1061D4003D05137707026307073803473D05218B05
:1061E4006DFF97A0FF1FE780A0022A873ADC97A0E3
:1061F400FF1FE780E0016257E30AE5FE03570D0540
:10620400064533679701420741832318ED0497B08D
:10621400FF1FE78020BB03473D05218B6DDF03573C
:106224000D0583462D0511667D16B386C602C24749
:10623400718F13D6F641BA96B388F640925733B7A6
:10624400E60032971D8FD247B3B61601158F63C689
:10625400E700631CF700637A1A01E247634BF732E5
:106264006395E700A25763E6F832894663F576330F
:106274007337048013778708BAD00F100000130710
:1062840070052300ED0423009D040F100000034754
:106294003D0593F6F90F1377870FA309ED04034720
:1062A4003D05558FA309ED0423000D0406577327FC
:1062B40007800F1000001306700503473D051D8B72
:1062C400631337377337048013778708BAD40F10F2
:1062D4000000130770052300ED0423009D040F1034
:1062E400000003473D0591661377F70DA309ED04FC
:1062F40003473D0513670702A309ED0403570D0582
:10630400558F2318ED0403570D05A166558F2318E7
:10631400ED0423000D042657732707800F10000097
:106324009306700503473D05137707026307073299
:1063340003473D05218B6DDF880097B0FF1FE78081
:10634400A0A67337048013778708BAD80F1000000B
:10635400130770052300ED0423009D040F100000B3
:1063640003473D0591661377F70DA309ED04034731
:106374003D0513670702A309ED0403570D05558F67
:106384002318ED0403570D05A166558F2318ED045A
:1063940023000D044657732707800F10000093064F
:1063A400700503473D05137707026303072E034770
:1063B4003D05218B6DFF97A0FF1FE78060E52A8CC8
:1063C40097A0FF1FE780C0E4E30C85FF03570D058A
:1063D40091660645558F2318ED0497B0FF1FE7809B
:1063E400609E03473D05218B6DDF7337048013776F
:1063F4008708BADC0F100000130770052300ED04B2
:1064040023009D040F10000003473D051377F70D8B
:10641400A309ED0423000D046657732707800F10AA
:10642400000003570D0583462D0511667D16B386BE
:10643400C602718FC25713D6F641BA9633B7E60037
:10644400329733882641B3B606011D8F158F6346F4
:10645400E000631A0726630808261305800C330737
:10646400E5020256D256B335050333050503BA9542
:10647400EFC0620E9306150033B5A6002E95135790
:10648400F501BA9633B7E6002A971316F701858209
:106494000587D18E6346E0006313072E6381062EC1
:1064A4000356CD021582B305D60033B6C500329724
:1064B4006348E000631607361307F00F6372B736BC
:1064C40009476373572793078008F3B7078093F747
:1064D4008708BEDE0F100000B717004013077005D1
:1064E4002380E704130780FA2380E7040F100000D9
:1064F40003D7C70289668116558F420741832396C5
:10650400E70223800704F657F3A707800F10000063
:10651400BE402E449E440E49FA596A5ADA5A4A5BDE
:10652400BA5B2A5C9A5C0A5DFA4D696182802247F3
:106534009307504789BE7337048013778708BAC816
:106544000F10000023808D0123809D000F10000098
:1065540003473D0513670702A309ED0423800D00DB
:106564004647EDB67337048013778708BACC0F100B
:10657400000023808D0123809D000F10000003473D
:106584003D0513670702A309ED0423800D00664748
:106594001DB9E39F0BCC7246B2569315170013D363
:1065A400F80113951800B365B3003ADE46DCEFB08A
:1065B400927A7257850B93FBFB0F6346E00031EF31
:1065C400E258638C08049306150033B5A600AA9517
:1065D40013D7F501BA9633B7E6002E9785827E0766
:1065E400558FF336048093F68608B6CE0F1000005C
:1065F40023808D0123809D000F1000008356CD025F
:106604003697420741832316ED0223800D00764717
:10661400732707800F100000E5B49306F5FF1335C8
:106624001500898D75B77337048013778708BAD23C
:106634000F1000002300CD0423009D040F10000060
:1066440003473D05558FA309ED0423000D04165798
:10665400732707800F1000008DB173370480137700
:106664008708BAD60F1000002300DD0423009D0420
:106674000F10000003473D0513670702A309ED044B
:1066840023000D043657732707800F10000059B9F3
:106694007337048013778708BADA0F1000002300D9
:1066A400DD0423009D040F10000003473D0513671C
:1066B4000702A309ED0423000D045657732707802E
:1066C4000F100000F9B99305800C3387E502338578
:1066D4000503B3B50503BA95154763733705A24798
:1066E400130750473387E702330660413306E60257
:1066F4003D67130707A63346E6029356F641EFB00B
:1067040092651306F5FF13351500898D13D7F5012E
:106714003A963337E6002E979316F70105828DBB20
:10672400B247130750477DBF1307800873370780AC
:10673400137787083AC10F100000B71600401307FB
:1067440070052380E604130780FA2380E6040F1003
:10675400000003D7C602056601161377F70F518FA1
:10676400420741832396E602238006040A477327DF
:1067740007800F100000850A93FAFA0F1DBA33E65A
:10678400E60059CE0356CD02B335D0003307E040BE
:106794000D8F3305D04015826345E00051E36371EA
:1067A400A60809476370570593078008F3B7078065
:1067B40093F787083EC30F100000B7170040130774
:1067C40070052380E704130780FA2380E7040F1081
:1067D400000003D7C7027D8B2396E70223800704BA
:1067E4009A471DB373370480137787083AC50F108F
:1067F4000000130770052300ED0423009D040F100F
:1068040000000357CD02856681161377F70F558F65
:10681400420741832316ED0223000D042A4781BF5A
:1068240093078008F3B7078093F787083EC70F10D4
:106834000000B7170040130770052380E70413070F
:1068440080FA2380E7040F10000003D7C7029606DE
:106854003697420741832396E70223800704BA4709
:1068640065B1411113078008F337078093F7870850
:106874003EC40F100000B717004093057005238035
:10688400B704130680FA2380C7040F10000083C6E0
:10689400170393F6860EA388D70223800704A24623
:1068A400F3A606800F10000073370780137787085C
:1068B4003AC60F1000002380B7042380C7040F10CA
:1068C400000003C71703498F136707011377F70FF6
:1068D400A388E70223800704B247F3A707800F10B9
:1068E400000041018280011122CC06CE2A8497A0A7
:1068F400FF1FE780E0912295B707C0A863F5A700C2
:10690400B70740573E9593078008F3B7078093F77E
:1069140087083EC60F100000B71700401307700524
:106924002380E704130780FA2380E7040F10000094
:10693400C8DB03C7170313670702A388E702238092
:106944000704B247F3A707800F100000F240624427
:106954000561828041111307000211C57D151335AD
:1069640015001317450093078008F3B7078093F7C2
:1069740087083EC60F100000B71700409306700545
:106984002380D704930680FA2380D7040F100000D5
:1069940083C617031347F7FF758FA388E702238085
:1069A4000704B247F3A707800F100000410182805B
:1069B400914763EAB70897D702009387677A8A05F5
:1069C400BE9598413E97B71700409387470B0287BF
:1069D40094431345F5FF37170040E98E94C393069B
:1069E400070B9C42E98F9CC29307070A9843798D51
:1069F40088C3828090439346F5FF37170040758E15
:106A040090C31306070B1C42C98F1CC29307070AC5
:106A14009843F98E94C38280944337170040C98EFB
:106A240094C39306070B9C421345F5FF65BF94433B
:106A34001347F5FF758F98C3B71700409387070A6C
:106A44009843498F98C382809843498FEDB7914703
:106A540063EAB70897D702009387C7718A05BE9582
:106A640098413E97B71700409387470D0287944398
:106A74001345F5FF37170040E98E94C39306070DBD
:106A84009C42E98F9CC29307070C9843798D88C375
:106A9400828090439346F5FF37170040758E90C36C
:106AA4001306070D1C42C98F1CC29307070C984399
:106AB400F98E94C38280944337170040C98E94C3DF
:106AC4009306070D9C421345F5FF65BF9443134796
:106AD400F5FF758F98C3B71700409387070C984349
:106AE400498F98C382809843498FEDB73717004088
:106AF4008357870109C5CD8F231CF700828093C576
:106B0400F5FFED8FD5BF797122D43714004026D21A
:106B14004AD0035924028354040206D64209C2040B
:106B24004ECE52CC56CA13590901C1802DE11379B6
:106B3400F9F793F4F49F4209C20413590901C1807F
:106B440093078008F3B7078093F787083EC40F10B4
:106B54000000930770052300F404930780FA2300D0
:106B6400F4040F10000023112403231094022300C3
:106B74000404A247F3A707800F100000B250225468
:106B840092540259F249624AD24A45618280B7F569
:106B9400070081463000B105194597A0FF1FE78023
:106BA400007022478967F98FF1FB1369090893E4A0
:106BB400044093098008F3B7098093F787083EC01F
:106BC4000F100000930A700523005405130A80FA7D
:106BD400230044050F100000231124032310940202
:106BE400230004048247F3A707800F1000002945FF
:106BF40097A0FF1FE7804026F3B9098093F989081D
:106C04004EC20F10000023005405230044050F104A
:106C140000008357040293E707202310F4022300A3
:106C24000404924781BFB74700404147A381E7006E
:106C340009472380E70003C7070013674700238041
:106C4400E700130700FA2380E70003C71700136760
:106C54000701A380E70003C717001377E70FA3809A
:106C6400E7008280894737470040631DF50083476A
:106C7400170093E70704A300F700B7470040A38178
:106C8400A70082808347170093F7F70BEDB7894776
:106C94006308F50263E2A7021DE9B747004003C792
:106CA40007001377770F2380E70003C717001367E4
:106CB4000702A380E70082808D47630AF500828083
:106CC400B747004003C7070013678700E9BFB7470A
:106CD400004003C707001377770F2380E70003C73B
:106CE40017001377F70DF1B7B747004003C7070044
:106CF400B74600401377F70E2380E7002382A700EE
:106D040089679387177103C766001377070419E32C
:106D1400FD17F5FB8280B747004003C707009D4677
:106D2400374600401377F70E2380E7002396B70019
:106D3400AA950547C2052383E700C1813747004070
:106D440093170501C1836398B70037470040834711
:106D54007700F5FF828003487700E3E606FF834768
:106D6400050005052308F600E1BFB74700401147B9
:106D7400A381E74009472380E74003C7074013671F
:106D840047002380E740130700FA2380E74003C746
:106D9400174013670701A380E74003C71740137721
:106DA400E70FA380E740828089476305F50463E227
:106DB400A70205E5B747004003C707401377770FDD
:106DC4002380E74003C7174013670702A380E74007
:106DD40082808D476307F5028280B747004003C76E
:106DE40007401377770F2380E74003C717401377D3
:106DF400F70DE9BFB747004003C707401367870093
:106E0400C1B7B747004003C7074013678700E1BF16
:106E1400B747004003C707401377F70E2380E740C6
:106E24002382A740374700408347674093F707040E
:106E3400E5DF8280B747004003C707401377F70EAA
:106E44002380E7407D572382E7403747004083474C
:106E5400674093F70704E5DF034547408280B7178F
:106E6400004003D787009306000C1377070C630FC9
:106E7400D70403D78700137707101DC703D78700EC
:106E840083D787007D8B09EB93F70720A1C737557C
:106E9400E80113050580828037C59812FD8B130520
:106EA40005E03345F502828003D7870083D7870046
:106EB40013770720FD8B11C73755E80113050580AB
:106EC400CDB73725F40013050540E1BF216513054F
:106ED40005D082803725F400130505408280B7F77A
:106EE40000E088478280B717004083C767044111D8
:106EF40093F7F70F13F7D70F19C113E72700930779
:106F04008008F3B7078093F787083EC60F10000088
:106F1400B7170040930670052380D704930680FAC0
:106F24002380D7040F1000002383E7042380070481
:106F3400B247F3A707800F1000004101828041117E
:106F440093078008F3B7078093F787083EC60F10AE
:106F54000000B7170040130770052380E7041307E8
:106F640080FA2380E7040F10000003C76704136747
:106F740007012383E70423800704B247F3A70780AC
:106F84000F1000004101828032858147373700406D
:106F9400A14663C3A70082800346B700E30ED6FE72
:106FA4003386F5000346060085072304C700D5B7DA
:106FB40097E6FF1F9386460CAA87884217970120FD
:106FC400130787B1AA9763E9E7000A87130707FC49
:106FD4006364F7009CC282807D558280411122C483
:106FE40006C62A84AD3D2947B307E502B2408D8326
:106FF400B3D7870222449507B3D7E7023737004057
:10700400C207C1832316F7004101828071654111D3
:107014001305052006C6D937B7370040130770F8A3
:107024002381E7000D47A381E70013070004A38031
:10703400E70005472387E700B240410182803737E4
:107044000040834727001A0593F7F703C98F93F786
:10705400F70F2301F700828019CDB737004003C72B
:1070640017004D8FA380E70003C70700136787004D
:107074002380E7008280373700408347170093C599
:10708400F5FFED8FA300F7008280AA95C205C181A8
:1070940037370040A1463736004093170501C183B6
:1070A4006393B70082800348B700E30BD8FE83479D
:1070B400050005052304F600CDB7828017A3FF1F42
:1070C4006700E3DA15B1411193050010014506C6C6
:1070D400313C8D452965E93805658D458D3AA136E4
:1070E400B2400545410165B6411122C406C603C735
:1070F40005008947138501900544631CF702DC41B0
:10710400294403C7070083C71700A207D98F416723
:10711400130717EE639FE7002300D500814793F61A
:10712400F60F938501BF1397070141836366D70266
:1071340001440346050001CE83A7419089CBDC437B
:1071440099C7938501BF0145829723800190B2407E
:1071540022852244410182803307F6000348070058
:107164003387B70085072300070175BF03C70500F0
:107174008947631FF704DC4103C7070083C717006F
:10718400A207D98F4167130717EE639FE702328581
:107194002390060003C6119021C241112390C6001A
:1071A400938581CE06C697A0FF1FE7808051A380F8
:1071B400019083A7419089C79C4399C30145829755
:1071C400B240014541018280239006002945828016
:1071D400239006000545828001458280058909CDFA
:1071E40097E6FF1F938686954146914517E5FF1F55
:1071F400130585956F00A14F0145828009C523A21F
:10720400A190014582804545828051476360C70251
:107214004111138581CE06C6A380C19097A0FF1F9C
:10722400E780204AB2400145410182801305E00F06
:10723400828017D70200130727659377050F93768B
:10724400F500BA97B69783C507009357850093F660
:10725400F70093F7070FBA97B69783C607009357BB
:10726400050113F6F70093F7070FBA97B29783C790
:1072740007001356C501A206C207BE96120693570D
:107284008501BD8B32973E9703450700AE96620594
:10729400369582801D71A2CCA6CACAC82A84AE843F
:1072A400328997D502009385E5E41306C0034800AC
:1072B40086CECEC6D2C4D6C2DAC0EFE0DF8C930746
:1072C400000C6307F90A930700106306F90A930791
:1072D40000086315F9081149A94922850147834724
:1072E40005000346150093162700E2074206D18FD6
:1072F40003463500A6960507D18F034625001105E0
:107304002206D18F9CC2E31C27FD9317290085090F
:107314003384F4008A09B304F0404A8B194A914A31
:10732400B3672B030325C4FFB1EB93178500618179
:107334005D8D01379307FBFFB3C727038A07938744
:1073440007048A9783A747FC3D8DB30794009C43A9
:10735400050BA98F1CC01104E3143BFDF6406644E1
:10736400D6444649B649264A964A064B2561828048
:107374001949B1499DB72149B94985B7E3572AFD50
:10738400E39557FD7D35D1B79C418346050013D75E
:107394008701358F834645002300E50013D7070195
:1073A400358F834685002302E50013D78700358F88
:1073B4002304E5000347C50083461500B98F23065F
:1073C400F500DC4113D78701358F83465500A300B0
:1073D400E50013D70701358F83469500A302E50026
:1073E40013D78700358FA304E5000347D5008346F0
:1073F4002500B98FA306F5009C4513D78701358F67
:10740400834665002301E50013D70701358F8346C2
:10741400A5002303E50013D78700358F2305E50076
:107424000347E50083463500B98F2307F500DC45A3
:1074340013D78701358F83467500A301E50013D761
:107444000701358FA303E5008346B50013D78700F2
:10745400358FA305E5000347F500B98FA307F500B1
:1074640082800347050097D702009387E73193761C
:10747400F7001377070F3E9736970347070023005B
:10748400E500034715009376F7001377070F3E973F
:10749400369703470700A300E500034725009376CA
:1074A400F7001377070F3E9736970347070023012A
:1074B400E500034735009376F7001377070F3E97EF
:1074C400369703470700A301E50003474500937679
:1074D400F7001377070F3E973697034707002302F9
:1074E400E500034755009376F7001377070F3E979F
:1074F400369703470700A302E50003476500937628
:10750400F7001377070F3E973697034707002303C7
:10751400E500034775009376F7001377070F3E974E
:10752400369703470700A303E500034785009376D6
:10753400F7001377070F3E97369703470700230496
:10754400E500034795009376F7001377070F3E97FE
:10755400369703470700A304E5000347A500937685
:10756400F7001377070F3E97369703470700230565
:10757400E5000347B5009376F7001377070F3E97AE
:10758400369703470700A305E5000347C500937634
:10759400F7001377070F3E97369703470700230634
:1075A400E5000347D5009376F7001377070F3E975E
:1075B400369703470700A306E5000347E5009376E3
:1075C400F7001377070F3E97369703470700230703
:1075D400E5000347F5009376F7001377070FBA9792
:1075E400B69783C70700A307F500828003476500A9
:1075F40083477500A303E500034755002303E50013
:10760400034745002302F5008347B500A302E500C4
:1076140003479500A304F5008347A500A305E500EF
:10762400034785002304F5008347F5002305E5009F
:107634000347C500A307E5000347D5002306E5007B
:107644000347E5002307F500A306E500828083488D
:10765400050003484500194783458500B388E802BF
:107664008346C50097D70200938707B23308E80220
:10767400BE9803C65800B385E5023E98034338001C
:1076840033466600B386E602BE9503C3450033461F
:107694006600BE9603C32600334666002300C50079
:1076A4000343580003C628003346660003C335006D
:1076B4003346660003C34600334666002302C50012
:1076C4000343280003C648000348480033466600C5
:1076D40003C3550083C525003346660003C3360043
:1076E40083C65600334666002304C50003C638002B
:1076F4008348150033460601034855002D8EB38890
:10770400E80283459500B18E2306D5008346D50053
:107714003308E802BE9803C65800B385E5023E98D4
:107724000343380033466600B386E602BE9503C3BE
:10773400450033466600BE9603C326003346660002
:10774400A300C5000343580003C62800334666005F
:1077540003C335003346660003C346003346660060
:10776400A302C5000343280003C648000348480099
:107774003346660003C3550083C5250033466600BF
:1077840003C3360083C6560033466600A304C5000F
:1077940003C63800834825003346060103486500C4
:1077A4002D8EB388E8028345A500B18EA306D500CB
:1077B4008346E5003308E802BE9803C65800B38543
:1077C400E5023E980343380033466600B386E6027A
:1077D400BE9503C3450033466600BE9603C3260028
:1077E400334666002301C5000343580003C628003E
:1077F4003346660003C335003346660003C34600C0
:10780400334666002303C5000343280003C648002B
:107814003346660003C355003346660003C336008F
:107824000348480083C52500334666002305C50088
:1078340003C6380083C65600834835003346060124
:10784400034875002D8EB18EB388E8022307D50056
:107854008346B5008345F5003308E802BE9803C6A5
:107864005800B386E6023E98034338003346660068
:107874003387E502BE9603C3460033466600BA97D3
:1078840003C72700318FA301E5000346580003C74F
:107894002800318F03C63600318F03C64700318F6D
:1078A400A303E5000346280003C74800318F03C63D
:1078B400560083C62600318F03C6370083C757009E
:1078C400318FA305E5000346480003C73800318F14
:1078D400358FB98FA307F5008280797122D426D21F
:1078E4004AD006D64ECE834705002E84B2842300A8
:1078F400F100834715001309060A2302F1008347A8
:1079040025002304F100834735002306F100834753
:107914004500A300F10083475500A302F10083470B
:107924006500A304F10083477500A306F1008347B3
:1079340085002301F100834795002303F100834769
:10794400A5002305F1008347B5002307F100834711
:10795400C500A301F1008347D500A303F1008347C9
:10796400E500A305F1008347F500A307F1009307A1
:10797400000863DED71A9307000C9309060C63D43E
:10798400D71A9305060E0A8501340A8585310A85BE
:10799400C93C9385040D0A85C53A0A854D390A8583
:1079A400B1310A857D3C0A85CE85F93A0A8545318F
:1079B4000A852D390A8575349385040B0A85E932C5
:1079C4000A8571310A851D310A85613C0A85CA859B
:1079D400653A0A85AD390A8511390A855934938582
:1079E40004090A8555320A859D310A8501310A85C3
:1079F4008D3C938504080A85413A0A8589390A85AC
:107A0400F5360A85B93C938504070A85B53A0A8593
:107A14003D390A85E13E0A85A934938504060A8521
:107A2400A5320A852D310A85D1360A851D3C9385F8
:107A340004050A85913A0A8519390A85453E0A855D
:107A44000D34938504040A8581320A8509310A8537
:107A5400713E0A853934938504030A8535320A85D3
:107A6400FD360A8561360A85ED3A938504020A8556
:107A7400213A0A85E93E0A85953E0A85DD329385D9
:107A840004010A8511320A85D9360A8585360A85A4
:107A9400C93AA6850A85CD38834701002300F4003E
:107AA40083474100A300F400834781002301F400CD
:107AB4008347C100A301F400834711002302F400AB
:107AC40083475100A302F400834791002303F40089
:107AD4008347D100A303F400834721002304F40067
:107AE40083476100A304F4008347A1002305F40045
:107AF4008347E100A305F400834731002306F40023
:107B040083477100A306F4008347B1002307F40000
:107B14008347F100A307F400B2502254925402594F
:107B2400F24945618280CE850A85B93851B5CA8546
:107B34000A85EFF07F8545B52D71B7072000232610
:107B44003111232E1110232C8110232A9110232864
:107B540021112324411123225111232061119389DE
:107B6400F5FFF91763F6370301448320C111228519
:107B74000324811183244111032901118329C11094
:107B8400032A8110832A4110032B0110156182807E
:107B940093F7F500AE84E9FB2A8A79D53689E9D6CC
:107BA4000545B28A2E8BEFB0C2142A8455DD130624
:107BB400001081450A85EFD07FFE4A851306000830
:107BC4008A85EFF02FED0149B305240133052A011D
:107BD400930600080A8641090933E36799FEA299CE
:107BE40003C70900BD469307F7FF93F7F70F63E058
:107BF400F602B30794003E8683C6F7FF6399E60056
:107C0400FD17B306F640E3E9E6FE338BE44023A018
:107C14006A01A1BF411122C406C62A84EF60901BE9
:107C24001307F5FFF55763EBE700018D3335A0002B
:107C34003305A040B2402244410182800145DDBFAA
:107C4400397122DC26DA2E84AA84AA85414613855A
:107C540001E506DEEFD03FF31306B4FE938554012D
:107C640013840191080810C0EFD0FFF14D469D45E3
:107C7400138501E6EF60F00110400C08138501E65E
:107C840032C6EFB08246324601CD0C08138501E6B8
:107C9400EFD07FEF4D469D45138501E6EF6060769A
:107CA4006254F250D254854717670120A30AF7E8BB
:107CB4000546E94517650120130595E821616F60C4
:107CC4004074C167F917630FF504411106C622C455
:107CD4008547639EF50241641305F4FF938501E132
:107CE400EFF0F02A1305F4FF938501E0EFF0302A5A
:107CF4001305F4FF938501DFEFF070291305F4FFFA
:107D04002244B240938501E241016FF05028894733
:107D14006396F5008545EF10911C55DDB240224471
:107D2400410182808280411122C441641305F4FF21
:107D3400938501E106C6EFF090251305F4FF9385C2
:107D440001E0EFF0D0241305F4FF938501DFEFF099
:107D54001024938501E21305F4FFEFF05023170577
:107D64000000130545F6EF10B10E2244B24097D639
:107D7400FF1F938626E541469305100217D5FF1F82
:107D8400130505E541016FF09016797126D24ECEA8
:107D940052CCB6842E8ABA8981460147ED4522D455
:107DA4004AD006D62A8932842315C100EFC0F0696F
:107DB4002AC621CD2286D28597A0FF1FE780609036
:107DC400CE854A85EFD0B0760589494415C1920421
:107DD40097D7FF1F9387C7DFA69783D7A7000146CE
:107DE4002C004A852314F100EFE0903A2A8409C557
:107DF400ED452800EFD08029B250228522549254B8
:107E04000259F249624A456182805544F5B701112D
:107E140022CC26CA4AC84EC652C456C25AC006CE3E
:107E2400AA842E89B2890D44138A01E1894A514BEF
:107E340003D609005287A546CA852685B9370DC5DC
:107E44009307B5FE93F7F70F63EEFA000565130584
:107E540085389790FF1FE78020007D141374F40F7A
:107E640061F819A0E31B65FFF2406244D244424921
:107E7400B249224A924A024B0561828001110546A9
:107E840093051008680006CE22CC26CAEF60606015
:107E940017D4FF1F130484D19384019FEF406074AF
:107EA400A301A40003C554001181EF30C07E230256
:107EB400A40003C554003D89EF30E07DA302A40073
:107EC40003C544001181EF30007D2303A40003C5E2
:107ED40044003D89EF30207CA303A40003C5340093
:107EE4001181EF30407B2304A40003C534003D8995
:107EF400EF30607AA304A40003C524001181EF309D
:107F040080792305A40003C524003D89EF30A078BF
:107F1400A305A40003C514001181EF30C077230624
:107F2400A40003C514003D89EF30E076A306A40045
:107F340003C504001181EF3000762307A40003C5B4
:107F44000400976401209384E4BE3D89EF30A0745B
:107F540083C75401A307A400130661008583938794
:107F6400170293055100130580252308F400EF3010
:107F74002074834751008345C1000145A308F400E0
:107F8400834761002309F40093070002A309F40066
:107F9400EF30C07683C6E401230AA40005479307A3
:107FA40010046384E60093072004A30AF4009307F3
:107FB4005004230BF400EF60E0617D1575579307BF
:107FC40010036374A70093070003A30BF400834713
:107FD400140109469305F007238EF1908347240189
:107FE4002800A38DF19083472400238DF190EF6046
:107FF400404A03478100830751006318F700034791
:108004009100830761006307F7021306F00F9305DD
:10801400F00F0145EF508036834751000946930520
:10802400F0072304F100834761002800A304F10052
:10803400EF60203D854713067100854513055030D8
:10804400A303F100EF60726B17D6FF1F130606B689
:10805400E14513057030EF60526A17D6FF1F13060F
:1080640066B3D54513056030EF603269F24062446F
:10807400D24405618280411106C60547AA8593074B
:1080840000056304E5009307000417D6FF1F1306D9
:10809400E6B117650120034545AB230AF600EF302E
:1080A400E06517D6FF1F130666B0230AA600B24088
:1080B400E1451305703041016F6032649767012018
:1080C40083C797A8858317D6FF1F130626AE938709
:1080D4001702E145130570302308F6006F60F26162
:1080E40082800111054668009305100806CEEF60F2
:1080F400403A8345C10017650120034505A5EF30CB
:10810400E05F17D6FF1F130666AA230AA600E145FF
:1081140013057030EF60725EF24005618280397140
:108124004ED65ECE06DE22DC26DA4AD852D456D2A9
:108134005AD0AA8BAE89EF10203E51E9EF10003FD0
:1081440059E583C70B001307300493F6B70F638612
:10815400E60013075004639CE70603C71B0093075C
:1081640000046316F70603C72B009307100263107D
:10817400F70603C73B0093073002631AF704176B33
:108184000120130B2B9B03470B0285476301F70464
:10819400834A0B00639D0A02354693053008138514
:1081A40001DEEF60002F05469305000913858190D9
:1081B400EF60202E138A819083470A006399370D5C
:1081C4004E86938501DE5E85EFA0523469E1F2505C
:1081D4006254D2544259B259225A925A025BF24B17
:1081E40021618280B385FB0083C605006383E618A2
:1081F4008507E3E937FF0145EFF0DFA169F9914411
:108204009307500263E93409CE84F114F9CC85470D
:10821400639BF40803C44B0001491304F4FD137475
:10822400F40F4E86DE85138501DEEFD0DF953546EB
:1082340093053008138501DE23003A01EF60601CCA
:1082440005469305000913858190EF60801B83C761
:108254000B00130770046391E70A8D47E399F4F662
:1082640099472309FB00930710066383FA089307D1
:1082740020066381FA0893073004E39AFAF48D47E1
:10828400A307FB00230A8B00A3092B01B5A8914780
:1082940013075002B9BF33879B0003470700E30667
:1082A400F7F6850485B78947639FF40003C44B0040
:1082B40003C95B001304F4FD1309F9FD1374F40FEF
:1082C4001379F90FB9BF8D47E393F4F003C44B005E
:1082D40003C95B0083CA6B001304F4FD1309F9FDA1
:1082E4001374F40F1379F90F2DBF0149014415BF1D
:1082F400854779B7894769B7130730046395E7045D
:1083040095E48D472309FB006254F250D25442593C
:10831400B259225A925A025BF24B03C5719E13065C
:10832400800C9305000221616F70A07785476398E4
:10833400F40091472309FB00230A8B00F1B791470E
:108344002309FB0081B713075004E39FE7FA91E484
:10835400975701202389077E45BF85476395F4001D
:1083640023099B00D1BF8947E393F4E623099B00CB
:1083740011BF1387F9FFB307F7401147E379F7E417
:10838400154685052800EFD01F80014581479305D8
:10839400D0041306E004954638003E97030707000F
:1083A4001307F7FC1378F70FE3E305E33305C5027E
:1083B40085073A95E392D7FE81B5411106C622C4DA
:1083C40026C2EF106015631A0512EF10201663160B
:1083D4000512EF10E016175401201304A475034787
:1083E40024019947631BF7049757012023A00774BE
:1083F400930720108544231CF40023089400EF40C5
:10840400D044130520039790FF1FE780E0A4834521
:108414003401034544010546EF50201EFD57631304
:10842400F50C9757012023870770130520039790B5
:10843400FF1FE78060A2EF4090418347240181EF52
:108444001306F00F9305F00F0145EF403073975773
:1084540001202381076E0347240185476310F70237
:10846400834544011306F00F0545EF50600483452E
:1084740044011306F00F0545EF40507003472401F3
:1084840089476310F70203463401834544010945D3
:10849400EF50000203463401834544010945EF408F
:1084A400F06D034724018D476317F70001468145AA
:1084B4000D45EF40F07F0347240191476319F7000E
:1084C400834544011306F00F1145EF40707E2244AA
:1084D400B240924403C5719E1306401FC145410139
:1084E4006F70205C8347440103473401A308940060
:1084F400A309F400230AE4000DBFB24022449244CD
:1085040041018280411106C6EF10A012B240238CB3
:10851400019023AA019023870190A3860190410131
:108524006F20E070011122CC26CA938701E406CEA5
:1085340003C6E70083C5F7008946AA84EF40F031FB
:10854400FD572A846318F502A94705466C00138772
:1085540001E1A54626852306F100EFF01F831306EB
:10856400401FC14503C5719E975701202384075CB2
:10857400EF702053F24022856244D2440561828028
:108584000111175701202329075A22CC26CA9757CD
:1085940001209387275A06CE05472398E70013073F
:1085A400000598DB1757012023220758175701208D
:1085B400230C0756138401E409479754012093843C
:1085C400A45698C4034704002AC6238CE7005840E5
:1085D40098C797570120A38B07569757012023AFBD
:1085E4000756EF4090268347040032459DE3034538
:1085F4001400894571153335A0002380A400EF5081
:10860400D06EEF40F0530145F2406244D24405611C
:108614008280093FAA877D55E3C807FE2380F400C2
:10862400CDB79D4763EFC70085473396C7001375E1
:10863400D60A930710040DE1137626059307200448
:1086440001EE175501200345D54F09469307100441
:108654006314C5009307200419462310C7001307A9
:1086640030042380E6001307F004A380E600130718
:1086740040042381E60013075004A381E60023820B
:10868400F600A382B600828083D7A50017C7FF1F18
:108694000357A7540111998FC20722CC26CA06CECC
:1086A4004AC8C1836547B28436846380E7061307EA
:1086B40000026386E7065D476390E704975501204F
:1086C40083C55548FD1513076100340003C611E442
:1086D40093B51500231301000149A13781CC19C8B2
:1086E40003596100994763E027034A862C002685D5
:1086F400EFD06FC923102401F2406244D2444249AE
:108704000145056182800149F5B79757012083A788
:1087140067452380F40085472310F400F1BF054624
:1087240093051008280023040100EF509056834756
:108734008100FD1793B71700E9BF9387C19003C762
:1087440007002DEB011106CE22CC05472A84F14502
:1087540017C50200130585442380E7002313010095
:10876400EF60D075EF20A04CA386019097570120AD
:10877400A38A073C9757012023A0073C9757012061
:1087840023A6073A23870190A38C0190EF40300C75
:10879400130761003400228503C611E49145513565
:1087A400130661002C002285EFF06FE6F24062446C
:1087B400056182808280797122D406D626D24AD07D
:1087C4004ECE52CC83C7D1902A8485E7D94517C5AC
:1087D40002001305253BEF60706E2285B93F7D5979
:1087E400B25022549254F249624A4A850259456170
:1087F40082802E8593150601C181EF20805C2A8931
:1088040071F5975401209384E432DC40938901E4A8
:1088140003A749008507DCC0638AE700E372F7FC1D
:10882400F14517C502001305E53375B7EF20606AFB
:1088340019C5E14517C502001305053169BF238633
:1088440001909757012023A9072E854709479CC407
:10885400975701209387472D98C703C7090009C775
:1088640003C50700EF407008A38601902387019099
:10887400A38C019083C70900054A238CF400EF40C0
:10888400007D03C619001307610034008545228565
:108894009757012023AC0728A388440159331306B2
:1088A40061002C002285EFF08FD683C719000D4795
:1088B400E388E7F2F117856593B7170013064006BE
:1088C4009385058003C5719E238C419123AA019051
:1088D400DCD4EF70001D29B70111130761003400C7
:1088E40003C611E4894506CE22CC231301002A8451
:1088F4000D3B130661002C002285EFF04FD11305C8
:108904002003EFE0AFFB130661002C002285EFF09B
:108914000FD013052003EFE06FFA130661002C005B
:108924002285EFF0CFCEF2406244056182801D7152
:1089340086CEA2CCA6CACAC8CEC6D2C4D6C2DAC013
:108944005EDE62DC66DA83CA850093FA0A02639506
:108954000A04975901209389E91D8547A38DF900DD
:1089640003D4A50097C7FF1F83D727272A8A1D8C06
:1089740083C7E9014204AE8BB28436893A8B4180C5
:1089840091EFF94763E7870EB717884A938707087B
:10899400B3D78700858B99C3A14AEDA8CD4763EA75
:1089A400870CB717080093870708B3D78700858B10
:1089B400A5C39387919003C7070039EB0547894600
:1089C4002286914517C50200130505FC2380E700A4
:1089D400EF60104FA1464A86914517C50200130562
:1089E40025FBEF60F04DEF00D0322A868946914591
:1089F40017C50200130545FAEF60904C894603C67B
:108A04008191914517C50200130585F9EF60504B1C
:108A1400EF009030EF00F02F83C781915D8D1375C7
:108A2400F50F59CD31476305E4004D476319E40A56
:108A340083A78180B9EF9387A19003C7070031EB27
:108A440005472380E700EF00D02C2A868946A145FC
:108A540017C50200130545F5EF609046894603C625
:108A64008191A14517C502001305C5F4EF60504577
:108A74000DA0EF00702A59DD130794FE42074183CD
:108A8400A547E3E9E7F893075029B3D7E700858BB7
:108A940085C3C54AF6406644D6444649B649264A83
:108AA400064BF25B625CD25C5685964A25618280F5
:108AB400EF00302683C781915D8D1375F50F35F571
:108AC400751442044180F547E3EE870617C7020098
:108AD400130747F70A043A941C40BA97828775141F
:108AE400420441807547E36F870497C6020093866A
:108AF400E6FC0A0436941840369702876644F6402A
:108B0400B649964A625CD25C5A87CA86064B464985
:108B14002686DE85D644F25B5285264A8547256142
:108B24006FD0E02517F6FFFF1306C611CA85268508
:108B340097570120A38B0700EF209024A1BFB145D4
:108B440017C502001305051423870190A38501901E
:108B540023850190A3840190EF6050364A86A68550
:108B64001385E1E7EFD02F8235B781CF1387419189
:108B74001C4381CBFD171CC3E39E07F023870190A0
:108B840011BF938BB19083C70B00E39507F0938CCF
:108B9400919103C70C0085476313F702938601E3A1
:108BA4007008CA852685EFE03FF92A841DE1CD458A
:108BB40017C502001305C50BEF605030F1BB4A85A1
:108BC400EFA0C2134ACE2A847DD14A86A685EFC07F
:108BD4009FFB138CE19083470C0072466392073627
:108BE400BD47630FF60C8547B14517C50200130551
:108BF40025072380FB00EF60702CA1464A86AD4513
:108C040017C502001305C5DBEF60902B7246A14621
:108C1400AD4517C50200130565DBEF60702AA14658
:108C24005A86AD4517C50200130505DBEF605029D0
:108C340003C60C008946AD4517C50200130585DA45
:108C4400EF601028724619C2034604008946A945FC
:108C540017C502001305C5D9EF60902672478547F2
:108C6400014663F4E700034614008946A94517C585
:108C740002001305A5D8EF60B0247247AD47014642
:108C840063F4E7000346B4008946AD4517C5020006
:108C9400130585D7EF60D0227247BD47014663F4C0
:108CA400E7000346F4008946AD4517C502001305E5
:108CB40065D6EF60F0202285EFA0C204B54AD9BB87
:108CC40083C7819103491400D9CB83472400034708
:108CD400340093844191E2074207D98F034754003B
:108CE400E14517C502001305E5F5D98F0347440094
:108CF400231C01002207D98F9CC0EF60301C9040D8
:108D0400A146D14517C50200130585D1EF60501B5C
:108D14009C4038081410B337F0004A868D455285BC
:108D24002300FC00EFF0FF8F30080C105285EFF0A9
:108D34000F8E13052003EFE06FB830080C10528536
:108D4400EFF0EF8C13052003EFE04FB730080C1061
:108D54005285EFF0CF8B2285EF90D27A25BB8347E3
:108D64000400938401E4A38024012380F4006307B6
:108D740009009307D9FF93F7D70FA9E78547A3877E
:108D8400F9008347240003473400034BB400E2078F
:108D94004207D98F03475400D98F03474400220761
:108DA400D98FDCC005476301EB04D14517C5020028
:108DB4001305C5E7EF6090102285EF90B274930A13
:108DC4000008C9B985476307F9009377D90F11479C
:108DD4006394E700894765B789476305F9009D47B0
:108DE400E311F9FA8D4761BF99E7E14517C5020020
:108DF400130505E2C1B70349640083477400834C3B
:108E0400E4006209C2073369F900834794003369B7
:108E1400F90083478400A2073369F90023A42401DD
:108E2400EF50407B1307F5FFF55763FFE7066395A3
:108E34006C014A85EF50A0768347A4001389818092
:108E4400B1452386F4008347B40017C50200130517
:108E540065D9A386F4008347C4002387F40003473D
:108E6400D400238AF90083A701922320F900A38761
:108E7400E400A389E900EF60700403460900894611
:108E8400A54517C50200130525BBEF607003032930
:108E9400090063110906A385019083C704008DCBE3
:108EA40085472380FB0009BF6317A900E3960CF8EC
:108EB400EF50607551B7E14517C50200130585D31E
:108EC400EF60C07F528523006C01EFF0FFA061B515
:108ED40083C514008947E3E5B7FCD44003C6F90011
:108EE4005285EF0020774DFDEF40804585472300F4
:108EF400FC0095B58547E311F9ECEF0060645285F9
:108F0400EFF00FE8FD57631DF500D94517C50200C2
:108F14001305C5CBEF60807A2285EF90B25EADBCBD
:108F240017550120034545C023860190EF10505189
:108F340009C55285EFF07F80C5B7A38621917DB71F
:108F440083A7818089EFC167E37CF6F4931506015A
:108F5400C1812285EF00100FE30F05DE91B7A285D2
:108F64005285EFF05F85E30805DEB9B5D12B85475F
:108F7400CA8526852387F900EF50504021BEC923B6
:108F84009547138401E42300F4009757012023AF8D
:108F940007B893071010054BCA852685239CF90052
:108FA40023886901EFE06F9103C70400AD47631E96
:108FB400F70803C73400A9476314F700A3876901BE
:108FC40003C73400AD476315F7008947A387F90049
:108FD40003C73400B1476318F7008D47A387F9002E
:108FE4009D472300F400EF40A035EF400006130531
:108FF40020039780FF1FE78020E683C5140003C584
:1090040024000546EF40605FFD57631BF506854766
:1090140005460C10138701DFED4652852300F1024B
:10902400EFE0BFD61306401FC14503C5719E975795
:109034000120238107B0EF60D02613052003978019
:10904400FF1FE78060E1EF40800003C70400B147E1
:10905400E312F7A485476319F9021306F00F930589
:10906400F00F0145EF40803197570120238407AC6E
:109074001306401FC14503C5719EEF60902219BCC1
:109084008547A388F90055BF89476318F90083C54C
:1090940014001306F00F0545F1B78D47E316F9FCEC
:1090A40003C6240083C5140009456DBF5129CA8530
:1090B4002685EFE08F808D47A387F9000146854719
:1090C400814501452388F90017570120232007A66D
:1090D400A38CF900EF40605275BAB75744459387A3
:1090E400D7F43ECAB7574441938757043ECC95679B
:1090F4009387F7442316F100930700052307F10033
:1091040091679387B7542318F100930790052309B7
:10911400F100B7574D459387479511464C0826856E
:109124003ECEEF90B23E51ED85472304F100A147B6
:1091340063F0270303C5540083C764006205C207B4
:109144005D8D83C784005D8D83C77400A2075D8D28
:10915400EFE05FAC21C589472304F100B7574445CC
:109164009387D7F43ED083478100138701E2894671
:109174002302F10215460C105285EFE01FC11305BE
:1091840040069780FF1FE78080CE1306401F975745
:1091940001202381079A93050010F1BD83C7440081
:1091A40081EF23040100EFE01FED0546930510084D
:1091B4002800EF5000255DB785472304F1000545DD
:1091C400DDB711462C082685EF9052344DE902D0C4
:1091D40002D202D4231601029D4763F0270303C57C
:1091E400440083C754006205C2075D8D83C77400C1
:1091F4005D8D83C76400A2075D8DEFE0BFA111CD33
:10920400B7574441938757043ED08947A306F102D8
:10921400138701E289463946B9BF0546930510080C
:10922400280023040100EF50C026B7574441938718
:1092340057043ED083C7C1912302F10283C7B19181
:10924400A302F102834781002303F102EF60004D82
:1092540083C7A1912304F1028547A304F102930774
:109264000020A303A1022315F102EF50A0367D15BF
:109274001335E5FF2306A102A306010251BF0D46E3
:109284006C002685EF9092280DED03C734009307F8
:1092940060041385440085456303F7008145EF406E
:1092A400301695679387F7442310F102930700055E
:1092B4002301F102A301A102138701E289461146A9
:1092C4005DBD0D460C082685EF90522415E98547AF
:1092D400B54517C502001305658EA38CF190751969
:1092E400EF60C03D938534004A86138501E3EFC0E7
:1092F4009F899375F90F138501E3EF20804441B5ED
:1093040011466C082685EF907220E31A05E6CA859B
:109314002685EFD09FDA9147E3F327E783C744001C
:109324000547E36EF7E41308F00F1307F00F9306F5
:10933400F00F1306F00F9305F00F1305F00FEF5025
:10934400002E35BDCA852685EFD03FD76FF08FF448
:1093540003C58191828023870190A38C0190974754
:10936400012023AB077C0111854722CC26CA06CEF7
:109374004AC823130100174701202321F77CA38641
:1093840001902A84AE8435E2C54517B50200130561
:10939400657A238CF19023AA0190EF6020321307A1
:1093A40061003400268685452285A3840190EFF070
:1093B4004FA7130661002C002285EFE05FA513057B
:1093C4002003EFD0BFCF85441149130661002C0060
:1093D4002285EFE0DFA3638B2403130520038504B8
:1093E400EFD0DFCD93F4F40FCDB79307F00F630FF5
:1093F400F6002E861307610091453400EFF06FA24A
:10940400130661002C002285EFE07FA0F240624445
:10941400D2444249056182802167130707D0B3779C
:10942400E5029306803E3355E502B387D702B3D7EE
:10943400E7023305D5023E958280411122C406C657
:109444002A849770FF1FE780A0DC63678500018D85
:10945400B240224441018280B707C0A8818F3E9563
:10946400C5BF011122CC06CE26CA4AC84EC652C474
:10947400138401E98347040491EB7D55F24062446F
:10948400D2444249B249224A056182802E89F5D5E7
:10949400B28465D683290401B299EF30E013E36EF8
:1094A40035FD83474404974901209389A9689DE3C6
:1094B40083472404054A0545A387F9002388490105
:1094C4009747012023AC0768A38C4901EF30601A49
:1094D4002302440583472404A387F9009770FF1FE0
:1094E400E78000D3AA890146A6854A85EF3010009B
:1094F400E34505F84E8591371C5823139400AA9729
:109504001CD81C480145A6971CC85C4885075CC844
:10951400B5B703C501ED8280938701E903C507044C
:1095240083C757045D8D3335A000828003C501EDE8
:10953400828003C561ED82808547A38BF1EC828034
:109544004111A14503C5C18206C6EF60607E9387C1
:1095540001E9239207042383070423800704B2400C
:1095640041018280011126CA06CE22CC4AC84EC6C9
:1095740052C4938401E983C7540403CA040483C90D
:10958400440495EB2A842E8903C5C182A145EF606A
:10959400207A631A0A02238A01EC239801EC23A897
:1095A40001E8638A09000145EF30A00C854717479D
:1095B40001202309F758F2406244D2444249B24997
:1095C400224A05618280EF108032238A01EC2398BD
:1095D40001EC23A801E8638A09000145EF30600922
:1095E400854717470120230FF754994517B5020003
:1095F400130545798946228697470120A384075499
:10960400EF60000C03D5440083C5340463140900DF
:109614001304F00F22866244F240D2444249B24914
:10962400224A05616FF03FD3A38B01EC81450D45C0
:1096340015BF83C751ED91CFA38A01EC9747012051
:1096440023820750C14517C502001305658D6F605D
:10965400E0068280011122CC4AC84EC652C456C2CA
:109664005AC006CE26CA138401E9834704042A8B10
:10967400AE8A328AB68905499DE383475404094971
:1096840099EFEFF0FFCC2A8945E16381090A93073A
:10969400FAFF93F7F70F09476373F70015498344FB
:1096A400040483475404B334900099C393E424001E
:1096B400EFF01FCA19C193E444008347440499C3DB
:1096C40093E484006306090689464A86A14517B5D2
:1096D40002001305A56BEF50B07E89462686A1458E
:1096E40017B502001305456BEF50907D89465286ED
:1096F4009D4517B502001305E56AEF50707CA1463D
:109704004E86954517B502001305456AEF50507B08
:109714007D59F2406244D244B249224A924A024BF1
:109724004A854249056182800D4995BF114985BF2B
:10973400814517050000130505D3EF1020092A8978
:1097440015C189461D46A14517B5020013050564D8
:10975400EF50107789462686A14517B502001305F8
:10976400A5636DB74E86A146AD4517B50200130536
:109774006564EF50F074239B01E823A801E823A259
:1097840001EA23A001EA23AE01E823A001EE23AEFF
:1097940001EC23A801EE23A601EE23A401EE23A2EB
:1097A40001EE23AE01EE23AC01EE23AA01EE238ADF
:1097B40001EC238C01EC85472303F4042310F40407
:1097C40023126401A3015405230144052324340115
:1097D40023A801EA23AA01EA23AC01EA23AE01EAA1
:1097E40023A001EC23A201EC23A401EC23A601ECA9
:1097F4009770FF1FE780C0A117470120A304073417
:1098040017470120232C073417470120232607324A
:10981400174701202326073417470120231807324E
:10982400974701209387073108CC48CC13070005DC
:109834000546A14503C5C18223A4370198DBEF6027
:109844004026C1BD011122CC26CA06CE4AC84EC646
:1098540052C456C2138401E983470404AE84F5C399
:109864002A8A6308051863860518834714046394D9
:10987400071803592400B967938707803387274162
:10988400636DB716035704004A973377F702F977E5
:1098940093870780998FBE89C207C18363F3F5005C
:1098A400AE89C20993D9090197CAFF1F938ACAECEA
:1098B4004E86D2853385EA00EFC0EFAC338634415F
:1098C400B3053A015685EFC00FAC269942093C4CCA
:1098D400135909012311240163E327139770FF1F10
:1098E400E78000935C44384808CC8507050738C8EE
:1098F4005CC40547639BE700A1462686AD4517B5C2
:1099040002001305254FEF50B05B5C44174701205C
:109914002324F7221844639EE7008547A300F40438
:109924009770FF1FE780C08E08D0484CEFF0FFB05F
:1099340048D00546A14503C5C182EF6080160145A4
:1099440045A0054683478404C1E785478946994570
:1099540017B502001305C5462304F404EF5050560E
:1099640003562400A1469D4517B502001305C545BD
:10997400EF501055A1462686994517B502001305E8
:109984002545EF50F0535044A146954517B50200C4
:1099940013058544EF50D0521044A146954517B5A0
:1099A40002001305A540EF50B05103461404894644
:1099B400A14517B502001305A542EF507050304C75
:1099C400A1469D4517B5020013054542EF50504F7F
:1099D4008347040489C785450545EFF0BFB87D5525
:1099E400F2406244D2444249B249224A924A056151
:1099F4008280094681BF0D46B1B71146A1B7232C19
:109A04002405E9BD1D71A2CC86CE138401E9A6CA42
:109A1400CAC8CEC6D2C4D6C2DAC05EDE62DC66DA9A
:109A24006AD86ED6231F01009760FF1FE780407E2F
:109A34007C4885077CC88347040495C3AA89084CDD
:109A4400EFF0BF9FB7A70E009387076063F9A702E3
:109A5400834714048DE785450D45EFF0BFB00145FC
:109A6400F6406644D6444649B649264A964A064BC9
:109A7400F25B625CD25C425DB25D25618280797A80
:109A8400B96A014D8144130A0A8097CBFF1F938B57
:109A9400ABCE094C938A0A80854C0D4B8357040046
:109AA40003572400B307FA40BE85C207C18363731A
:109AB400F700BA85C205C1812EC6CDC19760FF1FCC
:109AC400E78000757C44AA8D03550400B2458507E0
:109AD4001306E1015E957CC403290403EF0090633F
:109AE4007C500357E101AA84BA977CD063158501A1
:109AF4003C5485073CD401E77C5485077CD46E85AF
:109B0400EFF0BF931C541858AA971CD45C5CB3069E
:109B1400274163F3A70048DC6369D5005C543E9990
:109B24003309E9402A99232624030357E101835783
:109B34000400050D137DFD0FBA97B3F757032310E7
:109B4400F40083572400998F2311F40063C80400A0
:109B54006386940101C799C0E3126DF53C504E85AC
:109B6400EA973CD0EFF07F8D7C4CAA977CCC63C401
:109B7400040485476395F430835724008DEF8347AD
:109B840014044145E38E07EC9760FF1FE7804068AB
:109B9400AA89EF00504F2A894E85EFF01F8A48D8D2
:109BA400630B090489461376F90F994517B502002A
:109BB400130505261DA0894613F6F40F954517B520
:109BC40002001305E523EF50B02F03562400A146ED
:109BD4009D4517B502001305251FEF50702E104840
:109BE400A146994517B5020013050522EF50502DE3
:109BF400854511459DB583290401EF20F01DE393AC
:109C0400A9FA03472404238801EC9747012093878A
:109C140067F20145A387E700A38C9700A388970008
:109C2400A3029404EF20F0249760FF1FE780405EB6
:109C34002AC6EF2030393245EFF03F8008DCB145C9
:109C440017B502001305C52CEF505027894601466D
:109C5400954517B50200130565DEEF5070260346DF
:109C640024048946954517B502001305E51AEF50FB
:109C740030254850EFF04FFA2A86A146954517B58E
:109C840002001305E519EF50B0230854EFF0CFF8A4
:109C94002A86A146A94517B502001305E518EF5019
:109CA40030224854EFF04FF72A86A146A54517B550
:109CB400020013052518EF50B020485CEFF0CFF5F3
:109CC4002A86A1469D4517B5020013056517EF5076
:109CD400301F4858EFF04FF42A86A146A54517B522
:109CE400020013056516EF50B01D0858EFF0CFF2CF
:109CF4002A86A146994517B502001305A515EF500C
:109D0400301C085CEFF04FF12A86A146994517B53F
:109D140002001305A514EF50B01A484CEFF0EFF110
:109D2400EFF08FEF2A86A1469D4517B50200130573
:109D34006513EF50F0180850EFF02FF0EFF0CFED6F
:109D44002A86A146A14517B5020013052512EF5036
:109D540030177044A1469D4517B502001305C5117F
:109D6400EF5010167050A146994517B5020013051F
:109D74002511EF50F0143054A146994517B502004F
:109D840013058510EF50D0137054A146994517B5AB
:109D940002001305E50FEF50B0123048A146994573
:109DA40017B502001305450FEF5090117048A146F6
:109DB400994517B502001305A50EEF5070103050E9
:109DC400A146A14517B502001305050EEF50500F2B
:109DD400704801C63C5033D6C702A146994517B511
:109DE40002001305250DEF50B00D304CA1469D45E2
:109DF40017B502001305850CEF50900C684CEFF07A
:109E0400AFE12A86A1469D4517B502001305850BCF
:109E1400EF50100B0566A1467D16A94517B5020043
:109E24001305C50AEF50D009A94517B5020013055B
:109E3400650DEF50B0085048A146994517B502008A
:109E440013058509EF50D0071048A146A94517B559
:109E540002001305E508EF50B00603566400A1465E
:109E6400A54517B5020013056508EF507005834535
:109E74003404035544000146EFF0EFCDCDB68DE038
:109E84008347140495C3835724000545E39A07BC0C
:109E9400A54517B5020013052506EF50300289BB0E
:109EA40089470545E38EF4BA835724004145E38985
:109EB40007BA054575B6179700201307E70B8347C4
:109EC400C70063F5A7000356470011E633B5A700A2
:109ED40013451500828014437D16938516000CC328
:109EE40083C606000C472312C700B396F600CD8E36
:109EF400A10714C72306F700D9B7979700209387C3
:109F0400A707944733D7A60098C703C7C700098F8C
:109F14002386E700FD57B397A70093C7F7FF33F5F0
:109F2400D700828097B700209387070503D667047C
:109F340019EE97B70020239407080145828097B74C
:109F44000020239E07060145B2404101828003A7F9
:109F5400877419E37D55828003A5C774411106C631
:109F640097A500209385A505029771D97D55E9BF72
:109F74009797002093874700D45BB84363E4E600D7
:109F84007D55828017A60020130606FF035746045A
:109F94008506D4DBB385E7000507520751832312F6
:109FA400E604D857C1662382A5042A97C11663F52F
:109FB400E600C176BD063697945BD8D73697C1665E
:109FC400C11663F5E600C176BD06369798DB8C5F53
:109FD400D85FE3F7E5FA97B600209386E6F903D74E
:109FE400660485058CDF130617004206418223931D
:109FF400C6043E97856636972303A704FD160145DC
:10A004006313D60005B78280797126D24AD0B28410
:10A014002E891306002E814522D406D62A84EFB059
:10A02400FFB7814601473D4693970601C18363E22A
:10A03400970431C703562400894763E2C704130514
:10A0440024008A85814781463D4885482310D504EC
:10A054002391D500B296C2062310F502C182631281
:10A064000705814613960601418263609606014501
:10A0740001A8B307D90083C707006379F6007D55AB
:10A08400B2502254925402594561828089CB86078A
:10A09400A29703D7070005072390E7000547850625
:10A0A40061B70356050005073393E800B297C2076A
:10A0B400C183035625008607C207C183338EC700B8
:10A0C40009058905E374C3F95DBFB307D90003C764
:10A0D400070015C306079307070233872700835732
:10A0E40007FE93851700938707038607A29723101B
:10A0F400B7FE2390C7008506B5B797B7002083C77E
:10A1040027FCA1CF411126C2979400209384C4E672
:10A1140022C403D4440197B50020938565EA17B59A
:10A1240000201305E5FD228606C6F93D0DE197B52D
:10A1340000209385E5E8A295224403D66401B24049
:10A14400924417B500201305A529410175BDB240FD
:10A15400224492447D55410182807D5582800111C3
:10A164004EC6AA893D454AC806CE22CC26CA52C448
:10A1740056C22E89EFF03FD421CD138A290085449D
:10A184008147C14A8607139407010545EFF0FFD6BE
:10A194004180B367A40083560A02C207C18363E205
:10A1A400D70403560A003387D740635CC7029384FD
:10A1B40004028604CE9403D704000545BA97958F0C
:10A1C400938707038607BE9983D709002310F900F4
:10A1D400F2406244D2444249B249224A924A056159
:10A1E40082808504090AE39F54F97D55D5B73971F6
:10A1F40022DC4AD84ED652D456D206DE26DA5AD0BB
:10A204005ECE13894192179400201304E4D6138A76
:10A214008192B54A97B902009389C9D1834709004D
:10A2240091C7185C83270A006377F7228347D40019
:10A2340063E3FA1C8A07CE979C43CE978287856492
:10A24400138B819297AB0020938B0BD3FD14835710
:10A254004402034709006395074C9D47D9A097B46E
:10A264000200938464D4096B0357A40183578401C7
:10A27400636FF7244D4697B50020938565D417B5D1
:10A2840000201305E515EFF03FD863160516835734
:10A29400440103576401BA97231EF40097970020E2
:10A2A400239907CE97970020239707CE97970020EE
:10A2B400238507CE9947B5A09384819283572401BF
:10A2C40003470900639407180347E400854731CB2B
:10A2D400B14781A84145EFF01FBE19E1014529AA04
:10A2E4002145EFF09FC1AA84131B05012145EFF01E
:10A2F400DFC0135B0B01BD882147DA87639DE40E41
:10A30400135B4B0011476318EB0E1377F50FA2078D
:10A31400BA977D47B3F7E70213750502C98FE1EFDA
:10A324008547A306F400DDBD0D45EFF0DFB85DD52C
:10A334000545EFF09FBC2307A4000945EFF0FFBBE0
:10A344001375F50F11ED8347C400184493F6770095
:10A354003357D700E19B2306F40018C48947D1B7CB
:10A3640085476316F50A13060009A14517B50020B1
:10A37400130505C5EFB09F8213060007A54517B561
:10A3840000201305E5CCEFB07F8161469D4517B5EC
:10A3940000201305E5D2EFB07F80B717080817B780
:10A3A4000020130767D3938787801306001297B59D
:10A3B40000209385E5C017B50020130565D41CC3A0
:10A3C4005CC3EFF07FC405E913060002954517B599
:10A3D40000201305E5BEEFB06FFC1306000297B52D
:10A3E40000209385E5BD17B50020130565FFEFF048
:10A3F400BFC1E30405E67D55F2506254D25442597C
:10A40400B259225A925A025BF24B216182808947E7
:10A41400E313F5FE914731B713050002EFF0BFA92E
:10A42400E30E05EA4145EFF05FAD2319A400414571
:10A43400EFF0BFAC835724014205418193C7F7FF76
:10A44400C207C183E319F5FA8D47E1BD19C7185C4A
:10A454009C406364F700094545B72145EFF0BFA56B
:10A46400E30E05E62145EFF05FA91375F50FEFF054
:10A474003FB051F183572401FD172319F4003DBD6A
:10A484003945EFF05FA3E30B05E41545EFF0FFA6B4
:10A4940013051510231AA4001545EFF01FA6050592
:10A4A400231BA4001145EFF05FA51105231CA40094
:10A4B40013060014814517B50020130565B0EFB0ED
:10A4C400EFED97970020239607AC954799BD0D456E
:10A4D400EFF07F9EE30405E00D45EFF01FA28357E4
:10A4E400A40113871700A69783C70700231DE40060
:10A4F400A297DA972384A70485BB034524023DC5AC
:10A50400EFF07F9BE30C05DC034524028354040233
:10A51400EFF0BF9E0357A401B387A400C20783567C
:10A52400C401C183BA97E3E8F6EC83453402C20759
:10A53400C183014609656390E70219C2231DF40033
:10A5440097970020238B07A48357A401E398D7CCC3
:10A55400EFF0BFBA79BD1306170022972A97230498
:10A56400B7041317060141830546F1B79305E100CB
:10A5740017B500201305C5E6EFF07FBEE30005D64E
:10A58400E34B05E68357E1003D476366F702035753
:10A59400A401231FF40093061700231DD40022975F
:10A5A400896636972304F7040357A4018357C4012B
:10A5B400E316F7C671BF41476391E7028357A401CD
:10A5C400E38B07E28D472310F40289472301F40249
:10A5D4008357E401A301F402C1BF45476397E70031
:10A5E400B70703008D071CD0C1B74947E395E7E0DF
:10A5F400B7070700AD07C5BF9305E10017B50020F5
:10A60400130505B0EFF0BFB5E30A05CCE34505DE5D
:10A614000355E1009307F00F63E9A7001375F50FE5
:10A62400EFF01F95E30C05BEF9B393070010E30D9B
:10A63400F5C89307D011E3E0A7DC1305F5EF420555
:10A6440041811317150097B702009387E79EBA97C5
:10A6540083D707002317A1002312F40297B702003F
:10A664009387879BAA9783C707002304F402A14713
:10A674004DB90345840211CDEFF0FF83E30005C615
:10A6840003458402EFF07F8783574402AA9723127D
:10A69400F402A54779B19305E10017B5002013052D
:10A6A40025D4EFF0DFABE30B05C2E34605D4035733
:10A6B400E100F547E3E1E7D49316170097B70200EA
:10A6C4009387C791B69783D707002313F40297B7EC
:10A6D40002009387A78EBA9783C70700A304F402E6
:10A6E400A94781B10345940211CDEFF0CFFCE307F4
:10A6F40005BE03459402EFF05F8083576402AA9776
:10A704002313F4020357640285669307F7FFC20715
:10A71400C183E3F2D7CE5C58E3EFE7CCAD4711B188
:10A7240011C7185C83270B00E377F7D283D74B0458
:10A7340003576402998FE58FC207C183A29703C5AB
:10A744004704EFF0FF82E31805CA83574402FD175C
:10A754002312F402EDBC8347C4001844130500021D
:10A7640093F677003357D700E19B18C42306F4000F
:10A77400EFF06FF4E30405B64145EFF00FF8AA8457
:10A784004145EFF08FF718585C54B70600014207B3
:10A79400938606F05D8F93978400F58F931685005A
:10A7A4004205C2044181C1802181A180C98EC58F27
:10A7B400C206C207C182D58FE31FF7C2B54795B65B
:10A7C40083574400E39907C205453DB1411126C2B0
:10A7D400AA844AC006C622C42E89EF10F05FA1C421
:10A7E4002A847D551DC8978700209387E7780966DA
:10A7F4001306067581453E85EFB04FBA2382019258
:10A8040017A7002013074777232497742326277557
:10A81400054758D540DD20C10145B2402244924449
:10A824000249410182807D55CDBF21CDB9C9411175
:10A8340022C406C617840020130404748347D4007A
:10A844000547CD1793F7F70F6378F70208C0231273
:10A85400B400EFF0DF996347050005C18357440056
:10A86400014581CFC54517A502001305A572EF4028
:10A87400F064B947A306F4007D55B2402244410177
:10A8840082807D558280411122C406C6178400202F
:10A894001304846E0347D400B947631AF702105CAB
:10A8A400A146C14517A502001305456CEF40506150
:10A8B40017A502001305C56CCD45EF403060B947BC
:10A8C400A306F4007D55B240224441018280EFF09A
:10A8D4001F928547E315F5FC034704011C5C61F3F3
:10A8E400585CE31EF7FAEFF0EFE371DD4DBF978795
:10A8F4000020938767680966411113060675814530
:10A904003E8506C6EFB08FA93947A306E500B240DD
:10A914004101828051CA411122C44AC006C626C2DE
:10A92400AA872E84328919E17D55ADE997840020E8
:10A934009384846483C6D40039477D556380E606D6
:10A944002310090085669CC01387F6FF97A7002093
:10A9540083D7E76623928400B307F74063E3D70005
:10A96400BA87985CBA9723A4F19285472382F1921F
:10A97400EFF0FF872382019283D744001D8C2310BC
:10A9840089009787002023A9075E978700202397D3
:10A99400075E63550500B947A386F400B24022441C
:10A9A40092440249410182807D55828021671307C8
:10A9B40007D0B377E5029306803E3355E502B387AB
:10A9C400D702B3D7E7023305D5023E958280411101
:10A9D40022C406C62A849760FF1FE78060836367EA
:10A9E4008500018DB240224441018280B707C0A88E
:10A9F400818F3E95C5BF4111C94517A502001305B6
:10AA0400E57A06C6EF40904BA14603D60193B145C3
:10AA140017A5020013050566EF40904AA14617B634
:10AA24000020032666DAAD4517A5020013058565E7
:10AA3400EF401049A14603D6E192AD4517A50200A7
:10AA440013050565EF40D047894603C6D192A94551
:10AA540017A5020013058564EF409046B24003C673
:10AA6400C1928946A94517A502001305E563410172
:10AA74006F4010456D712326111023248110232269
:10AA84009110232021112A8497B400209384C4C3F5
:10AA94009750FF1FE780C07783C5841022862A89D8
:10AAA4000A85EF20005B4A85EFF07FF213878193DC
:10AAB4001C4313060010A685AA971CC31387419351
:10AAC4001C430A8585071CC3EF80422421C12398B7
:10AAD4008192FD571387E1922310F7002386019298
:10AAE400A3860192814793050010B306F1003386D3
:10AAF400F40083C60600034606006383C6022310DF
:10AB0400F700A386C1922386D1927D558320C1107C
:10AB14000324811083244110032901105161828090
:10AB24008507E394B7FCD5B7011122CC26CA4AC8DD
:10AB340052C406CE4EC62A84AE849750FF1FE780C7
:10AB4400206D2A8917BA0020130A0AB83DCC9377DE
:10AB5400F400A5EF9387019598439306002F05070A
:10AB640098C383478A10B387D702A297A20723A466
:10AB7400F19485466314D70023A6F1949750FF1FE0
:10AB8400E7800069AA8903458A101306C00BA285D1
:10AB9400EF10E0611DC123988192FD572397F19234
:10ABA4007D5523860192A3860192F2406244D244E9
:10ABB4004249B249224A056182804E85EFF03FE165
:10ABC400138701941C43AA971CC39750FF1FE78067
:10ABD400206483458A10AA899306C00B228617B580
:10ABE4000020130565AEEF10005E55F54E85EFF0BD
:10ABF4001FDE1387C1931C43AA974A851CC3EFF039
:10AC04001FDD138741961C43AA971CC31387019623
:10AC14001C43014585071CC3C9D822856244F24000
:10AC2400D2444249B249224A05616FF0BFE497B762
:10AC34000020938767A9A3840710239207108280BA
:10AC4400011106CE22CC4EC626CA4AC852C42A8452
:10AC54009750FF1FE780C05BAA89D13FB14517A574
:10AC640002001305655BEF407025D14763FC870242
:10AC7400C94517A502001305E558EF403024A14645
:10AC84002286B14517A502001305C542EF405023A3
:10AC94007D59F2406244D244B249224A4A8542492B
:10ACA4000561828097B7002023A007B2C16797B4DB
:10ACB4000020938464A123A2F41023A0019623A26C
:10ACC400019623AA019223AC019223AE019223A000
:10ACD400019423A20194239701922398019223863D
:10ACE4000192A3860192854723A8F194B7F7020045
:10ACF400B307F402138AC1942384841023A4F19427
:10AD04002320FA009750FF1FE78080502A891306FA
:10AD1400C00B81452285EF1080490DC1C94517A597
:10AD240002001305E54CEF40701903260A00A14602
:10AD3400C14517A502001305E53889BF4A85EFF020
:10AD44001FC923A0A1940146A2852685EF20603067
:10AD540001461307F00FC147B386C40083C606003B
:10AD64006399E6040506E319F6FE414401494E855C
:10AD7400EFF0FFC523A2A19463010904E14517A5DF
:10AD8400020013052545EF407013A1462286C145F4
:10AD940017A5020013054534EF4090123386840052
:10ADA400034606008946C54517A502001305053468
:10ADB400F1BD1374F60F7D595DBF8547A384F4106C
:10ADC400C9BD011122CC06CE26CA4AC84EC652C4F9
:10ADD40056C25AC017B400201304048F834794103A
:10ADE40091CFAA8901CDAE8491C903270410B7F786
:10ADF4000200938707F0998F63FAB704C54517A536
:10AE040002001305E53BEF40700B0346941089469E
:10AE1400B54517A502001305A52EEF40700A035689
:10AE24006410A146B14517A502001305A524EF40FF
:10AE34003009EFF0DFDF7D55F2406244D2444249ED
:10AE4400B249224A924A024B056182802E972320FE
:10AE5400E410130A0010930A0010054B0355441024
:10AE6400B307AA403E89C207C18363F3F40026896D
:10AE74004209135909014A86CE852295EFA0BFD015
:10AE840083574410CA99CA97C207C183338924419E
:10AE9400931409012312F410C180639957030355D5
:10AEA40064108545930715002313F41063066501A8
:10AEB4009375F50093B51500EFF01FC701C5EFF0CA
:10AEC4009FB385BF97B7002023920790C1F801452F
:10AED400A5B7411122C406C626C24AC017A4002041
:10AEE4001304847E8347941091C703270410954765
:10AEF40063EBE700EFF0BFD37D55B24022449244A8
:10AF04000249410182800355441015C11306001003
:10AF1400098E9305F00F2295EFA05FC803556410C6
:10AF24008545EFF07FC001CDEFF0FFACE1B70355ED
:10AF340064107D1542054181EFF0DFB3EDB797B49E
:10AF4400002083A46488EF1020692A899305F00FF8
:10AF54001306000F17A5002013050578EFA01FC4E2
:10AF6400B7675331938747A544C0854593C4F4FF1D
:10AF740001451CC004C42326240197B70020A389DB
:10AF84000784EFF07FBA35D9EFF0FFA6B5B7797132
:10AF940022D406D626D24AD04ECE52CC56CA5AC84D
:10AFA4005EC662C466C223AA019423AC019423AE94
:10AFB400019417A40020130424718347941085C3BB
:10AFC400FD54B25022540259F249624AD24A424BC9
:10AFD400B24B224C924C2685925445618280D147D3
:10AFE4002A8AE3EFA7FCAE8A328B9750FF1FE780D3
:10AFF4002022AA840146D2852285EF208005268559
:10B00400EFF0FF9C9389C19583A70900138981956B
:10B014001440AA9723A0F900832709004440184448
:10B0240085072320F900B7675331938747A5832BFE
:10B03400C400E397F6F893C7F4FFE393E7F8B7F790
:10B0440002001387A4FF9387A7EFE3EBE7F6EF1063
:10B05400A058E31775F7DA855685EFF02FF72DF131
:10B06400854A930C0010138B4195A68B63F49C00C6
:10B07400930B00109750FF1FE78080195686D285E6
:10B084002A8C2285EF10F07C6285EFF05F9483A711
:10B094000900850AC20AAA9723A0F9008327090098
:10B0A40093DA0A0185072320F9009750FF1FE780F0
:10B0B400201693950B012A8CC1812285EFF0EFF6BF
:10B0C40001C5EFF0DF82EDBD6285EFF05F9083276D
:10B0D4000B00B3847441AA972320FB00D9F4EFF04A
:10B0E4008FFAAA84EFF0BF80E39D04ECB14517A565
:10B0F40002001305A50AEF40605C89460546A14598
:10B1040017A502001305C500EF40805B03468410B9
:10B11400A1469D4517A5020013054500EF40405A7E
:10B12400A14605469D4517A502001305A5FFEF405E
:10B13400205903468410B7F70200A1463306F602ED
:10B144009D4517A50200130565FE13060610EF4082
:10B15400205703A54196EFF07F852A86A1469545A1
:10B1640017A50200130505FDEF40805503A5419482
:10B17400EFF0DF832A86A146954517A50200130543
:10B18400E5FBEF40E05303A50194EFF03F822A86EC
:10B19400A146994517A502001305C5FAEF40405290
:10B1A40003A5C193EFF09F802A86A146954517A574
:10B1B40002001305A5F9EF40A05003A58193EFF019
:10B1C400EFFE2A86A146954517A50200130585F8CA
:10B1D400EF40004FA14603A64193954517A50200F1
:10B1E4001305C5F7EF40C04DA14603A6019695454A
:10B1F40017A50200130505F7EF40804CA14603A6EE
:10B204000195954517A50200130545F6EF40404BFF
:10B21400A14603A6C194954517A50200130585F51B
:10B22400EF40004AA14603A68194954517A5020064
:10B234001305C5F4EF40C04803A50900EFF00FF76C
:10B244002A86A146954517A502001305A5F3EF40EC
:10B25400204703260900A146954517A502001305BA
:10B26400E5F2EF40E04503250B00EFF02FF42A86CA
:10B27400A146954517A502001305C5F1EF404044CA
:10B2840089B383A7C19689CB411106C68297B24080
:10B2940023A4A19641018280938701979443138646
:10B2A400160090C397A700209387C752B6972380B0
:10B2B400A7008280011122CC26CA4AC84EC652C4B5
:10B2C40056C25AC006CE2A84AE840149138AC19656
:10B2D4009389019797AA0020938ACA4F138B81966A
:10B2E400631C9900F2406244D2444249B249224A62
:10B2F400924A024B0561828083270A0099C72285FE
:10B3040082972320AB000509E1BF83A709001387B7
:10B314001700D69723A0E90023808700EDB7011119
:10B3240022CC17A400201304A44E5C40184406CE7B
:10B3340026CA8907636FF7044444034714019D47F1
:10B344008504BA9463CC970483470400898B99CF0E
:10B35400A1479306F00F858FB397F600B3D6E64066
:10B3640003470401F58FD98F2308F400A308940040
:10B37400034704009347F7FF898B659BD98F23000C
:10B38400F40097A7002023A7074897A7002023A528
:10B394000748F2406244D2440561828093D5344028
:10B3A4000DEF85476394F506034504007A057D8512
:10B3B4001375F50FEFF0FFEC9D88A3089400834705
:10B3C4000400B1CC898BA1CF2147058F9307F00FDF
:10B3D400B397E7002308F40061BF83470400FD1519
:10B3E400898B91CB9307F00FB3D7E7400347040150
:10B3F400D98F2308F400034504012EC6EFF07FE83B
:10B40400B2458547E382F5FAE3D8B7FA0345040069
:10B414007A057D851375F50FEFF0DFE971BF97A706
:10B424000020238F073EA9B797A700209387473EA4
:10B4340003C707009376170091EA06050989136587
:10B444001500719B598D2380A70082809376470055
:10B454001DE191EA136747002380E70097A70020C6
:10B4640023AE073A82809847050798C7D84706074E
:10B47400D8C76FF0DFEA89E6D8430507D8C38280CE
:10B484009847050798C7D847060713671700CDB72D
:10B49400011126CA4AC84EC606CE22CC52C4AA8975
:10B4A4002E89814463CA2401F2406244D244424951
:10B4B400B249224A05618280B387990003CA070012
:10B4C400850413557A0013148A016184EFF0DFF5C3
:10B4D400135564400589EFF03FF513555440058931
:10B4E400EFF09FF4135544400589EFF0FFF3135533
:10B4F40034400589EFF05FF3135524400589EFF0DC
:10B50400BFF2058413751400EFF01FF213751A00CF
:10B51400EFF09FF141BF411122C406C617A40020D9
:10B524001304042F8347140189C703450401EFF072
:10B534005FD583470400B240E19B2300F40022441A
:10B5440097A7002023A8072C97A7002023A6072C41
:10B5540097A700202396072C4101828063C3C5006E
:10B564008280B307C5003307B50003C807008346CC
:10B5740007008505230007012380D7007D16F9BF46
:10B5840079714AD04ECE5AC82E89AA89328B814508
:10B594001306C00317A500201305C52322D406D61D
:10B5A40026D252CC56CA5EC662C4EFA02FDF23A8AF
:10B5B400019623A6019689471304F9FF63CF270355
:10B5C4004A86CE8517A500201305C520EFA0AFDB62
:10B5D4002286814517A500201305C51FEFF01FF82B
:10B5E400B250225492540259F249624AD24A424B0E
:10B5F400B24B224C014545618280B3878900228584
:10B6040003CA0700EF70826F2286CE85AA84EFA05A
:10B614008FD71306FAFF81452685EFF03FF4130612
:10B62400E9FFD2852685EFF07FF3A947B34AF402F8
:10B63400B367F40291C3850A0149938BFAFF294C3D
:10B64400631F59012685EF70E26BEFF0DFEC83A5F1
:10B65400019717A500201305E517029B51B7228A0D
:10B6640063832B01294A5285EF704269AA89528665
:10B6740063530A000146B30589034E85050959142D
:10B68400A695EFA04FD0D2854E85EFF07FE04E8592
:10B69400EF70426775B725479377F50F6347A700A7
:10B6A4001385070362056185828013857703DDBFF7
:10B6B40013074006B367E502930630063345E502F7
:10B6C4001307F003130505036205618563EDF600B6
:10B6D400138767FF9306900563ECE600938777056D
:10B6E4001397870161872380A5002300E6008280E9
:10B6F40013070003EDDB93870703DDB70547AA872C
:10B704006399E50013050005639BB70013058005E5
:10B714008280130500046394E7001305800482808B
:10B72400930755001307250003C607008346050049
:10B73400FD172300C500A380D7000505E396E7FEA7
:10B7440082808147FD1563C3B70082803307B5004B
:10B75400B306F5000348070003C6060085072380E7
:10B7640006012300C700F9BF411122C403C48500A8
:10B7740006C6137404022DEC83CE05000948639BAE
:10B784000E0703A84500834E08000348180022084A
:10B794003368D801C16E137FD8FF851E630EDF01A5
:10B7A4008D679387279029446314F8022244B2409A
:10B7B400854741016FA0A05C21E305476390E6043F
:10B7C400D845834606002300D70003A7419811E714
:10B7D400B2402285224441018280184375DBC8456A
:10B7E400938731981D8D3335A00006050297CDB798
:10B7F4002144F9BF0544E9BF2D44D9BF3544C9BF2D
:10B80400411106C622C403C48500418835EC3DEFCE
:10B8140003C7050089476315F706DC41328503C772
:10B82400070083C71700A207D98F4167130647FE95
:10B83400638AC7006365F602FD07C207C183054733
:10B844006362F70285472390F600DC4583C707004F
:10B854002300F500B240228522444101828015175D
:10B864006386E700239006002944EDB7CC4595474D
:10B874002390F60015469760FF1FE78080E4D9BF48
:10B88400239006000544F9B72144E9B72D44D9B7FC
:10B89400C167F917630CF502411122C406C6854736
:10B8A4002A84639AF50022852244B2409385C19785
:10B8B40041016FB0D06D89476396F5008545EFD09F
:10B8C400106275D1B24022444101828082804111CC
:10B8D40022C42A8441659385C1977D1506C6EFB0BD
:10B8E400106B170500001305E5FA0588EFD05056D4
:10B8F40005C02244B2409796FF1F9386664E414688
:10B90400C5451795FF1F1305654E41016FB0305EA5
:10B91400B240224401454101828009C523A2A19875
:10B92400014582804545828011476363A70897A635
:10B9340002009386668F0A0536951841AE87B28554
:10B9440036970287054761456397E70083470600FA
:10B95400A381F1980145828005476145E39DE7FE97
:10B96400834706002381F198F5B705476145E394C1
:10B97400E7FE83470600A380F198E9BF05476145C8
:10B98400E39BE7FC834706002380F198E1B7154762
:10B994006145E392E7FC411113854197154606C6BC
:10B9A4009760FF1FE780E0D1B240014541018280EA
:10B9B400094582801147AA876368A70417A7020074
:10B9C4001307C7878A07BA979C432E85BA9782873D
:10B9D40083C731982300F5000145828083C72198ED
:10B9E400D5BF83C71198FDB783C70198E5B7411147
:10B9F40015469385419706C69760FF1FE78060CC84
:10BA0400B2400145410182800945828011456FA001
:10BA14006FD5411193962500AA852D4506C69760DA
:10BA2400FF1FE780C087B2400145410182800111B8
:10BA340022CC06CE3714004026CA4AC84EC652C489
:10BA440083447405034AB405834984050349940572
:10BA5400EFA0AFA28347A40593F4F40F137AFA0F6F
:10BA640093E71700230DF40493F9F90F1379F90FF1
:10BA7400B717004003C7A705058B6DFF03D5C7059E
:10BA8400A38D4705238C3705A38C2705A38B970427
:10BA9400F2406244D2444249B249224A056182805A
:10BAA40041119397050122C406C626C2C1872E847C
:10BAB40063D007029760FF1FE780A0B719C1EF307A
:10BAC40010572165218DB240224492444101828065
:10BAD40093F7150013C51500FDF78964B3F79500B6
:10BAE4009DC3EFE0011FEFF07FF237F6020013066B
:10BAF40006E0896503C5C198EF30B07A258C13152B
:10BB040004014181C9B7916733F5F5004DDD33C4B4
:10BB1400F500F5B72D71232A9110FD74E98C232CBF
:10BB2400811023282111232631112A84AE893289D8
:10BB3400930600100A86A6852D45232E11109750D2
:10BB4400FF1FE780C075131544014981139629002E
:10BB5400CA850A959760FF1FE780A0B6A68585660B
:10BB6400014625459750FF1FE78060730A86A68526
:10BB74009306001029459750FF1FE78040728320E9
:10BB8400C111032481118324411103290111832943
:10BB9400C11015618280011183A7818F06CE22CC4A
:10BBA40026CABD8B2147639AE700EFF0BFF6F24047
:10BBB4006244D244014505618280B7F70700DC5333
:10BBC4002A84B284BD8B939625006397E70085672A
:10BBD400FD17F58F91C301A0A2850146254536C600
:10BBE4009750FF1FE780A06BB2462686A2852945A1
:10BBF4009750FF1FE780A06A5DBF1D714946979566
:10BC040002009385E56417A502001305652686CE18
:10BC1400A2CC9760FF1FE78060BC01E91795020082
:10BC240013054564EF70424901A0B7F700E023A46F
:10BC34000700795798CB3D4798C30564B7E700E000
:10BC440023A087180F1000001777FF1F130747E979
:10BC540023A4E198130700F8A38AE7401306C0035E
:10BC6400814548089760FF1FE78020AC9727012093
:10BC7400938747F03ECA896793870780231CF100A6
:10BC84009D673ECEB7070105938707103ED0930703
:10BC9400B00F2312F10285472303F1029707000036
:10BCA400938767D7BEC497070000938707EFBEC684
:10BCB4009307B4D22314F10297B7FFFF9387672247
:10BCC4003EDA970700009387C7D63EDEB7F5070034
:10BCD400970700009387C7D38146BEC0700097576B
:10BCE400FF1F93874728E10519453EDC9750FF1F46
:10BCF400E780E05A19466C001305E102EF90BFE8B3
:10BD040019466C001385019FEF90FFE7D24789C75E
:10BD14008357810163F3870001A04808EF40602F37
:10BD2400AA8501C91795020013050555EF70222451
:10BD340001A0F64066442561828041111705000088
:10BD4400130545D606C622C4EF40002A1384C198C1
:10BD54002300A4003128CD28034504002244B24026
:10BD640037F60200130606E0896541016F3070530F
:10BD7400397106DE13078008F337078093F78708C5
:10BD84003EC20F100000B7170040930570052380D2
:10BD9400B704130680FA2380C7040F10000083C67B
:10BDA400F70293F6A60FA387D702238007049246CF
:10BDB400F3A606800F1000007337078013778708F7
:10BDC4003AC40F1000002380B7042380C7040F1067
:10BDD400000003C7F70213672700A387E702238045
:10BDE4000704A247F3A707800F1000000545EF9052
:10BDF4001FF4EFF0BFC181470147814605468545E1
:10BE04001305407EEF909FF76800130640028145BA
:10BE14009760FF1FE7806091B707C0A83ECAB78745
:10BE2400E803938707D03ECC9757FF1F9387A70B50
:10BE34003EC668009757FF1F9387670C3EC8EF40C4
:10BE4400E049F250216182800111054506CEEFA040
:10BE54007FB013070003B71700402388E70223A825
:10BE6400019813078008F336078093F6860836C4D2
:10BE74000F100000930570052380B704130680FAA1
:10BE84002380C7040F10000083C6E70093E68600F2
:10BE94002387D70023800704A246F3A606800F1049
:10BEA400000073370780137787083AC60F10000025
:10BEB4002380B7042380C7040F10000003C71703AF
:10BEC40013670702A388E70223800704B247F3A796
:10BED40007800F100000F240B7E700E037070010BA
:10BEE40023A0E71005618280411122C406C62A847A
:10BEF4009740FF1FE780C03163678500018DB24022
:10BF0400224441018280B707C0A8818F3E95C5BFF6
:10BF140041118D451D4506C6EFA09FA9EFA0FFE482
:10BF24000545EFA07FE8B2408D45056541016FA04E
:10BF34001FB2411122C43714004026C206C693071B
:10BF4400C40C856484C31945EFA09FEC1304840DCD
:10BF540004C0B2402244924441018280411122C46F
:10BF64003714004006C626C29307C40C856484C3F4
:10BF74001545EFA0FFE9EFA0FFEB1304840D04C007
:10BF8400B2402244924441018280011122CC2164B6
:10BF94004AC8130404D02A893304890226CA52C425
:10BFA40056C206CE4EC65AC09740FF1FE7804026B1
:10BFB4009307803EAA8A1304743E3354F402014A60
:10BFC400B7140040A3810404EFF05FF9137B15005C
:10BFD400AA89050A63110B029384840D85679CC0AA
:10BFE400F2406244D2444249B249224A924A5A85B2
:10BFF400024B056182805685EFF01FEFE36485FCF8
:10C0040085679384840D9CC0D14517950200130560
:10C01400E530EF30A06A4E868946B5451795020093
:10C0240013058527EF30C0695286A146B14517959F
:10C03400020013056527EF30A068A1464A86B14582
:10C044001795020013054527EF30806751BF011192
:10C0540006CE22CC26CA2A844AC8EFF09FEDEFF020
:10C06400FFEF93772500A9CBB71400409387C40C46
:10C07400056923A0270113050002EFA07FD91355FA
:10C0840004011375F50FEFA0BFD813558400137581
:10C09400F50FEFA0FFD71375F40FEFA07FD79384AC
:10C0A400840D624423A02401F240D2444249130582
:10C0B400803E05616FF07FED2AC6C14517950200E9
:10C0C40013054527EF30805F3246179502001305AC
:10C0D400A51F8946A545EF30A05EF2406244D244D4
:10C0E40042490545056182804111B717004006C6E3
:10C0F400056722C426C223A6E70C2A841305000977
:10C10400EFA01FD1135504011375F50FEFA05FD0F5
:10C11400135584001375F50FEFA09FCF1375F40F1B
:10C12400EFA01FCF85476317F402EFA0BFD0AA8406
:10C13400EFA05FD02A84220433659400B2402244E5
:10C14400B7170040056723ACE70C420592444181D0
:10C1540041018280EFA01FCE2A84EFA0BFCDAA8424
:10C16400D9BF01114AC83719004006CE22CC26CACD
:10C174004EC69307C90C856923A037011305F0093E
:10C18400EFA01FC9EFA01FCB2A84EFA0BFCAAA84C7
:10C19400A2044204EFA01FCA458CF240418D6244C0
:10C1A400232C390DD2444249B2490561828083C7A8
:10C1B400419981EB3305A6020A052E9522056FF0FD
:10C1C4001FE90545828083C74199A5EB411122C42B
:10C1D4003384B60206C626C2AA840A043294EFF057
:10C1E4005FD5B7170040056723A6E70C094522046D
:10C1F400EFA01FC2135504011375F50FEFA05FC123
:10C2040021801375F40FEFA0BFC00145EFA05FC0FC
:10C214001384041003C504008504EFA07FBFE39BCF
:10C2240084FE2244B2409244B7170040056723AC11
:10C23400E70C514541016FF05FD505458280B38617
:10C24400B602411106C6B7170040056722C426C2CC
:10C254004AC023A6E70CAA848A06B2960D45139415
:10C264008600EFA0FFBA135504011375F50FEFA074
:10C274003FBA21801375F40FEFA09FB90145EFA0D9
:10C284003FB9014413090010EFA0DFBAB38784005B
:10C294002380A7000504E31924FFB2402244B71702
:10C2A4000040056723ACE70C9244024941018280B7
:10C2B400411191451305000406C6EFA06FEFB717AF
:10C2C40000409386870A9842B2409387870D13678C
:10C2D400070498C2056798C341018280011106CE04
:10C2E4004EC622CC26CA4AC852C456C29389519912
:10C2F400EFF01FFCEFF0DFC183C70900639C070C5C
:10C304002945EFA0BFDBA1462946B9451795020090
:10C31400130545FCEF30C03A9740FF1FE78040EF1C
:10C3240037298500096A2A845909B71A0040130A73
:10C33400FA8FEFF01FE3AA84631E250B8547A146FD
:10C344004A86B145179502001305C5F92380F90003
:10C35400238A0198EF30C0362285EFF0FFB89307A7
:10C36400803E3306F502A167938707D0A146B945FD
:10C3740017950200130505F83356F602EF304034E2
:10C3840083C70900A1EB8547D5451795020013051E
:10C3940065F7238AF198EF306032A1462686B145CD
:10C3A40017950200130505F4EF3080312285EFF074
:10C3B400BFB39307803E3306F502A167938707D086
:10C3C400A146B945179502001305C5F23356F60286
:10C3D400EF30002F0145EFF03FD1B7170040A381A4
:10C3E4000704F2406244D2444249B249224A924A82
:10C3F40005618280A3810A042285EFF0FFAEE37A0F
:10C40400AAF2BDBFB7170040A3810704056793874D
:10C41400870D98C301456FF03FCD42069306C00BCC
:10C4240041826FF0DFE10145828015C5414718C59F
:10C434001307002018C9370703038547130727107C
:10C444002310F5002302F5002306F50058C9230C38
:10C45400F5000545828001458280896593850571D3
:10C464001305800C6F00102E41111305A00A06C697
:10C47400A52A13059004492A1305500571221305B2
:10C4840000025922214549222545BD2A6145AD2A8C
:10C494000545992A1305F003852A0145B1221305A0
:10C4A400F0059D221305900685220D45352A014588
:10C4B400A12A13054005892A0145B9221305400420
:10C4C400A12215451522130500043D2A7D452D2A78
:10C4D4007D451D2A1305C002052A1945312213057D
:10C4E400F0061D227D450D225D45392A1305900471
:10C4F400212A2145D5281305F00639227D45292214
:10C504007D45192213052002012213050003E928A1
:10C514002145DD2813050005C1281305F003ED208E
:10C5240013050006D1200945C5200145F12813054E
:10C5340010065D280D45C92813050002F1200545A4
:10C54400E1201305000EC920130540087128054594
:10C5540065281305300E49281305F0027520B240F2
:10C564001145410151A0411106C6552AEFF0DFEFF4
:10C57400B24041016FF07FEE0111494506CEAD2076
:10C5840001455920EF00B00E2800EF00101A85472E
:10C594006309F500CD45179502001305E5DAEF3080
:10C5A400E011F240056182804111414506C62D2803
:10C5B400B71700409386870A98429387870CB24046
:10C5C4001367070298C29843A166558F98C3410127
:10C5D400828013051004828037F50200130505E0FC
:10C5E4008280130500048280B71700409386C70A2F
:10C5F40098429387C70C1367070298C29843A166B1
:10C60400558F98C36FA01FACB71700409386870A55
:10C6140098429387870C1367070298C29843A166D0
:10C62400558F98C36FA01FAA2167130707D0B3774C
:10C63400E5029306803E3355E502B387D702B3D7AC
:10C64400E7023305D5023E958280411122C406C615
:10C654002A849740FF1FE780A0BB63678500018D94
:10C66400B240224441018280B707C0A8818F3E9521
:10C67400C5BFA382A19A8280411122C4371400400D
:10C684009307C40A984326C206C61367870098C353
:10C694009843856493840480458F98C309459740E3
:10C6A400FF1FE780C07C9307840A9843B24022446A
:10C6B4001367870098C39843458F98C392444101F8
:10C6C40082809717012083C7D74705476391E70204
:10C6D400B71700409386870A984205669387C70C6C
:10C6E400518F98C298439166558F98C382800947A9
:10C6F400639FE700B71700409386870C9842116642
:10C704009387C70A518F98C298438566F1BF0D4736
:10C71400E39EE7FCB71700409386C70CC5B76FF0DC
:10C72400BFF54111854706C6171701202304F740BA
:10C73400EF206054EFA03F99B71700409386870A13
:10C74400984205669387870C518F98C29843B240EC
:10C754009166558F98C341018280411122C48D4551
:10C764002A841305000406C6EFA08FA48547631E20
:10C77400F400B71700409387870A9843B2402244D5
:10C784001367070498C341018280B7170040938759
:10C79400C70AE5B74111054506C6EFF01FFCB717F8
:10C7A40000409386870A984205669387870C518FC9
:10C7B40098C298439166558F98C3EFF09FF0B240AA
:10C7C4004101828083C7519AADE3411106C622C458
:10C7D400EFF09FDAB71700409386870A9842056600
:10C7E4009387870C518F98C2984391661384719EE6
:10C7F400558F98C30345040093050010EF30405350
:10C8040017170120034797348547631CF700034536
:10C8140004002244B240C14541011773FF1F670061
:10C8240043FDB2402244410182808280638B05141F
:10C83400797122D406D626D24AD04ECE52CC56CACC
:10C844005AC85EC62A846302051285472E8AB289B5
:10C85400AE84631AF60093F71500639807108144B9
:10C86400854763EB470B971701209387A72C83C653
:10C874000701054701496384E60003A98702EFF035
:10C88400BFD56378A90C3309254163F324012689B4
:10C89400A16763EC270D85476398F90897970020F3
:10C8A400938747F8B309F90063F83709894A179B56
:10C8B4000200130B6BB1930BF00FB38A8A4003474A
:10C8C4000400935647003D8BDA965A9783C60600B8
:10C8D4000347070033E6E600630976099206558F9D
:10C8E4009375F70F63837509834414003387F94004
:10C8F40085046355970093140701C1803E852686FD
:10C90400EF90CFA933878A00B30795006376470376
:10C914000904E3E637FB0DA03307F40003470700DF
:10C9240089070507BA9435BF4A86A2851795002062
:10C93400130545EFEF902FA5630D090083A7019A16
:10C9440089CBCA85179500201305C5ED829723AEC0
:10C95400A1980145B250225492540259F249624AB4
:10C96400D24A424BB24B45618280179502001305AF
:10C97400A5A4BD45EF209054FD5723AEF19805457D
:10C98400D1BF01458280397126DAAA844AD852D4AB
:10C9940006DE22DC4ED656D25AD05ECE62CC66CAB1
:10C9A4002E8A3289EFF05FC36384041A63020A1A81
:10C9B400AA89637FA9183304254163738A005284CA
:10C9C40017170120034707188547B30B2401631386
:10C9D400F708A1462286A945178502001305054FCD
:10C9E400EF20104E9717012023AA07169740FF1F28
:10C9F400E78000822A8A0545EFF03FD65285EFF0A2
:10CA0400DFC4EFF07FC22A86A146B1451795020024
:10CA14001305C594EF20D04A29459740FF1FE780AE
:10CA240000459730FF1FE780A07E2A8AEFF07FCF72
:10CA34005285EFF09FC1EFF03FBF2A86A146AD4576
:10CA44001795020013058592EF2090479717012050
:10CA5400238A070E631F09069730FF1FE780407B78
:10CA64002A89EFF03FD34A85EFF03FBEEFF0DFBBFA
:10CA74002A86A146A945179502001305E58FEF20E4
:10CA840030449730FF1FE780A078EFF01FBCEFF031
:10CA9400BFB92A86A146A545179502001305858EC0
:10CAA400EF2010429730FF1FE78080762AC6EFF010
:10CAB4009FAB3245EFF07FB9EFF01FB72A86A1464E
:10CAC400AD45179502001305A58CEF20703FEFF0DC
:10CAD400BFADB747004003CB370003C9170083C776
:10CAE400419A137BFB0F1379090481C72145EFA0F9
:10CAF4006F97056C930CFCFF374A0040A28A63636E
:10CB04008401E68A93950A01C1812685EFA0AFA02E
:10CB140083476A0093F70704E5DF33045441D6944E
:10CB240071FCA3016A0183471A0093F7F70B336979
:10CB3400F900A3002A01639D7901A9451795020014
:10CB44001305C586EF209037EFF0DFC723AE0198B9
:10CB5400F2506254D2544259B259225A925A025B48
:10CB6400F24B624CD24C21618280011152C4171ADB
:10CB74000120130A2AFC22CC26CA4AC856C203241E
:10CB84008A0206CE4EC6AA8A2E89EFF0FFA4034776
:10CB94000A018547AA84631DF7000DC963080902C9
:10CBA400AA896373A900CA8923AC019801443DA0F2
:10CBB4006374A400631E09002285F2406244D244D7
:10CBC4004249B249224A924A056182800144EDB742
:10CBD400B309854063733901CA8979D485472286AC
:10CBE400CE8556852382F19A13898199EFF0BFD9B6
:10CBF4002382019A832709004E9423248A028507FD
:10CC04002320F90063169404B14517850200130527
:10CC1400E578EF20B02A03260900A1469945178537
:10CC240002001305652BEF20B02903268A02A146D2
:10CC3400A945178502001305A52AEF207028A146EF
:10CC44004E86A545178502001305452AEF20502777
:10CC540003258A029DB7411123A0D19A06C622C496
:10CC64009717012083A787EF99E323AE019885479F
:10CC74001384C1996303F60201C563C3050081EA05
:10CC8400FD571CC07D55B24022444101828099E188
:10CC94000840D5BF829608C0FDB7C2050546C181CC
:10CCA400EFF0DFB8F5B7011122CC26CA06CE9717EC
:10CCB4000120938727E80D472306A100A387E700F7
:10CCC400A38CB700EFF05F91AA84014463479400FA
:10CCD400F2406244D2440561828022868545680020
:10CCE400EFF07FCA0504DDB76FF0BF8E9706000032
:10CCF4009386E6E76FF03FF6AA872E8589CD054730
:10CD04006395E70085456F90BFCA09476395E700BF
:10CD140085456F90DFD38280411122C406C69307F4
:10CD240000102310F500B7070303938717205CC98D
:10CD340023020500232405002306050023280500FB
:10CD4400230C05002A84EFF04FEE8547631BF500A2
:10CD5400034504007D1513351500B24022444101FA
:10CD640082800145DDBF63020510797122D42A84D3
:10CD7400480026D206D6AE84EFF01FFA8547630832
:10CD8400F50223000400A300040023010400A3010E
:10CD9400040023020400A302040023030400A303E9
:10CDA40004000145B2502254925445618280B24736
:10CDB4002300A400A300940083468100014799CB7B
:10CDC4006393A608371700400327470A7D8F1D8FFA
:10CDD40013371700D2462301E400034601018147BB
:10CDE40081CE8547631AF606B717004083A7470A22
:10CDF400F58F958F93B7170083465100A301F40074
:10CE040089E61347170093C71700B3369000A303AE
:10CE1400D4002302E400A302F4002303040093F6E5
:10CE2400140081CA85466316D7002303E400A303D4
:10CE340004008988A5D80547E396E7F62303F400A0
:10CE4400A303040085B709460147E395C6F83717DD
:10CE540000400327470C9DBF89458147E31EB6F870
:10CE6400B717004083A7470C61B7014582807971E9
:10CE7400480006D6EFF05FEA85476311F502B24534
:10CE840003458100EFF05FE703450101D245EFF070
:10CE9400BFE629459740FF1FE78000FCB25045617B
:10CEA40082807971480006D6EFF01FE7AA8705470C
:10CEB4000145639AE70017170120034797C86317D2
:10CEC400F70003458101B2504561828089476315AB
:10CED400F70003459101C5BF8D47E316F7FE0345EF
:10CEE400A101D5B77971480006D6EFF0FFE2AA8711
:10CEF40005470145639BE70017170120130787C304
:10CF040054576397F6000345B101B25045618280DE
:10CF14000347F70089476317F7009717012083C772
:10CF2400A7C0F5D3EFF0FFF7CDB7411122C406C671
:10CF34002A84EFF03FFBAA8522852244B2404101B6
:10CF44006FF07FE2797106D622D44AD026D24ECE33
:10CF540052CC2A842E89EFF09FF1EFF09FF411E96F
:10CF64000545B250225492540259F249624A45612D
:10CF740082808547AA849359190063E78702054490
:10CF840063E3270185490149054AA6852800EFF096
:10CF94009FDD630D4501F145178502001305C54A60
:10CFA400EF20C071014575BF0580D9BF8347E100FB
:10CFB400638D470105094209135909019740FF1F71
:10CFC400E780E0EAE31389FC61BF01440549A685D3
:10CFD4002800EFF05FD963082501F14517850200A9
:10CFE4001305854475BF8347F100E38B27F70504D8
:10CFF400420441809740FF1FE78060E7E31934FD56
:10D00400E1451785020013056540EF20206B268655
:10D014008946C545178502001305053CEF20406A83
:10D024000346A1008946BD45178502001305053C4A
:10D03400EF2000690346B1008946BD45178502000B
:10D044001305C53BEF20C067B1BF6FF02FA96FF088
:10D054006FBB6FF08FBC55458280757126C34AC182
:10D06400AE843289ED4513064006680006C7CEDE5D
:10D0740022C5B689EF10E0414A86A6856800792268
:10D08400FD57631AF5007D55BA402A449A440A496B
:10D09400F6594961828009472A849307A0FA639369
:10D0A400E900814713F5F70F01477C00D546631C5F
:10D0B400E40023808700A380970023812701A381B4
:10D0C400A7002382370105079507E312D7FE6800FE
:10D0D40013064006ED45EF10C0321375F40FEFF060
:10D0E4008FB455F11305240045B71971A2DC13045C
:10D0F400E5FF86DE1374F40FD14763E98702130654
:10D104004006ED456800EF10C03895473304F4023B
:10D1140013064006ED45680093070407338427008F
:10D124009307A0FAA30FF4F8EF10A02DF65066545D
:10D1340009618280411122C406C62A849730FF1FE8
:10D14400E780000D63678500018DB24022444101F0
:10D154008280B707C0A8818F3E95C5BF411106C61E
:10D1640022C426C24AC03284AE849730FF1FE780AF
:10D17400200A2A89A28501462685EFF03FB7AA84B2
:10D184004A85EFF03FFB1387019B1C43B2400249E1
:10D19400AA971CC31387C19A1C4313D5F441924424
:10D1A40085071CC31387819A1C43A29722441CC37E
:10D1B40041018280011122CC26CA4AC84EC652C4FB
:10D1C40006CEAE892A840149014AFD54EFF0BFE836
:10D1D400636BA900F2406244D2444249B249528589
:10D1E400224A0561828083472400638F370123002C
:10D1F4009400A300940023019400A301940023024B
:10D20400940005091504D9B7054AE5BF011152C4B4
:10D214002E8AB28522CC26CA4EC606CE4AC8AA8415
:10D22400B289EFF03FF9854701446312F50213898F
:10D2340014000144EFF03FE26364A4028D0401444E
:10D244001309A00AEFF03FE16367A4027D54F240A2
:10D2540022856244D2444249B249224A056182800D
:10D26400834709006396470183471900E38137FF29
:10D2740005041509C1B783C704009504E39927FD84
:10D284000504C9B7011122CC26CA4AC84EC652C4E5
:10D2940006CEAA84AE89328A130915000144EFF040
:10D2A4009FDB6364A4007D541DA083470900639938
:10D2B400370383471900639547039547B307F4027F
:10D2C400BE9483C74400171701202323F786F24036
:10D2D40022856244D2444249B249224A056182808D
:10D2E400050415096DBF7571130640068145680074
:10D2F40006C722C526C34AC1CEDEEF803F8A130685
:10D304004006ED456800EF10C018600001498144F3
:10D314009309A00AEFF03FD4636CA900EFF0BFD3E8
:10D32400BA402A440A49F659058D9A4449618280D3
:10D334008347340063933701850405091504D9BF75
:10D344007971FD573ECA3ECC230EF100B7474646DD
:10D35400938767643EC808089147354693053008AB
:10D3640006D62306F100EF10C009680005469305B0
:10D374000009EF100009B25045618280757106C73B
:10D3840022C526C34AC1CEDED2DC0DE51306400613
:10D394009305F00F6800EF807F8013064006ED458B
:10D3A4006800EF100006EFF01FF41375F50FEFA0FF
:10D3B4003FD3ADA88547AE896311F5061306400631
:10D3C40081456800EF808FFD13064006ED45680037
:10D3D400EF10200C6000014A0149FD54EFF0BFC773
:10D3E400636BAA0013064006ED456800EF10600168
:10D3F400630E09024DBF83472400639D3701230058
:10D404009400A300940023019400A3019400230238
:10D4140094000549050A1504D1B789476308F50244
:10D4240013064006ED456800EF00B07D60008144BE
:10D434001309A00AEFF03FC263E5A406BA402A44E8
:10D444009A440A49F659665A496182808145328A6A
:10D45400680013064006EF806FF413064006ED459E
:10D464006800EF100003600081440149EFF0BFBE83
:10D47400E3FAA4F683472400639237038347140036
:10D48400639E4701FD572300F400A300F400230129
:10D49400F400A301F4002302F400054985041504F3
:10D4A400F1B7834734001504E38A27F9850459B793
:10D4B400757106C722C526C34AC1CEDE8D476313E4
:10D4C400F50405448545454597070120238C876667
:10D4D400EFF06FFDA386818205489307F00F1307D1
:10D4E400F00F9306F00F1306F00F9305F00F1305DA
:10D4F400F00FEF10C012BA402A449A440A49F65970
:10D50400496182809147AE846305F5008547631BBA
:10D51400F5021306400681456800EF802FE81306E4
:10D524004006ED456800EF00D07660000149EFF059
:10D534009FB2E372A9FC834724001504E38397F8A0
:10D544000509F5B78947E318F5FA8145B2896800FA
:10D5540013064006EF808FE413064006ED4568008D
:10D56400EF00307360000149EFF0FFAEE375A9F8F6
:10D57400834724006396970083471400E38337F5B9
:10D5840005091504D5B7011122CC26CA2A8485447D
:10D59400054693051008280006CE4AC82304010056
:10D5A40023069100EF00F06E83478100638B8702AE
:10D5B4001379F40F0546930510086800230621012A
:10D5C400EF0030644A85EFA01FAB9387719E631010
:10D5D400940203C507000566130606C88965EF2093
:10D5E400404CF2406244D24442490561828003C502
:10D5F40007008965EF20C073EDB7757122C54AC174
:10D60400CEDED2DC06C726C3D6DA2A8AAE893284B5
:10D614009730FF1FE780C0BF2A8913050010EF5021
:10D62400E26D15E1F94517850200130525EEEF209B
:10D63400E0087D55BA402A449A440A49F659665A84
:10D64400D65A496182808547AA846314F422970AD2
:10D654000120938A2A4E83C78A01C9E31704012053
:10D664001304844C03450400EF00506C9307F00F3F
:10D674006303F50008C4170401201304E44A1844A2
:10D684008947631CF71A054523A4019A23A6019A26
:10D6940023A8019AEFE0FFFD034504000146970526
:10D6A40000009385E5ABEFD09F8E2A840145EFE01F
:10D6B4005FFC5DC0F94517850200130565E1EF10B5
:10D6C400F07F970701202387074685470145239864
:10D6D400FA00EFF08F88EFA0FFE2A5A01306400642
:10D6E400ED456800EF00F05A4E86D2856800EFF0F1
:10D6F4007FB97D57630EE50015473307E50213072D
:10D7040007070A978346F7F91307A00A638FE6020F
:10D71400ED45178502001305A5DDEF10307A894623
:10D724005286C14517850200130505D4EF105079C0
:10D7340089464E86BD4517850200130525D4EF1092
:10D7440030782685EF50025CEDB593072500170766
:10D754000120230BF73C05B79730FF1FE78040AB50
:10D764002A84EFF02F86B14517850200130545D5AD
:10D77400EF10D07422852164130404D0EFF09F9B32
:10D78400B37785029309803EA146994533568502B5
:10D7940017850200130585CFB3873703B3D78702F4
:10D7A400330636033E96EF10B0714A85EFF09F982A
:10D7B40033768502A14699453355850233063603EF
:10D7C40033568602330535032A961785020013055E
:10D7D40065CCEF10F06E83A7019B33F68702A14658
:10D7E400A14517850200130565CBB3D7870233061D
:10D7F400360333568602B38737033E96EF10506CD8
:10D80400A14603A6C19AA145178502001305C5C9FF
:10D81400EF10106BA14603A6819AA145178502005B
:10D82400130545C9EF10D0699707012023A00730DD
:10D834002685EF50224D0145F5BB130600108145A6
:10D844002685EF80AFB55040834504002685EFF070
:10D854005F805C400346840093050010850726859D
:10D864005CC0EFF0AFC82A89EFE01FD7E367A9FCDB
:10D8740065BF5DFCEFF0DFAC85454545EFF0AFC219
:10D8840045BF41118D451305000206C6EF902F9C3C
:10D89400B71700409387C70C9843B2401367070239
:10D8A40098C341018280011122CC3714004026CA5A
:10D8B4004AC84EC606CE9307840D13070006AA89EC
:10D8C4002E8998C38D4513050006B284EF902F98D6
:10D8D400638E09021304C40C8D4563010902130508
:10D8E4000004EF90CF961C4093E707041CC0F2405D
:10D8F4006244D2444249B249056182801305000260
:10D90400EF90EF941C4093E70702CDB7A947E3E0FB
:10D9140097FE6244F240D2444249B24905616FF035
:10D924005FF6411122C426C206C6BD440144EF106D
:10D93400F05EFD142A94E5FCBD473355F402B24071
:10D944002244924441011375F50F8280B7170040B9
:10D9540003A5470C35810589828003C7419B930742
:10D96400A7FB93F7F70FF94663EEF600130540069D
:10D97400198D930780073305F50295476356F50221
:10D984001545828003C7C19B930767FA93F7F70F86
:10D99400A94663E8F60013055006198D930760093C
:10D9A400D9BF09651305C5D48280011185472306B3
:10D9B400F10006CE22CC26CA4AC8970401209384DB
:10D9C4006417EFF0BFF81389E19B2A84238A019A34
:10D9D400238BA4002300A900EFF0BFF4A38AA400C2
:10D9E4000145EFA0AFED0546930520086800EF0060
:10D9F400502A03C654018347C100034509009335E7
:10DA0400460693C51500238EF19AA38EB19AEFF0C2
:10DA14009FE919E883C75401054693052008680067
:10DA24002306F100EF00F01DF2406244D244424963
:10DA34000561828079714AD006D622D426D24ECE90
:10DA440052CC56CAEFF09FF08547170901201309FD
:10DA5400690E631BF50C938AE19BAA84EF10104CAA
:10DA640003CA0A00230B99002A849389D19B63116A
:10DA74000A0883C7C19B238AF19A23AC019A9307AE
:10DA8400300663F2A70683C709006390970405462E
:10DA9400930520086800EF00D01F8347C100238E40
:10DAA400F19A834769012380FA00EFA08FE322866D
:10DAB400225483C50900B25092540259F249624A71
:10DAC400D24A054545616FF01FDEA30AA90023ACC5
:10DAD400919AEFF09FE8E3ECA4FA85472380F900DC
:10DAE40023AC019A0DA8A30AA900A38E019A45B7F5
:10DAF40083C7090063819702A30AA900930730062C
:10DB040063FFA7009387819B8443850484C3EFF05C
:10DB1400DFE4E3F4A4FC8547E30BFAF88DBF23AC00
:10DB2400019AA38E019AC5BF034769016312F706E0
:10DB3400EFF03FDFA30AA9002A84014597070120DB
:10DB440023850700238F019A238A019AEFA00FD718
:10DB5400EFA02FD99307300663E48700A38E019AC0
:10DB6400054693052008680023068100EF0070092C
:10DB7400B71700401307000623ACE70C8D451305C7
:10DB84000006EF80DFECA94763E48700EFF07FCF66
:10DB9400B250225492540259F249624AD24A45611F
:10DBA400828041118A871387F500BE888346070067
:10DBB4008507A38FD7FEBA867D17E399D5FE8147E3
:10DBC400C1463307F500034707003388F8000348CC
:10DBD40008003117B305F600334707012380E50039
:10DBE4008507E390D7FE410182802A869775FF1F3F
:10DBF400938505371775FF1F130585376FF07FFA77
:10DC04000111854706CE2306F100639DF5004146C8
:10DC140081454D2368000546C145692B0545F24001
:10DC240005618280170701200347B7F2E311F7FE6D
:10DC34000145F5B7397126DAAA84080806DE22DC24
:10DC4400EFF0BFFA41468145081059250546C14504
:10DC54000A85BD2D8347010005476396E700170732
:10DC64000120A308F7EE14085000C1450810EF90F6
:10DC7400BFEC2A8421C51946A6852800EF70BFF0A1
:10DC84002800EFD0FFA91946A2852800EF5002080A
:10DC940019ED8547228517070120230CF7EAEF5079
:10DCA40062060545F2506254D25421618280228575
:10DCB40097070120238F07E8EF50C2040145DDB721
:10DCC40082808547A38FF19A82808280411122C489
:10DCD40006C62E84EF101045B7470F00938707241C
:10DCE4003376F50222852244B240814541016FF02A
:10DCF4007168797122D4B717004006D626D24AD06B
:10DD04004ECE52CCA381070493970501C1872E847C
:10DD140063D2070403C5719C9740FF1FE78060919D
:10DD2400AA8419CD034705009307000B6317F70076
:10DD3400834545002105EF7060352685EF10302FAF
:10DD44002165218DB250225492540259F249624AFB
:10DD54004561828093F7150085C31776FF1F13066C
:10DD6400E6229775FF1F9385A52103C5719CEFE0FB
:10DD7400B14913451400F9B793F7050881CB416500
:10DD84007D15EF10A240134504086DBF93F785007D
:10DD940085CB81572312F10041652390019C239187
:10DDA400019C2392019C854783C6719C09464C00C3
:10DDB40079152383F19CEF60107F1345840059B7D4
:10DDC40093F7050191CF416513078025814613061A
:10DDD4004006D1457915EF10E23A134504019DB789
:10DDE40093F70502D5CB1389F19B83470900ADEB6B
:10DDF4009384F18103C7040083D7019C35CB416A26
:10DE04002312F1000147854781460546C94513059C
:10DE1400EAFF231601002313F100EF6010632AC404
:10DE240021C19389719C03C609009307A0052300AF
:10DE3400F5004C001305EAFFEF60505A0DE58547E5
:10DE44002300F90083C7040003C509001306006416
:10DE540093B71700930500022380F400EF10704479
:10DE640013450402C5B5C9454800EF702022CDBF53
:10DE7400416503C6719C4C0079152312F100EF60D3
:10DE8400B05579FD85472300F90083C7040093B793
:10DE940017002380F400E9B713F50504E30405EA49
:10DEA40041657915EF10C22D056613060696930594
:10DEB400000403C5719CEF10D03E1345040459B50A
:10DEC40003472500B5476314F70601114AC84EC637
:10DED4000349C5008329050122CC52C406CE26CAB3
:10DEE4000144254A636A2401F2406244D24442490F
:10DEF400B249224A05618280B387890083C407003E
:10DF0400E5D433079400E341E9FE83C71700639B1C
:10DF140047019385F4FF1305240093F5F50F4E95FF
:10DF2400EFA0EF9F850426944204418065BF828060
:10DF3400011117050000130505DC06CE22CCEF20E5
:10DF4400A00A1384719C85652300A400938505961B
:10DF54000945EF30704AD1451D45EF30F04993052E
:10DF640040062145EF305049930540063545EF30D2
:10DF7400B048177602001306665BD5450145EF608D
:10DF8400804485470D47700091451305F0402304F4
:10DF9400F100A304F1002305E100A305F10002C68A
:10DFA400EFF0F1633000854513058040EFF03163F5
:10DFB40013069100854513059040EFF05162130656
:10DFC400A10085451305A040EFF071611306B1006F
:10DFD40085451305D040EFF09160EF70703503452F
:10DFE4000400EF7040644D45EF60005B4D45EF90D9
:10DFF400E076034504006244F24085450561175309
:10E00400FF1F6700037F6FE05127014685450D45DB
:10E014006FE0F12482808280011106CE22CC26CAD0
:10E024008D476302F50A63EBA7007D15854763F707
:10E03400A704F2406244D24405618280914763049C
:10E04400F5049947E317F5FEEFB00FDEC5451775E4
:10E0540002001305255397070120238A07AEEF100A
:10E06400E0656244F240D24489461946D5451775A5
:10E0740002001305254D05616F1080649707012088
:10E08400238707AC7DB7854783D4E500A384F19C3F
:10E0940017070120230DF7AA2E84EFB0EFC99307C9
:10E0A4004006E3F897F80355A4006244F240D244D2
:10E0B40083C7C1821307400681461306400699456B
:10E0C40005616F00F233EFB02FD603C7919C8547EB
:10E0D4006314F700A384019C85441306F10085456D
:10E0E40013055030A307910017040120130484A4DE
:10E0F400EF00B2608347E400639A9700130540067B
:10E10400EF80DFFB9730FF1FE78080C48347040064
:10E1140003471401D98FE39E07F005661306062C06
:10E12400C14503C5719EEF10D01721B78547170766
:10E134000120A30EF7A02384C19CB7170040A3813C
:10E14400070417F500201305A56E1733FF1F67009A
:10E154004357011106CE19C509476305E500F2408E
:10E16400056182809305F100EFD0DF84CDBF1707EE
:10E1740001200347E79C8547631DF702011106CE82
:10E18400EF10C20005C52AC6F9451775020013052C
:10E19400A540EF10A0523246F2408946C545177596
:10E1A40002001305A53B05616F108051F240056123
:10E1B4008280828001114AC82E899D6522CC26CA9C
:10E1C40093060010AA8432849385052017F6002054
:10E1D400130686752D4506CE4EC69730FF1FE78081
:10E1E400000C814797F600209386067463CA870063
:10E1F400B7F70700DC532147BD8B639EE70001A0FE
:10E204003387F400034607003307F90036972300E9
:10E21400C7008507E1BF9D699306001001469385F9
:10E22400092025459730FF1FE780600793060010FB
:10E2340017F600201306466F938509202945973069
:10E24400FF1FE780C0059306001017F60020130691
:10E25400A66D938509102D459730FF1FE780200494
:10E26400814797F600209386266C63CA8700B7F728
:10E274000700DC532147BD8B639EE70001A0338771
:10E28400F400034607003307F90036972300C7005C
:10E294008507E1BF1D649305041093060010014631
:10E2A40025459730FF1FE78080FF930504106244E3
:10E2B400F240D2444249B2499306001017F60020B6
:10E2C40013068666294505611733FF1F670023FD82
:10E2D4002D71232C81102E849D65232A91102328CF
:10E2E4002111930600102A89B2849385052017F61C
:10E2F4000020130666632D4523263111232E1110A9
:10E304009730FF1FE780A0F98147854997F60020E1
:10E31400938686611306F00F63C897066387090C1A
:10E324001306001097F50020938505600A85EF70A9
:10E334009F859D659306001017F600201306C65EA0
:10E34400938505102D459730FF1FE78040F58147E1
:10E35400814617F600201306265D9305F00F63C36C
:10E364009704C1C697F500209385055C2686A2957F
:10E3740033058100EF703F81B7F70700DC53214775
:10E38400BD8B639FE70201A03307F4003697034770
:10E394000700B305F9002380E5006303C700814942
:10E3A40085079DBF3307F400329703470700330501
:10E3B400F9002300E5006303B700CE86850745B75F
:10E3C4001D649306001001469305042025459730EB
:10E3D400FF1FE780C0EC930600100A869305042013
:10E3E40029459730FF1FE78080EB8320C111032468
:10E3F400811183244111032901118329C11015615D
:10E404008280411122C426C24AC093060010AA8405
:10E414002E8932849D6517F600201306E6602D458B
:10E4240006C69730FF1FE78080E7814797F60020F4
:10E434009386865F63CA8700B7F70700DC532147DA
:10E44400BD8B639EE70001A03387F40003460700F9
:10E454003307F90036972300C7008507E1BF930609
:10E46400001001469D6525459730FF1FE78020E396
:10E474002244B240924402499306001017F6002049
:10E484001306865A9D65294541011733FF1F67000E
:10E4940003E1411122C426C24AC093060010AA8493
:10E4A4002E8932849D6517F600201306E6572D4504
:10E4B40006C69730FF1FE78080DE814797F600206D
:10E4C4009386865663C88700B24022449244024928
:10E4D400410182803307F9003697034607003387EA
:10E4E400F40085072300C700F1BF854763EFA70247
:10E4F400011122CC26CA2A84AE84680009469305F9
:10E50400900906CEEFF0FFF8930704013384270047
:10E514006800094693059009230E94FEEFF07FEE00
:10E52400F2406244D244056182808280854763F56B
:10E53400A7001305F00F8280011122CC09462A841A
:10E5440093059009680006CEEFF0BFF49307040129
:10E55400338427000345C4FF894763F4A7001305E8
:10E56400F00FF24062440561828001112306A1008C
:10E57400054668009305400906CEEFF09FE8F24097
:10E58400056182800111680005469305400906CEA5
:10E59400EFF03FF0F2400345C100056182800111B4
:10E5A400935785012306F10093570501A306F10053
:10E5B40093178500420541812181C98F1146680066
:10E5C4009305500906CE2317F100EFF09FE3F240C4
:10E5D400056182800111680011469305500906CE39
:10E5E400EFF03FEB8347C1000347D1000345E1004F
:10E5F400E2074207D98F0347F100F2402205D98F81
:10E604005D8D0561828001116800114693055009F2
:10E6140006CE02C6EFF0FFDEF2400561828079711A
:10E6240022D426D256CAAE84AA8A3284930510090B
:10E634000D4668004AD04ECE52CC5AC806D63E8B00
:10E64400368ABA894289EFF0DFE48347D100034672
:10E65400C1007D8E8347E1007D8E9307F00F631622
:10E66400F60023160100230701009307F00F03436C
:10E67400C10093781B006314FB0093781300930785
:10E68400F00F13FE3A006396FA00135E1300137E34
:10E694003E009307F00F13753A006315FA00135503
:10E6A40033000D891307F00F93F719006395E90000
:10E6B40093575300858B9306F00F13771900631655
:10E6C400D90013536300137713009306F00F639478
:10E6D400D4008344D1009306F00F6314D4000344A0
:10E6E400E100060EB3E8C8010E05B3E8A8009607DA
:10E6F400B3E8F8001A07B3E8E80068000D4693058C
:10E704001009A30691002307810023061101EFF0ED
:10E714005FCFB250225492540259F249624AD24A0B
:10E72400424B45618280011122CC26CA2E84AA84E0
:10E734000D4693051009680006CEEFF09FD5834778
:10E74400C1000347D1008346E1007D8F758F930696
:10E75400F00F630FD70013F717009983858B23807D
:10E76400E4002300F400F2406244D2440561828054
:10E7740001478147EDB7797122D44AD04ECE2A841D
:10E78400AE893289930510090D46680026D252CC11
:10E79400BA84368A06D6EFF0DFCF8347C10003463A
:10E7A400D1008346E1009305F00F33F7C700758F5E
:10E7B400631EB70223000A00FD572300F4008947B3
:10E7C4002380F400238009002300090097F7002028
:10E7D40023A0073697F7002023A40738B250225409
:10E7E40092540259F249624A4561828013F7170034
:10E7F4002300EA0013D717000D8B2300E40013D77E
:10E8040037000D8B2380E4002380C9009583230007
:10E81400D900858B17F60020130606311CC683C663
:10E824000400054797F700209387C7306383E60207
:10E834008D456385B60285E2A387E70097F700203C
:10E8440023A007328347040091EF85472300F60095
:10E8540071B70947D5B7A387B700CDB7D8D7A38772
:10E86400E700CDB70547E39BE7F697F70020238D34
:10E87400072AADB701111306F10085451305503081
:10E8840006CEA3070100EF004267F24005618280D3
:10E89400011185471306F10085451305503006CE56
:10E8A400A307F100EF006265F2400561828079718F
:10E8B400170500001305E51706D622D426D2EF105B
:10E8C400A0729384C1822380A400EF902FDB17668B
:10E8D400FF1F1306266DD5450145EF50D02E930535
:10E8E40000320D45EF304031930500321145EF30D1
:10E8F400A030930500641545EF30003093050032D5
:10E904001945EF30602F05443008914513057040D8
:10E91400A3068100230781002308810002CCA307FA
:10E924000100EFF0C14B1306D100854513050040EB
:10E93400EFF0E14A1306E100854513051040EFF0BE
:10E94400014A1306F100854513052040EFF02149E3
:10E954001008854513055040EFF061484D45EF50D0
:10E96400B0434D45EF80905FEF90EFBB4D45EFC056
:10E974001FF64D45EF809F8689472307F1008D4799
:10E98400A307F100B7373233938707133ECCB73769
:10E994003637938747533ECEB70703049387172030
:10E9A4003EC81306D100954785450145230AF10069
:10E9B400A3068100EFC05FF71306E1008545054516
:10E9C400EFC09FF61306F10085450945EFC0DFF55A
:10E9D4003008A1450D45EFC03FF510089545114598
:10E9E400EFC09FF413858182EFC03FF3138501824A
:10E9F400EF80DF80225403C50400B2509254854551
:10EA040045611753FF1F6700C3DE2E86AA850145A3
:10EA14006F80AFFF01112306A1008945680006CE6F
:10EA2400A3060100EFF07FFEF24005618280011130
:10EA34009397050122CC06CE26CA4AC84EC6C18782
:10EA44002E8463D4070203C5C1829730FF1FE78079
:10EA540040BE19C1EF00B05D2165218DF2406244D2
:10EA6400D2444249B2490561828093F7850089CF37
:10EA7400EFA05FF92A8611C5A14503C5C182EF1035
:10EA8400400213458400D9BF93F7150085C3176668
:10EA9400FF1F1306665097F500209385A5D803C57C
:10EAA400C182EF00621C134514004DBF93F725008B
:10EAB40013C52500C5F713F545004DD19389419D34
:10EAC40083A709001389019D83250900850763EC49
:10EAD400F50093074005014517F700202324F708A4
:10EAE400EFF05FF395A083A7819DB205856601468B
:10EAF400BE9505459720FF1FE780607AAA841375A9
:10EB0400F50F31C5EFF01FF193075005C545177593
:10EB14000200130565AA17F700202325F704EF0068
:10EB2400F039894613F6F40FC5451775020013052D
:10EB340025A4EF00F03829459720FF1FE7802033F4
:10EB44009720FF1FE780C0201345440001BF938630
:10EB5400C19C9842832709000507850798C2232092
:10EB6400F900A54663F5E60093076005ADB703A772
:10EB740009000507E3FFE7F42285CDB5411122C45E
:10EB84002E862E84AA8517F50020130565CA06C6AD
:10EB94009730FF1FE780E0B2B2402384819C224477
:10EBA4004101828083D7819E9DC35D473E86637306
:10EBB400F7005D464206B7E7570041829387074056
:10EBC4003306F602894503C5719E6F00906D8280FD
:10EBD4004111014506C622C426C2EFD01FB8130551
:10EBE400401F9720FF1FE780802881457D55EF70E7
:10EBF4003FDC81457D55EF709FE5371400401307D6
:10EC0400000E9307840D98C38D451305000EEF7015
:10EC14001FE49304C40A85679CC08D450565EF70A5
:10EC24003FD995671304C40C1CC08D451565EF705E
:10EC34001FE2894513050021EF709FD789450965B7
:10EC4400EF70FFE00D651305958288C08D45EF7068
:10EC54003FD6216581451105EF709FD5814521651A
:10EC6400EF70FFDE2244B24092448545130500084C
:10EC740041016F70FFD3196541118D45130505E3FB
:10EC840006C6EF70FFD2814513050010EF705FD206
:10EC940015658545130585CCEF709FD18D4571654C
:10ECA400EF70FFDA3725600085457D15EF703FDA98
:10ECB40089450965EF70BFD9B71700409386870A65
:10ECC400984205669387870C518F98C29843916642
:10ECD400B240558F98C341016F00D014411106C64C
:10ECE40022C426C2EFA0FF842DE517F400201304EC
:10ECF40064E40346140185476318F6049384C19DB4
:10ED040083C60400B9E617F700201307E7E1834739
:10ED14000700A9C78347F4006386C7008946639345
:10ED2400D70085468347840185EF03478700A38680
:10ED3400018201489307F00F014681450145EFF038
:10ED44001F8E85472380F4008347140199E3238EA3
:10ED5400019CB24022449244410182808D46D9B73D
:10ED6400FD1793F7F70F0546E36DF6FCA3860182C2
:10ED74000347870003464401834534010148930750
:10ED8400F00F05456DBF011122CC2A84680006CE20
:10ED94009720FF1FE7804001B7E700E03707001026
:10EDA40023A0E7180F1000001305607E8147014778
:10EDB400814639468D45EF607FFC014521C0994766
:10EDC40063E187027D141374F40F954763E58702AA
:10EDD400176702001307877F0A043A941C40BA9706
:10EDE40082879307700C630AF4029307200D37059A
:10EDF40005006306F4021D4511A00545EF707FA6CA
:10EE0400F24062440545056182800945C5BF0D4550
:10EE1400F5B71545E5B71945D5B7370510007D1584
:10EE2400EF707FACF1BF797106D622D426D24AD0D6
:10EE34004ECE52CCEFA08FEF41ED1384019E834759
:10EE4400040099E7238F019CA38E019CEFE02F829D
:10EE54002800EFE08F8D0349810085479384F19D5D
:10EE64009389719E6310F9048347910085CF83C70A
:10EE74000400CDE3034A0400EFD01FE70347E10099
:10EE84009387E19D631E27052380E700A38E019CE1
:10EE9400637C4507E145176502001305A574EF007F
:10EEA400F00111A883C70400B5E703490400EFD0BB
:10EEB400BFE3637B2505EF90EFE485472380F400EF
:10EEC400130600649305000403C50900EF00703DB8
:10EED400B250225492540259F249624A45618280E6
:10EEE40083C70700E39627FB0347F100E312F7FA11
:10EEF4009386D19D83C70600850793F7F70F238078
:10EF0400F600E36AF7FA69B783470400850723002C
:10EF1400F4007DB797F70020238E07C0854717F7C5
:10EF240000202309F7C21306401F2380019EA38FEC
:10EF3400019C238F019CA38E019CC14571B717F7D7
:10EF44000020034727BF85476314F7006FF0BFED28
:10EF54003D654111130505A606C6EF008074EFF068
:10EF64003FC70145EFF03FE201459710FF1FE780DF
:10EF740000790545EF701F9EB71700401307000383
:10EF84002388E702B24023A8019841011723FF1FF9
:10EF9400670003DC79719397050126D206D622D443
:10EFA4004AD04ECEC187AE8463DC07009720FF1F92
:10EFB400E780206819C1EF0090072165258D2DAAEF
:10EFC40093D7B500858BF1C3EFA00FD501C90565B3
:10EFD40013050580258D4205418139AAEFA04FD63E
:10EFE40017F40020130404B55C5405476393E70841
:10EFF4000546814501452308F400A307F40017F7EB
:10F0040000202303F7B217F70020232907B4EFE009
:10F01400CFDEFD576316F50097F70020238C07B069
:10F024008947A307F4008547A30CF4002308F400E0
:10F03400054697F7002023AB07AE97F7002023ADD2
:10F0440007AE97F7002023AB07B097F70020238D76
:10F0540007AC81450145EFE04FDAFD576317F50032
:10F0640097F70020238807AC9DB78547A308F400D1
:10F07400B9BF834544010345340197F7002023A118
:10F0840007AEA30CE4000546F9B793F71500A5CF26
:10F0940017F40020034464ABEFE05F8B054763047F
:10F0A400E5006317E4002382019E2391019E11A8C9
:10F0B4009386419E83C706006368F7008507238013
:10F0C400F600EFE03F9739A89386219E83D7060088
:10F0D40015671307F7458507C207C183E367F7FC84
:10F0E4002390F6000566130606C8854503C5719E80
:10F0F400EF00301B13C51400B2502254925402592D
:10F10400F2494561828093F70510C1C397F7002047
:10F11400938747A203C7070083C617011384719E10
:10F1240003450400558F11EF83C687010547636AC1
:10F13400D70083C6B701639BE60097F70020A38836
:10F1440007A097F70020A38207A019A803C7770197
:10F15400F94605071377F70F63EFE600A38BE70083
:10F16400034504001306006493050010EF007013B8
:10F1740013C5041051B71306401FC14597F700206B
:10F18400A385079CEF00F011E1BF93F705019DC330
:10F19400EFA0CFB901C513C50401B9BFEFF01FB487
:10F1A40017F700200347E7998547E306F7FEEFF0DA
:10F1B4001FD9D5B793F72500638E0716EFA0CFB5F7
:10F1C40019C913060064894503C5719EEF00700DCB
:10F1D40013C5240015B7EFA06FB565F59389C19EDB
:10F1E40083A70900F5D71389819E8357090099CF16
:10F1F400DD463E8763F3F6005D47998FC207C183FE
:10F204002310F90081C7EFF0FF99D9B7EFA04FB3EE
:10F214009306E1001307F1001306D1006C001305F7
:10F22400B100EFF04FD517F700201307E78F97F6DB
:10F23400002023A5069297F6002023A9068E834674
:10F24400870097F7002023A9078EC16714C7834658
:10F25400B10017F400201304E48DFD171CC49307B8
:10F2640000051CD81387F6FF8547A30CF400231868
:10F27400F4001377F70F1306D00F6373E608034700
:10F28400F10097F700202383078C8D476312F7045E
:10F29400EFD0BFDB29459720FF1FE780E0BB8565E2
:10F2A400130640069385058003C5719EEF00607FB9
:10F2B40029459720FF1FE78020BAEFD05FD9B7A771
:10F2C400987B23A0F900930780162310F90025BF2B
:10F2D400EFD0BFD729459720FF1FE780E0B7054649
:10F2E40081450145EFE06FB1FD576317F50097F7CE
:10F2F4000020238107846DBF8547A308F4004DBF18
:10F30400E39FF6FA8947230CF4008347C100A3095D
:10F31400F4008347D100230AF400EFD01FD329451A
:10F324009720FF1FE78040B3834544010345340120
:10F3340005464DBF93F7050491C7EFF0DFAE13C543
:10F3440004045DBB0564B3F7850099CB1306006420
:10F35400856503C5719EEF00C07433C58400A5B9EB
:10F3640093F7850095CF9387619E03C707001384A5
:10F37400719E05E305472380E700EFF06FD1130684
:10F38400400603450400A145EF00A07113C58400A5
:10F39400A5B32383019EEFF0EFCD1306803ED5B7CE
:10F3A4008967ED8F95CF9387519E03C70700138418
:10F3B400719E19EF05472380E700EFE01FC5130690
:10F3C4004006034504008965EF00A06D0965FDB69C
:10F3D400A382019EEFE03FC30566130606C8D5B7B6
:10F3E40013F50502E30A05D0EF803FFD13C50402BF
:10F3F40021B32547AA876367A7009307050313F57D
:10F40400F70F8280130765FF1377F70F95461305EF
:10F41400F00FE3E8E6FE93877703D5B7011122CC1A
:10F4240026CA4EC652C406CE4AC897E40020938426
:10F43400A4730144138A019F9949B307440103C982
:10F4440007000504890413554900EFF09FFA238F40
:10F45400A4FE1375F900EFF0DFF9A38FA4FEE31EF9
:10F4640034FDF2406244D2444249B249224A056121
:10F474008280411106C6EFF0EF90930760066301A6
:10F48400F50213056006EFF04F8EB240054885473C
:10F494000547894601468145014541016FF02F9892
:10F4A400B2404101828001119305F1001305E1008E
:10F4B40006CEEFF04FA70347F1008546A386E1820D
:10F4C4008347E100639ED700630CF700B7A7987BDE
:10F4D40023A6F19E930780162394F19EEFF08FEC00
:10F4E400F240056182807971054506D626D222D480
:10F4F4004AD04ECEEF702FE1130550349710FF1F02
:10F50400E7808061B717004083C44704EFF04FECF5
:10F514008922EFC08FEEEFC05F82EFF03FF0994594
:10F524001385019FEFE00FF1EFF0B1489D888D47FF
:10F534006392F4020145EFE00F851305F00FEFF03D
:10F54400CF821306F00F9305F00F0145EFD01FE3B0
:10F55400EFF06F8B17E900201309C95D8549232259
:10F564003903EFF01FF1EFF08FB4EFF0914BEFE0C0
:10F574003F9C17050000130525A2EF00F026138415
:10F58400719E2300A400014597E70020238B075AAE
:10F5940097E700202380075CEFD02F9CEFE0EFC0BB
:10F5A4008D47639FF4008545454523083901EFD015
:10F5B4008FEF03450400C1459740FF1FE780602398
:10F5C400034504008564138604C885452382019E8F
:10F5D4002391019EF921EF709F960145EF70BF9032
:10F5E4002383019EEFE03FA20546930510086800BF
:10F5F400EFE03FEA0347C10085476318F70003457E
:10F604000400138604C889656929EFF0DFE9EFE097
:10F614007FFC854513050008EF708FB99720FF1F05
:10F62400E78080AB4111C145014506C6EF700FCCA0
:10F63400B7170040130700088545414523ACE70C84
:10F64400EF70EFC0B2408D451305000841016F70A3
:10F654000FC0411106C6EFF0FFFCA38C019E238C62
:10F66400019E239B019EEF707F9A7165130505200F
:10F67400EF70DF960145EF709F9C95450545EF704F
:10F68400BF9DB7E700E0238D0740B2403707000471
:10F6940023A0E7104101828001C599C16F70FF9ECC
:10F6A40082803737004011C58347570093F707041A
:10F6B40091C382807D1542054181F5B76FF0DFFD6E
:10F6C400011122CCB687368406CE97660200938653
:10F6D40026F38DE7930704018A973547238AE7FECB
:10F6E4002947A38AE7FEEFF03FFB93052400480077
:10F6F400EFF09FFAF240624405618280FD1793F7B0
:10F70400F70F13870701330827001377F60036979E
:10F71400034707001182230AE8FE65BF411122C492
:10F7240026C206C64AC04144EF602FD59384C19FC8
:10F7340023AE019EEF60AFD79C407D141374F40F89
:10F744003E9588C065F8118188C08145130500087D
:10F75400EF700FA689450945EF606FCEEF600FC5C6
:10F76400B71700402D47238CE7042A8923AE019E56
:10F774004144EF60CFD39840B30725017D14BA9775
:10F784009CC01374F40F75F413074006B3D7E70253
:10F794009306C0157D5513085006B387E70291837D
:10F7A4009CC0B387D70293061066B3D7D702976677
:10F7B4000200938626E6B387E702014783D5060055
:10F7C4003386F54063E4B7003386B7406374A6001C
:10F7D4003A84328505071377F70F8906E31007FF8C
:10F7E400B7170040A38D0704238D070413050008F1
:10F7F400A38C07048545EF70AF9B13054006B24008
:10F80400018D2244924402491375F50F410182800F
:10F81400184183A785FF6319B7001CC1FD5723ACAA
:10F8240005FE238FF5FE8280232CF6FEC5BF411111
:10F8340022C437E400E026C204403707200006C68D
:10F84400F98C2320E4180F10000009E923209410F8
:10F854001545B24022449244410182800347E5FFAA
:10F864009307F00F6306F700232094101145D5B7D2
:10F874009740FF1FE780A094014523209410D1BF37
:10F8840041114AC037E900E022C403240900B70744
:10F89400200006C626C27D8C2320F9180F10000014
:10F8A40089E52320891015451DA0AA849707012006
:10F8B40083C757BC2E8563F5F400894763EF97002F
:10F8C400EFF0FFF6B7E700E023A087100D45B24044
:10F8D4002244924402494101828083A785FF99E72B
:10F8E40003C7E5FF9307F00F6309F700EFF03FF458
:10F8F400B7E700E023A087107DB7238F95FE13851B
:10F9040001A09720FF1FE78000CBA16526859740C3
:10F91400FF1FE78000EE0145232089104DBF23A07F
:10F9240001A082804111B7E700E026C28443370773
:10F93400200006C622C4F98C23A0E7180F1000008B
:10F944009707012083A787B71384018391C7829700
:10F954001C40AA971CC021A083A701A1EDFB08406D
:10F96400B74703009387D73F3305F502B7A72600AF
:10F97400938737ECB2403E9508C02244B7E700E0D5
:10F9840023A09710924441018280B7E700E0984396
:10F99400B706200023A0D718758F0F100000970614
:10F9A400012083C636AD637ED50083A6C1A133256D
:10F9B400D5201621B3F5B6400EA123A0E7100145CA
:10F9C400828023A0E7100D4582807971B7E700E0BB
:10F9D40026D284433707200006D622D44AD04ECEFE
:10F9E40052CCF98C23A0E7180F100000930705FFF1
:10F9F40093F7F70F7D476360F70A31473307E50252
:10FA040083A701A2BA979C43D9C7135445003D89E3
:10FA14003315A028AE89B345050822852EC6974024
:10FA2400FF1FE78060CB2A8931C9B2452285170AB6
:10FA34000120130AAAABEFF05FF583A701A1829717
:10FA44008357CA002A848146338737031306006428
:10FA5400B3B7370313050732B335E500BE95EF207E
:10FA6400526EB307850083268A003E8763E4A700AD
:10FA740063E4D7003387D7402324E900B7E700E0E5
:10FA840023A097100145B250225492540259F249CE
:10FA9400624A45618280B7E700E023A097100945D8
:10FAA400DDB7797122D437E400E04AD00329040099
:10FAB400B707200006D626D24ECE52CC56CA5AC814
:10FAC4005EC63379F9002320F4180F10000097075D
:10FAD400012083C7379A6376F50083AB01A163974E
:10FAE4000B00B7E700E023A0271199A0970A012093
:10FAF400938ACA9F03AB8A00B74736FE938707C829
:10FB04003E9B83D7CA002E8AAA84B385C702B289D2
:10FB14008146B3B7C70213850532B335B500130662
:10FB24000064BE95EF20F2616370AB0223202411C0
:10FB34000145B250225492540259F249624AD24ABF
:10FB4400424BB24B45618280829B83D7CA002A8490
:10FB540013060064B38537038146B3B737031385AF
:10FB64000532B335B500BE95EF20B25DB30785000D
:10FB740003A78A003E8463E4A70063E4E7003384B8
:10FB8400E740D28526859740FF1FE780E0B401C98E
:10FB940000C5B7E700E023A02711054559BF93E549
:10FBA40004F04145B3C505089730FF1FE780C054F2
:10FBB40011E99707012083A7679185D7A685114589
:10FBC400829705B7138781A11C4389EF08C3854732
:10FBD4002326050000C52311450104A11CB12322DD
:10FBE400050045BF3E87DC47F5FF48C7CDB77971AF
:10FBF400B7E700E026D284433707200006D622D494
:10FC04004AD04ECE52CC56CA5AC85EC662C466C2E8
:10FC1400F98C23A0E7180F1000002DC12A892E8A21
:10FC2400B28AB6894144B14C138B01A2130C000370
:10FC3400B30B940383270B00DE979C43A5E3135572
:10FC440044409375F40056861375F50FB315B02828
:10FC5400B3C50508EFF0FFE431C183270B00DE973D
:10FC640023A0270123A2470163840900238089007C
:10FC7400B7E700E023A09710014521A023A0971027
:10FC84000945B250225492540259F249624AD24A66
:10FC9400424BB24B224C924C456182800504E319DD
:10FCA40084F9B7E700E023A097102145D9BF0111DB
:10FCB40022CC37E400E026CA04404AC84EC652C4E7
:10FCC40006CEB70720002A892E8AB289FD8C23200C
:10FCD400F4180F100000EFF0DFDCD2854A8597405E
:10FCE400FF1FE780609F01ED232094102145F2401F
:10FCF4006244D2444249B249224A0561828097F75C
:10FD0400002083D7677FB38537032A8913060064ED
:10FD14008146B3B7370313850532B335B500BE95B5
:10FD2400EF2032422322A900232094100145C1B7B9
:10FD3400011126CAB7E400E04AC803A9040022CC92
:10FD44004EC6B707200006CE52C4AA892E84337942
:10FD5400F90023A0F4180F1000009740FF1FE7805C
:10FD6400A09717FA0020130AEA7005E5A2854E85CC
:10FD7400EFF0BFC183470A006381370523A0241134
:10FD84001945F2406244D2444249B249224A0561CB
:10FD9400828023110500A2854E85EFF01FBF8347A3
:10FDA4000A006386370123A024110145D9BF1387B4
:10FDB400A1A01E23C18F1EA3FDB79387A1A09A23E0
:10FDC400598C82A365BF01114AC837E900E022CCEF
:10FDD40003240900B707200006CE26CA4EC67D8C30
:10FDE4002320F9180F1000009307F00263E6A7041C
:10FDF400B144B3049502938901A283A70900A6978D
:10FE04009C439DCB9375F5001181B315B028B3C500
:10FE14000508EFF0FFF183A709000145A69723A089
:10FE2400070023A2070023208910F2406244D24431
:10FE34004249B24905618280B7E700E023A08710F8
:10FE44000945E5B74111B7E700E026C2844306C679
:10FE540022C437072000F98C23A0E7180F100000F4
:10FE64009740FF1FE780408719E90145B2402244CB
:10FE7400B7E700E023A09710924441018280004537
:10FE840083A701A1829797F700209387276663676A
:10FE9400A4029847B74636FE938606C83305A440A5
:10FEA4003697E374E5FC13070064B335E502D22703
:10FEB40081463305E502EF20D2284DBF98473A9496
:10FEC400C9BF411106C623A6A1A00295B24097F767
:10FED400002023ADA75A01454101828041115146BA
:10FEE400814517F500201305255F06C622C426C2E6
:10FEF40023AC01A023A601A023A801A0238401A070
:10FF040023A201A09720FF1FE7802082130680020E
:10FF1400814517F500201305E5559720FF1FE7805D
:10FF2400C080EFF0E13997F7002093872757E82B3B
:10FF3400FC3B17F400201304E45385453E958D479C
:10FF44003305F50293070004938401A23905137560
:10FF5400F50F3375F50A994728A03305F502130503
:10FF64000524334505089730FF1FE780E01888C053
:10FF74003DC53020994781453306F6021306062411
:10FF84009710FF1FE780607A9C403820938441A13A
:10FF9400938707249CC0B347F72023AEF1A0EFF06A
:10FFA4001F9831291C3094401736FF1F1306E66A48
:10FFB40033C7D72010C3138717001377F70F1736EB
:10FFC400FF1F130666633347D72010C31387370018
:10FFD400890718B093F7F70FB3C7D72090C3B2407F
:10FFE400224492444101828097F6002093868648F9
:0CFFF4002A87BC228832637BF5001306CC
:020000021000EC
:10000000150083A741A190B2B347F52098C3828021
:100010001305F00F82801C41FDC7370700F07D8F6C
:10002000B706002089476311D70E5A21411122C417
:1000300006C62A8461C719469305F00F6905972003
:10004000FF1FE780008205478D476309E50A1C44CE
:1000500091C7585899475DC3185C4DC31306C00338
:10006000814517F500201305A5439710FF1FE78072
:10007000006C1306C003A28517F500201305454246
:100080009710FF1FE780206497F700209387474170
:10009000DA2701E713070010DAA7F82719E3054765
:1000A000F8A79A2B19E36D479AABF83719E3154770
:1000B000F8B7B82B19E30547B8ABB83B19E3F837E5
:1000C000B8BBD83B11C7937637000983F4ABF8BBB4
:1000D000D82B19E35547D8AB182C01E71307C003F9
:1000E00098AF9C5791C7829797F70020239AA7381B
:1000F000FD57238EF1BAEFF0BFDE8147B2402244B4
:100100003E854101828089473E85828079714ECE4D
:1001100097F900209389C93D83A7090006D622D408
:1001200026D24AD052CC829713090064B3352503F6
:1001300003D6C900814617FA0020130AEA3332C6F3
:1001400033052503EF20320083248A012A840145E8
:100150006386840232463305944063EF840003A52E
:1001600089008146B335A9023305A902EF20A27D9B
:10017000B307954033858700232C8A00B250225460
:1001800092540259F249624A45618280011122CC9F
:100190000A852E844146974502009385A5F906CE2F
:1001A000EF50BF9E18083324E420035704FFF240A9
:1001B000624497F7002083D7873437450F00BA97FA
:1001C000130505243355F5020561828097F7002059
:1001D00083D7E73251471D45637CF70279471945BC
:1001E0006378F7021307200315456373F7021307BB
:1001F000B0041145637EF700130740060D4563798F
:10020000F7001307600909456374F70013B5B70FCA
:100210008280411122C426C22E84AA8406C6058C7F
:10022000EFF08FF0B327A402B24022443385970049
:100230001375F50F924441018280411122C426C2F8
:100240002E84AA8406C6058CEFF00FEEB327A40215
:10025000B24022443385970033450508924441015A
:100260008280411122C426C22E84AA8406C6058C2F
:10027000EFF08FEB3335A402B2402244269592442E
:100280004101828041114AC017F900201309492118
:100290008327890206C622C426C28DCF829797F48F
:1002A00000209384641D9E242A848DC733F7A70AF7
:1002B00033470708B3D7A70AB3C70708B307F74000
:1002C00051476359F7008327C90291C38297EF9082
:1002D000912082A4B240224492440249410182808A
:1002E000011122CC23A201A217F400201304441B05
:1002F0005C5406CEAA8581C72AC68297B245C9C575
:100300009C410545B5CF9C45A5CFDE25B5CBFE2547
:10031000A5CB9C2981CB7C287838BA976342F50617
:10032000DC41B9CF1306400217F500201305451C28
:100330009710FF1FE780203997F700209387471B0E
:10034000984323A8E1A0183C19EFCA2793078057C8
:1003500037460F003305F502130606248146814512
:10036000EF20625E08BC183C9D4763E4E700A147AC
:100370001CBC170500001305A5D9EFF0DFB401453B
:10038000F24062440561828097F7002023A40710A1
:1003900097F700209387C7151727FF1F1307879824
:1003A00098C337873200FD56130727A194C7D8C7D3
:1003B00097F7002023860714B7C7004023A4D72649
:1003C000A5BF011122CC17F400201304640D0844CA
:1003D00006CE26CA4AC801E90545F2406244D24425
:1003E0004249056182805C58E5DB185C75D7700076
:1003F000854582971844B247E300F7FE4A249305E7
:10040000E00417F90020130929079730FF1FE78040
:10041000E0CE2320A90269D152249305F00F814434
:100420009710FF1FE780A0307C240326090263C1D8
:10043000F40232859730FF1FE780A0D8014597F777
:10044000002023AB070497F7002023A9070471B706
:100450004E241844B3879502898185043385E700CB
:100460001C5C08C28297C9B7011122CC17F4002086
:10047000130404031C4426CA4EC656C206CE4AC8FC
:1004800052C45AC0AA84AE89B28A6388071A5858DF
:1004900039CB1307F01F6366A71017FA0020130A61
:1004A000AAFD03290A02631209044A24956593856B
:1004B00015E09730FF1FE78060C42320AA022A8638
:1004C0001DC14E245C580844898182971C4403292D
:1004D0000A022322FA028947639EF402C147930568
:1004E000090C6381F9042945BDA003274A02E3846E
:1004F000E7FE4A249565938525E09730FF1FE78046
:10050000E0BF2A896DD14E242A865C58084489812F
:100510008297D1B78D47639AF404C1479305490D7B
:10052000E393F9FCB8219307A0056312F7069E2117
:10053000639F97044E86910556859710FF1FE780AD
:10054000801883270A02638727014A859730FF1F97
:10055000E78020C70145F2406244D2444249B24993
:10056000224A924A024B0561828091476397F400C8
:100570009305890EE39999F675B793070010E394F4
:10058000F4F6A147E3E137F79305090F61BF83272D
:100590000A02E38A27F54A859730FF1FE78060C289
:1005A00099B71D67637FE506130705E09946334752
:1005B000D702562417FB0020130B0BEC3307D7028E
:1005C000330AF70083274B026396470103290B0286
:1005D000631109024A249305E0049730FF1FE78066
:1005E000E0B12A8909D14E245C582A868981528536
:1005F000829791451307A00593F5C50FB307B9007E
:10060000B4236399E60296236394960291054E867D
:10061000CA9556859710FF1FE780E00A83270B02D3
:100620001DB7A166F916E3E0A6EC3307E54051B724
:10063000AC33D9B783270B02A9BF97F5002083A558
:10064000A5E5E38205EA91479306A00593F7C70F56
:100650003387F5003023E318D6E81223631B960096
:1006600091074E86BE9556859710FF1FE780A0051F
:10067000D5B53C33E1BF97F70020938767E29847F1
:1006800021C7985F31C385466310D504411122C448
:1006900017F40020130444DE105006C615C2CE27FE
:1006A00048508981029708509730FF1FE78060B15A
:1006B00097F7002023A207DE97F7002023A007DE8C
:1006C000B240224441018280828001114AC817F958
:1006D00000201309E9DC4EC68329890022CC26CAF2
:1006E00052C406CE56C2AA842E84328A638D091A59
:1006F0008327890399EB2945F2406244D244424959
:10070000B249224A924A0561828083274903E5D78C
:100710009307F01F63E0A70C97F900209389C9D5D0
:1007200083A7090295CF0325890083A74902639512
:10073000A7048947639FF404C147E31EF4FA03A5A5
:1007400009021305050C9307A0053CA106A122860A
:10075000D28511059710FF1FE780E0F6014569BFBC
:100760000355C9009305E0049730FF1FE780009907
:1007700023A0A9024DF941B78355C9008327490336
:1007800003A60902898182978327890023A2F9029F
:100790004DB78D47639AF400C147E31EF4F403A5F7
:1007A00009021305450D45B791476399F400E31419
:1007B00094F403A509021305850E71B79307001081
:1007C000E39BF4F2A147E3E887F203A509021305CE
:1007D000050F95BF9D676373F506930705E01947FD
:1007E000B3C7E7020357C90097FA0020938ACAC823
:1007F000B387E702BE9983A70A02A1CB83A74A0267
:100800006391370703A50A0291479305A0051308D2
:10081000F00F13F7C70FB306E500B0226313B60657
:1008200083D80600B032639C9804B307F64063C6D1
:10083000870411072286D2853A9529BF2167791747
:10084000E36BA7EAB307F54071BF0355C9009305F1
:10085000E0049730FF1FE780608A23A0AA0259FDB9
:1008600059BD8355C9008327490303A60A0289811C
:100870004E85829723A23A0371B723900601B2876F
:1008800049BF3386870011061308F00B6374C80054
:100890002D459DB5ACA213063400719A1106B2978E
:1008A00086A2BCB279B797F900209389E9BC83A7E7
:1008B00009029DCB03A5090291471308A0059305E2
:1008C000F00F13F7C70FB306E500B022631006055B
:1008D00083D80600B03263979800B307F640E3DA96
:1008E00087F48EA2B287F1BF8347E9000355C900A0
:1008F0009305E0043305F502334505089720FF1FF3
:10090000E780C07F23A0A90255F5F5B30356C900BF
:100910008345E900B385C502338687001106E3E904
:10092000C5F62381060185BF01458280011106CEEF
:100930002EC6EF80704919C5B245F2402A210561E3
:100940006FC0106AF240494505618280A38801A406
:10095000238801A423A601A423A401A423A201A403
:1009600023A001A423A601A223A401A297F700209B
:10097000938747BA3706840390D33707B40037C646
:10098000070098C3130606B83747A000D8C3D0D3D2
:100990003707100041669306070AB7055000930811
:1009A000060194C723A4170393860501930816F83C
:1009B000D4C723A61703B706D007B7087F001308CC
:1009C000070513850601410723A81703B0C3930841
:1009D00016009386060513861500D8CBF8C323A806
:1009E000070188CF23AE070023AA170323AC070211
:1009F00023AE070223A40704F0C7B4CB23AA07043D
:100A0000ACCF23AE0705B8D33707A000F8D713073C
:100A1000000AB8DB1307C01CF8DB37071400B8DF87
:100A20000547F8DFE8D323A40706930710F817F764
:100A300000202321F7B68280011152C42A8A214561
:100A400022CC26CA4AC84EC606CE2E84B289368922
:100A5000BA849710FF1FE780E0B705C9930700FD30
:100A60001CA19947A30045013CA12303250164B1C2
:100A700023123501AA8522856244F240D2444249BC
:100A8000B249224A05616FE0FFDFF2406244D2447E
:100A90004249B249224A0561828023A6A1A48280EC
:100AA00023A4A1A4828023A2A1A4828023A0A1A424
:100AB0008280011122CC26CA4AC806CE4EC62A8997
:100AC000AE840144B309890063699400F240624432
:100AD000D2444249B24905618280EFE0FFE4B34766
:100AE0000508A1832380F9009307140093F7F70FFB
:100AF000850963F89700CA97090488A31374F40F53
:100B0000D1B73E84D1B7411122C417F40020130499
:100B1000A4A86A20C16706C6FD17630CF50017F686
:100B20000020034666C9938501A3EF80700BFD5733
:100B30007EA0B24022444101828009C92515137567
:100B4000F50F1335850E134515008280014582800F
:100B500023900500D1C2797122D426D252CC56CA34
:100B60005AC806D64AD04ECE5EC62A8B2E8AB28A84
:100B70003684814463F05407B307940083C90700A7
:100B8000138914003349090863860904B3872901CE
:100B900063C2FA04B307240183CB07005E85EFF03C
:100BA000DFF90DC99387F9FF2310FA0063906B03F7
:100BB000050933052401B250225492540259F249D6
:100BC000624AD24A424BB24B45618280CE94B3C452
:100BD00004084DB70145C5B701458280011122CCFB
:100BE00026CA4AC84EC606CE97F400209384C49AFB
:100BF0002E89D0C88CC8C8C42A8441469305F00FFA
:100C00004A859710FF1FE780C0C58549631B3503E0
:100C10008848C145EFF0FFE941469305F00F228572
:100C20009710FF1FE780E0C3054963162503624460
:100C3000C844F240D2444249B249C14505616FF00F
:100C40005FE7414681454A859710FF1FE78060C1F5
:100C5000E31435FD75BF4146814522859710FF1F7E
:100C6000E78020C0E30525FDF2406244D2444249BA
:100C7000B24905618280411122C426C22E84AA8411
:100C800013060002814517F500201305E59006C6FE
:100C90004AC09710FF1FE78080A917F900201309A9
:100CA000A98F97F70020238B87B0A3019900EFC08D
:100CB0007035854719C1814749452300F900B24085
:100CC000224492440249410182809DC91DC9854741
:100CD0006318F500DC3193E707FCDCB10545828041
:100CE00089476316F500DC3193F7F703FDB78D47AD
:100CF000E316F5FEDC3193F7F70393E70704F1BF42
:100D0000014582808DC10DC1DC311307000C054502
:100D100093F7070C638AE7001307000409456395FE
:100D2000E7000D45828001458280411122C4005DAB
:100D300006C626C21DC8AA84085009C59720FF1FF1
:100D4000E7802048485009C59720FF1FE78060478B
:100D5000085409C59720FF1FE780A04622859720E9
:100D6000FF1FE780004623AC0402B24022449244B5
:100D70004101828009ED97F7002083C7078217F5AC
:100D800000201305E58281CB138581A3828017F5AE
:100D900000201305E581828017E500200345E57FEB
:100DA000828017E500200325E57F828017E500207B
:100DB0000325857F828097E7002083A7277F8843CC
:100DC000828017E700201307277D544B9C4285073C
:100DD0009CC228339307F00F6307F5009165173322
:100DE000FF1F670043A18280011122CC06CE2E8412
:100DF00032C6EF80700D9147B245631CF50083A7A2
:100E000001A489CF9C4399CB22856244F2400561BD
:100E1000828783A781A499C3DC43F5B7F24062447B
:100E2000054505618280797122D42A844A214ECEFB
:100E300006D626D24AD09730FF1FE78040B193896B
:100E400001A531E583C409009307F00F639AF4000C
:100E500083C511A52685EFF07FAD19E1238801A494
:100E60004A20EF8070069147631CF50097E7002049
:100E7000938787725620FA236394E6007D57FAA37E
:100E8000B250225492540259F24945618280582549
:100E900004212A893AC6EFF05FE94A85EF801040C5
:100EA0004A20EF80A07D83C70900324799C3E381C0
:100EB00097FA9307F00F5220E384F4FA7420282065
:100EC000A685EFF07FB769BF79715AC82A8B2E8546
:100ED0004ECE52CC56CA06D622D426D24AD05EC6B0
:100EE0002E8AB28AB6899730FF1FE78040A67DC55B
:100EF000045D2A89E5C49C501305400391E36145D4
:100F00009C5489C79307450133C5070863860900C8
:100F10009307C50133C50708DC5089C793077501DE
:100F200033C507089700FF1FE780C06A2A845DC5A4
:100F3000614681459700FF1FE780607F97EB0020A7
:100F400083CB4B6063940B00834B0900930700FD38
:100F50001CA0A947A30064013CA0230354018C50AA
:100F6000231244011305840191C908C47146130A70
:100F700044039700FF1FE780007552858C5491C988
:100F800048C45146130A45019700FF1FE780A0732C
:100F90005285638C090008C87146CE85130AC501C5
:100FA0009700FF1FE78020725285CC5099C548C832
:100FB0005D469700FF1FE7800071A2855E85EFE028
:100FC0007F8C2254B2509254F249624AD24A424B28
:100FD000B24B4A85025945616FF03FD5B250225459
:100FE00092540259F249624AD24A424BB24B45618D
:100FF000828001114EC6AA892E8526CA06CE22CC31
:101000004AC8AE849730FF1FE780609421C917E972
:1010100000200349295363140900034905001945B9
:101020009700FF1FE780005B2A840DC981451946A0
:101030009700FF1FE780A06F930700FD1CA0B94732
:10104000A30034013CA046A0A2856244F240D244F1
:10105000B2494A85424905616FE0DF82F24062444D
:10106000D2444249B24905618280797162C42A8CB6
:101070002E8526D24ECE52CC56CA5AC85EC606D649
:1010800022D44AD0AE84B28B368BBA8A3E8AC289C9
:101090009730FF1FE780A08B35C52A89414597000F
:1010A000FF1FE78020532A8431CD414681459700B8
:1010B000FF1FE780C06717E500200345A54819E139
:1010C00003450900930700FD1CA0BD47A300840150
:1010D0003CA023047401A304640123055401A30567
:1010E000440146A023263401A2852254B2509254D2
:1010F0000259F249624AD24A424BB24B224C4561F4
:101100006FE04FF8B250225492540259F249624AA9
:10111000D24A424BB24B224C45618280011126CA11
:10112000AA8439454AC84EC652C406CE22CC2E8A5D
:10113000B28936899700FF1FE780C04915CD930714
:10114000000D1EA1B1472A84231245013CA1CE8582
:10115000190519469700FF1FE780E0562306240172
:10116000A2856244F2404249B249224A13F5F40F83
:10117000D24405616FE00FF1F2406244D24442492B
:10118000B249224A05618280411126C206C622C4A4
:101190004AC097E4002093842440B8309307F00FAE
:1011A0006308F7042A8939459700FF1FE7808042CA
:1011B0002A841DCD930700FD1CA1A3002501230156
:1011C000050097E500209385A53E0D05194697007B
:1011D000FF1FE780404F9E24A285A8303EA49C308C
:1011E0005CA42244B2409244024941016FE08FE97D
:1011F000B24022449244024941018280011156C208
:10120000AA8A314526CA4AC84EC652C406CE22CC46
:101210005AC0AE84328AB6893A899700FF1FE780A8
:10122000603B3DC92A8426859720FF1FE7802072F6
:1012300009C55825A1476311F70417EB0020034B9C
:10124000DB35930700FD1CA09D47A30054013CA083
:1012500046A0231344012314340123152401A2853D
:101260006244F240D2444249B249224A924A5A85E3
:10127000024B05616FE00FE117EB0020034B1B549D
:10128000E3910AFC83A7C1B89C47C5DFCA864E8696
:10129000D2852685829775B7F2406244D24442498E
:1012A000B249224A924A024B05618280411126C20C
:1012B000AA84214522C406C62E849700FF1FE7801A
:1012C000603115C5930700FD1CA1C5473CA13C300A
:1012D000AA853CB15E205EA17C207CA17C307CB1E3
:1012E0002244B2402685924441016FE0AFD9B2401A
:1012F000224492444101828041114AC02A897145A9
:1013000026C206C622C4AE849700FF1FE780802C49
:101310003DC5930700FD1CA1F5473CA1BC302A84C4
:101320009385C4003CB1DE2031051946231CF5FE2F
:10133000FE20231DF5FE9E24231EF5FEBC24230F54
:10134000F5FEBC34A30FF5FE9700FF1FE780A03722
:10135000BC28A2854A853CA8DE285EA8FC287CA87B
:10136000FC387CB89C2C1CAC9C3C1CBCBC2C3CAC05
:101370002244B2409244024941016FE0AFD0B240F2
:101380002244924402494101828001114AC82A89BB
:10139000614526CA4EC606CE22CCAE89B2849700DD
:1013A000FF1FE780202325C1930700FD1CA1BC304F
:1013B0002A84938584001CB195473CA1FC3011051B
:1013C0001946A30FF5FE9700FF1FE780C02FDE2010
:1013D00023063401A2853EA4BE2C4A857EA4DE2CC1
:1013E0001EA8FE2C3EA883C704025CA883C7140273
:1013F0005CB8BE30F240D2447EA862444249B24951
:1014000005616FE02FC8F2406244D2444249B249BC
:1014100005618280411122C406C617E4002013042E
:10142000A4173C208DC7AA851946138581A3970070
:10143000FF1FE78040292820938581A3EFF0FF88D4
:101440002244B240138581A341016FC0603CB24089
:101450002244014541018280411126C206C622C4B0
:101460004AC097E4002093842413B8309307F00F08
:101470006300F7042A8929459700FF1FE78080153C
:101480002A841DC5930700FD1CA1A147A3002501C7
:101490003CA1BC20938581A31105A30FF5FE19463D
:1014A0009700FF1FE7802022A830A285EFE08FBDC4
:1014B000B8208D47631DF70083A741A489CB9C47C3
:1014C00099C72244B2409244024941018287B24006
:1014D00022449244024941018280797122D406D685
:1014E00026D24AD04ECE52CC56CA09444DCD2A8976
:1014F0000A212E8A51449720FF1FE7804045AA8485
:101500005DC197EA0020938A2A2B83C74A000547CA
:101510004944FD1793F7F70F6377F7085825A1475C
:101520006314F70063110A089C5C4544ADEF9165B4
:10153000938545711305C0029720FF1FE78000BC0B
:1015400088DCAA894D4425C11306C0028145970055
:10155000FF1FE780C01D8357090093864900368529
:101560002391F90071469305490036C69700FF1F85
:10157000E780601589472380F900DC24B2460356D2
:10158000090083C50A00E11713B51700EF80707BCF
:101590002A8463060A00D2852685EF80807E01C4F6
:1015A0002685EFF08FF8B2502285225492540259CA
:1015B000F249624AD24A4561828097E7002083C798
:1015C000E71FFD1793F7F70F05476377F70801113A
:1015D0004AC806CE22CC26CA4EC652C43289894792
:1015E0002DC22A8AAE8936849720FF1FE7802036D5
:1015F000AA84D14739C5485509C59720FF1FE78000
:1016000040BCF1454A859700FF1FE7806018C8D4A9
:10161000AA85CD471DC5D824A147631DF70209C877
:10162000382D1229930625015285EF80A07B2A844C
:10163000D820936747006384090093676700DCA0A4
:10164000A287F2406244D2444249B249224A3E85CE
:10165000056182800144E9BFC9473E8582809307C6
:10166000000463EAA70097E700209387A7EA3325E1
:10167000F5200A21828041657D158280011122CCEE
:101680002A842E8526CA06CEAE849720FF1FE780C7
:10169000002C0DCDB7470F009387F723094563E270
:1016A000870281450A8541469700FF1FE780200891
:1016B000A68560800A8541804081A3010100EF80FA
:1016C0005054F2406244D244056182804945D5BFFE
:1016D00097E700202383A70E82806F80F0607971E6
:1016E00052CC2A8A328526D24AD04ECE56CA5AC801
:1016F0005EC662C406D622D42E8CB28A368BBA8BD2
:101700003E89C289C6849720FF1FE780402405C90F
:101710002A84631A0A1893774B000343450085CF48
:101720001363230163940B1663100914639F090864
:1017300085E81C5C1373B3FF23026400C5EBB25051
:10174000225492540259F249624AD24A424BB24B55
:10175000224C456182801373D3FF13630301D9B711
:1017600013634300230264009C484146A6851CD4B1
:10177000130584019700FF1FE780E0F463130C1248
:10178000638C0B0A485409C59720FF1FE78060A3AC
:10179000F1455E859700FF1FE78080FF48D4005C1D
:1017A00059DC1C5091EB91659385357171459720FB
:1017B000FF1FE780A09408D008500DC17146DE8558
:1017C0009700FF1FE78020F011A813634300230256
:1017D0006400D9F8005C630C0C0235D0639A0902EE
:1017E000A5E029A0005C21DC639409022254B250D8
:1017F0009254F249B24B224CCA865A860259424B45
:10180000D6855285D24A624A45616FF0EFEB05D822
:101810005C5091EB9165938525715D459720FF1F85
:10182000E780C08D48D0485045DD5D46CE859700A5
:10183000FF1FE78040E96DB7005C11D0E39A09FC17
:101840001C5491EB91659385157151459720FF1FAD
:10185000E780C08A08D4085451D95146A68597001C
:10186000FF1FE78040E659B713634300230264007B
:10187000E39C04EEE3080CF6485405EDF1454A8577
:101880009700FF1FE780C0F048D431A813634300DE
:1018900023026400E39A04ECE3060CEEE31E09FC69
:1018A000FDBDE31B09FC005CE30B04E8E39B0BEECE
:1018B00035B79720FF1FE780C090C9B7011126CA2E
:1018C00052C406CE22CC4AC84EC62A8AAE8497207D
:1018D000FF1FE780C00735C12A8939459700FF1FE0
:1018E000E78040CF2A8431C997E9002083C989C5A0
:1018F00063940900834909009307000D1EA0AD47BA
:101900003CA0930569001305340019469700FF1F9A
:10191000E78060DB93F714005CA493D4144844B4CC
:1019200023154401A2856244F240D2444249224A2E
:101930004E85B24905616FD0FFF4F2406244D24453
:101940004249B249224A0561828001114EC652C401
:1019500056C206CE22CC26CA4AC8AA8A2E8AB28984
:101960009720FF1FE780A0FE35CDAA841305C00293
:101970009700FF1FE78000C62A842DC517E90020C5
:10198000034949BC6314090003C904009307000D0F
:101990001EA0E9473CA09385640013053400194656
:1019A0009700FF1FE78020D2D2852315540113052D
:1019B000C40041469700FF1FE780E0D0CE851305A5
:1019C000C40141469700FF1FE780E0CFA285624433
:1019D000F240D244B249224A924A4A8542490561BC
:1019E0006FD05FEAF2406244D2444249B249224A8F
:1019F000924A0561828003A581A201CD411106C6EC
:101A00009710FF1FE780E07BB24023A401A24101B1
:101A100082808280411122C406C626C24AC02E841A
:101A20009720FF1FE780A0F229CD00D517E90020FD
:101A3000034949B1AA8463140900034905004145DB
:101A40009700FF1FE78000B92A8405CD9307000D9A
:101A50001EA1A5473CA1DC30938564001105A30FAE
:101A6000F5FE19469700FF1FE780E0C59C54A2854C
:101A7000B2405CC4224492444A85024941016FD07D
:101A80007FE0B240224492440249410182805D716C
:101A9000A2C4A6C286C6AA842E849720FF1FE78010
:101AA00000EB0DC954251147AA874945639FE600FD
:101AB0009C5F91C3E02B97A600009386E6950A866B
:101AC000894526854080EF80C022B6402644964452
:101AD000616182805145D5BF97E7002083C707CE5B
:101AE000FD1793F7F70F0547637AF704411126C2F4
:101AF00006C622C44AC0B284894715CA2E899720D7
:101B0000FF1FE780C0E42A84D14715C1630609009E
:101B10005C2193E727005CA14146A685130584015B
:101B20009700FF1FE78020BA9C481CD48147B24031
:101B30002244924402493E8541018280C9473E8544
:101B40008280011122CC26CA06CE2A84AE84972038
:101B5000FF1FE780C0DF19C96C0022854486EF8033
:101B6000E01EF2406244D244056182805145D5BFF7
:101B70006F70D02AC1671387E7FF6391E50283A7DF
:101B800081A491EB494582804945B2402244924468
:101B90000249410182809C43F5D78287411122C4CA
:101BA00026C24AC006C6FD172A892E84B2846394D1
:101BB000F50283A781A489C79C4399C3829711C565
:101BC000A6854A85EFE09FD669F1238821A5A388E1
:101BD00091A401455DBF2E859720FF1FE78020D788
:101BE00045D51C210D45E39227FB22852244B240B6
:101BF0000249A685924441016FB0903E93070004CC
:101C000063E1A7064111C16722C426C206C6FD17BB
:101C10002A84AE8409456380F502C5476312F40245
:101C20002E85EFB0504397E700209387A78E33248B
:101C3000F420014506A0B240224492444101828032
:101C40009307A0036316F4002E85EFB0303AE1BF8E
:101C50009307B003E319F4FC13F5F50FEFB0503917
:101C6000D9B709458280011106CE2AC6EFE01FCE02
:101C7000EF103076EF104055EFD02114324597E742
:101C8000002093876791130700F0BAA3238207000F
:101C90007D5797E70020938727B2B8A388A3F24027
:101CA000954505616F608047757126C306C722C5DB
:101CB0004AC1CEDED2DCD6DADAD8DED6E2D4E6D23B
:101CC000EAD0EECEAE849397556063D9075217EAF7
:101CD0000020130A6AAE03450A00130B200A930B77
:101CE000F00F9700FF1FE7800095C167FD172A845A
:101CF000130C1009954C394D97ED0020938DCD892B
:101D00003ECC15E01395F468BA402A449A440A4937
:101D1000F659665AD65A465BB65B265C965C065DFB
:101D2000F64D496182801C20639A670103C93D001A
:101D3000E2452A202286EFF02F8BD1A003492A000A
:101D4000639A87091C30639097032285EFF0AF8D6B
:101D50002285EFD01FAE03450A009700FF1FE780E2
:101D6000808D2A8479BF6393A7194A208567A507C8
:101D7000631AF5040C4497E900209389E9818821CE
:101D800015E51946850517E50020130565829700BE
:101D9000FF1FE780409303C709008547631CF702D4
:101DA00089472380F900EFB070265DB703C70900AB
:101DB00085476311F70297D70020238F077CEFF048
:101DC000AFBC79B709679307C70063EDA7040507A0
:101DD0006369A702E30E79F7A2854A85EFD09FAA2F
:101DE0009DBF370700181307F770B357F748F5C3BF
:101DF00083A741A4B1DF9C43A1DF2285829729F903
:101E0000D1BFF977F917AA972947B3C707086362C3
:101E1000F70C174702001307E78CB3C7E7209C4372
:101E2000BA978287F9779387A7FCAA97F146B3C739
:101E30000708E3F8F6FA3907E31EE5F883A781A45B
:101E4000E38807F0DC43E38507F00965A2853905DF
:101E500095A883298400E38F09F603C7090097D763
:101E600000209387677319EB03C7290083C6190005
:101E70002207558F9AA703C7390098B394230947BF
:101E8000E39AE6F403C7090001CB97D70020238526
:101E9000077003C5090025B78C338A270D4798A31F
:101EA000EF60602AFDB71C448823EFF0EFDA4DB5F0
:101EB00083A7C1A4E38E07E89C43E38B07E8096589
:101EC000A2852D05829725BF1C449C23E39407F02F
:101ED00041B5896793871704E31EF5EE83A7C1A474
:101EE000E38807E69C43A285F1FF9DB53D47639ECD
:101EF000E7044A2089671387D7006306E500138744
:101F000097016318E50083A781A4E38307E4DC431A
:101F1000D9BFCD07E310F5ECC16717D700200357F1
:101F20000768FD17631DF70083A781A4E38207E21A
:101F3000DC43E38F07E00965A2854D0561B783A700
:101F400001A4E38707E09C43EDB71307E003E393A5
:101F5000E7E83C200547639EE7107C20938A81A236
:101F6000639A070E83A70A006381070E83C90700DF
:101F70002149683093078400BE853ECEEFE09FD8AC
:101F800068B0130640028145681097F0FE1FE78095
:101F9000007A3C30194693058400A307F1027C3097
:101FA0004818A309F10297F0FE1FE780C0715E2078
:101FB0007010CA852318F1027E244E852313F10484
:101FC0001E282314F1043E282315F1045C2823065F
:101FD000F104FD57A306F1042317F104EFF0EFBA63
:101FE0003C309DE3DD47835804010358E40074301E
:101FF0004E203EC23E28130784003EC0CA870546D5
:102000004E85EF70F00228B083A70A0081C7114502
:10201000EFF07F9E938901A503C50900E30A05D26D
:1020200083C511A5EFE09F90E30405D234309307F8
:1020300010036389F600522083C509004A8736855C
:10204000EFE09F9F238801A421B397D9002083C983
:10205000D95439BF83A741A497D9002083C9F95324
:1020600099C3DC4399E3114929B78145014582971A
:10207000DDBFF91793F7F70F13077002E36CF7D47E
:10208000173702001307C768B3C7E7209C43BA9706
:1020900082877C20938A81A2A9EB83A70A00A9C327
:1020A00083C907002149683093772500B1CF05899E
:1020B0001307440168B02286CA854E853ACEEFF0F8
:1020C000CFAC3C307247A9F3DD478358C4010358B5
:1020D000A40174304E203EC27E2C3EC0CA8705B794
:1020E00097D9002083C9794B75BF83A741A497D99D
:1020F000002083C9994A99C3DC4399E3114965B724
:10210000814501458297DDBF13078400BA853ACE29
:10211000EFE05FBF724779BF83A7C1A4E38A07C21C
:10212000DC43E38707C2228582971DB183A7C1A440
:10213000E38007C29C47F5B722868D454A20E5BE5D
:102140009305A10213051031EFC0514C6C1013051B
:102150002031EFC0B14B72208357C1024A2063E7A0
:10216000C70016240357A10263F7E6009305000297
:10217000EFB0606DF1BE6373E6007AA063F3D70041
:102180001EA45A24362412246E2001488147EFB041
:10219000406B7DBE2286B14555B783A7C1A4E389B4
:1021A00007BADC47BDBF2285EF00E07655B683A7AE
:1021B000C1A4E38F07B89C4BADB72285EF00A07F89
:1021C00041BE0145EF00700E61B683A741A4E383D1
:1021D00007C0DC43E38007C0814505458297DDBE2B
:1021E00083A741A4E38807BEDC43E38507BEA2853D
:1021F0000945EDB722869305600289B793F715006C
:1022000099CB83A7C1A489C7DC4399C301458297B1
:1022100013C51400D5BC93F7250081CF83A741A433
:1022200091C7DC4381C781450545829713C52400CA
:10223000E1BC13F54500E30905AC83A7C1A217D49F
:1022400000201304643599CB85475CA083A741A483
:1022500091C7DC4381C781450545829748446C108E
:10226000EF80A0066810EFF0EF9A97D7002083D791
:10227000872C81CF130600643386C702914517D59A
:10228000002003456553EFD01F8213C54400ADBC49
:10229000011122CC2A84554506CE26CAEFF02FBC68
:1022A000AA8413054002EFF08FBB2AC61305500223
:1022B000EFF0EFBAAA86228562443246F240B33587
:1022C0009000D24405616FB0A05F397122DC06DE58
:1022D0000D472E84631AE500BA259625F221283091
:1022E000CE21EFE0BFF189A809679306D700AA873E
:1022F0006319D504BC21A9C3138481A20C408DCDE0
:10230000DC87BC31194691054808A309F10097F014
:10231000FE1FE780403B930700F03ED61C40231889
:1023200001002313010202D4882370008145EFF0DD
:10233000CF850545EFF02FEC0545F2506254216141
:1023400082809306E700E309D5FE930637016319FF
:10235000D500A82175D1014781460146814551B775
:102360006507E30BE5FC31476319E50017D500204D
:102370000345B522EFE09FF3C1B71307600263196D
:10238000E50017D5002003455521EFE0FFF66DB7B6
:1023900041677D170145E392E7FAD831C947E31D4C
:1023A000F7F8F625D2250A24AE25EFB0605285470E
:1023B00011C55D45EFF0AFAAB337A0004C202A202D
:1023C00030007C84EF7020033C84BDF79305A100AE
:1023D00013051031EFC091236C0013052031EFC0BD
:1023E000F1223C851A246373F7001EA43C863A242C
:1023F00063F3E7003EA41E243A246373F7003EA46F
:102400002A20EF00C1517A24562432240E242A2097
:1024100001488147EFB0004105B741114AC006C6E7
:1024200022C426C217D900201309093903477900AD
:102430009307F00F6302F706AA8439CD682551058A
:1024400097F0FE1FE78000192A8439C59307000D15
:102450001EA1D9473CA1DE205EA1FC207CA1FC305E
:102460007CB19C241CA5DC345CB5F02470A515C29D
:102470008C48510508C897F0FE1FE780C024A2854C
:10248000224403457900B2409244024941016FD091
:102490006FBF23280500E5B7B240224492440249A9
:1024A00041018280C1679386E7FF2A87639BD5003D
:1024B00083A781A299CF9C230D45639DE7006FB050
:1024C000A035FD1749456397F50083A781A2E5FB79
:1024D000828049458280397122DC06DE26DA4AD8BC
:1024E0004ED652D456D25AD0182185472A84630B2F
:1024F000F7001025930695009305E1010545EFE0EF
:102500002FE51DE98147014514201147638DE6023F
:1025100003A7C1A518338D466307D7028DC705C72A
:1025200011ED0145F2506254D2544259B259225A27
:10253000925A025B216182801C21F9B78546631D96
:10254000D7028D8BF9DF0830930524002EC6EFE00B
:102550006FFB08B0138901A683270900AA8981446B
:102560008DC3B245138A41A6130BF00F83470A00AF
:1025700063EBF400814481A08946E314D7FA858B8C
:10258000D1B7054545B783270900939A4400D697EC
:102590009823630C6705983363193705194613852B
:1025A00027002EC697F0FE1FE7808023B24515CD89
:1025B00083240900D69418209147C1E8E303F7F675
:1025C00083240900B9DC83460A0081471306F00F13
:1025D000E389F6F403C8040013850401630BC80003
:1025E000850793F7F70FAA84E5B7850493F4F40FF2
:1025F000B5BF98A01C301385240019469CB097F0F5
:10260000FE1FE780400C082491659385F571050550
:102610009710FF1FE78080AE05C118209147631413
:10262000F702C8C41024930594000505A30FC5FE46
:1026300097F0FE1FE78020091C24A1F708207D15D4
:1026400013351500C5B588C4F1BF6311F706C8443A
:102650001C2405C11021630DF6041820914763174F
:10266000F706C84419C59710FF1FE78080B523A659
:102670000400082491659385E57105059710FF1FF7
:10268000E780C0A705C118209147631AF704C8C4A2
:102690001024930594000505A30FC5FE97F0FE1FB7
:1026A000E780600208243335A000ADBD88444DB7F3
:1026B00093059400050597F0FE1FE780601285479B
:1026C000E31DF5F85545EFE09FF99DBF884455D1CE
:1026D0009710FF1FE780E0AE23A4040059BF88C411
:1026E00045BF397122DC4AD84ED652D406DE26DAEE
:1026F00056D25AD05ECE2A84130925000831CA85E5
:10270000138AC1A5EFE00FE008B083270A000D4748
:10271000AA899C33639DE700138A01A683270A00D8
:102720008144938A41A6639F070E05452DA0EDD7EE
:10273000144C70389305E1000545EFE06FC1AA84A1
:102740001DC903270A0085461C2118336310D702D0
:102750008D8BF9F30145F2506254D2544259B2596B
:10276000225A925A025BF24B216182808946858B04
:10277000E314D7FAF9BF1C2011476385E7002D4702
:10278000E39AE7FC938A01A683A70A00014A938B88
:1027900041A6E9D303C70B00B3470A0863E4E70087
:1027A000A5FC4DBF03A50A00131B4A001C205A9527
:1027B00018216310F7021C31639D37011946CA8541
:1027C000090597F0FE1FE780A00101C583A40A0058
:1027D000DA94050AC1B783A9840059A80C4C138563
:1027E000190097F0FE1FE780A0FF85476317F508E3
:1027F0005545EFE0DFE64DC1B1BF1C2011476385B1
:10280000E7002D47639DE700C8C470380505A30F96
:10281000C5FE0C4C97F0FE1FE780E0EAB5A888C41F
:10282000EDB7850403C70A00B3C7040863F8E706D9
:1028300003250A00139B44001C205A951821E3121B
:10284000F7FE1C31E39F37FD1946CA85090597F04D
:10285000FE1FE780E0F871D583240A001C20114791
:10286000DA946385E7002D47E397E7F683A9C40070
:102870007C3803C60900E303F6F64E859710FF1F68
:10288000E7802094683891659385E5710505971078
:10289000FF1FE780A08635F1E39904E803C70A002B
:1028A00083240A0081479306F00FE3F0E7E88C20C9
:1028B000138604016387D5008507B284B3C7070870
:1028C000EDB7E38404E61C20CA85138524009CA090
:1028D0001C3019469CB097F0FE1FE780C0DE6838B8
:1028E00091659385F57105059710FF1FE7800081BD
:1028F000E30D05E218209147631DF700C8C4703846
:102900000505A30FC5FE0C4C97F0FE1FE780A0DB6A
:1029100029BD88C4EDB701114AC806CE22CC26CA0B
:1029200017D90020130949E9034779009307F00FED
:10293000630DF706AA8435C9614597F0FE1FE7804D
:1029400060C92A843DC19307000D1EA1D5473CA153
:10295000BC30938584002EC63CB1DE205EA1FC20F5
:102960007CA1E830EFE00FBAB24568B01946130514
:10297000840097F0FE1FE78000D5FC24A285034564
:1029800079007CA49E281EA8BC283CA8BC383CB872
:10299000DC285CA8DC385CB8FC287CA86244F240E7
:1029A000D244424905616FC0FFEDF2406244D24417
:1029B000424905618280411126C206C622C497D4CD
:1029C0000020938464DFF8309307F00F6309F70267
:1029D0002A8415C5194597F0FE1FE780A0BFAA8578
:1029E00019CD9307000D1EA1DD473CA15E202244B6
:1029F000B2405EA1E830924441016FC0BFE8B240EE
:102A00002244924441018280011126CA938401A686
:102A10009C4006CE22CC4AC84EC652C48DC32A89D9
:102A2000AE89131A45000144884063124403638A47
:102A300009049700FF1FE780C07823A001A6F24099
:102A40006244D2444249B249224A05618280B307B6
:102A50008500884709C99700FF1FE78080769C4062
:102A6000A29723A407009C40A297C84709C99700D2
:102A7000FF1FE78000759C40A29723A60700410432
:102A800065B755DD2286814597F0FE1FE78020CA95
:102A9000944081477D5613F7F70FE37227FB139796
:102AA0004700369710A38507FDB7797152CC138A7A
:102AB000C1A583270A0006D622D426D24AD04ECEFC
:102AC00056CA5AC85EC6D5CF2A89938A41A6814480
:102AD00009ED83A601A691CA03C60A0081479305A2
:102AE000F00F13F7F70F6369C70213953400210540
:102AF00097F0FE1FE78000AE2A8415E9214597F084
:102B0000FE1FE78020AD2A8425C1C5679387073D56
:102B10001CC12322040099A013974700369718235D
:102B20006305B700850493F4F40F85075DBF930731
:102B300000FD1CA18547A30025013CA124B1F1D8CB
:102B400013098500232225018149138B01A6930BCC
:102B5000F00F83C70A0063F3F9009DEC83270A0096
:102B6000A2858823EFC01FD203C50A008145EFF07C
:102B7000BFE903250A009700FF1FE780806423AEAA
:102B800001A4B250225492540259F249624AD24AE4
:102B9000424BB24B4561828083250B0093974900DD
:102BA000BE959C21638377032300F9009C311305B4
:102BB0002900FD14A300F9001946890593F4F40FC8
:102BC00097F0FE1FE78020B02109850993F9F90FDE
:102BD00049B783A7C1A5B1C7411122C406C62A843B
:102BE00015E10945EFE0BFA72A8601C9854517D53C
:102BF0000020034565BCEFC01FEB0545EFF04FE932
:102C00002A8419C9854517D500200345E5BAEFD0B8
:102C10006F922285EFF07FE9B240224405454101E1
:102C200082800145828089679386B7006316D5004C
:102C30009C4588236FF0FFF99386C7006317D50082
:102C40009C458546882319C9F5B793861704E30187
:102C5000D5FE938727048146E304F5FE36858280FE
:102C6000011106CE22CC26CA4AC84EC652C456C24C
:102C700055CD3C312A8999CF444189CC5945EFE063
:102C80001F9E8149938AC1A5131A45608347390065
:102C900063EBF900F2406244D2444249B249224A0D
:102CA000924A056182808387840263C8470783A7AD
:102CB0000A00A5C72685EFF01F8225C1882451058B
:102CC00097F0FE1FE78000912A8421C99307000D29
:102CD0001EA1B5473CA19C201946938524003CB118
:102CE0008387840215057CA19C30A30FF5FE97F025
:102CF000FE1FE780409D902450A415C61305440193
:102D000008C89385940097F0FE1FE780C09B83A7B7
:102D10000A00A2858823EFC0FFB685099384940238
:102D200093F9F90FA5B723280400D5B783A7C1A548
:102D3000B5D3EFF09FD76244F240D2444249B24942
:102D4000224A924A014505616FF08FD4797106D607
:102D500022D426D24AD04ECE52CC56CA5AC85EC6CB
:102D600045CD3C312A899DC344418DC05945EFE092
:102D70001F8F89048149938AC1A5130B00FDC14BA4
:102D8000131A45608347390063EDF900B2502254AD
:102D900092540259F249624AD24A424BB24B4561BF
:102DA00082808387D40063C4470783A70A00A5C332
:102DB000514597F0FE1FE780E0812A8429C923004E
:102DC0006501A30005002301750183C7E4FF1946CF
:102DD000A6853CB18387D40015055CB583C7F4FF95
:102DE000A30FF5FE97F0FE1FE780E08DFC20938592
:102DF00074001305C4003CB4194697F0FE1FE78029
:102E0000808C83A70A00A2858823EFC0BFA785090D
:102E100093F9F90FC104BDB783A7C1A5A5DBEFF0F6
:102E2000DFC82254B25092540259F249624AD24A3F
:102E3000424BB24B014545616FF08FC5797106D6A3
:102E400022D426D24AD04ECE52CC56CA5AC85EC6DA
:102E500062C466C2630A05223C312A8995C7404193
:102E600005C45945EFE0AFFF09048149138AC1A5A4
:102E7000914B354C173B0200130B8B93931A456013
:102E80008347390063EFF900B2502254925402593B
:102E9000F249624AD24A424BB24B224C924C4561B3
:102EA00082808307A40063CA571583270A006386BC
:102EB0000714834CE4FF93F70C01CDC793870CFFF5
:102EC00093F7F70F6369FC00B3C767219C43DA9758
:102ED0008287230F04FE1305E4FFEFF09F80630E4B
:102EE00005108347E4FF63EFFB1005476398E70A8B
:102EF000514597E0FE1FE780E06DAA84630F050E41
:102F0000930700FD1CA1C147A30005003CA1834716
:102F1000E4FF1946A2853CB18307A40015055CB502
:102F20008347F4FFA30FF5FE97E0FE1FE780A0792B
:102F30007C2419469305F400BCB41385C40097E0C3
:102F4000FE1FE780407865A08547230FF4FEA30AA3
:102F5000040051B78947230FF4FEB5BF8D47E5BF85
:102F60009147D5BF93F78C0099C3AD47EDB713F7E1
:102F70001C0093F74C0011C799C39547F9B7A147B7
:102F8000D9BF13F72C0011C799C3A5477DBF994737
:102F9000D9B799C3A947C1B79D4775BF48385105EF
:102FA00097E0FE1FE7800063AA8421C99307000D04
:102FB0001EA1B5473CA18347E4FF1946A2853CB159
:102FC0008307A40015057CA18347F4FFA30FF5FE3A
:102FD00097E0FE1FE780206F5038D0A419C61385F4
:102FE000440188C88325640199BF23A8040083276E
:102FF0000A00A6858823EFC0FF88850993F9F90F99
:103000007104BDBD48381305050297E0FE1FE78037
:10301000605CAA847DD19307000D1EA1C9473CA125
:103020008347E4FF93FC0C061946B3E797013CB1D4
:103030008347F4FFA2851505A30FF5FE97E0FE1F59
:10304000E78060687C2019469305F400BCB47C30AE
:1030500013853401DCA41C24DCB41C34FCA48307D9
:10306000A400FCB45E249EA87C24BCA897E0FE1FAC
:10307000E7806065503890BC09C613850402C8CC4F
:1030800095B723AE0400A5B783A7C1A5E38E07DEDD
:10309000EFF0BFA12254B25092540259F249624A51
:1030A000D24A424BB24B224C924C014545616FF0E3
:1030B0002F9E03A7C1A505CB1823AA870D4563152D
:1030C000F7024111854517C500200345E56E06C688
:1030D000EFC05FC613050003EFF03F9DB24001450E
:1030E00041016FF0EF9A4945828079714AD0138986
:1030F000C1A58327090006D622D426D2CDEB17C45A
:1031000000201304646B5820C947298B51CB91656B
:10311000AA849385D57111459700FF1FE78000FEB3
:103120002320A900CD472DCD78309307F00F6314ED
:10313000F7009C207CB01146A68597E0FE1FE78033
:103140008058930531011305F041EFA0415C97C70A
:10315000002093876744A023034731013334800064
:1031600011C3090413051002EFE06FCF1376F50FBA
:103170000589E14715C5154532C6EFE04FCEBC20A5
:10318000E8841945230AF100EFE06FCD3246AC30F8
:10319000E8867C08380854082285EFA02072AA87A8
:1031A000B2502254925402593E8545618280C547EF
:1031B000C5BF97C7002083C76760A18B138541A552
:1031C00091E301456FD0DF8D238201A6FD5717C71C
:1031D0000020A306F75E23A001A623AE01A497C793
:1031E00000209387673D17070000130707A498C3C3
:1031F00017070000130707A7D8C317070000130716
:1032000027B598C717070000130787C3D8C717F754
:10321000FFFF1307C72098CB938741A517F7FFFF40
:103220001307872898C317F7FFFF1307470AD8C368
:103230008280411122C426C206C6138441A6AA84F4
:1032400008208545EFF04FFC97C7002083C707573C
:10325000A98BADC717C500201305053604A0EFD014
:10326000DF83938401A69C4099C74D45B240224418
:10327000924441018280082019E10145C5BF916552
:103280009385B57112059700FF1FE78020E788C07E
:1032900069DD10208145120697E0FE1FE780204976
:1032A000142090408147FD5513F7F70FE377D7FCC3
:1032B0001397470032970CA38507FDB7014523827A
:1032C00001A6EFD08FFD55BF03A5C1A201CD4111CD
:1032D00006C69700FF1FE780C0EEB24023A601A2FA
:1032E00041018280828001111305700306CEEFE058
:1032F0000FB72AC613058003EFE06FB62AC4130583
:103300009003EFE0CFB52246B245F240AA860545CC
:1033100005616FA0E0595D711305D00386C6A2C494
:10332000A6C2CAC0EFE0AFB32A841305C003EFE022
:103330000FB3AA841305E003EFE06FB22A891305E7
:10334000F003EFE0CFB18A871377F50F9376F90F8B
:1033500013F6F40F9375F40F0545EFA0A056B64091
:1033600026449644064961618280011122CC06CE32
:1033700026CA0D472E846317E504B831E947CA21F0
:1033800097C40020938444216315F700FE206387CF
:10339000A7049700FF1FE780805B722011C172A510
:1033A0003A2416244E202830EFD05FE55A20FE2024
:1033B0006314F700FD57FEA00545F2406244D24475
:1033C0000561828009674D07AA87631CE500BC215F
:1033D00031476385E7004547E390E7FEEFD0AFF262
:1033E000E1BF31476319E50017C500200345153DCE
:1033F000EFD0DFEBD1B7130760026319E50017C503
:1034000000200345B53BEFD03FEF7DB741677D1707
:103410000145E394E7FAD831C947E310F7FACC2124
:103420002A20300023140100EF50F07771B7197192
:10343000A2DC1384C1A21C4086DEA6DACAD8CED68E
:10344000D2D4D6D2DAD00545638A070C9305F105AC
:103450001305F041EFA0A12B9305F1051305F041F1
:10346000EFA0E12A97C7002093870713BC230347E7
:10347000F105B337F00011C389071840BEC62833E1
:1034800093054700EFD07F841840AAC40D452C2334
:10349000AEC2EFE0CF9CAAC01145EFE04F9C832A5B
:1034A00004002ADE654503C7AA0003CBBA003ADC54
:1034B000EFE0EF9A2A846945EFE06F9AAA8471459C
:1034C000EFE0EF992A896D45EFE06F99AA8975457C
:1034D000EFE0EF982A8A7945EFE06F982648B647E3
:1034E0006257F256064696451375F50F137AFA0F92
:1034F00093F9F90F1379F90F93F4F40F2ACC1314FD
:10350000446002D002CE52CA4EC84AC626C422C265
:103510005AC093884A000545EFA06034F6506654BF
:10352000D6544659B659265A965A065B0961828086
:10353000411122C44AC006C626C21389D1A78347B7
:1035400009001307E00F2E846382E7041307F00FCE
:103550006385E702114597E0FE1FE780A007AA8573
:1035600009CD930700FD1CA189473CA1854700B107
:103570003CB103450900EFC0EFB0F9572300F90053
:10358000B24022449244024941018280AA841145FA
:1035900097E0FE1FE7800004AA857DD1930700FD18
:1035A0001CA1894700B13CA124B12244B2409244FD
:1035B000024903C5C1A741016FC0CFAC79714AD0A0
:1035C0001389C1A28327090022D406D626D24ECE63
:1035D00052CC4544D5E797C400209384E41DDC20F9
:1035E0004944958BD1CF2E8A9165238EA1A6AA89B5
:1035F0009385757131459700FF1FE78020B0232028
:10360000A9004D4435CD23003501A300050029460E
:10361000D285090597E0FE1FE780E00A032709002D
:1036200091463C2363E7F606CD4691CF0546F54625
:10363000638BC7000946C9466387C7000D46C1466C
:103640006383C700D54634A3930571001305F04189
:10365000EFA0E10B9C83C5E317C700200347E7F306
:103660008D47631AF708EFD0CFF32C00EF60F045D9
:103670002800EFD03FDA4545EFD07FFE25E5014435
:10368000B2502285225492540259F249624A45614D
:103690008280ED1793F7F70F95460544E3E2F6FEB7
:1036A0009726020093864614B3C7D7209C43B6974B
:1036B000828789473CA319A0230107006545EFD005
:1036C0001FFA9307F007E301F5F8032709003C23ED
:1036D00093E707043CA38DBF8547E9BF9947D9BF4E
:1036E0009147C9BF130600643306C502882091457F
:1036F000EFC06FBB69B7EFF09FD32A8449D1EFF0D9
:10370000BFBCBDBF011126CA9384C1A29C4022CC7C
:1037100006CE4AC84944B1C39C230D44639FA70207
:1037200017C9002013094909034509008945EFC05D
:103730006FE0034509009145239C01A6EFC08FDF90
:103740009C400147814680B31306F10085478545BB
:103750000145DC87EFA080152A84F240228562446F
:10376000D244424905618280011106CE22CC26CA8C
:103770004AC84EC685476319F506138481A71E20E3
:10378000A1CB17C70020034767E139E31307B00354
:10379000636CF70297C40020938404028820894553
:1037A000EFC04FD912209307006488203306F60239
:1037B0008945EFC04FAF239C01A6F2406244D2443A
:1037C0004249B24905618280938747FC1EA0F5B744
:1037D00083A7C1A2FDD36244F240D2444249B24918
:1037E000882305616FF01FF29389C1A283A70900A6
:1037F000E9D717C90020130929FC83474900918B99
:10380000CDDF89476311F5062D45AE8497E0FE1F95
:10381000E78040DC2A8455D1930700FD1CA1E547D1
:10382000A30005003CA1BC3015051946230FF5FE89
:10383000DC2093855400A30FF5FE97E0FE1FE78080
:1038400080E8034559009307F00F6315F50083A73F
:1038500009008823A2856244F240D2444249B24919
:1038600005616FC02F82034509008945EFC08FCCE9
:103870006244F240D2444249B249239C01A6056108
:103880006FF09FA497C7002083C747F3958B89CB20
:1038900083A7C1A681CB8547A38DF1A66FF0BFA4F6
:1038A0004945828041458280A38D01A68545014519
:1038B0006FA0800097C7002083C747F0958B91C702
:1038C0008547238DF1A66FF01FA549458280238D82
:1038D00001A6814505456F90307F9307C01C63FCAE
:1038E000A700094582800945F2406244D24442491A
:1038F000B24905618280011122CC06CE26CA4AC88F
:103900004EC62A8431CDAE899165210593856571B6
:103910003345050897F0FE1FE780407EAA8461D5F5
:10392000138941A70325090009C59700FF1FE780F8
:1039300040891385840088C0228681452320990010
:1039400097E0FE1FE780A0DE832709002286CE8550
:10395000884397E0FE1FE78000D783270900C2A3B2
:1039600083A7C1A295CB97C7002083C727E5958B76
:1039700095C783A741A791CF9843D6236244F240CD
:10398000D2444249B24905468D45054505616F90CF
:10399000707101478146DDB70145B9B74945A9B7FF
:1039A0009307C01C63FCA700094582800945F240CB
:1039B0006244D2444249B24905618280011122CC5D
:1039C00006CE26CA4AC84EC62A8431CDAE89916534
:1039D0002105938555713345050897F0FE1FE78053
:1039E000E071AA8461D5138901A70325090009C5DF
:1039F00097F0FE1FE780E07C1385840088C0228654
:103A000081452320990097E0FE1FE78040D283275D
:103A100009002286CE85884397E0FE1FE780A0CA72
:103A200083270900C2A383A7C1A295CB97C7002013
:103A300083C7C7D8958B95C783A701A791CF984314
:103A4000D6236244F240D2444249B24905468D45EC
:103A5000054505616F90506501478146DDB7014519
:103A6000B9B74945A9B79307C01C63F4A700094536
:103A70008280797122D406D626D24AD04ECE2A84AC
:103A800039CDAE899165210593857571334505085A
:103A900097F0FE1FE7808066AA840945A9C41389B0
:103AA000C1A60325090009C597F0FE1FE7806071D4
:103AB0001385840088C0228681452320990097E0E1
:103AC000FE1FE780C0C6832709002286CE85884373
:103AD00097E0FE1FE78020BF83270900C2A383A7CA
:103AE000C1A289EB0145B250225492540259F249C5
:103AF0004561828097C7002083C747CC958B494595
:103B0000FDD36C001305D030EFB04130B24793F7CE
:103B1000070FE9DB83A7C1A69443D2238D45054552
:103B2000EF905059C9B783A741A789CFD2238C43BF
:103B3000411106C697E0FE1FE780E0B8B24001459C
:103B4000410182800945828083A741A795C303A7CD
:103B500001A7894719CF52230C43411106C697E0AC
:103B6000FE1FE78040B6B24081473E85410182801A
:103B700089473E85828083A741A795C303A7C1A635
:103B8000894719CF52230C43411106C697E0FE1F07
:103B9000E78060B3B24081473E854101828089471A
:103BA0003E85828097C7002083C747C1918B99CFFC
:103BB0004111138581A606C6EFC05FEFB240FD57E5
:103BC00017C70020231DF79C4101828001456FC06B
:103BD000FFEDFD57238EF1A6F957A38EF1A6A38D15
:103BE00001A6238D01A6239C01A623AA01A623A832
:103BF00001A623A601A697C700209387279D170734
:103C000000001307471F98C317070000130707B6E4
:103C1000D8C3170700001307C78198C717F7FFFF1E
:103C20001307A76CD8C717F7FFFF1307076F98CBC9
:103C300097F7FFFF9387A77323A4F1A68280411112
:103C400026C29384C1A29C4006C622C495CB2A8476
:103C50000D4597E0FE1FE780E097AA8519C99307F5
:103C600000FD1CA18D4700B13CA19C408823EFB012
:103C70007FC119C42244B240924441016FF0CFE4A5
:103C8000B240224492444101828079714AD0138922
:103C9000C1A28327090006D622D426D24ECE638045
:103CA000070E98338547AA8497C900209389C98E47
:103CB0006301F70483C749008DE70D4597E0FE1FB8
:103CC000E7804091AA8501CD930700FD1CA1914793
:103CD00004B13CA1832709008823EFB0BFBAEFF0FD
:103CE000AFDE0545B250225492540259F249456163
:103CF000828083A741A789CB9443D2239305E10017
:103D00000545EFC0FFE411ED0145EFD05F952A8630
:103D100031C2894517C50020034505AAEFB0BFD8B9
:103D200015A81C21858BEDD30545EFD05F93930734
:103D3000B0032A8463F0A7045D6613060670894504
:103D400017C50020034545A7130444FCEFB07FF6D8
:103D5000239C81A683270900094798B383C749009C
:103D600091C797C70020238B0782A5BF2685EFF058
:103D70001FED85BF930700643306F50251BF01456F
:103D800095B7411122C42A840D4506C697E0FE1F4F
:103D9000E780408419CD930700FD1CA1CD4700B1F9
:103DA0003CA12244B240AA8503C5C1A741016FB01E
:103DB0007FADB240224441018280411122C42A8455
:103DC0000D4506C697E0FE1FE780C08019CD93071A
:103DD00000FD1CA1ED4700B13CA12244B240AA85E0
:103DE00003C5C1A741016FB0FFA9B2402244410100
:103DF00082805A210111896606CE22CC26CA1386FA
:103E00006600AA876316C7009C4701458C2351A80A
:103E1000138606046365E60413865603636FE600A3
:103E2000138696006307C7081386A6006303C712AC
:103E3000A1066305D706014585A8F9769386A6FCF9
:103E40003697A94633470708E3E7E6FE97260200C0
:103E50009386069B3347D7201843369702871386ED
:103E60001605630AC71693862605E316D7FC1C457C
:103E7000802383C7A1A72285639207160D4597D09B
:103E8000FE1FE7802075AA8519CD930700FD1CA1B0
:103E9000F14700B13CA103C5C1A705AA9C47054550
:103EA0008C23EFF0EFE80545F2406244D24405610F
:103EB000828003A7C1A2014565DB9C47882359E5A1
:103EC00085471CB30545EF90F014F1BF1C45938462
:103ED000D1A71307E00F80239C20638BE702130711
:103EE000F00F6384E702114597D0FE1FE780806ED4
:103EF000AA8501CD930700FD1CA1894700B13CA113
:103F0000A30105008820EFB0FF97F9579CA061BF7F
:103F10009384C1A29C400145C1DB05E805447D4571
:103F20004085EFD0CFF3688613050002EFD02FF362
:103F30009C40C8851307B10080B374001306A1002C
:103F400085450545EF909016B9BF2285EFF03FCF2C
:103F500099BF9C476244F240D244882305616FF0C8
:103F6000DFD21C4509458C232DBF1C4588232DE13C
:103F70006C001305D030EFA07169B247414793F749
:103F8000070FE382E7F29305B10013056031EFA05C
:103F9000F16788858545EF90301231B71C45802345
:103FA00083C7B1A722858DE70D4597D0FE1FE78017
:103FB0006062AA85E30905EE930700FD1CA1D147C5
:103FC00000B13CA183A7C1A28823EFB0BF8BE1BDA4
:103FD000EFF03FDBC9BD1C45882301C5EFF0FFDDD5
:103FE000D9B585450545EF90300E75BD411122C408
:103FF00017B400200344847C06C6158809CC17B585
:1040000000201305A55CEFC01FAA4D44B2402285D5
:104010002244410182800145EFC0FFA8C5BF98211D
:10402000937625009377D70F99C29367270093F66D
:10403000F707131745606354070093E607081378E2
:10404000850093F7760F6304080093E78600937664
:10405000050299CE93E707029CA1635707001C2233
:1040600093E7C7001CA282801375A5026DF98280B8
:1040700093F7F7FD9CA1E34407FE9377A502E5F3D0
:104080007DF11C22CD9BF9BF2D45631C071001114A
:1040900026CA4AC84EC606CE22CC9821BE89894778
:1040A0002E89B684631EF704DC413284983394234E
:1040B0002207558F8D66938746A01316576063C9F4
:1040C000C7029386F69F63DDC602F5779387F75F95
:1040D0003E978D47C8453347070863E7E7029716C1
:1040E00002009386A6743347D7201C43B697828775
:1040F000938766AA630EF608938686B8630FD60880
:1041000023900400054525A097D0FE1FE780406559
:10411000334605083356360B92A08325C9001DA0EF
:104120001E2109479AA01CA0A1831CB00145F240A2
:104130006244D2444249B2490561828099479EA0B7
:104140001946AA85228597D0FE1FE780C057F9BF80
:1041500085479EA01C211CA0D1BF05C9A1479EA0D8
:104160001E211CA01E21A1831CB03E213CA03E218B
:10417000A1833CB05E215CA05E21A1835CB07E2166
:104180007CA07E21A1837CB055B72390040079BF29
:1041900085479EA0DC459C237DBFE1479EA06146EC
:1041A000ADBF8280797122D44AD006D626D24ECEB7
:1041B00052CC56CA3A89982189472E84631DF7024A
:1041C0005C40B684B28503C8170094238D6722082B
:1041D0003368D800938627A0131858606301D8105D
:1041E0002A8A63CC0601938607A0630BD8029387C3
:1041F00017A0630CF808854711A8138737A0630937
:10420000E80A138767AA8D47E317E8FEB2502254E5
:1042100092540259F249624AD24A3E8545618280EF
:10422000484432C697D0FE1FE78080539D473345F0
:104230000508E36D25FD938A01A983C70A00B30928
:104240009900B24563D43701B547C9B748442686BB
:10425000B3C909084A9597D0FE1FE780C04603C638
:104260000A00484481450506330636414E9597D0ED
:10427000FE1FE780C04B83A741A999E3814779B727
:104280009C438145E5DF528515A0AD47E31009F851
:10429000E39CE4FA1C321822A207D98F58441EA3CB
:1042A00083A741A9E1DF9C438545E9DB8297F9B704
:1042B00003C7B1A88D4739DBAD47E31909F4994726
:1042C000E394F4F84844194697D0FE1FE780A03FD6
:1042D00083A741A9C5D79C43D5D38D456DB703C7E7
:1042E0006184218B8D471DD3AD47E31109F28547CA
:1042F000E39CF4F4182293070008E3E9E4F05C443B
:1043000098A3ADBF411122C40944A3848184A3832F
:1043100081842383818423AA01A8238F01A6238873
:1043200001A8239701A8A38501A8A14719468145A3
:10433000138541A806C6A382F18497D0FE1FE780AB
:10434000003F23828184B707A0001387C18393872E
:1043500007051CC3B707E8035CC3238C818285472C
:104360006146814517B500201305853AA38BF1827C
:10437000238B8182A38A8182238001A897D0FE1F8C
:10438000E780E03A13060013814517B500201305B6
:104390002525238A8182A38F01A697D0FE1FE7805F
:1043A00000399717FF1F9387A7C1B2402244170710
:1043B00000001307A7CD98C3170700001307C7DE37
:1043C000D8C323A4070041018280797122D426D268
:1043D00006D64AD04ECE52CCA1472E84B28463EB8F
:1043E000A70017170200130767453345E5201C4156
:1043F000BA97828793071008630CF51863ECA7003F
:1044000093072004630AF51493070008630DF5145D
:10441000094581A093072008E31CF5FE85476399B1
:10442000F50208229377250085E783C7A1A81387A3
:10443000F7FF97B500209385A51A120792072E97CC
:10444000A1075047BE9591A29307800F63FBB70069
:104450006145B250225492540259F249624A456170
:104460008280138A818483470A0017B900201309C8
:1044700029179207CA97C84719C597F0FE1FE7800A
:1044800040D4238801A8130614001376F60F916513
:1044900093850571328583490A0032C697F0FE1F65
:1044A000E780C0C583470A009209CA99920723A6EC
:1044B000A900CA97C84749DD3246814597D0FE1FFB
:1044C000E780E02683470A002286A68592073E9968
:1044D0000325C90097D0FE1FE780E01E238881A82E
:1044E000014585BF8947E395F5F61E222397F1A87C
:1044F000C5BF8547E39EF5F41C22A385F1A8CDB77F
:104500009947E397F5F41946A685138541A897D0F6
:10451000FE1FE780401BE9B7A147E39BF5F2214668
:10452000A6851385C183E5B78547E393F5F21C2281
:10453000A38BF18275B7E147E39CF5F06146A68550
:1045400017B500201305C51CD9B78547E392F5F0D0
:104550001C22A38FF1A669B78547E39BF5EE1C22C9
:104560002383F184B5BF8547E394F5EE83C7818447
:104570001387F7FF97B500209385850612072E97BE
:10458000920750478820A107BE95EFF05FA989BF29
:104590008547E39FF5EA83C7C1A8D9BF630F052EFE
:1045A0009387E1A79823631A072E054798A397B727
:1045B00000209387E702894698A717B700202316A3
:1045C00007021387418A94A39386418ED8C7D4C328
:1045D0007D576302E52C1377150085450DCF17B67F
:1045E0000020231C060009479386818D1386918441
:1045F00098ABD4CBD0CF85462384E1842380E702D7
:104600001387C18CD8D394AF2384D70217B7002067
:10461000231D07FE8D451377250031C713974500ED
:104620003E979386818D094654C3138871848546CD
:1046300010A314A7232607012315070013871500CD
:10464000334707082386E1A812073E9710A314A753
:104650001386818C9386E1A8890550C32315070032
:1046600054C7B3C505081377450031C713974500F4
:104670003E979386818D094654C31388618485468D
:1046800010A314A72326070123150700138715007D
:10469000334707082385E1A812073E9710A314A704
:1046A0001386418C9386B1A8890550C32315070052
:1046B00054C7B3C505081377850021C71397450074
:1046C0003E971386818D50C30546894610A71386F1
:1046D000518414A32315070050C7138715003347CF
:1046E000070812073E9714A39386018C54C3A14672
:1046F00014A7938641A889052315070054C7B3C59D
:1047000005081377050121C7139745003E97938647
:10471000818D094654C313884184854610A314A78C
:1047200023150700232607011387150033470708C1
:1047300012073E9710A314A71386C18B9386C183DB
:10474000890550C32315070054C7B3C5050813775F
:10475000050221C7139745003E979386818D094630
:1047600054C313888183854610A314A7231507001B
:1047700023260701138715003347070812073E97C2
:1047800010A314A71386418B93867183890550C3A8
:104790002315070054C7B3C505081377050421C7BF
:1047A000139745003E979386818D094654C313881D
:1047B0006183854610A314A723150700232607014C
:1047C000138715003347070812073E9710A314A755
:1047D0001386818B938601A8890550C32315070092
:1047E00054C7B3C505081377050831C713974500AB
:1047F0003E971386818D50C35146894610A7138674
:10480000518314A32315070050C71387150033479E
:10481000070812073E9714A39386018B54C385465D
:1048200014A797B600209386A6EE890523150700E6
:1048300054C7B3C505081375051039C11397450052
:104840003E979386818D54C30946854613854183DF
:1048500010A314A72315070048C713871500334773
:1048600007081207BA971387018BD8C31387F1A7DC
:10487000890590A394A723950700D8C7B3C5050859
:104880009706FF1F9386C673414617B50020130590
:1048900025D56F2010664D4599B3014582800111E1
:1048A000FD1522CC06CE328426CA3E864AC813F8AD
:1048B000F50FAD4763E8070B3A8917170200130796
:1048C00027FA3348E82083270800B684BA978287FE
:1048D0008545EFC04FBA01E5EFF04FF10145F240D9
:1048E0006244D2444249056182808945EFC0AFB835
:1048F0007DF52285EFE0FF93D5B7914532C6EFC035
:104900008FB7324669FDCA852685EFC02FADEFF01F
:10491000EFEDEFF02FA9EF505076C9B7A14532C6A1
:10492000EFC06FB5324645FDCA852685EFC00FAB97
:104930002285EFE01F90EFE0DF87EF50307279BF04
:10494000B14532C6EFC02FB3324651F9CA8526852C
:10495000EFC0CFA82285EFE0DF8DEFE09F85EF501D
:10496000F06F75B70945A5BF79714ECEAE896C0061
:1049700022D426D24AD006D62A89B284EF00B029A2
:104980002A840DE1CE854A85EFA051622A8419E977
:104990003245268797B601009386C6E02D468145AD
:1049A000EF009041B2502285225492540259F249AC
:1049B000456182807547AA876365B7021147014543
:1049C0006378B702ED1593F5F50F61476361B702A0
:1049D000971602009386C6EBB3C5D520984136974B
:1049E000028793F5F50713072005638AE500014563
:1049F0008280C84782808843828088478280C843FB
:104A000082809307F00F630FF506011126CAAA846E
:104A10001305000222CC4AC84EC652C456C206CE66
:104A20002E8AB28AB6893A8997D0FE1FE78080BA6B
:104A30002A844D450DC8930700FB1CA0A300540118
:104A400023114401230234011305840061466305E8
:104A50000902CA8597D0FE1FE780E0C6A285268599
:104A6000EFA05FE20145F2406244D2444249B249BC
:104A7000224A924A05618280814597D0FE1FE780D5
:104A800000CBE9BF09458280011122CC06CE2A84E1
:104A90004C86D08697F0FE1FE78060EB0DC1542551
:104AA000214797B70020938727D1639EE600E8232C
:104AB00078009306E0070146A285EFF09FF4F240EC
:104AC000624405618280C83378009306E00701469E
:104AD000A285E5B7930700643306F6026FB06F91C5
:104AE00015C1411122C406C62A8408219307D00F9C
:104AF00063E6A700EFB06FADFD571CA0B2402244A3
:104B0000410182808280797122D406D626D24AD091
:104B10004ECE9E2509448DEBAE846C00AA89328965
:104B2000EF00700F2A840DE1A6854E85EFA0114D90
:104B30002A8419E932454A8797B601009386C6CB85
:104B40004D468145EF005027B250228522549254A1
:104B50000259F249456182801A219307000B6310C4
:104B6000F7025C214947639AE70018398547639843
:104B7000E7002A2185456F3000526D47CDBF828006
:104B8000011122CC26CA4AC806CE2A84AE843289B4
:104B900036C697F0FE1FE78080DB15C95025A14679
:104BA000324797B70020938727C1631DD600E823BB
:104BB000CA862686A2856244F240D24442490561F3
:104BC0006FF03FE4C833CA862686A285EDB7F2406F
:104BD0006244D24442490545056182806FF0DFD8C6
:104BE000239405006FF03FF223AEA1A8828023AC8E
:104BF000A1A88280011122CC26CA06CE2A84AE84C6
:104C000097F0FE1FE780A0D4A6852285EFA0110AA9
:104C100005E92285648697F0FE1FE78040D30DC129
:104C20005425214797B70020938707B9639FE60073
:104C3000E82378009306F0070146A285EFF07FDCB9
:104C4000F2406244D24405618280C833DDB7797195
:104C500022D44AD0AE8706D6BA8526D24ECE754724
:104C6000328436896364F7042147636CF700154783
:104C70006388E7021947638DE708C167FD1785441C
:104C80001DA037061400DD1713060620B317F02801
:104C90007D8E49EE19677D8F25EB93F71710F1DFB5
:104CA000C167FD1789446316F40221A813F7F707BB
:104CB00093062005E313D7FC41677D17631EE604C6
:104CC0008D442EC6EFA05102B245330495403344C3
:104CD00004083385840033450508EF304048AA872F
:104CE000B3C9040821C963040900231089002254B0
:104CF000B25092540259B3053041F2493E854561A4
:104D000017E3FE1F67002358C167FD17954461BF75
:104D1000C167FD179D4441BF1307200D8D44E39AE1
:104D2000E7FA1304C6003344040865B7C167FD17EA
:104D30008D4495BFB250225492540259F2494561B4
:104D40008280011122CC26CA06CED0212E841307E0
:104D5000000281469945AA84EFF07FEF2AC621C55B
:104D60001E205020930554007C803E207C81894782
:104D70007C82930780025C8397D0FE1FE780A0941B
:104D80005C208A8526857C84EFA0511B2A8411C56E
:104D9000324597E0FE1FE780C042F2402285624420
:104DA000D244056182804D44CDBF397122DC26DAC0
:104DB0004AD806DE89472A84AE8436896306F6001F
:104DC000C14709456315F60432C6A9C04C082285BF
:104DD000992532460DEDC1778507A6851305D101CA
:104DE0003ECC230EC10097D0FE1FE780C08D2C085B
:104DF0002285EFF01FF501ED52454A8797B6010075
:104E0000938666921D462C08EF00007B0145F25008
:104E10006254D254425921618280397126DA4AD8CB
:104E20004ED63289AE893686BA848146130710027F
:104E3000D94522DC06DE2A8432C6EFF05FE12ACEB5
:104E40001DCD3246A685231A3101F084231B210192
:104E500097D0FE1FE780208722854C08EFA0B12065
:104E60002A8411C5724597E0FE1FE7808035F25015
:104E700022856254D2544259B259216182804D44F4
:104E8000FDB7011122CC06CE26CADD472A846390E5
:104E9000F50A5439B1441C49B38696023287B69755
:104EA000904314436306D6020A20230601006C00D7
:104EB000EFA0311F0824B165938505B8EFA03FB17D
:104EC000E5473CA097B701009387679D5CC099A810
:104ED0005623D223E31AD6FC88470C4797D0FE1FEF
:104EE000E7800090AA870A2089E7230601006C006A
:104EF000C1B75C385828850793F7F70F5CB863F59E
:104F0000E702B38797021848BA979847D623B22387
:104F10008E23EFF09FF049F90824B165938505B819
:104F2000EFA0FFAAD94431A87C285C86C9B70A2122
:104F3000AE846C0023060100EFA0B1168547E39B09
:104F4000F4F6F24062442685D24405618280011164
:104F500022CC06CE26CADD472A840A216398F508AA
:104F6000EFA08158522C3E284E286D162A963346C3
:104F700006083307F64052ACAA86334707080A20D2
:104F80006372B7061388C6FFB388E54063D408038D
:104F9000AE97918FB3C607081C4C0E283E97EFF0D2
:104FA000DFE709ED0824B165938505B8EFA03FA2BE
:104FB000D944B1A0ED16B3C60608F9BF0A202306EE
:104FC00001006C00EFA0F10D0824B165938505B8D0
:104FD000EFA0FF9FE5473CA097B701009387278C80
:104FE0005CC0F9B785475C866C00E9BFAE846C0095
:104FF00023060100EFA0F10A8547E397F4FCF24095
:1050000062442685D2440561828079714ECEAE8994
:10501000C16526D20147AA8489461386C18AFD1537
:10502000054522D406D64AD0EF10E06C054429C9C4
:105030002A891307300281461146F5452685EFF08F
:105040001FC12AC655440DCD0357A900CE8601467F
:10505000788411477885054718A1B2472C0026852A
:10506000A38007003247FD573CA332473CB3EF1003
:10507000C05D2A8411C5324597E0FE1FE7806014A9
:10508000B2502285225492540259F24945618280DD
:10509000411106C6EFF01F9219C5B240410117E356
:1050A000FE1F67000312B24041018280011106CE4B
:1050B0002AC6EFA0612A3245914523AE01A823AC50
:1050C00001A897A70020A389A76EEF302005F24022
:1050D00005616F20407579714AD006D622D426D258
:1050E00001499397556063D8070417A5002003452D
:1050F000B56C2E8997C0FE1FE780E0532A844DC50A
:1051000018219307000A631EF70885474C08DC85C1
:10511000EFA04131AA841DC59C8599C7084409C5E3
:1051200097E0FE1FE780E0092A208545EF20B07652
:10513000CD476398F406B250225492544A850259DE
:10514000456182808347610191CF71476361F706B2
:105150004D476376F7069386C7FE1307301433571F
:10516000D74831CF03A781A901C7034751013DC7E4
:105170009C8599C7084409C597E0FE1FE780600435
:105180005247B7070001938707F07D8FB7071200DA
:10519000938707106307F70003476101ED47630E2C
:1051A000F7082285EFA0EFE81319F96869B71387AC
:1051B00017FE1377F70F93060002E3F5E6FA858BE7
:1051C0008DCB83A7C1A9B5C32A201306B1004C0813
:1051D00082979C85AA84BDE7C5D4B9B75C869947F8
:1051E0002308F1002A206C0023170100EFA041439F
:1051F00041B783A781A985CB2A201306B1004C08AB
:105200008297AA8435D583475101E39707F0230895
:105210009100834761012A206C005C8623170100FE
:10522000EFA00140D5BD9944F9BF9C8599C70844BA
:1052300009C597E0FE1FE780C0F82A208545EF20CA
:10524000906585B7084449D997E0FE1FE78060F76D
:1052500061B75D71A2C4A6C286C6CAC04EDE52DC6A
:1052600056DA5AD85ED6A5472A84B2846392F50EE0
:10527000834745021A22322285072302F50293074B
:10528000F7FFB307F602D440B3C70708B697542513
:1052900003CB070003C917008547638BF6049317F8
:1052A0008900B3E7670141677D17638AE70A1A2817
:1052B00063F7E70A50248507B3C7070885467EA42D
:1052C0000A209305E400631BD6007C8493072030FA
:1052D0007C869307800278855C872C00EFA0014ACA
:1052E0000824B165938505B8EFA06FEE59458DA8E8
:1052F0003307C702239004008149014A930B35010B
:10530000B34A0708E3FD59F9B620DC402C28138680
:105310005900ED163E965E85B3C60608EFA041081B
:105320001DC1630B3A01C840B220B3053501529547
:1053300097C0FE1FE7802039BE203E9A9E20334A48
:105340000A0885079EA0BE20BE99B3C909085DBFA3
:105350005822A9476311F7028347450289CF0145C7
:10536000B640264496440649F259625AD25A425BE4
:10537000B25B616182803428130934014A86894511
:105380001385418EEFA0C10129E934284A86894559
:105390001385018EEFA0C10029E134284A86894592
:1053A0001385C18DEF90D17F0DE934284A86894558
:1053B0001385818DEF90D17E0DE1DC20094763805C
:1053C000E702ED1793F7F70F29476368F700130714
:1053D0009048B357F700858B99E3054551B783474C
:1053E000440285072302F402BE2075BD411122C488
:1053F00006C62E8497E0FE1FE780E04B09C93C25D6
:10540000138717006315E40093F707F83CA5B24033
:10541000224441018280411122C406C62E8497E0B5
:10542000FE1FE78040491DC111C008C01C2513079D
:10543000E00F5D456388E7001307F00F594563935C
:10544000E7000145B2402244410182800945DDBFA9
:10545000411122C42A84210526C206C64AC0EFF0A3
:105460002FE82420A51493F4D40F81E8582485470D
:10547000631DF7041C483149A1E3FD5723010400D3
:105480001CB4230204021305C4002244B240924417
:10549000024961468145410117C3FE1F6700232968
:1054A000B38724033E95084509C597E0FE1FE780B2
:1054B00040D1850493F4F40F5C280848E3E2F4FE3D
:1054C00097E0FE1FE780E0CF4DBF084C75F975B738
:1054D000411122C4416406C626C29307E4FF63015A
:1054E000F502AA849DE197E0FE1FE780C03C09E930
:1054F0001305F4FF97E0FE1FE780E03B11C106A112
:10550000B240224492444101828085476392F5046F
:1055100097E0FE1FE780203A2A847DD1FD571EA127
:105520001C241307F00F6382E7021307E00F63895F
:10553000E7003420083401475146A685EFF06FCCD0
:105540002285EFF0FFF0FD571CA4230504004DBF9A
:105550008947E397F5FA8545EF40A01855F1268570
:1055600097E0FE1FE78020352A845DF951BF21C5F1
:10557000011122CC06CE18259307F00F2A84630868
:10558000F70234210E21083501475D46EFF06FC761
:105590003820E1476318F7000A206C002306010059
:1055A000EFA02130F9571CA42285EFF07FEAF240EA
:1055B00062440561828082809307F00F6306F706DC
:1055C000011122CC26CA2A844AC84EC652C4B689C2
:1055D000328A3A8993068500AE847946AA851705F2
:1055E0000000130505F906CEEFF0CFCEA304240189
:1055F000230144012322340185C01305C400624401
:10560000F2404249B249224AA685D2446146056128
:1056100017C3FE1F6700230BF2406244D244424985
:10562000B249224A0561828082802382A1AA8280B7
:10563000411122C406C695472A846391F506834723
:105640004502854685072302F5021E225842302274
:10565000FD17B3C70708631ED602B3C7E720982318
:105660009C330145A207D98F7A2463F0E7020A2010
:1056700085075EA49305C400EFA081090824B165E5
:10568000938505B8EFA0AFB45945B240224441011B
:105690008280C946B387D702BA97D1B75822A947A3
:1056A0000545E314F7FE0345440213351500F1BF29
:1056B000411122C406C69D472A846396F504834798
:1056C000450285072302F5021E225842FD17B3C783
:1056D000E72098239C33A207D98F7A25014563F0F0
:1056E000E7020A2085075EA49305C400EFF06FE58A
:1056F0000824B165938505B8EFA06FAD5945B24058
:105700002244410182805822A9470545E319F7FE4A
:105710000345440213351500DDB7411122C426C2EA
:1057200006C6B5472A84B2846394F50483474502CC
:1057300085072302F5020A21EF90115B9E201307D3
:10574000F5FF014563C1E7027A240A209305C400EE
:10575000BA977EA4EFA0A1060824B165938505B889
:10576000EFA0EFA65945B240224492444101828005
:1057700058229D470545E318F7FE034544021335BB
:105780001500D5B7411122C406C6C5472A846390C7
:10579000F5061E223A22FD17B387E70203474502AA
:1057A00005072302E5025842B3C707083E973C337A
:1057B0003823A207D98F41677D176397E70001451A
:1057C000B240224441018280138717005AA57A25EE
:1057D000E3F7E7FE9305C5000A21EF90717F0824E7
:1057E000B165938505B8EFA08F9E5945D1BF58226A
:1057F000A9470545E316F7FC034544021335150098
:10580000C1B7011126CA4AC84EC656C206CE22CC1E
:1058100052C4BC211547AA8A2E89B289B684639ED8
:10582000E7023686CE854A85EFF09FE02A84631E24
:1058300005108547034599006393F910D820A947BF
:105840006319F70C054A834629000345990001476F
:105850006946D685EFF0EF9AF9A83547638CE708DB
:105860006361F7041D47638BE7062547638EE706F0
:10587000A547638FF90A0544034599002687CE861C
:105880000146D685EFF0EF97054A19E5CE852685C6
:10589000EFF04F92133A15005DD4D9476306F40236
:1058A00059A84547638EE7045D47E393E7FCD82595
:1058B00085473686CE854A85631AF704EFF06FDC9C
:1058C0008547054AE306F5FAF2406244D24442496C
:1058D000B249924A5285224A056182803686CE8537
:1058E0004A85EFF0FFDC99B73686CE854A85EFF022
:1058F0005F962DBF3686CE854A85EFF01FE23DB715
:105900003686CE854A85EFF0FFE70DB7EFF02FE43E
:1059100045BF268785460146D685EFF08F8EE31377
:1059200005F285452685EFF0EF88133A150021BF73
:105930009E20B1F3054A4A85EFF09FB171B7A547A4
:10594000E39CF9F29E208DFBF5BDA547E396F9F2A5
:105950009E20E39307F2054A89B79E216399071CAD
:10596000397126DA4ED652D406DE22DC4AD8A0217E
:10597000ED47AA89AE84328A6313F40203C741AAB1
:105980009307F00F0144631DF7049947F2506254E6
:10599000D2544259B259225A3E8521618280F5473C
:1059A000631DF40683C641AA1307F00F9947E38FDE
:1059B000E6FC97E0FE1FE78000F02A8415C1302541
:1059C00005C29317466063D407008147C1B7F54508
:1059D0004E85EFF06F8B3C2493E707F83CA4F5B7B6
:1059E000D62090448C3088203800EF90B16CAA8784
:1059F00051FDB42038000146CE8503C541AAEFF021
:105A00004F80AA8741F5B24799C323000A00BC2002
:105A10007547E39CE7FA79F04DBF97E0FE1FE780FA
:105A200080E92A895DD185476317F404CE20884434
:105A30003000EF90512DAA8731F98347290015478F
:105A40006382E702E51793F7F70FC14663E1F604B7
:105A50003317F0281377574411E7639AD702832747
:105A6000090195C7B0203400CA854E85EFF07FD973
:105A70002300AA0099BF38219147E31987F05841C4
:105A8000E30607F0CE208844300002976DB7034547
:105A9000990097A7002083C737D26381A702B4205B
:105AA00038000146CE85EFE0DFF52A8409E9AC2015
:105AB0002800EFE03FF019C123000A00014403472A
:105AC00029008D476318F7043C840357C90063F429
:105AD000E7002316F9008355C9004E85EFF08F913A
:105AE00017A700200357C79CED4763F5E7028357CC
:105AF000C900DD4663F0F6029386370063D1E60203
:105B000011669385470013060629B3C505084E851F
:105B1000EF70904D4A85EFF0BF93A28785BD116667
:105B20009305B00F13060629B355B70ACDB79947A9
:105B30003E858280011106CE26CA4AC822CC4EC6B6
:105B400052C497A40020938424C78824930780021A
:105B500091653305F50293856570138901AA334574
:105B6000050897D0FE1FE7806059902493078002B4
:105B700081453306F6022320A90097C0FE1FE78067
:105B800000BB832709004D459DCB0144130A8002C9
:105B9000FD599C24636DF40217050000130525DCF4
:105BA000EFF08F841705000013058584EF90D10670
:105BB0001705000013050592EF30D0290145F2408A
:105BC0006244D2444249B249224A05618280B30705
:105BD0004403032509006146814505041374F40F4D
:105BE0003E952310350123010500231435012305BB
:105BF000050023020502310597C0FE1FE78020B390
:105C000049BF0145828017A70020034777BB814722
:105C100063E4E70001458280922193864500631486
:105C2000A6002E8582808507B685DDB71DC541118A
:105C300022C406C638219307D00F2A8463EBE700FD
:105C40000E2128310147F9465D46EFE09FDBF95709
:105C50003EA0B240224441018280828017A70020EA
:105C6000034717B68147FD5663E3E700828016A11C
:105C70002301050085071105C5BF01458280938575
:105C800091859307000285469CA1FD57238CF184E2
:105C9000A38BF184238BF184239AD184239001ACCC
:105CA00023AE01AA23AC01AA23AA01AA1386C184A8
:105CB0009387818E5CC2A38201AA97F7FE1F938708
:105CC000A731094718A298A398AB2380E70223883D
:105CD000E7021387018D94A7D0C794AFD8DB138553
:105CE000418E0D471386818D9386C18A238CE702EE
:105CF000C8C323950700D0CB239D0700CCCFD4D3B6
:105D0000238407022395070223A60702239D070287
:105D100003A781AAD8DF97F7FE1F9387272B1707C2
:105D200000001307870B23A00700D8C323A4070094
:105D30008280411106C6EFF01FED09C52821B2404F
:105D4000410182800145E5BF411122C426C24AC0FB
:105D500006C6AA842E893284EFF0FFEAAA8711E9E9
:105D60004165CA857D15EFF01FEAAA87454581C7C1
:105D700086A3A0A30145B2402244924402494101B6
:105D8000828021E309483547639E0603011106CE50
:105D900022CC182210322206598E32C6B377F64032
:105DA00085E7CC452A842EC4EFF0BFF83246014780
:105DB000630EC50022856244A245F24005616FF082
:105DC000BFF82D473A85828013070008F2406244ED
:105DD0003A850561828083C80500094863910803FC
:105DE000DC4103C807009C33A207B3E707010D6835
:105DF000130828906395070189476FF09FF80545C0
:105E0000828001114EC606CE22CC26CA4AC893898A
:105E1000718503C709009307F00F630FF7022A8902
:105E20002945AE84328497B0FE1FE780A07AAA8508
:105E300005C59307100B1EA12302050002A56244AD
:105E40002311250166A1F24003C50900D24442494D
:105E5000B24905616F901FA3F2406244D2444249A7
:105E6000B24905618280411126C2AE8483A581AA10
:105E700022C406C62A84EFF0DFEB098909C922850E
:105E80002244B240A685924441016FF00F98B2407F
:105E900022449244054541018280411122C426C218
:105EA0004AC006C6AA84130445001309850B1E20A8
:105EB0009DC3084409C597D0FE1FE7808030228526
:105EC0003146814597C0FE1FE78060863104231A62
:105ED00004FEE31E24FDB2402244FD579EA0024969
:105EE00092444101828097A6002083C6768D83A7C5
:105EF00001AB01476394E600014582808E2313863F
:105F0000870B6394A5003E85828005071377F70F02
:105F1000B287CDB7AA8703A581AB01C95A21631403
:105F2000F700084582800841CDBF8280411106C636
:105F3000EFF05FFE09C50845B2404101828001458E
:105F4000E5BF797122D41384450026D24AD052CCC1
:105F50005AC82E8A06D64ECE56CA5EC622892287D7
:105F6000014B814481468147BD45122345CAB5EEA8
:105F700046233E23B286A697B3C70708050B310711
:105F8000E315BBFEADC4916593854570268597D01A
:105F9000FE1FE780A016AA8B39C90C44D1C9814ADB
:105FA0008149522033853B0197B0FE1FE780A071E5
:105FB0005E200844BE99B3C9090897D0FE1FE78048
:105FC000402063980A003109854A832589004A8464
:105FD000E9F9314681452285850A97B0FE1FE780A1
:105FE000007563826A053109CDB7630ED60001459D
:105FF000B250225492540259F249624AD24A424B58
:10600000B24B456182803223E313F6FE5223B294F1
:10601000B297B3C40408B3C707088DB78547E3E355
:1060200067F70545F1B723267A0123149A00D5BFF7
:106030001309C400854A814949BFAA8703A541AB1A
:1060400011E1828018453A276314F7001105828018
:106050000841FDB7411106C6EFF03FFE09C50A2110
:10606000B240410182800145E5BF411106C6EFF013
:10607000DFFC09C52821B240410182804145E5BFCE
:10608000411122C42A84090506C6EFE07FA5FD5709
:106090003CB0B240224441018280411122C441649B
:1060A00006C626C29307E4FF6301F502AA849DE1B8
:1060B00097E0FE1FE780008309E91305F4FF97E0EE
:1060C000FE1FE780208211C106A1B2402244924403
:1060D0004101828085476392F50497E0FE1FE780C7
:1060E00060802A847DD1FD571EA13C201307F00F4C
:1060F0006382E7021307E00F6389E7002830014756
:10610000F9465146A685EFE0DF8F2285EFF05FF775
:10611000FD573CA0230204004DBF8947E397F5FAE1
:106120008545EF30005C55F1268597D0FE1FE7804E
:10613000607B2A845DF951BF5D71A2C4CAC086C666
:10614000A6C24EDE52DC56DA5AD82E84AC21F9476C
:106150002A896392F50497D0FE1FE780A0782A84ED
:1061600005C138219307D00F63ECE70028310147C0
:10617000F9460146CA85EFE0DF882285EFF05FF03F
:106180000145B640264496440649F259625AD25A0D
:10619000425B61618280832A0400B7070001938714
:1061A00007F037071200B3F7FA0013070710B28998
:1061B00081446388E7022EC697D0FE1FE780807275
:1061C000B245AA8419CD502109CE93174660E3C980
:1061D00007FA4A85EFE05F8BDC2093E707F8DCA045
:1061E00045B7138A818503470A009307F00F1945C5
:1061F000E309F7F8E147E3E6B7F893D71500FD1791
:1062000017F701001307C774B3E7E72003A80700D7
:10621000E30908F603AB4700E3050BF6B3CA0A0827
:1062200063850A00C947E39EF5F4562010440C30FC
:1062300008203808029831F52C084A85029B1DCDAC
:10624000183021F33820230AA100B9472308E100C0
:106250006314F702E24798239C33A207D98F0C08F6
:106260004A85FC81EF90C13B01DD14080546D94504
:106270004A85EFE0FF9031B7BC84D5B73420914711
:10628000E380F6F003450A0038080146CA85EFE0CE
:106290004FF7E31805EE2C202808EFE0AFF119C105
:1062A000238009001840B7070001938707F07D8F0E
:1062B000B707120093870710E304F7ECE38204ECBE
:1062C0003C2031BF411122C406C62E8497D0FE1F48
:1062D000E780406109C95C21138717006315E4005A
:1062E00093F707F85CA1B2402244410182803971E2
:1062F00052D42E8A4ED69305E100AA89528522DC1B
:106300004AD856D25AD05ECE06DE26DA3289368B8D
:10631000BA8BBE8A97D0FE1FE780005F054425C177
:10632000AA8428873944EFF0FFBE31C9032845000D
:1063300063070804D6875E87DA864A86A6854E8577
:1063400002982A840DED9307E00F638AFA029820E1
:1063500089476316F702DC4098239C33A207D98F44
:106360000D6713072790639CE700834719000346D6
:106370000900D285A2075D8E4E85EFF09FA8F250EE
:1063800022856254D2544259B259225A925A025B1F
:10639000F24B21618280797122D422214ECEAA89CA
:1063A000228556CA06D626D24AD052CC5AC85EC6D4
:1063B00062C4AE8AEFF03FB305E52285EF90D115B8
:1063C000594411E10144B250228522549254025999
:1063D000F249624AD24A424BB24B224C456182801A
:1063E00003C7890085476307F700EFF01FAB03D5AC
:1063F0002900E9B7AA85AA8413858900EFF07FB444
:106400002A8415CDFA209624D044CE2003D5290025
:10641000E147EFF0DFEDD9472A846318F50023A6A2
:1064200004002685EFF07FA771BF19E1268575BFAF
:10643000DE2026852390FA00EFF03FA669B7138986
:106440004400014AB94B594C3D4B8355090085CD59
:10645000E14763077A010357C900D94711E3E147D0
:1064600003572900835649000326890003D52900D4
:10647000EFF0FFE72A846310850323240900050A4F
:106480003109E3146AFD2685EFF03FA12DD0D947ED
:10649000E31BF4F205BF65D5835709002390FA008A
:1064A000F9BF011170879307E00F1306E100014760
:1064B000894606CEEFF0BFE3F24005618280797134
:1064C0004AD00359850022D426D22A84AE844A8534
:1064D0009305210106D697D0FE1FE780E04279C5DB
:1064E0001C252AC693F707029DC7A881EFF01FA4B9
:1064F000B245AA8711E9239024013945B2502254AC
:1065000092540259456182802A204946829701C5EA
:106510001E249EA0E5B7035924004A85EFF0BF9CD6
:1065200001ED41657D15EFF01F9C09E51E24254511
:106530009EA0E9B723102501130745008147BD46FA
:10654000122339EE3147B387E702930584003146C1
:106550002EC691073E9597B0FE1FE780C016B24544
:106560003146480897B0FE1FE780E01552242A20E4
:1065700041478146DD45EFE08FED2ACE09E51E2437
:1065800045459EA0A5BF0C48522497B0FE1FE7804A
:1065900080132A204C08EF90E1732DD15945B9BFE3
:1065A00085073107E39ED7F825459DB705458DB78B
:1065B000797122D42A840A254AD02E899305E100D4
:1065C0004ECE06D626D2B28997D0FE1FE780C033C2
:1065D0002DC91C25AA8493F707028DEF183893075D
:1065E000200511E35C20362450440E242A20014764
:1065F000EFF0FFCF21E11C38B9E32A20EF90C16909
:10660000AA8759458DCFB250225492540259F2496B
:10661000456182802887EFF07F91AA870DC52A20E7
:106620004946A68582975DD91E242310F9001C389F
:1066300099E7D1BFD947E319F5FE23800900014549
:10664000D9B70545D5B73945C5B7797122D44AD0F0
:106650004ECE52CC56CA06D626D2AA892E8AB28AE5
:10666000368997D0FE1FE780E02709440DC53C21FD
:106670001307E00FAA845D44638FE7001307F00F50
:106680005944639AE70063920A02D2854E85EF90DF
:10669000A16C2A8421C1B2502285225492540259FD
:1066A000F249624AD24A4561828003550A00930545
:1066B000E1002317010097D0FE1FE780E024288720
:1066C000EFF0BF9AAA8505464E85EF2090612A8497
:1066D0004DDDD1B79307F00FE30FF9FA938624004D
:1066E0007946A68517F5FFFF13058554EFE08FBEA9
:1066F000A38124014DB7797126D24ECE52CC56CA11
:106700005AC85EC606D622D44AD062C466C2AA8AD5
:106710002E8BB28B368ABA8983A441ABB9C0804430
:1067200083DC44000149035CA400631499018440A4
:10673000F5B73E2463F757010509410433490908B9
:10674000EDB7E36BFBFE63090A000C204840D286DC
:106750005E86EF80F1446DD1638409002390890146
:10676000A284B25022540259F249624AD24A424BA0
:10677000B24B224C924C26859254456182809A21DC
:10678000B621854763E1E6041DCFD42101111386AC
:10679000550022CC1385418E2E84894506CE32C603
:1067A000EF801140C14719C9542032462E200A20DB
:1067B0000147EFF05FF4A94711C18147F2406244FD
:1067C0003E85056182803E8582802E860A22AE212A
:1067D000854763E1A50219CD5422411101471506F1
:1067E00006C6EFF05FF1A94711C18147B2403E856F
:1067F000410182803E8582802E860A22AE21854715
:1068000063E1A50219CD542241110147150606C6C0
:10681000EFF07FEEA94711C18147B2403E854101AB
:1068200082803E85828039714ED6BE2183D9050093
:1068300006DE22DC26DA4AD852D456D25AD05ECEB0
:1068400062CC66CA63E437152A8A05456383091258
:10685000416BAE8A2314010002C6014401497D1B2D
:10686000894B054CC94C83D52A0001478146014616
:106870004E8523130100EFF01FE8AA8471C509ECCF
:1068800013072002930661005A8695455285EFE072
:106890000FBC2A84630E050E38849C2025C71885FA
:1068A0006301870541476394E70ABE244146130507
:1068B00024001CA0BE24A1831CB0CC4097B0FE1FB6
:1068C000E78060E049043C848507B3C707087C84FF
:1068D00063FC2707BE24638967078509B3C90908D4
:1068E00059B763967707BE240946130524001CA0F8
:1068F000BE24A1831CB0CC4097B0FE1FE780A0DC73
:106900001104D1B722C603596100B824130524002D
:10691000638F7701335999032305710118A0BE24B1
:106920004146A1831CB0CC401379F90F41BF230528
:10693000810118A0BE24135929001379F90FA183EE
:106940001CB0CC4009464DBF3C8429459DC32C005A
:106950005285EF90810709CD34001546D9455285FF
:10696000EFE00FA211C5324597D0FE1FE78060858A
:106970000145F2506254D2544259B259225A925AA5
:10698000025BF24B624CD24C216182800545D5B747
:106990004545C5B703C7C1AD854763F7E706011194
:1069A00022CC26CA4AC806CE2A84AE84328997D021
:1069B000FE1FE78020F311C538219307E00F63071E
:1069C000F704631B090022856244F2404249A68510
:1069D000D24405616F9001358A209305E1002317A9
:1069E000010097D0FE1FE78020F22887EFF0EFE745
:1069F000AA8505462285EF20D02E71D5F24062444B
:106A0000D244424905618280594582805D45FDB787
:106A1000411122C406C626C293F705022A84328594
:106A200085C3EFF08FE4AA8505462285EF20702B01
:106A300095476305F500BD476315F502214515A08F
:106A400093F78500B6849DC3EFF02FE2AA85054633
:106A50002285EF20102909C59C3481C79C2491C34D
:106A60000145B2402244924441018280939745609F
:106A700063D70700EFF06FDFAA850146D1BF898990
:106A80000D45F9FDF9BF7971AE8622D42A848A2298
:106A90009305E10106D636C697D0FE1FE780C0E613
:106AA00011C90C2522852254B246B087B2504561E7
:106AB0006FF01FF6B25022540545456182804111A6
:106AC00022C406C693F705022A8432858DC3EFF0EF
:106AD000CFD9AA8505462285EF20B0201547AA8781
:106AE0006305E5003D47631DE502A14715A893F73F
:106AF000850099CBEFF06FD7AA8505462285224401
:106B0000B24041016F20F01D1397456063570700A5
:106B1000EFF0AFD5AA850146D5B7898991E18D47B8
:106B2000B24022443E85410182807971AE8622D4F2
:106B30002A848A229305E10136C606D697D0FE1F25
:106B4000E78080DCB24609C90C2522852254B08733
:106B5000B25045616FF0BFF6B25022540545456111
:106B600082803E257971416722D426D24AD04ECE0A
:106B700006D6231701007D17AA84328436898149FD
:106B8000638DE7009420D040138517001307E100C0
:106B900033450508EFF03FB6AA899420D0408945D7
:106BA0001385418EEF80C17F15C5A2242285EFF0A9
:106BB0006FCA09C57D142A9433440408630409008C
:106BC00023108900B2502254925402594E85F24942
:106BD000456182809420D04089451385018EEF80E5
:106BE000217C61F59420D04089451385818DEF800B
:106BF000217B11C9E38C09FA3C87E39987FA03D416
:106C0000A9007D1455BFA22455BF397122DC26DAB4
:106C10004AD84ED652D456D25AD05ECE06DEBE8B5D
:106C20009C252A8AAE84C18BB28A36843A89C2896D
:106C3000468B9DEF942089476383F6065685EFF0D7
:106C40006FAD05CD83280500638908022286625452
:106C5000F250925A5A88CE87025BB2595E87CA8632
:106C6000F24B4259A6855285D254225A216182881C
:106C70003285EFF0AFABAA8709ED3945F250625487
:106C8000D2544259B259225A925A025BF24B2161B4
:106C900082802946A6855285829749DDC5B7DC40AA
:106CA00003C3170098238D6722033363E300138621
:106CB000479013175360E343E6F81386F78F634B4F
:106CC000E60293862780630FD70863C8E604F97746
:106CD000938707803E93854733430308E3E067F6D5
:106CE0002D45E39D0BF8DC449023CC432310C900D1
:106CF00022850DA2F5779387F76F3E938D47334337
:106D0000030863EE671017F701001307A7BE3343AC
:106D1000E32083270300BA97828793873780E31F96
:106D2000F7F02D45E39C0BF485472310F900DC4474
:106D300081459C231CA0AA2405053345050897D04E
:106D4000FE1FE78060BC835709005DE591072310B3
:106D5000F900114681451305140097B0FE1FE78026
:106D6000009D71A02D45E39B0BF0DC446C0083C9B2
:106D700017009823A209B3E9E90011472310E9009D
:106D80009C234E851CA0DC449C331CB097D0FE1F76
:106D9000E78080B7AA8431CD3086C1659306E100D3
:106DA000FD158329C500EFF0DFDB19E99420D04001
:106DB00089451385018EEF80A15E19E1FD577C871F
:106DC00003C7090089476310F70283A549000946F4
:106DD0001305440097B0FE1FE780E08E835709003B
:106DE00089072310F9003C873CA0A1833CB00145F2
:106DF00071B523173101C5BF18218907BA97231030
:106E0000F9003E251CB03E25A1833CA010214C4139
:106E10001305340097B0FE1FE780E08AC9BF2D45F7
:106E2000E39E0BE42310D900DC449C231CA0DC442B
:106E30009C331CB06DBFC84497B0FE1FE7804092E2
:106E4000334705081D45E36B77E36380EB02B386A8
:106E5000790163C6E60033077741B3490708CC449C
:106E6000231039014E86DE9561B58149CDBF2D4590
:106E7000E3960BE0CC445285EFE0BFEB894723104B
:106E8000F90008A0218108B09DB72D45E3980BDEDD
:106E900089472310F90049BF2D45E3910BDEDC44FF
:106EA0001D472310E900982318A0983318B0BA237F
:106EB00038A0BA23218338B0D82358A0FA2358B079
:106EC000FE23A1837CA025B75D71A6C2AA842A21D6
:106ED0004EDE52DC56DA5AD85ED662D466D26AD01A
:106EE0006ECE86C6A2C4CAC0AE8AC16BEF80C15F37
:106EF000130CF5FF2A8A8149979D0020938DCD823E
:106F0000938CC1AB138B01ACFD1B334D0C08DE24FD
:106F100063F6F90083D70D0063CD8701AA2097950A
:106F2000002093856580EF80514C2A841DCD594403
:106F30002DA89C449305E100B3A7F92003C91700CD
:106F40009C2322093369F9004A8597D0FE1FE78008
:106F5000A09BAA851DE923902A0103A54D0009C520
:106F600097C0FE1FE780E0250544B64022852644F1
:106F700096440649F259625AD25A425BB25B225C8D
:106F8000925C025DF24D6161828083C8440083A6F9
:106F90000C003087AA206A8881475A87EFF0FFC625
:106FA0002A8419C923902A0103A54D005DDD97C0ED
:106FB000FE1FE780002155BF83A74D0099EFAA204F
:106FC000514781465E86BD45EFD07FC823A2AD0004
:106FD00009E523902A01454449BF83D70D00035793
:106FE0000B003E97634747013307FA407D17231094
:106FF000EB0003A54D0003560B0083A50C003E9546
:10700000850997A0FE1FE780006C83D70D0003570A
:107010000B00B3C90908BA972390FD00CDBD3971A3
:1070200026DAAA842A214ED65AD006DE22DC4AD895
:1070300052D456D25ECE62CC66CA6AC82E8BEF801E
:10704000A14AAA89D424AE248A2478001386D400C5
:10705000EFF06FEA05C1938BB9FF2A84E519014966
:10706000138CC1AB938C01AC33CA09086349790115
:10707000631B09109E2429452310FB009DA8035D76
:10708000C10083C8440083260C00AA20528881478F
:1070900066876A86A285EFF05FB719C9AE2422859C
:1070A0009306E1006A86EFF0DFAB2A8461F0C9B78E
:1070B00083D70C009228E313F6FE83250C00C84802
:1070C00097A0FE1FE780C07171D99789002093892E
:1070D000A96583A7490095EFAA20416645478146E7
:1070E0007D169D45EFD0BFB61DE19E24454523107A
:1070F000FB00F2506254D2544259B259225A925A69
:10710000025BF24B624CD24C424D2161828023A241
:10711000A900AE24835AA40022859306E1006A8662
:10712000EFF03FA42A84E3830AF883A749001307FA
:10713000190033470708CA972380570183A74900DE
:1071400093DA8A0093062900BA9723805701130720
:107150003900110983A74900B3C606083347070859
:107160003349090811C93087B69790A383A749000E
:107170002182BA9790A3DDBDB697FD5694A383A74D
:107180004900BA9794A3AA20978500209385C559F2
:107190001359290023902501EF80B10E39D95945A3
:1071A00089BF411122C406C693F705012A8432859E
:1071B00085C3EFE09FEBAA8505462285EF2060326C
:1071C00095476305F500BD47631DF502214515A8E8
:1071D00093F7450099CBEFE05FE9AA850546228544
:1071E0002244B24041016F20C02F93F7050491C79C
:1071F000EFE0BFE7AA850146DDB713C5F5FF0589B6
:107200000605B240224441018280797122D426D2FF
:1072100052CC06D64AD04ECE56CA5AC82A8AAE8416
:107220000144DE206364F400014581A083AA0400C8
:107230009319140013891900B327542103CB0700B5
:10724000B3872A0188239305E10022053365650190
:1072500097C0FE1FE780406B1DE123806A019C40C0
:1072600005453E990347090098B3B2502254925401
:107270000259F249624AD24A424B456182800C254A
:1072800030875285EFF0FFF101CD9C40BE9903C7D6
:10729000090098A39C403E990347090098B3F1B7B1
:1072A000050433440408B5BF0111AE8722CC2A84FB
:1072B0008A239305E10006CE97C0FE1FE780C064D5
:1072C00009C90C25228562443087F24005616FF0C0
:1072D0005FEDF240624405450561828039715AD004
:1072E0002A8B2A2126DA4AD806DE22DC4ED652D450
:1072F00056D25ECE62CC66CAAE84EF80E11E2A8989
:107300008346CB008355AB0003558B0078001306F2
:10731000DB00EFF04FBE630B0514C16A130AA9FF2F
:10732000AA8B01449389C1AB978C0020938CCC3FEE
:10733000FD1A6D19334A0A08035CC10083C58B002E
:1073400003552B006286EFF0DFE5631005148348D8
:107350004B0083A6090003552B00528881471387F1
:1073600001AC6286DE85EFF05F8A6310051215C8F6
:1073700083D72C0003D701AC11076395E700A297D0
:1073800063C22707978500209385053ABE210355E0
:107390002B003354F40282A1EF80F10815C1594546
:1073A00005A003552B00494781465686C545EFD0B9
:1073B0001F8A23A2AC0015E183D7AB0045459EA0F0
:1073C000F2506254D2544259B259225A925A025B34
:1073D000F24B624CD24C2161828083D701AC910781
:1073E0002391FC0083A74C0003D7AB006286A297D1
:1073F00098A383A74C001307140033470708BA97D4
:1074000003D7AB009306E1005E85218398A38355E3
:10741000AB00138C01ACEFF0CFF403A74C003C871A
:10742000130624003346060832971CA303A74C001A
:1074300093063400A183B3C6060836971CA3AA8B13
:1074400003A54C0011043344040803560C0083A523
:107450000900229563910B0297A0FE1FE780A026EA
:1074600083570C00A29733C4070809FC83578B008D
:1074700029459EA0B1B797A0FE1FE780C02483577F
:107480000C003E943344040845BD83D7AB009EA056
:10749000E31A04EE83578B009EA01DB71D71A6CA88
:1074A000CAC8AA84035985002A21A2CCCEC6D2C458
:1074B000D6C2DAC05EDE62DC6AD886CE66DA6ED606
:1074C000AE8AEF806102130BD5FF01447115138C56
:1074D000D400938BC1AB138A01AC178D0020130D20
:1074E000AD24B3490508635D6411D424AE241307A9
:1074F000E10162864A85EFF00FA0AA8C63020510B5
:107500000359A500B0870C25AA2032C6EFF07FC929
:10751000631D050E83C8440083A60B003246AA20D3
:107520004E8881475287E685EFF02FEE79ED15C43E
:1075300083570A0003572D0089076302F7069785D2
:1075400000209385651EBE21AA20B357F4029EA198
:10755000EF80C15B0DC1594539A8AA2041664D474E
:1075600081467D16A545EFD08FEE2322AD001DE1AB
:1075700023902A014545F6406644D6444649B6491B
:10758000264A964A064BF25B625CD25C425DB25D73
:107590002561828083570A0089072311FD008357E4
:1075A0000A00A29763DE670583274D0003D7AC006E
:1075B000930D2400A29798A383274D0003D7AC0016
:1075C0000504334404082183A29798A303254D00A2
:1075D00003560A0083A50B00B3CD0D086E9597A046
:1075E000FE1FE780400E83570A00BE9DC167FD174E
:1075F00033C40D08E309F9EE050933490908E5B577
:10760000294515FC23902A01BDB76DDC0DBF1E2155
:10761000411126C206C622C44AC0444189EB8947AB
:10762000B2402244924402493E8541018280942026
:10763000D0402A8489451385418EEF70715611C957
:107640003C202547E51793F7F70F637DF700E147E7
:10765000C1BF9420D04089451385018EEF705154ED
:1076600065F175BF13894185835609008547CDDAD9
:107670001A203697C166E3C5E6FA916593852570B1
:10768000314597C0FE1FE78060A7AA84CD4749D93E
:107690003146814597A0FE1FE78060091A20835577
:1076A000090001468147B386F500B3C6060863E7C3
:1076B000E70201C62E972310E90023A0040021460B
:1076C000A2851385440097A0FE1FE780C0FF1387A3
:1076D00041AB1C4381CF3E879C43EDBF5040139587
:1076E000470085072A9636A6054675BF04C381471D
:1076F00005BF011106CE22CC26CA4AC809E90944B1
:10770000F24022856244D2444249056182802AC601
:10771000AA84280036896C845085EFF05FEF2A84B4
:1077200065F1E30F09FCBE24F9DB91659385557083
:10773000314597C0FE1FE780609CAA8705C1BA2427
:10774000938681AB232005005AA19842232425016A
:1077500001C7BA861843EDBF9CC25DB74D444DB713
:10776000938751AA98230DE3054798A3058909CD6E
:1077700097E6FE1F938686854146914517E5FE1FD5
:10778000130585856FF0FFF601458280A38BA184E8
:10779000828041677D176315E5002E856FE00FCC71
:1077A000411106C6EFE02FC609C5FD571EA12301F2
:1077B0000500B24041018280011126CA06CE22CCCA
:1077C0004AC88547AA846390F5042685EFE0AFF1A7
:1077D00021E941699305F9FF1307E1008946138602
:1077E000018D0545EFE03FF12A847D1905C44C4425
:1077F0002685EFF01FFA308722858146CA85EFF093
:107800004FB62A84E5B789476396F5008545EF10A2
:10781000506D45DDF2406244D244424905618280A8
:10782000EFE0AFE77DB7411122C406C626C2178438
:107830000020130464F8083423A801AA23A601AA8F
:1078400023A401AA49C19307200C3305F5029165D1
:1078500093851570938401AB19053345050897C0CE
:10786000FE1FE780A08910349307200C8145330662
:10787000F60288C0190697A0FE1FE78040EB9C40E7
:1078800018348145938647007D5563E6E5069306E7
:10789000800BB306D70201460507FD55B69723A610
:1078A000F1AABE868EA2ACB2ACA223820600050667
:1078B0009906E369E6FEF95696A399463307D7027F
:1078C000BA9723A4F1AA17F5FFFF13052587EFD078
:1078D0000FB217F5FFFF1305259FEF70513417E521
:1078E000FFFF1305C57BEF10F056B24022449244CF
:1078F000014541018280239EA6FE36861388460BF1
:1079000023100600232406003106E31B06FF85052D
:107910009386860B9DBF411106C622C42A84EFC000
:107920007F9EEFE0CFB503A581AA238B8184EFE092
:10793000EFB2238C81842244B24017050000130566
:10794000E5E741016F1010519397556063D7072EFB
:10795000797103C5618522D44AD006D626D24ECE8F
:107960002E8997A0FE1FE78000CD2A8451C91821D7
:107970009307000B6313F70885479384C1ABDC843E
:107980009C402315010081EFEF0080709165938585
:10799000357097B0FE1FE780607688C031C96146B8
:1079A000814517850020130525D897A0FE1FE78085
:1079B00000D88349440089476393F908D12D9784FF
:1079C0000020938464D68AA02A20A685EF70317C9B
:1079D000AA869E202A201A248DEE6363F7001EA437
:1079E0000E24EFD02FA12285EFD00F979C8491C752
:1079F0004C2013058400EFD0AFE92285EF707FE3C0
:107A0000B25022549254F2491315F9680259456153
:107A100082806363F7001EA41E24D9459786002048
:107A2000938686D00D469EA0EFD08F958D4545DD7F
:107A300017850020130545CFEFD08FE56DB79387ED
:107A4000A9FF93F7F70F4947E36FF7F817E701002E
:107A5000130747EBB3C7E7209C43BA978287930588
:107A6000A1002285EFF0AFDBAA8435DDD94763940E
:107A7000F40A85092A2093F9F90F97860020938646
:107A8000A6CA4E86D945EFD0AF8F31DDCE854DB732
:107A90009305A1002285EFF07FA0F9B783598400F8
:107AA0006C004E8597C0FE1FE78000E6AA842DC1BA
:107AB0002A2041669306E10055477D16AD45EFD07B
:107AC0000F9997890020938929C623A2A900AA8625
:107AD00055CD834844000358E10030862A20A6850E
:107AE00081474E87EFF06F92AA846312050E2A2019
:107AF000CE85EF804107E30805EE2A20D945CE86E2
:107B00002D46EFD0EF87AD45E30F05EC4E852DB741
:107B10002315310185441830D147E306F7EC5C208A
:107B200097890020938949C02A202380F9003C8549
:107B3000CE85238299002391F900EF70712EE30422
:107B400005EA2A20CE860546D945EFD06F83E30C9F
:107B500005E8854565BF835984006C004E8597C054
:107B6000FE1FE78060DAAA8445D52A204166930685
:107B7000E10059477D16B545EFD06F8D97890020FC
:107B8000938989BA23A2A900AA8609E51E24C544BF
:107B90007C8551B7834844000358E1003E24308679
:107BA0002A20A6854E87EFF04F86AA840DE12A2071
:107BB000CE85EF70D17EE30805E22A20D945CE8636
:107BC0003546EFC0FFFBB545E30F05E081B7D94768
:107BD00003A549006397F40097B0FE1FE780605E3D
:107BE00019B597B0FE1FE780C05D1E247C8525B7C0
:107BF0009305A1002285EFF02FADBDB59305A1003F
:107C00002285EFF0AFED8DB5130691009305A1002D
:107C10002285EFE0FF9989BD9305A1002285EFE061
:107C20001F8AAA84E31405E4A30401006DBB930535
:107C3000A1002285EFE02FF605BD01458280F1C647
:107C4000011156C2AE8A854526CA4EC652C406CE1A
:107C500022CC4AC82A8AB284B689EF109028D1472C
:107C60000DC103C7D1AD83C791AD014999E03E89EC
:107C7000BA871317490003A4C1AC3A94636DF900A5
:107C8000D547F2406244D2444249B249224A924A1C
:107C90003E850561828036201307040191C60509DF
:107CA0001379F90F3A84D9BFA1C89565938525C08A
:107CB0001305000297B0FE1FE780404448C469D115
:107CC0001306000281451309090497A0FE1FE780EF
:107CD00000A62300040023112401231344019C3433
:107CE00003A701AD998C1CA45C4491849180C4AF1E
:107CF00023A08900814771B72326040023000400D4
:107D00002313440123045401E5B785473E8582804F
:107D1000AA8683C5D1AD03A7C1AC81476394F500A2
:107D20000145828032233A8519C2E30CD6FE8507CD
:107D300093F7F70F4107DDB7AA8603C6D1AD03A7B6
:107D4000C1AC81476314F600014582802E233A8539
:107D500081C54C23E38BD5FE850793F7F70F4107C9
:107D6000D5B7AA8683C5A1AD03A701AD81476394AA
:107D7000F5000145828012233A8519C2E30CD6FE34
:107D8000850793F7F70F4107DDB7AA8603C891ADC2
:107D900083A7C1AC01476314E80001458280B22388
:107DA0003E8509CAF2236317D600D04701C63222A6
:107DB000E306B6FE05071377F70FC107E9BF4111C8
:107DC00026C2444522C406C62A8495C0C84409C5B3
:107DD00097B0FE1FE780E03EC84809C597B0FE1F78
:107DE000E780203E268597B0FE1FE780803D2285F4
:107DF0004146814597A0FE1FE7806093FD571CB464
:107E0000B2402244924441018280011122CC2A8452
:107E10002A2106CE2EC6EF10205A324622858145F1
:107E2000EF00104E22856244F24005616FF03FF989
:107E300005C53E21411122C406C62A8491CBDD45E9
:107E4000EF00104F22852244B24041016FF03FF70E
:107E5000B2402244410182808280411122C4B14754
:107E60001304C5FFB307F40226C29784002093844D
:107E7000248D06C6A697BA276315B702C84315C155
:107E80009307F00F6305F6001C21639CC70097B0B1
:107E9000FE1FE7800033B1473304F402A29423A20B
:107EA0000400B2402244924441018280411122C424
:107EB0002E8426C24946AA848145228506C697A0FB
:107EC000FE1FE780C0868DC8D82C83A701AD12079E
:107ED000BA979A231AA0BA23FE233AA003D741AD3A
:107EE0005AA09A207AA0BA201AA4DA203AA4FA203A
:107EF0005AA49A241EA87AA4B24022449244410172
:107F000082802A8683C5D1AD03A801AD83A6C1AC0A
:107F1000014701456393E50082809C2281CFDC46C6
:107F200091CBDC2F9207C2976316F60093071500DA
:107F300013F5F70F05071377F70FC106E1BF130617
:107F400000643386C50293069500AA8517050000D4
:107F5000130545EE6F70FFC9411122C406C62A847D
:107F60000835EF709FE6FD571CB4B2402244410132
:107F70008280011122CC4AC84EC652C456C25AC091
:107F800006CE26CA2A89AE890144138A91AD938A06
:107F9000C1AC1D4B83470A006365F4046399090271
:107FA0009389D1AD138AC1AC930AF00F83C709003E
:107FB0006364F4061144A14422851306F00FCA85B8
:107FC0000504EFF09FE933440408E31794FEF24000
:107FD0006244D2444249B249224A924A024B056164
:107FE000828083A40A0093174400BE949C208DC312
:107FF000FE20639F270163956901AA20EF10C03B13
:1080000026854E868145EF00B02F2685EFF03FDBB9
:1080100005041374F40FBDBF83240A0093174400B2
:10802000BE949C208DC39C34638F5701FE20639CBB
:1080300027012685EFF05FF22685D145EF00502F0E
:108040002685EFF0DFD705041374F40F85B7C167F9
:10805000F917630BF502411122C406C685472A842D
:108060006399F50022852244B240814541016FF0B9
:108070005FF089476396F5008545EF1080667DD1F6
:10808000B24022444101828082809D456FF07FEEA4
:1080900003D541AD8280011106CE68876C8603C787
:1080A00081AD85476318F70070009305E100054531
:1080B000EF504074F24005618280A947631DF602CB
:1080C0009C319821A207D98F1EA1BC31B821A207EB
:1080D000D98F3EA1DC31D821A207D98F5EA1FC3116
:1080E000F821A207D98F7EA19C359825A207D98FA8
:1080F0001EA501458280054582809147631EF600DA
:108100009C319821A207D98F1EA1BC31B821A207AA
:10811000D98F3EA101458280054582809387C5FFA6
:108120000D47B3C60708636ED70031473387E702B0
:10813000977700209387C760BA97A8A38EA30145BD
:10814000828009458280930740203355F50A7115D6
:10815000239AA1AC238EB1ACA38DB1AC828095657E
:1081600041111905938535C006C63345050897B0FA
:10817000FE1FE780A0F801C9B240E955410117B3DD
:10818000FE1F67004310B24041018280A38E01AC04
:10819000238E01AC238D01ACA38C01AC238C01ACEC
:1081A00085474111A38BF1AC06C622C426C22A849E
:1081B000238B01AC239A01AC23A601ACEF10A028BD
:1081C000177500201305C557130600038145238F3B
:1081D00081AC9790FE1FE7808055138441AC082046
:1081E000938491AD1DC59565938545C0120597B0E3
:1081F000FE1FE780A0F023A8A1AC01CD1C30102009
:1082000081459CA0238DC1AC12069790FE1FE7808C
:1082100000529C20177500200345855A1384D1AD68
:108220003E951375F50F956508A0938555C0120509
:1082300097B0FE1FE78080EC9384C1AC88C025CD49
:108240001020814512069790FE1FE780404E98400F
:108250001420814725077D566399F604EF10E03E10
:10826000B1473305F5029565938565C0334505082B
:1082700097B0FE1FE78080E823A4A1AC2A8401CD3B
:10828000EF10A03C31463306C50281452285979008
:10829000FE1FE780C0492244B24092441705000007
:1082A000130525DB41016F10E03A850710A393F712
:1082B000F70F410755B7A38E01ACA38C01AC79BF72
:1082C000411126C206C622C44AC0AE8493975560A7
:1082D00063D707081389E1AD034509009790FE1F96
:1082E000E78060352A8431C5182193070009631F90
:1082F000F7021831CD476312F7069386C1AD2821E6
:108300009C22177800200348981A130664008145C0
:1083100001476318E50291C19CA29C2281CB0345D1
:108320000900854597B0FE1FE780E04C2285EF707D
:108330004FD01395F468B24022449244024941015F
:1083400082800E2205071377F70FAE9793F7F70F8A
:1083500009068545B3D7070B6DBFC529C1BF13F506
:10836000150071D9EF00904E19C983C7C1AD81CBFB
:10837000854503C5E1AD97B0FE1FE780C04713C533
:10838000140055BF0547637EC7029C319421A207A4
:10839000D58F1EA16399E700BC31B821A207D98F00
:1083A0003EA1014582800947E39DE7FEBC31B8212B
:1083B000A207D98F3EA1DC31D821A207D98F5EA1B7
:1083C000CDB7054582809147631EF6009C31982108
:1083D000A207D98F1EA1BC31B821A207D98F3EA117
:1083E00001458280054582809147631EF6009C31DD
:1083F0009821A207D98F1EA1BC31B821A207D98F1D
:108400003EA10145828005458280A1476318F6029E
:108410009C319821A207D98F1EA1BC31B821A20797
:10842000D98F3EA1DC31D821A207D98F5EA1FC31C2
:10843000F821A207D98F7EA101458280054582805F
:1084400089476319F6009C319821A207D98F1EA194
:1084500001458280054582803E2279714ECE06D646
:1084600022D426D24AD01307F007AE896371F702EF
:1084700009473AC47C86300093F5F50FEF00B072DF
:10848000B250225492540259F249456182805A22D4
:10849000D9462A89328463F7E6007E2263F4F60027
:1084A0006379F70023140100300093F5F90F4A8532
:1084B000F1B70A2202C4EFF0DF8AAA8435C5EFF0D3
:1084C0005FA49C246369F5001146A246CE854A85C7
:1084D000EF00B06475B7340026869305F00F4A8527
:1084E000EFF0EFF575F1A2471A24DC479AA33A2082
:1084F000BAA35A20DAA37A20FAA3DA209AA7DC4496
:1085000095C793F4F90F2286A6854A858297C1679D
:10851000FD172A86E31BF5FA22459947F9451CA168
:1085200044A1EFF0DFA1A9BF094645B7014671BFDD
:10853000A947631DF6029C319821A207D98F1EA17D
:10854000BC31B821A207D98F3EA1DC31D821A207C6
:10855000D98F5EA1FC31F821A207D98F7EA19C356D
:108560009825A207D98F1EA50145828005458280E6
:108570009C211CA19C311CB1BC31B821A207D98F10
:108580003EA1828023220500D82189476304F70099
:1085900005458280F62101114EC606CE22CC26CAA0
:1085A0004AC80D47AE896379D7049C45843390232C
:1085B000A033A204D18CB023220493874400518CB1
:1085C000639CD7029307C4FF2A89B3C70708636176
:1085D000F70203A589002311990023108900F155A2
:1085E00097B0FE1FE78020CA2322A900014531A0D1
:1085F0002285EFF0EFF171FD0545F2406244D2446F
:108600004249B24905618280797122D426D22E84F2
:1086100006D64AD01C201947AA84B2856390E70683
:1086200030202800EFF03FDA0DE92884EFF04FEE1C
:108630000C302A890DC92E86171700001307A7CC06
:1086400034009D452685EF00102C4A85094681455A
:1086500045294A85EFF0AFF60145B25022549254B5
:1086600002594561828089477C803C840A867C81EE
:108670003C857C822685EF001053F9BF49476395FE
:10868000E70232202800EFF05FD861F9177500206B
:108690001305050B5E25E9D3183068253C00C94653
:1086A0000146A685FD244DBF5147639DE70032205A
:1086B0002800EFF09FA055F10C3030002685EFF038
:1086C000BFD959BF59476398E70432202800EFF01B
:1086D000DFA241F52C842685EFF02FEB15C5584518
:1086E00034851E23B697B3C707081EA3B5D75C47CA
:1086F000A5D783C7C1ADADD3854503C5E1AD97B05F
:10870000FE1FE780400F89BF89473EC03C840C3084
:108710000A867C8285B70C30231001000A86A1BF2F
:108720005D71A2C456DA86C6A6C2CAC04EDE52DC4D
:10873000AA8A88312E8432C6EFF00FE0B24501EDEF
:108740000144B6402285264496440649F259625AAD
:10875000D25A6161828023020500231105008349FA
:1087600004008547AA846399F90030202808EFF0B7
:108770007FC12A8405491DA09D476391F9041821F2
:108780008D47E31FF7FA302028080549EFF0DFC5D1
:108790002A8409E50546814526859D262685EFF034
:1087A000AFFB88243C080147CE862286D685D52299
:1087B000E30909F82685EFF08FE061B7CD47639BA9
:1087C000F90018219147E31DF7F630202808EFF053
:1087D0003FC745B7D547E395F9F6034A05008947F2
:1087E000E310FAF6302028080549EFF07FD42A84F8
:1087F00055F583570102A1EBB8841306F003DC445E
:10880000930607FCB3C60608636AD600B085D9464E
:1088100063F6C600B486D94563EDD500BAA3014519
:10882000EF009039054903560102D28526858D2C2B
:10883000B5B7AC87BAA3D2A38EA3F6A385479CA0F5
:10884000014A0149CDB7014AF9BF7971AA8522D4FD
:1088500026D22221AA84280806D64AD0EFF09FD239
:10886000F24599E53DE185452285EFF0DF8275A06F
:10887000BC8415476395E706B8858D4763F7E70421
:108880006800EFF0FFCE0359E100DD4763FB2701ED
:108890008C86B70717008507100822853EC8EF00B1
:1088A0009030BC851109638527012285EFF0EFFD2B
:1088B0001C8672466C00858B1106228591CFEFF0E5
:1088C0003FE601C52285EFF04FFC884449DD97B0B3
:1088D000FE1FE780008F41BFEFF01FD3DDB71147C8
:1088E0006389E7001387A7FF85463347070863ECD2
:1088F000E6023147F117B387E70217770020130725
:1089000027E4BA979A2371D3A8233008A2850D20B3
:108910004DFDB8849147E318F7F4B25022549254B5
:108920000259456182802C082285012E59FDF5B738
:1089300001114AC82A89314526CA4EC606CE22CC24
:10894000AE89B2849790FE1FE780C0C829C1930703
:10895000000A231135011EA12A842146110595C064
:10896000A6859790FE1FE78000D6A2854A85EF6016
:108970007FF10145F2406244D2444249B249056167
:10898000828081459790FE1FE78060DAF9BF054538
:10899000D5B701114AC82A891305000226CA4EC656
:1089A00052C456C25AC006CE22CCAE8A328BB68989
:1089B0003A8ABE849790FE1FE780C0C121C9930701
:1089C00020FA1CA1A30065012311550123024501D2
:1089D000A30235012A84614621059DC0A685979092
:1089E000FE1FE78040CEA2856244F240D244B249E5
:1089F000224A924A024B4A85424905616F609FE8CC
:108A000081459790FE1FE78080D2F1BFF24062441B
:108A1000D2444249B249224A924A024B05618280BD
:108A20005C45797122D406D62A84AE86A5C3BA23C2
:108A3000F885130720066394E504FA2303D641ADB5
:108A40003357C70AB22B9E2B1377F70F918F93F7EB
:108A5000F70F01E6890793F7F70FBA97FD17B3C72A
:108A6000E702FC863E206E200824FC8401473C0877
:108A70000146EFF01FF2B250225445618280D82F98
:108A800083A701AD1207BA97FE23E1BF2EC6194690
:108A9000814528089790FE1FE78060C9B246D9B784
:108AA000797122D406D626D22A8491CD08242E8626
:108AB0006E202254B250925481470147930600061B
:108AC00045616FF01FEDB284280059469790FE1F54
:108AD000E780E0C5648499E43E2048446C007C85CE
:108AE000EFF0CFBC6E2008243C000147930600063F
:108AF0000146EFF01FEAB250225492544561828041
:108B0000797106D6814799E53E2170867C845C4563
:108B100089EF3C002E866E2108250147930600064A
:108B2000EFF03FE7B25045618280BE237C85D5B728
:108B3000411122C406C61C2111472A846392E70210
:108B40002E866E21082581470147CD46EFF07FE450
:108B500049466E202244B240154541016FF0EFAF07
:108B600013F7B70F89466317D7000146EFF05FF39D
:108B70005146C5B70D476398E7002244B24001460D
:108B800041016FF0FFF7B2402244410182809A21F7
:108B9000B14771173307F70297770020938747BAD9
:108BA000BA97D84301EBD841AAA70145D8C3BA2147
:108BB0009AA7828059458280797126D2444522D471
:108BC0004AD006D62A842E89B1C4C84419C597A0B4
:108BD000FE1FE780005F23A604009E206E2008246D
:108BE0007C85BE200147930640067C869E244A86EB
:108BF0007C879C483EC83E207C843C00EFF07FD9B7
:108C0000A38E240123A80400B25022549254025986
:108C1000456182802800314681459790FE1FE7809C
:108C200000B13E206E2008247C8401473C0093065E
:108C300040064A86EFF0FFD5C1BF797152CC2A8A2F
:108C40008A2126D206D622D44AD04ECE56CAAE8427
:108C5000EFF00F8C6300051240452A89630C041065
:108C60007E21639947111E2463880710542C938A30
:108C700001AD03A70A009206FD1736977A23B3C702
:108C800007081EA46316F70093053006EFF05FD9BE
:108C90005C48B5EBC840834915001C21A209B3E923
:108CA000F900BE2013872900631AF702F95597A02F
:108CB000FE1FE780405DC8C0239134010345890051
:108CC0002686D285EFF0DFC61DEDB25022549254B5
:108CD0000259F249624AD24A45618280956593857C
:108CE00015C04E8597A0FE1FE780404148C8C84088
:108CF000231C3401F95597A0FE1FE780C058BE2001
:108D0000C8C0F917BEA048482DCDB220362C1E2C65
:108D10003308D60063C90707582C83A70A00954576
:108D20001207BA97BE2363CA0705CC4036959790C1
:108D3000FE1FE78040993A2CBE20BA971A2CB3C781
:108D400007083EAC6398E7020357290003458900F2
:108D5000300078845848D2857C853AC6EFF05FBDF4
:108D600011C5484897A0FE1FE780A045232A0400AC
:108D7000232C0400054591BF99454A85EFF0EF8803
:108D8000D5BFA545DDBF9145CDBFBE21CDCF0111DA
:108D900026CA06CE22CC03D741ADAA846D45636FA7
:108DA000F7082E844840914597A0FE1FE780A04D0C
:108DB0003E20AA861CA13E20A1831CB11E203CA1FE
:108DC0001E20A1833CB13220C167F917110633463A
:108DD0000608639DF4022AC4314532C69780FE1FFF
:108DE000E780407FAA854D45B1C9930700F9324617
:108DF000A2469CA1F957BEA18947DCA1F2A194C566
:108E000003C5E1ADEF601FA801450DA8814526858A
:108E1000EF40D02B01E91387C1AD1C23F5D7FD1717
:108E20001CA3DDB789476302F5029D476301F50284
:108E3000C9476300F502FD47E30FF5FCF2406244C9
:108E4000D244056182806D4582805145C5BF114580
:108E5000F5B70945E5B7011122CC4AC831441309D9
:108E6000C5FF3304890226CA977400209384448D79
:108E700006CE26945C409DCF03C7C1AD0DC7688464
:108E80003EC62A241E242C007C85EFF01FF011C55D
:108E9000484097A0FE1FE780C032B1473309F9026E
:108EA000CA9423A204000545F2406244D2444249D8
:108EB000056182800145CDBF797126D244454ECEF1
:108EC00052CCFE20BA2883D941AD06D622D44AD04E
:108ED00056CAB3D9F90A2A8A9E282DCF998F4E8473
:108EE00063D4370133C4070889452285EFF02FA7E3
:108EF0002A89CD4A31C5BE202AC660857C84BE2819
:108F000099EB9E28130925001CA19E28A1831CB162
:108F1000637434058228BE28CC4422864A85BE95D7
:108F20009780FE1FE780207A03556A002C00EFF03F
:108F3000DFE5AA8A15C54A8597A0FE1FE78060284D
:108F4000B250225492540259F249624A5685D24A8A
:108F500045618280890761B779143344040865BF8D
:108F6000BA289E203A949A28FD17B3C707083344BD
:108F700004089EA0A2A86376E400F9F3FD57DCBCC8
:108F8000C1B781455285EFF03FC35DBF797122D4EF
:108F90004ECE56CA5AC85EC662C406D626D24AD03B
:108FA00052CC938961AD03CA0900938AC1AC054BC9
:108FB0005284930BF00F138C91AD83A40A00931786
:108FC0004400BE9403C9040063176907DC44A5C7C5
:108FD000D84735C39A2329C783C7C1AD89CF268512
:108FE000EFF09FEDAA8505E9050483C791AD6351B4
:108FF000F40223808900B25022549254F249624A0A
:10900000D24A424BB24B224C4A850259456182807A
:10901000238B01ACCDB72685EFF01FBA0149E1BF24
:10902000DC3F639A7701930520062685EFF05F9F6A
:10903000DC44A38E070083470C0005041374F40F6F
:109040006363F4000144E31A44F7C9BF41111545B5
:1090500006C6EFF05FE009C50545B24041018280D8
:109060001945EFF05FDF6DF91145EFF0DFDE6DF5CB
:109070001D45EFF05FDE6DF103C591AD79DDB240C6
:1090800041016FF0BFF09E210D47F117B3C70708EC
:10909000636FF704DC41411122C406C626C22E8448
:1090A000A9CB8545AA84352D39C92685992BC16759
:1090B000F917638DF40019E93E2089CB1620194772
:1090C0006391E60403D741AD63FDE70283C7C1ADF9
:1090D000A285268599C72244B240924441016FF08F
:1090E000DFCA2244B240924441016FF05FAA0945B1
:1090F00082800945B2402244924441018280514518
:10910000D5BF6D45C5BF797126D252CCAA842E8AAF
:109110005D4589454AD04ECE56CA06D622D4B2897C
:10912000B68A3A89EFF0AF8335C12A8401456306D8
:109130000900D685130544000299935785003CB079
:1091400093074500230044017C85954728A07C8433
:10915000A300340122C683C7C1AD2C00268585C774
:10916000EFF0BFC2AA8411C5228597A0FE1FE78039
:109170004005B25022540259F249624AD24A268529
:10918000925445618280EFF09FA0E9BFCD44D5B7EE
:10919000797126D24AD052CC56CA2E8906D6BE85BF
:1091A00022D44ECE9947B284368ABA8A6312F9061F
:1091B0002A220944EFE0DFB52AC635C15C45835950
:1091C0006500BE239EA0B247154723805701BAA36E
:1091D000138771AD10239305160093F5F50F0CA3BB
:1091E000D0A399E1854614A351476317E9001547B9
:1091F000BAA0DC479A249AA75287A686CA854E85CC
:10920000EFF07FF02A8432450DC4EFE05FBB01A888
:1092100042867400AA89EFE09FA22A844DD5B250FD
:109220002285225492540259F249624AD24A456137
:109230008280F945EFE0BFD0DDB79E211CA19E21C1
:10924000A1831CB1BE213CA1BE21A1833CB111452B
:1092500082809E211CA19E21A1831CB1BE213CA124
:10926000BE21A1833CB1DE215CA1DE21A1835CB1E2
:10927000FE217CA1FE21A1837CB1214582809E211B
:109280001CA19E21A1831CB1094582809E211CA1A5
:109290009E21A1831CB1BE213CA1BE21A1833CB172
:1092A000DE215CA1DE21A1835CB1FE217CA1FE2137
:1092B000A1837CB19E251CA59E25A1831CB52945B3
:1092C00082809A218546AA8718A19A21218318B104
:1092D0009A216319D700BA2138A1BA21218338B164
:1092E000114582800945631DA700BA211945B8A31D
:1092F000BA212183B8B3DA21D8A3DA212183D8B3E4
:1093000082809E211CA19E21A1831CB1BE213CA173
:10931000BE21A1833CB111458280797126D24AD009
:109320004ECEB2842A89AE8929468145480022D48E
:1093300006D636849780FE1FE780603F64868DE006
:109340003E207C8283D741AD7C845C4491CBD42F7A
:1093500003A701AD9E27920636973A237C85788332
:109360004A85170700001307A7F2540013F6F90FF8
:10937000D545EFF05FD92A8911C195E085471CA03A
:1093800023020400014681452285EFF06FF1B250BF
:1093900022549254F2494A850259456182802285BD
:1093A000EFE0FFA1EDB7B286170700001307A7F1A2
:1093B0002E8685456FF03FD50111688741657000A5
:1093C00001489307F00F0D4797060000938626E7A4
:1093D00099457D1506CEEFF0BFDBF2400561828036
:1093E000B28701482E861147970600009386A6E6AD
:1093F000C9456FF0FFD9B28617070000130767E869
:109400002E86CD456FF03FD0011122CC26CA4AC826
:109410004EC606CEAA842E89176400201304443554
:10942000976900209389C9371C4081C7CA85268562
:1094300082971104E31A34FFF2406244D244424955
:10944000B24905618280411122C406C626C217674F
:1094500000201307E7047C2B783B176400201304DB
:10946000A4351CB4BA9793F7F70F1CA4B5C713051E
:10947000C0033385A702A5658505938401AE97A037
:10948000FE1FE780A0C710249307C0038145330661
:10949000F60288C09780FE1FE780602914249C4054
:1094A00001477D566341D7022244B24092441306DD
:1094B00000038145176500201305852B41011783A3
:1094C000FE1F6700C326B2A32382070023A607025C
:1094D00005079387C703F9B7B2402244924441017C
:1094E0008280411122C426C24AC006C62A892E841F
:1094F000B28497A0FE1FE780804509EDC167F91788
:1095000051456313F9000145B24022449244024997
:109510004101828054555C2195C213F727014146D1
:10952000630BC700C18B3D45E5D3BC2E0145E3FD70
:1095300087FC3145D1BF1545F5D4F9B7C18B01453D
:10954000E1F71545D1B779714AD0416922D426D2C5
:109550004ECE52CC56CA5AC806D6AA840144976940
:10956000002093896925138A01AE930AC0037D19EF
:10957000054B83C789006364F400014525A83307C0
:10958000540383270A00BA97BA23631627010504F8
:109590001374F40FF9BFC833300093856700EF40B0
:1095A00021311946A68528009780FE1FE7804023B9
:1095B000E31F65FDB250225492540259F249624AA7
:1095C000D24A424B456182804166AA869765002057
:1095D00083C5051F03A701AE81477D166394F5007F
:1095E00001458280035827003A856306C800034876
:1095F0000700E308D8FE850793F7F70F1307C703A3
:10960000F1BF411106C697A0FE1FE780403409C58F
:109610004A29B240410182800145E5BF03A701AE5E
:109620009766002083C6C6191107814701456393D9
:10963000F6008280102301C605051375F50F850716
:1096400093F7F70F1307C703DDB71765002003452E
:1096500025178280176700201307871181473A86F4
:10966000B1460C4391E5B3C7C72088C3014582804A
:1096700085071107E397D7FE4D458280411106C645
:1096800022C497A0FE1FE780802C0DCD2A842A21BA
:109690008545EFF07FD7485409C597A0FE1FE780A6
:1096A00040B222851306C00381459780FE1FE780E4
:1096B0000008FD573EA0230204000145B2402244A9
:1096C000410182800945DDBF411106C697A0FE1FFA
:1096D000E780E02709C54825B24041018280014565
:1096E000E5BFC167F9176305F502411122C406C63B
:1096F0002E8497A0FE1FE7808025AA87014589C791
:10970000DC237D8C33358000B240224441018280CD
:1097100005458280411122C406C62E8497A0FE1FF3
:10972000E780E02201CD5A29AA8705456304870016
:10973000C2AB0145B2402244410182800545DDBFF4
:1097400029CD01114AC8416922CC26CA4EC652C44D
:1097500056C206CEAA840144976900209389C905A0
:10976000138A01AE930AC0037D1983C78900634B36
:10977000F400F2406244D2444249B249224A924A39
:1097800005618280B307540303250A003E953E21FC
:109790006383270182940504C9BF828083A701AE39
:1097A000C166176600200346A601890701450147E7
:1097B000FD1691456313E600828003D80700630914
:1097C000D80003C8A7006315B80005051375F50F89
:1097D00005071377F70F9387C703E9BF83A601AE89
:1097E000176600200346C6FD910601478147631FA7
:1097F000E600858393C7F7FF0545B3C70708636194
:10980000E5023315A0283345050882808C2299C1D2
:10981000CE36CD8F05071377F70F9386C603C1BFEA
:1098200093F61700F9FE050585831375F50FC1BF83
:10983000797156CAAA8A2E8526D24AD04ECE52CCEB
:109840005AC85EC662C406D622D4AE84328B368C29
:10985000BA8B3E8AC289468997A0FE1FE780200FF7
:109860003DED41657D1597A0FE1FE780400E2A84DF
:10987000554531C81946DE8513056400A3028401ED
:109880009780FE1FE78020E48357010326A0230270
:1098900064013EA883574103230054012326040298
:1098A0005EA8230644012317340123182401EFF096
:1098B000FFF20AB8232A04022685232C04028145DC
:1098C000EFF09FB40145B250225492540259F2492C
:1098D000624AD24A424BB24B224C45618280454596
:1098E000DDB79766002083C6A6ED03A701AE8147CA
:1098F0006395F60041657D1582800E3B1306C70314
:109900006394A5002A238280850793F7F70F328797
:10991000C5B7416617680020034888EA83A601AEF0
:1099200001477D16954811436314E8000145828084
:10993000BE223685638EC702CC5A9DC9BC31AC218C
:1099400089CD938597FD93F5F50FE372B3FE938769
:10995000D7FA93F7D70F89EF82809385F7FD93F5B8
:10996000F50FE3F6B8FC9387D7FA93F7D70FE1D357
:1099700005071377F70F9386C6037DB74166976592
:10998000002083C5E5E303A701AE81477D16254886
:109990006394F5000145828036233A85638BC600C7
:1099A000545B81CAB4329386E6FD93F6F60FE374F6
:1099B000D8FE850793F7F70F1307C703D1BF01112F
:1099C00022CC2A84494506CEEF707FC91DC12AC624
:1099D000228597A0FE1FE78080F701CD62443246C2
:1099E0000E39F24017650020034535DD05616F60D3
:1099F0008F8BF24062440561828079714ECE52CCE9
:109A0000AE892A8A93053005414526D24AD056CAE6
:109A10005AC806D622D4328B3689BA8A9790FE1F4E
:109A2000E780C06DCD4429C92A8489446381090433
:109A300041468145231261019780FE1FE78020CFB8
:109A40005686CE8522859780FE1FE780C0C72146B7
:109A5000630F0902CA8528009780FE1FE780A0C611
:109A6000A28650002C005285EF30505CAA842285DB
:109A70009790FE1FE780E074B25022540259F249D9
:109A8000624AD24A424B2685925445618280814582
:109A900028009780FE1FE78080C9D9B7411122C4F2
:109AA000405926C206C6AA8429CC085409C59790F5
:109AB000FE1FE7800071285809C59790FE1FE780B8
:109AC0004070685809C59790FE1FE780806F285C3A
:109AD00009C59790FE1FE780C06E685C09C5979026
:109AE000FE1FE780006E0325040809C59790FE1F3E
:109AF000E780206D22859790FE1FE780806C23AA67
:109B0000040222448E38B240924417650020034577
:109B1000D5CA41016F600FA2411126C206C622C4F8
:109B2000AE8497A0FE1FE78080E231C9032345037E
:109B30002A84630603048328C30703288307832733
:109B40004307032703078346630003560300834547
:109B500023002685EF70BFB82285EFF03FF4EFF0C9
:109B6000FFE111CD2244B240924417650020034525
:109B7000D5C48545410117A3FE1F6700C3C7B24086
:109B80002244924441018280411122C426C206C669
:109B9000AA842E8497A0FE1FE78060DB5C5989CFE2
:109BA0009E23639B970085476318F4002244B240CC
:109BB000924441016FF09FEEB24022449244410131
:109BC0008280411106C622C426C2EFF09FD40DCD7B
:109BD00044592A8495C8BC208DC783A781AE89C704
:109BE000DC4399C326858297B8309307F002631D42
:109BF000F7002A202244B2409244814541016FF08F
:109C0000BFF183A741AEE1BFB2402244924441017B
:109C10008280411126C24AC006C622C4AA842E8967
:109C200097A0FE1FE780A0D205CD405955C01E2049
:109C30006390970A3C30130710026391E7083C20B9
:109C4000BDCB7C5403270408DE2B15E313F7170064
:109C500019CF18545A23058B19CB930720023CB017
:109C6000B24022449244024905454101828013F7E3
:109C7000270001CB18545A23098B01C793074002D0
:109C8000F9BF918B81CB1C54DE23918B81C7930745
:109C90006002F1B783A781AEE1D7DC43F1D322851F
:109CA000829738309307F0028145E31BF7FA268547
:109CB000EFF09FE675B783A741AEF9BF1307A00287
:109CC0006398E7006304090013092003CA85C5B738
:109CD000631C0900268597A0FE1FE78040C709C5C1
:109CE0005C2193E707015CA1A6854A85EF706FB000
:109CF00085BF011126CA99476C85AA842E858D459A
:109D000022CC4AC806CE328936847C84EFE02FC547
:109D10002AC61DC9AA854A8502942A8419E52C0001
:109D20002685EFF04FB62A8411C532459790FE1F65
:109D3000E78020492685EFF09FC8F24022856244E3
:109D4000D2444249056182804D44EDB7411122C49D
:109D50002E862E84971600009386A66A894506C62D
:109D600026C24AC02A89EFF0DFF80C20AA844A856F
:109D7000EFF09FDAB2402244024926859244410125
:109D8000828083A741AE85CB9C4395C71D71A2CC31
:109D900086CE984110082A843AC8D84185453ACAE7
:109DA000829711C548862A206C00EFF03FFAF640F2
:109DB0006644256182808280AA872E8591CFFC57D8
:109DC00081CF982398A1983398B1B82BB8A1982F38
:109DD000DC4BB8B1DCC18280414681451783FE1F50
:109DE0006700E39483A781AE81C79C4791C38287B4
:109DF0000945828003A7C1B41DC75843AA870545FA
:109E00000DC703A50708411106C6930605021306F0
:109E1000050C93050506130505040297B24013755A
:109E2000F50F410182800545828082804DC93571E0
:109E300022CD2A840A2126CB52C556C35AC106CF49
:109E40004AC94EC7DEDE2E8AB28A368B97A0FE1F25
:109E5000E780E0AFAA8431C50C182285EFF0DFF56A
:109E60003C20938B6400A9CBEF601FF32A89014546
:109E700083C95400EF601FF0AA840C100818EF107B
:109E8000803A08542C10EF10A03ADE88A68B5AC0F6
:109E90004E88DE874A8714103010D6855285EF2011
:109EA0008062FA406A44DA444A49BA492A4A9A4ADC
:109EB0000A4BF65B0D618280EF601FEEAA890145B7
:109EC00003C95400EF601FEB2ACE08540C10EF10AA
:109ED00080352C100818EF10A035F2484DBF828055
:109EE000AA8701CD1855414511CBFC5781CB2833AA
:109EF0003D476375A700882F8280414582806DC5EC
:109F0000411122C406C626C2AA872E840945E1C98A
:109F100098337D761306F67F98A1B8234D4598B106
:109F2000B833B8A1D823B8B1D433DA21858AA206D0
:109F30001377F7EF558FDAA1D43333470708137738
:109F4000F7DF93D61648A606558FDAA1D4333347E8
:109F500007081377F7BF93D62648AA06558FDAA1CC
:109F6000D43333470708718F93D63648AE06558FE2
:109F7000DAA1F42333470708799B858A558FDAA144
:109F8000F42333470708759B898A558FDAA1F42398
:109F9000334707086D9B918A558FDAA1F823DE219C
:109FA000218BDD9BD98FDEA1EF706FEBAA84514529
:109FB000EF70EFEA383093F4F40FAA8749456360F5
:109FC000970293F7F70F63ECE7001820914761457C
:109FD00063E7E7001830854763E3E7000145B240D7
:109FE00022449244410182800945828015C52A8716
:109FF000AE87094585C5411106C614331385170080
:10A00000194694A1930527009770FE1FE780A06B67
:10A01000B2400145410182800945828082800DC99C
:10A02000AA872E8709459DC5411106C6B4239033E2
:10A0300013052700A206D18E96A1214693853700ED
:10A040009770FE1FE7802068B24001454101828081
:10A050000945828082801DC12A87AE8709458DC14E
:10A0600041113E8541469305170006C69770FE1FB5
:10A07000E7806065B24001454101828009458280E8
:10A080008280AA87094591CB89C99C333D476145A8
:10A090006365F7009CA101458280828005C52A87FF
:10A0A000AE87094595C141113E851306000493050D
:10A0B000170006C69770FE1FE780E060B2400145BA
:10A0C000410182800945828082801D71A2CC2A8450
:10A0D000084586CEA6CA230601000421354793878A
:10A0E000F4FF93F7F70F6360F70A17C70100130730
:10A0F000278CB3C7E7209C43BA9782870C08EFF000
:10A100001FE0C947631AF50499475C862A206C0052
:10A11000EFF0DFC3F6406644D644256182800C0828
:10A12000EFF03FF60DED2A2097A0FE1FE78020827A
:10A13000A14711CD5825631AF70403A781AE9D47A7
:10A1400019C7184309C71008A6850297AA875C8615
:10A1500029A00C08EFF0BFEC79D51C86C5FB2A209E
:10A16000EFF0FF8545BF0C08EFF05FE8F5B71C3155
:10A170002308F1004DBF0C08EFF05FF2F1BF0C08AF
:10A18000EFF07FEDD1BF9D4749B703A741AE45BF73
:10A19000411122C406C626C24AC0182193072009CD
:10A1A0002A846314F7101C3139476391E70A56215A
:10A1B0000967610781476394E6089384C1AE8840CC
:10A1C0003DCD0C4403C90500631D09001C21850514
:10A1D0002146A9CB29059770FE1FE780C04E9C4001
:10A1E000B1CF49459770FE1FE780C03E2A841DC14C
:10A1F000930710FC1CA1A30025018C4009054146D2
:10A2000089059770FE1FE780004C9C40A28588332B
:10A21000EF504FE788409790FE1FE78080FA23A613
:10A2200001AE29A809059770FE1FE780C049EF30ED
:10A23000A05F05494DF59C40238027018547B2402A
:10A240002244924402493E85410182801307E00383
:10A25000639BE706382195476317F7024A21EFF021
:10A26000AFC69147E31CF5FC83A741AEE1DB9C47F9
:10A27000F1D772244A20930564002244B2409244EC
:10A28000024941018287A147631BF7006C204A20E5
:10A290002244B2409244024941016FF09F979306D5
:10A2A00000038147E31DD7F8D5B79306000A81471D
:10A2B000E317D7F8EFF07FE1084449D19790FE1FEC
:10A2C000E78020F0A5BF81479DBF011122CC06CEBB
:10A2D00026CA4AC8094415CDAE8409449DC92A89B5
:10A2E0008D456800EF60EFFC1C8726866C0093F7B5
:10A2F000F70393E707044A855C87EF20C0132A849D
:10A3000009E90D466C00138534009770FE1FE78045
:10A31000803BF24022856244D244424905618280FA
:10A320005D714EDE86C6A2C4A6C2CAC052DC56DA31
:10A330005AD85ED6894955C9328989495DC6138B79
:10A3400045002A8AAE8A334B0B08930530055A859F
:10A350009790FE1FE78080DA2A84CD4959C5EF60C7
:10A360009FA5AA845686D28593DA840013DA040165
:10A3700093FBF40F1305440093FAFA0F137AFA0FC4
:10A38000E1809770FE1FE780604AA30174012301FA
:10A390005401A300440104A0EF605FA1AA854146D7
:10A3A00008089770FE1FE7806048214734005A86EE
:10A3B000A2850808EF20A02EAA891DE121462C00C5
:10A3C00023007901A300590123014901A301990048
:10A3D000130549009770FE1FE7804045EF607F9EA0
:10A3E00022859790FE1FE780C0DDB6402644964444
:10A3F0000649625AD25A425BB25B4E85F25961619C
:10A400008280411126C2AA842E854AC006C622C473
:10A410002E899790FE1FE780805379C1405979C0FB
:10A420005C30094793F6B70F6387E60011471305C1
:10A43000E00F6393E7081E200945639F2707130970
:10A4400084004146A6854A859770FE1FE780A027B5
:10A450004146A685130584019770FE1FE780A0265C
:10A46000383085469307F7FE93F7F70F63ECF60451
:10A470009304C40383A7C1B4C14526858DC79C4FEF
:10A480009DC382979306C4022686CA852285EFF073
:10A49000FF993C2081CF22852244B2409244024958
:10A4A00041016F00507EEF60CFE0E9BF3830C9470F
:10A4B000E303F7FE3CB00145B24022449244024916
:10A4C0004101828093071005E317F7FE3C20E5D792
:10A4D00022852244B2409244024941016F10E000BB
:10A4E0000945D9BF4945C9BF39C9011122CC26CA7E
:10A4F00006CEAA842E84094595CD0D468D052800EB
:10A500009770FE1FE780201C1C8570002C0093F7BD
:10A51000F70393E7070426855C85EF10D07119E9EE
:10A520000D46A28568009770FE1FE780602B7D15A1
:10A530003335A000F2406244D2440561828009456F
:10A540008280011152C42A8A32854EC656C25AC030
:10A5500006CE22CC26CA4AC82E8BB28AB6899790DC
:10A56000FE1FE780C03E09ED8944F2406244424943
:10A57000B249224A924A024B2685D2440561828022
:10A580005C592A89C544F5F34D45EF704F8D13741E
:10A59000F50F5145EF70AF8CE38809FC03C78901C3
:10A5A000E36487FC9377F50FE3E0E7FC9305300560
:10A5B000130540089790FE1FE78040B4232AA902A4
:10A5C0002A84CD445DD11306400881459770FE1F53
:10A5D000E780E015A3010400230144012302640184
:10A5E000231054012326340723240402A302040069
:10A5F00063070A002285EF005063AA8419E18144B1
:10A60000ADB74A85EFF08FC98DB7397122DC06DE10
:10A6100026DA4AD84ED652D456D25AD05ECE62CC22
:10A6200066CA0944630A0610BA840944630607101F
:10A63000AA8B2E89328B368C9790FE1FE7802031B3
:10A64000AA8A514475C99305300541459790FE1F6C
:10A65000E780C0AAAA894D4465C198309C2003CAEE
:10A66000340022075D8FBC20620AC207D98F336A8B
:10A67000FA0083A78A0263E647017D57094463987D
:10A68000E70A6307090083C74A000544898BC5C3ED
:10A69000214681450A859770FE1FE7804009930C8B
:10A6A0004C0093053005B3CC0C0866859790FE1FCF
:10A6B000E780C0A42A894D443DC96286DA85110528
:10A6C0009770FE1FE78080161146A6854A85977011
:10A6D000FE1FE780A015414693858A014E8597703D
:10A6E000FE1FE780A01421478A866686CA854E85AC
:10A6F000EF10F07A2A841DE521468A85280097709C
:10A70000FE1FE780A0122146938544002800977021
:10A71000FE1FE780E00C8547631EF502D2855E854B
:10A72000EF704FAF4A859790FE1FE78080A94E8556
:10A730009790FE1FE780E0A8F25022856254D25421
:10A740004259B259225A925A025BF24B624CD24C95
:10A75000216182800544F9B7797122D406D626D2C8
:10A760004AD04ECE2E849397556063D607049754F3
:10A77000002093846404A8309770FE1FE780A0EB4C
:10A780002AC609CDEFF0DFA0B24511E5A820930756
:10A79000F00F631FF5002E85EF50AF891319F46891
:10A7A000B25022549254F2494A850259456182803E
:10A7B000EF504F8DE5B713F9150063070900EFF06F
:10A7C0004FC013491400E9BFE1DD854421A0850491
:10A7D00093F4F40FEFE07FE7E3F4A4FCB3179028C1
:10A7E000B3C90708E18FE5D74E85EFF08F8FC167BA
:10A7F000FD176305F500DD45EFF00FB23349340175
:10A8000045B723A601AE23A401AE23A201AE9757FC
:10A8100000209387A7F9170700001307075D98C367
:10A82000170700001307472ED8C317F7FFFF1307BA
:10A83000071D98C797570020938787F617170000C2
:10A840001307874298C317170000130707FDD8C3E3
:10A85000171700001307872798C782809757002093
:10A8600083C7C7F5A18B014789C717570020130776
:10A87000E7F323A4E1AE014582809757002083C708
:10A88000E7F3918B014789C717570020130747F15A
:10A8900023A2E1AE01458280011106CE2AC6EFF067
:10A8A0005FF63245994597570020A388A7F0EFD06F
:10A8B000FF86F24017F5FFFF1305452D05616FE098
:10A8C0007FD91C5599C321458280411122C426C2DB
:10A8D0002A84AE84130500049305300506C64AC0D9
:10A8E0009790FE1FE780808108D479C51306000485
:10A8F000A6859770FE1FE78000DD7454B82A937711
:10A900008700EDCB1C54BC23A18BEDC78327040823
:10A91000C5E793053005130500109780FE1FE780FB
:10A92000E07DAA872320A4080D45C1CB74549C3038
:10A930009832D1CB3337E0000E07936707016C5490
:10A940005CB0B829058B19CB1854854638230D8B7C
:10A950006316D70078201367170078A00327040830
:10A9600009C778201367870078A00547639DE70C27
:10A9700013098400414681454A859770FE1FE78090
:10A9800000DB81451305840141469770FE1FE78077
:10A9900000DA9304C40383A7C1B4C1452685B5CFAB
:10A9A0009C4FA5CF829783270408BDCB2285EF005B
:10A9B000D0339307000549C12145B2402244924457
:10A9C000024941018280A1473DFBBC20918B91E768
:10A9D000BC2A918B99E385479DB79820942295478F
:10A9E0003307F70297B7010093870700BA97B69726
:10A9F0009C23B1B79C3081C79032E14729F2BC203B
:10AA00005D8F118B69DB9820954794223307F702FD
:10AA100097B70100938707FFD1BFEF608F8961B7B8
:10AA200022859306C4022686CA85EFF02FC02285B0
:10AA3000EF00702551F1C1470A203CB08145EF601D
:10AA4000FFE701459DBF13F7870141C7C18B930401
:10AA500084004146A1CB890526859770FE1FE780BB
:10AA600080C681451305840141469770FE1FE7802B
:10AA700000CC7C201309C403C14593E747007CA0A8
:10AA800083A7C1B44A8595C79C4F85C78297832702
:10AA900004089DC32285EF00502519FD930720056A
:10AAA0003CB045B7814526859770FE1FE78020C8DA
:10AAB0004DBFEF600F80E1BF9306C4024A86A685B2
:10AAC0002285EFF0AFB62285EF00F01BCD4769D9A4
:10AAD000E5B5094785456388E70093F7D70F114728
:10AAE0006396E70089450A20EF605FDD7C2093E7ED
:10AAF00047007CA08327040881C7930710054DB742
:10AB0000C54779BF3C2163830726397122DC06DE05
:10AB100026DA4AD84ED652D43C31130750052A843F
:10AB20006395E70803497500138AC1B49309C50307
:10AB300093573900AA97842783270A00C1454E8579
:10AB4000B5C39C4FA5C3829783270A00A1C79C4722
:10AB5000B1C30325040813797900B3D62441858A4B
:10AB600093050504180893E606084E8613050508A4
:10AB700082971375F50F19ED41460C081305C402B1
:10AB80009770FE1FE78020B42285EF00D00F930757
:10AB900060053CB0F2506254D2544259B259225A24
:10ABA00021618280EF50FFF045B7130710026392D6
:10ABB000E7021C5503270508DE2361EB13F7071096
:10ABC00069C778555A2B1377071061C39307700232
:10ABD0003CB03C3013077002639FE70C3C5885E3A0
:10ABE0009305300571459780FE1FE780205128D8D6
:10ABF00019C5714681459770FE1FE78040B3245800
:10AC0000A1C8BC2C89E72285EFF08FADA8AC2858ED
:10AC1000814541469770FE1FE78060B128583D4747
:10AC20002C2D9387F5FF93F7F70F6364F700EF5030
:10AC30005FE8EF407FCF3C58A1458AAB13852701E1
:10AC4000EF503FE72C580A20EF003033631A05100D
:10AC5000930780023CB00A209790FE1FE78020CF28
:10AC6000414609C57E2513D617003E966254F25020
:10AC7000D2544259B259225A175500200345F5B310
:10AC80000606854521616F401FE213F7072009CBB7
:10AC900078545A2B1377072001C7930790020DBFF2
:10ACA00093F707409DD77C54DE2B93F7074095D34D
:10ACB0009307B00231BF130780026397E7023C5845
:10ACC00099C78E2B0A2013862701EF0070301C5481
:10ACD000DE2313F7072029CF78545A2B1377072048
:10ACE00021CB93079002BDB713079002639BE70047
:10ACF000EF602F8BAA850A20EF00902C9307A0020B
:10AD000091BF1307A0026390E704EF60EF88AA8564
:10AD1000854701456384F500814505452EC6EF60F2
:10AD20006F852A86B2450A20EF0030261C54DE23A8
:10AD300093F707409DC37C54DE2B93F7074091CFD8
:10AD40009307B00201BF1307B0026398E700EF60FA
:10AD5000EF85AA850A20EF00102B9307F00215BD9E
:10AD600038309307F002E318F7EE2DB582804111D9
:10AD700022C4405926C206C67C54AA84DE2B13F78F
:10AD8000071011C718545A23137707100DE313F750
:10AD9000072011C718545A231377072009EB93F79C
:10ADA00007408DCB1C54DE2393F7074085C79307DC
:10ADB00010023CB02285EFF0FFD438309307F00248
:10ADC000631EF7002244AA20B2409244814541010B
:10ADD0006FE09FD49307F0023CB0EDB7B24022443D
:10ADE000924441018280397122DC405926DA4AD8E6
:10ADF0004ED606DE2A89AE84B289630204382A213F
:10AE00001E20639FA7103C20638607389387E5FFC9
:10AE100093F7F70F2D47636FF73617B70100130746
:10AE200027C0B3C7E7209C43BA9782872285625424
:10AE3000F250D2544259B259B28521616FF07FA8C5
:10AE40004146CE851305C4049770FE1FE780A08796
:10AE500022859D25383093074005631AF700930734
:10AE600090053335A000931435003CB05DA89306DF
:10AE70006005D147E317D7FE9307A005DDB7130997
:10AE8000C4054A854146CE859770FE1FE780A083A2
:10AE9000032504084DC53C30130790056397E70070
:10AEA000228555259307E00595A81307A005639211
:10AEB000E7087C3013D73700229714279D8BB3D631
:10AEC000F640858A83A7C1B493E60608B1CB9C47B8
:10AED000A1CB9305050818084A8613050504829737
:10AEE0001375F50F15ED41460C081305C404977052
:10AEF000FE1FE780E08E7C304D47850793F7F70F04
:10AF00007CB0E36FF7F88545175500200345F58AB7
:10AF10009790FE1FE780208E930750053CB031A824
:10AF2000A144F25062544259B2592685D25421614B
:10AF300082801307C005E385E7F68144DDB79309F6
:10AF400084004A86CE8522851408EFE03FEE414614
:10AF50009305C40408089770FE1FE780608871D1CC
:10AF60008A861306C403CA854E85EF10E069A144A2
:10AF70000DE12285EFE0DFF62A870A2097570020AF
:10AF800083A74783814601468A858297B334A00010
:10AF90008E0493072002D1BD0C22EFE0FFB771BFF2
:10AFA0003830930720026317F71E7C5889EB93050E
:10AFB000300571459780FE1FE780401468D86858B7
:10AFC000630A051C4146CE859760FE1FE780A06F8F
:10AFD00064582285EFE0DFF0A8AC930730023DBF54
:10AFE0003830930730026317F71A1E22685821463B
:10AFF000938529001EA949059760FE1FE780A06C74
:10B000007C54DE2B13F727002DC718545A23098BC5
:10B010002DC39307400219B7383093074002631BD2
:10B02000F7163C5C81EB85455D459780FE1FE78008
:10B03000E00C28DC285CE30205F083C709004146E8
:10B04000CE857CA99760FE1FE780E06793075002DA
:10B05000F1B5383093075002631EF712285C194689
:10B060009385190041059760FE1FE780C0657C54F9
:10B07000DE2B918B95CF1C54DE23918B95CB9307C0
:10B08000600269BD7C5C89EB930530055145978072
:10B09000FE1FE780A00668DC685CE30305E8414624
:10B0A000CE859760FE1FE78000627C5C7D5798CB61
:10B0B0004A85EFF0DFCB51B50325040813060004E1
:10B0C000CE85130505049760FE1FE780C05F2285CB
:10B0D000EFE05FD23C30130700056395E70093076C
:10B0E00040052DBD13071005E38FE7E0130720058A
:10B0F000E395E7E483A7C1B4E38407E29C47E381D7
:10B1000007E2832504089304840018089385050842
:10B11000814626862E8582970A201008A685EF6034
:10B12000DF829307B005DDBB38309307E00563137A
:10B13000F7068325040841464E859760FE1FE78089
:10B14000206AAD44E30F05DC032504084146CE85A3
:10B150009760FE1FE78020572285EFE07FD82A877F
:10B160002C580A209747002083A7C76481460146D0
:10B170008297B334A0008E0493071002FDB1AD474F
:10B18000E39DF5DA14222E21130665000821EF5005
:10B19000FFF865B39D4471B3AA87094541C6D9C17B
:10B1A0001CA29C211CB29C313CA2BC213CB2BC31F3
:10B1B000A30206005CA2DE2193D787485CB2DA21A5
:10B1C0001377072001C793E727005CB2DE2193F7CE
:10B1D000074089C75C3293E747005CB2DE21131752
:10B1E000B028F98F89C75C3293E787005CB22303EC
:10B1F0000600DE21858B7CA2DA21098B01C793E74B
:10B2000027007CA2DE21918B89C77C2293E747002F
:10B210007CA2DE21A18B89C77C2293E787007CA2D8
:10B220000145828082802E86AA8505456FF0DFF673
:10B230002E86AA8509456FF03FF68DC52A870945F8
:10B2400005C7411106C6AE878D4694A11385170028
:10B250004146BA859760FE1FE780E046B24001454F
:10B26000410182800945828082808DC52A870945F7
:10B2700005C7411106C6AE87914694A113851700F4
:10B280004146BA859760FE1FE780E043B240014522
:10B29000410182800945828082808DC52A870945C7
:10B2A00005C7411106C6AE87994694A113851700BC
:10B2B0004146BA859760FE1FE780E040B2400145F5
:10B2C000410182800945828082809DC92A87094583
:10B2D00015CB411106C69D4694A11623AE87138552
:10B2E000370094B116232146A182B4A1930527000B
:10B2F0009760FE1FE780203DB240014541018280FA
:10B300000945828082808DC52A87094505C741117C
:10B3100006C6AE87A14694A1138517004146BA859B
:10B320009760FE1FE780203AB240014541018280CC
:10B3300009458280828085C92A8709451DC7411138
:10B3400006C6A54694A11423AE871385270094B1A1
:10B350001946930517009760FE1FE780C036B2407C
:10B360000145410182800945828082808DC52A87FE
:10B37000094505C7411106C6AE87A94694A11385A4
:10B3800017004146BA859760FE1FE780C033B24080
:10B3900001454101828009458280828095C52A87C6
:10B3A00009450DC7411106C6AE87B14694A1138564
:10B3B000170013060004BA859760FE1FE780A030CF
:10B3C000B2400145410182800945828082808DC55D
:10B3D0002A87094505C7411106C6AE87B54694A11F
:10B3E000138517004146BA859760FE1FE780A02DA0
:10B3F000B240014541018280094582808280AA874E
:10B40000094581C999C7154798A19C2301459CB15D
:10B4100082808280AA87094581C999C72D4798A152
:10B420009C2301459CB1828082800DC55D718A8517
:10B4300086C6A2C42A84EFE03F980A200A869706AF
:10B440000000938686DE9D45EFE0BF8AB640264425
:10B4500061618280054582800DC55D718A8586C6E1
:10B46000A2C42A84EFE05F950A200A8697060000AE
:10B47000938646DC9D45EFE0DF87B6402644616158
:10B480008280054582805D71A2C49305C5022A842D
:10B4900041460A8586C69760FE1FE780C0220A20C3
:10B4A0000A8697060000938686D9C545EFE07F841B
:10B4B000B6402644616182805D71A2C49305C503D4
:10B4C0002A8441460A8586C69760FE1FE780A01F32
:10B4D0000A200A8697060000938666D9C545EFE0E4
:10B4E0005F81B64026446161828083A7C1B4A9CB45
:10B4F0009C435D71A2C486C62A841305E00F8DCFDC
:10B50000032504089305050C130505088297832578
:10B510000408130600040A85938505089760FE1F3A
:10B52000E780601A0A2097060000938666E70A867D
:10B5300093051004EFE0EFFBB64026446161828082
:10B540001305E00F8280317122DD2A840A2126DB77
:10B5500006DF4AD94ED752D556D35AD15ECF62CDE7
:10B5600066CB9780FE1FE780803E3C58AA8489EB1B
:10B570009305300571459780FE1FE78020B828D8D5
:10B580002858CD4705C9714681459760FE1FE78061
:10B59000001A032904072285EFE09F94230DA900D8
:10B5A0003C201389C1B463820712832709008DE30D
:10B5B0009307E00FFA506A54DA544A59BA592A5A92
:10B5C0009A5A0A5BFA4B6A4CDA4C3E8529618280B2
:10B5D00003AC0701E30E0CFC032B0408EF50CFFB78
:10B5E000AA8B0145EF500FF9DC303458130B0B02D6
:10B5F0009309C403130AC405938A64002A8736C0DA
:10B60000B337F000930801045688B33670015286B0
:10B61000CE855A85029C1C54B8232307E102983337
:10B62000A306E1029C232306F10283270900C9D364
:10B6300083AB4701E38E0BF6DC30B337F0003ECE30
:10B64000EF508FF52A8B0145EF50CFF20327040806
:10B65000F2472AC03AC2B338600156887810930680
:10B6600084004E86D2858800829B7C54B82B2305AB
:10B67000E1029833A304E1029C232304F10283270F
:10B68000090003AB4701EF502FF12A890145EF5024
:10B690006FEE83C854009C082A883EC2B33810015C
:10B6A000B33720013810930684015286CE8556C0E8
:10B6B0008800029B0A2097060000938686D1900896
:10B6C000C545EFE00FE3AA87F5B5D430832709001D
:10B6D000032B0408B336D00083AC070136CEEF50FD
:10B6E000AFEBAA8B0145EF50EFE83C58F246130B45
:10B6F0000B02130AC4059309C403938A64002A88C1
:10B70000930801044E86D2853EC05687B337700138
:10B710005A85829C1C54930B0103B8232307E10232
:10B720009833A306E1029C232306F1028327090034
:10B7300083AC4701DC30B337F0003ECEEF50CFE5AD
:10B740002A8B0145EF500FE3F2472AC0B33860015E
:10B7500056887810930684004E86D2855EC2880093
:10B76000829C8325040841465E859760FE1FE78022
:10B770002007AD47E31B05EE35BD2E86970600007A
:10B780009386E6B1C5456FE0CFD65D71B287A2C49E
:10B790004C802A84BE8513051100194686C6976021
:10B7A000FE1FE78040F20A862285970600009386F6
:10B7B000C6B8A145EFE0EFD3B64026446161828070
:10B7C0002E8697060000938646B4C5456FE06FD27B
:10B7D0005D71B287A2C46C802A84BE8513052100E6
:10B7E000214686C69760FE1FE780E0ED0A86228527
:10B7F000970600009386A6ADAD45EFE08FCFB6402B
:10B800002644616182802E8697060000938646B6A4
:10B81000C5456FE00FCE797122D406D626D24AD024
:10B820003C31130730052A846385E7081307500568
:10B830006396E708034975009307A0053CB1935749
:10B840003900AA97842783A7C1B41305C503C1454E
:10B85000B1CF9C4FA1CF829713797900B3D6244101
:10B86000858A93E6060883A7C1B49DCB9C478DCB00
:10B870000325040818081306C403930505041305DB
:10B88000050882971375F50F01ED1305C4024146B3
:10B890000C089760FE1FE78000E32285EFF0BFBE33
:10B8A000B25022549254025945618280EF506FA0E9
:10B8B00065B7930790053CB1814675B71307100231
:10B8C0006391E7027C5503270508DE2B79EF13F718
:10B8D000170061CF18555A23058B61CB93072002BF
:10B8E0003CB03C30130720026398E70E3C5889EBCC
:10B8F0009305300571459780FE1FE780208028D88A
:10B900002458A5CC2285EFE0AFDDA8AC28588145AE
:10B9100041469760FE1FE78080E128583D472C2D67
:10B920009387F5FF93F7F70F636BF70283C781B532
:10B93000CDC34146814508089760FE1FE78020DFA0
:10B940001946974500209385A5C608089760FE1FF5
:10B95000E78060D730580C082E85EFD0B043EF3029
:10B96000BFFC3C58A1458AAB13852701EF506F946B
:10B970002C580A20EFF07FE001E5930730023CB03D
:10B980000A209780FE1FE78080FC414611C1722586
:10B990002254B25092540259174500200345F5E154
:10B9A0000606854545616F400F9013F7270001CBD0
:10B9B00018545A23098B01C79307400215B7918B7E
:10B9C0008DD31C54DE23918BE38D07F09307600227
:10B9D00001BFEF500F8E61B7130730026396E70285
:10B9E0003C5899C78E2B0A2013862701EFF05FDEA3
:10B9F0007C54DE2B13F7270039CB18545A23098BBC
:10BA000039C793074002A5BF13074002639CE700B4
:10BA1000EF502FB9AA850A20EFF09FDA9307500262
:10BA200039DDB9BF13075002639CE702EF50CFB670
:10BA3000AA85054599C1854501452EC6EF508FB3AE
:10BA40002A86B2450A20EFF05FD47C54DE2B918B1E
:10BA500095C31C54DE23918B91CF9307600205B7E9
:10BA6000130760026398E700EF504FB4AA850A20DD
:10BA7000EFF07FD97C5403270408DE2B09EF13F77E
:10BA8000071011CB18545A231377071009C79307CF
:10BA900070023CB031B513F7072009CB18545A2374
:10BAA0001377072001C793079002E5B793F7074084
:10BAB00089CB1C54DE2393F7074081C79307B0025C
:10BAC000C9BF9307F002F1B7397122DC26DA4AD8F0
:10BAD0004ED606DE52D42E89B289AA849780FE1FE4
:10BAE000E780E0E64059414681450A859760FE1FA0
:10BAF000E780E0C335C4035A040063139A06383064
:10BB000093071002631FF7028327040899CF2C586C
:10BB1000A1C95285EF1070520545F2506254D254BB
:10BB20004259B259225A216182808A861306C4057D
:10BB30009305C40313058400EF00102D15E18A85D9
:10BB4000C9BF2C5891CD9E29639C37012146C90558
:10BB50004A859760FE1FE780A0C819C12C5855BFC1
:10BB600026859780FE1FE78080DE2A8455D54C55B8
:10BB7000B9C19E29639137052146C9054A85976059
:10BB8000FE1FE780E0C585476317F50283C7B185CF
:10BB900089C74C54BC3D6392A70CBD452685EF1068
:10BBA00070449747002083A7A79281C789451D4508
:10BBB000829701459DB7138971B58347090097495D
:10BBC00000209389E98D858B8DCF583083C701B5CF
:10BBD0006319F7021946938511B513056400976040
:10BBE000FE1FE780E0BF8547631DF50083A70903BB
:10BBF00081C791451D458297BD452685EF10903E32
:10BC000021BF03C781B583A7090331CB03470900CF
:10BC1000098B09CB81C795451D4582972685EF1075
:10BC20001042DDBD81C78D451D4582974146814546
:10BC300008089760FE1FE78080AF194697450020EF
:10BC40009385059708089760FE1FE780C0A70C083A
:10BC50002E850A86EFD010148A85268565BD854518
:10BC6000C5FF6DBF797122D4405926D24AD04ECE3D
:10BC700006D6AA892E89B284630404622A211E2072
:10BC8000638BA7002149B25022549254F2494A854D
:10BC90000259456182803C20639207629387F5FFD9
:10BCA00093F7F70F3147636BF76017A7010013078E
:10BCB00027DAB3C7E7209C43BA9782871C54F9F36D
:10BCC00093053005130500049770FE1FE7800043BD
:10BCD00008D44DD99820914763F4E7000D4965B722
:10BCE00098308547E3ECE7FE13060004A6859760CD
:10BCF000FE1FE780409D18547C54A3020400544367
:10BD0000D04BFD75858A758ED62B9385F57FF99A74
:10BD1000D18ED6ABD04B5443758ED62B098AF59A6B
:10BD2000D18ED6ABD04B5443758ED62B118AED9A5B
:10BD3000D18ED6ABD04B5443758ED62B218ADD9A4B
:10BD4000D18ED6ABD04B5443758ED62B13760610BE
:10BD500093F6F6EFD18ED6ABD04B5443758ED62BDF
:10BD60001376062093F6F6DFD18ED6ABD04B544334
:10BD7000758ED62B1376064093F6F6BFD18ED6ABD2
:10BD8000D44B5043F18ED22B93D6B648AE066D8E6F
:10BD9000D18ED6ABBC2B03250408A18BEDC73C2369
:10BDA000A18BF5C3E31005EE9305300513050010D4
:10BDB0009770FE1FE78080342320A40805D17C54AF
:10BDC000A30204009830943399E649CB5C3093E7A2
:10BDD00007015CB021A0A1475CB06DFB2285EFF0AC
:10BDE000AFE76C54BC29858B89CB1C54BC238D8B4D
:10BDF00089C77C2093E717007CA08327040889C7A4
:10BE00007C2093E787007CA05C300547639EE70AAF
:10BE100041468145130584009760FE1FE78020910D
:10BE200081451305840141469760FE1FE7802090FD
:10BE300083A7C1B41305C403C145C1C79C4FD1C377
:10BE4000829703270408C14719C3930700050A20F6
:10BE50003CB08145EF509FA6014935B5B82B118BF9
:10BE600011E7B820118B19E38547A5B798239420D3
:10BE700095473307F70297A701009387E7B6BA976C
:10BE8000B6979C23B9B719C59770FE1FE78060333A
:10BE9000232004087C54983309C7983019C3E1471C
:10BEA0000DBFB82B118B01E7B820118B55DF9823FC
:10BEB000954794203307F70297A70100938787B42B
:10BEC0007DBFEF401FBFB5BF13F7870135C3C18BDF
:10BED000130584004146B1C389059750FE1FE780D2
:10BEE000807E81451305840141469760FE1FE780EF
:10BEF00000847C201305C403C14593E747007CA060
:10BF000083A7C1B48DC39C4F99CF82978327040820
:10BF100091CF930720053CB081B781459760FE1F04
:10BF2000E780E0807DBFEF40DFB8CDB7CD47E5B714
:10BF3000094789456386E70011476397E700854510
:10BF40000A20EF50BF9721A01947E38AE7FE7C2023
:10BF500093E747007CA08327040881C79307100557
:10BF60005DBFC5474DBF4146A6851305C404975024
:10BF7000FE1FE78040753C3013076005639EE700B5
:10BF8000854517450020034555839780FE1FE780B0
:10BF900080869307500541B745476384E7029306BF
:10BFA000C4021306C403930584002285EFD01FE862
:10BFB0002285EFF04FCD3339A0000E09D1473CB0B8
:10BFC000D9B1C94789BF9309C4054E854146A685A5
:10BFD0009750FE1FE780206F0325040879C1383091
:10BFE000930690056318D7002285EFF0EFCC9307F6
:10BFF000E00515B79306A0056318D706783003A6A9
:10C00000C1B493563700A29694266309062A0328E2
:10C0100086006305082A1D8BB3D6E640858A0A8709
:10C0200093E60608930505084E8613050504029855
:10C0300041468A851305C4049750FE1FE780407A65
:10C04000133915002285EFF02FC77C30CD460A0941
:10C05000850793F7F70F7CB01307600563F4F600CC
:10C060001307E00538B005B19306C005E316D7DE27
:10C0700003A7C1B4630407240328870063000824CE
:10C0800093050508930484000A87814626862E8539
:10C0900002980A200A86A685EF503F8B9307B005C9
:10C0A0009DBD8A864E86930584002285EFD01FD8D9
:10C0B00041469305C4040A859750FE1FE7804072ED
:10C0C0008547E312F5BC2285EFF00FBF93071002FE
:10C0D000E30305E445BE3830930770026310F71E92
:10C0E0007C5889EB9305300571459770FE1FE780FA
:10C0F000E00068D868586303051CA6854146975040
:10C10000FE1FE780405C64582285EFD07FDDA8AC3D
:10C110009307800209B53830930780026310F71A3D
:10C120001E2268582146938524001EA94905975070
:10C13000FE1FE78040597C54DE2B13F7072035C7DC
:10C1400018545A23137707202DC393079002E1B3A5
:10C150003830930790026313F7163C5C89EB930524
:10C1600030055D459770FE1FE78040F928DC285CAC
:10C17000630605144146A6859750FE1FE780A0542C
:10C180009307A00249BB38309307A0026318F71247
:10C190001C22285C1946938514007CA94105975000
:10C1A000FE1FE78040527C54DE2B93F70740A1C767
:10C1B0001C54DE2393F707409DCF9307B002A1BB29
:10C1C00038309307B002631BF70E7C5C89EB930554
:10C1D000300551459770FE1FE78040F268DC685CCF
:10C1E000E30205AA4146A6859750FE1FE780A04DB1
:10C1F0007C5C7D5798CB03D529008145EFD0DF913A
:10C20000A1B938309307F004E3FEE7A6032504083C
:10C21000E30A05A613060004A68513050504975036
:10C22000FE1FE780404A2285EFF02FAC2A89228545
:10C23000EFD05FBC3C3013070005639FE70003D6D7
:10C24000E900854517350020034535570606EF30D0
:10C250009F8593073005A5B3130710056395E70085
:10C2600093076005A9BB13072005E39EE7A093078A
:10C27000C005B1B338309307E005E315F7A00325F7
:10C2800004084146A6859750FE1FE780C0432285DB
:10C29000EFF06FAB2A899307100215B30C22B9BFD8
:10C2A0008547E39BF5BA032846003C323822143216
:10C2B0002E2110220145EF405FDB79BE1D49E1B21E
:10C2C0008147C1463307F500B388F500182383C8BA
:10C2D00008003308F6008507334717012300E800FC
:10C2E000E392D7FE82803D4781477D583306E500C3
:10C2F0001422B388E5007D178606D58F2380F800C9
:10C300001C229D83E31407FF82800147C146937777
:10C31000F70F63FDC700B307E5009C233388E500F2
:10C320002300F8000507E314D7FE8280918F93B7AE
:10C3300017009E07E5B701114AC84EC62E89AA8983
:10C3400093053005414506CE22CC26CA52C4328A16
:10C350009770FE1FE78080DA2A84930530054145F7
:10C360009770FE1FE78080D9AA845DC059C14146FD
:10C3700081459750FE1FE780803B4E852286A6852B
:10C38000EFD04021AA8929E18307040063D907047B
:10C39000A6852285EFF03FF54A86979501009385A3
:10C3A000656E2685EFF0DFF18307090063DE070283
:10C3B000A6854A85EFF03FF3528697950100938555
:10C3C000656C2685EFF0DFEF22859770FE1FE78012
:10C3D00040DF26859770FE1FE780A0DE0DA0CA858E
:10C3E0002285EFF05FF0C9B7D2854A85EFF0BFEF45
:10C3F000E1BF22859770FE1FE780A0DCCD49F240A7
:10C400006244D2444249224A4E85B2490561828043
:10C4100075D5CD497DBF81474146B306F5003387C9
:10C42000F500182303C8060085073347070198A2C3
:10C43000E395C7FE8280011126CA4EC6AE84AA8942
:10C4400093053005130500034AC806CE22CC328975
:10C450009770FE1FE78080CA2DC513060003814533
:10C460002A849750FE1FE780802C4146CE85228586
:10C470009750FE1FE780803BA6850D461305D4012B
:10C480009750FE1FE780803A1306040293050401CB
:10C490002285EFD02010AA840D469305D4024A8548
:10C4A0009750FE1FE780803822859770FE1FE78037
:10C4B00040D1F24062444249B2492685D2440561E6
:10C4C0008280CD44FDB75D7152DC62D42E8A2A8C05
:10C4D0009305300513050003A6C2CAC04EDE56DA26
:10C4E0005AD85ED686C6A2C4B28B368BBA84BE8AB0
:10C4F0004289C6899770FE1FE78040C0630405101B
:10C500001306000381452A849750FE1FE7802022EE
:10C510004146E28522859750FE1FE7802031414643
:10C5200081450A859750FE1FE78060201D46DE8505
:10C530000A859750FE1FE780602F1D46DA85130598
:10C5400071009750FE1FE780602E33392001B3340D
:10C55000900041468145080823072101C487975070
:10C56000FE1FE780C01C1946D68548089750FE1F5D
:10C57000E780C02BCE8519461305A1019750FE1FF9
:10C58000E780C02A130904014146D2854A859750A5
:10C59000FE1FE780A0298A854A85EFF0DFE793092F
:10C5A00004024E86CA852285EFC0D07EAA840DE99A
:10C5B0004146CE854A859750FE1FE780C0100C0883
:10C5C0004A85EFF05FE54E86CA852285EFC0907CF4
:10C5D000AA8446454146CE859750FE1FE780002538
:10C5E00022859770FE1FE780C0BDB64026440649ED
:10C5F000F259625AD25A425BB25B225C268596445B
:10C6000061618280CD44D5B701114EC652C4AE8956
:10C610002A8A930530051305000326CA4AC806CEA8
:10C6200022CCB28436899770FE1FE78020AD35C5D5
:10C630002A84D28541469750FE1FE780201F130AA7
:10C640000401CE85214652859750FE1FE780001ECB
:10C65000A6852146130584019750FE1FE780001D23
:10C66000930904024E86D2852285EFC0B072AA8457
:10C670004146CE854A859750FE1FE780201B2285C4
:10C680009770FE1FE780E0B3F24062444249B2492E
:10C69000224A2685D24405618280CD44F5B739719E
:10C6A0005ECE62CCAA8B2E8C41459305300506DE0A
:10C6B0004ED652D45AD066CA6AC8B289B68C3A8D60
:10C6C00022DC26DA4AD856D29770FE1FE78000A3F4
:10C6D0002A8A9305300541459770FE1FE78000A226
:10C6E0002A8B63040A1415E552859770FE1FE780B4
:10C6F00040AD4D44F25022856254D2544259B25951
:10C70000225A925A025BF24B624CD24C424D21614A
:10C7100082802A86D2855E85EFF0FFC12A8401CD12
:10C7200052859770FE1FE780C0A95A859770FE1F3B
:10C73000E78020A9C1B79305300541459770FE1FDA
:10C74000E780C09BAA849305300541459770FE1F82
:10C75000E780C09AAA8AF9C409ED26859770FE1F62
:10C76000E78020A652859770FE1FE78080A54D4484
:10C770006DBF1389F9001359494013F6F900630599
:10C7800009047D193349090829E213154900568621
:10C79000D2856295EFF0DFB24146814526859750FC
:10C7A000FE1FE780C0F88149B3C7090863F8270571
:10C7B0001DC426859770FE1FE780A0A05685977040
:10C7C000FE1FE78000A0A9BF0149131549008A8513
:10C7D0006295EFF09FB35686DA850A8565BF93951B
:10C7E00049000A86E2952685EFF09FAD26868A8568
:10C7F0005E85EFC0305A2A8485097DB75DF80A86C8
:10C80000D6852685EFF0DFAB26868A855E85EFC06C
:10C8100070582A846A86A68566859750FE1FE78031
:10C8200080EA41BF21D14D4451BFE30405EC81B7FB
:10C8300039715ECEAA8B594526DA4AD84ED652D4E3
:10C8400056D25AD062CC06DE22DC034C01042E8B79
:10C85000B28A368A3AC6BE894289C6849750FE1F7C
:10C86000E78040D725CD9167938717E91EA18547BB
:10C870003CA12A84B2452105638A0B049307100367
:10C880003CB0194681459750FE1FE78040EA2303DC
:10C890005401A3034401230A8401231264012317D2
:10C8A00034012318240126A8A2856254F250D254E0
:10C8B0004259B259225A925A025BF24B624C1735D6
:10C8C0000020034565EF21616F20DFFBA301040019
:10C8D00019469750FE1FE78000DF55BFF2506254A3
:10C8E000D2544259B259225A925A025BF24B624CCC
:10C8F0002161828001115AC02A8B1305100326CAB8
:10C900004AC84EC652C456C206CE22CCAE8A328A1D
:10C91000B684BA893E899750FE1FE780A0CB25C117
:10C92000B7470201938717E91CC1930785002A8442
:10C9300023046501A30455015CC1D285194629056C
:10C940009750FE1FE78020D8CE8504A81305140158
:10C9500026869750FE1FE78000D723082403A28570
:10C960006244F240D2444249B249224A924A024BBE
:10C9700017350020034545E405616F20BFF0F24004
:10C980006244D2444249B249224A924A024B05616A
:10C990008280011152C42A8A314522CC26CA4AC853
:10C9A0004EC606CEAE893289B6843A849750FE1FB1
:10C9B000E78040C20DCD9167938717E91EA18D478F
:10C9C0003CA1A301450122A5624423123501231392
:10C9D000250106A5F240D2444249B249224AAA851D
:10C9E00017350020034545DD05616F20BFE9F240A2
:10C9F0006244D2444249B249224A0561828001110F
:10CA00004EC6AA89394526CA4AC806CE22CC2E89E6
:10CA1000B2849750FE1FE780E0BB21C191679387E6
:10CA200027E91EA19147A3013501231225012A847C
:10CA30003CA1A685190521469750FE1FE780A0C896
:10CA4000A2856244F240D2444249B24917350020DF
:10CA5000034585D605616F20FFE2F2406244D2446F
:10CA60004249B2490561828001114AC82A8941457B
:10CA700026CA06CE22CC2EC6B2849750FE1FE7806F
:10CA800060B515CD9167B245938727E91EA19547FB
:10CA90002A84231225013CA1214619059750FE1F27
:10CAA000E78060C2A28566A46244F240D244424953
:10CAB00017350020034575D005616F20BFDCF240BB
:10CAC0006244D244424905618280011152C42A8ADB
:10CAD000394522CC26CA4AC84EC606CEAE8932890E
:10CAE000B6843A849750FE1FE780C0AE0DCD9167A3
:10CAF000938717E91EA199473CA142A562442312DE
:10CB00004501231335012314250126A5F240D24403
:10CB10004249B249224AAA85173500200345C5C9B2
:10CB200005616F203FD6F2406244D2444249B24987
:10CB3000224A05618280797122D426D24AD04ECE13
:10CB400052CC06D62A842E8AB2893689BA84977046
:10CB5000FE1FE780C0DF11CD1306F00F2C002285E9
:10CB60002314410123153101231621016487EFC0ED
:10CB70003F87B250225492540259F249624A4561A9
:10CB80008280011152C42A8A394522CC26CA4AC859
:10CB90004EC606CEAE893289B6843A849750FE1FBF
:10CBA000E78040A30DCD9167938717E91EA19D47AC
:10CBB0003CA142A5624423124501231335012314ED
:10CBC000250126A5F240D2444249B249224AAA850B
:10CBD00017350020034545BE05616F20BFCAF240EE
:10CBE0006244D2444249B249224A056182805D7161
:10CBF0005AD82A8B13054002A2C4A6C2CAC04EDE70
:10CC000056DA62D466D26AD06ECE86C652DC5ED662
:10CC1000835D0105035D4105834C8105034CC1051E
:10CC2000835A0106AE893289B6843AC43EC042C2F4
:10CC300046849750FE1FE780E09969C911672A8AE8
:10CC4000130717E91AA193074A011307900238A1A5
:10CC50003EC6A2452105930BEA0063020B081307A9
:10CC60001003A301EA00194681459750FE1FE78093
:10CC700000AC194681455E859750FE1FE78020ABCA
:10CC80001946814513054A019750FE1FE78020AAE7
:10CC900023032A01A3039A0023009A03A3008A0313
:10CCA000231D8A00264423123A01231EBA01231FA2
:10CCB000AA0123115A03B64096440649F259D25AA2
:10CCC000425BB25B225C925C025DF24DD285625A9D
:10CCD00017350020034545AE61616F20BFBAA3013F
:10CCE0000A0019469750FE1FE780E09D82455E8549
:10CCF00019469750FE1FE780009D9245194613057F
:10CD00004A019750FE1FE780009C59B7B640264461
:10CD100096440649F259625AD25A425BB25B225C8F
:10CD2000925C025DF24D6161828079714ECEAA897A
:10CD3000614552CC56CA5AC85EC662C406D622D4D1
:10CD400026D24AD02E8AB28A368BBA8B3E8C975026
:10CD5000FE1FE780208835CDB7470B01938717E981
:10CD60001CC1930785002A845CC19304A500014976
:10CD70003C306364F902A2852254B25092540259A5
:10CD8000F249624AD24A424BB24B224C173500203C
:10CD9000034585A245616F20FFAE2685238F34FFB2
:10CDA000A38F44FF1946D6859750FE1FE780A091B8
:10CDB00013857400238364011946DE8505099750A5
:10CDC000FE1FE78040901379F90FA3868401C10408
:10CDD00045B7B250225492540259F249624AD24A9B
:10CDE000424BB24B224C4561828001114EC6AA894A
:10CDF000214522CC26CA4AC806CE2E89B284368462
:10CE00009740FE1FE780007D15C99167938717E95A
:10CE10001EA1B1473CA1A301350164A160B16244E8
:10CE200023122501F240D2444249B249AA8517355E
:10CE300000200345659805616F20DFA4F24062443D
:10CE4000D2444249B249056182805D71A6C28344E1
:10CE5000C10552DC3E8A86575ED6AA8B13854402F2
:10CE6000CAC04EDE56DA5AD862D466D26AD06ECEC6
:10CE700086C6A2C4035D0105834C4105664C2EC6DF
:10CE8000B28D368BBA8AC28946893EC49740FE1F4E
:10CE9000E780407451C9B245B7470D01938717E940
:10CEA0001CC1930785002A845CC1230475010CB55D
:10CEB0001946EE8529059750FE1FE780C080E28560
:10CEC00023086401A308540123094401A309340180
:10CED000230A2401231BA401230C940113059401AC
:10CEE00019469740FE1FE780007EA24513054402C5
:10CEF00064BC08D026869740FE1FE780C07CA285D0
:10CF00002644B64096440649F259625AD25A425BC8
:10CF1000B25B225C925C025DF24D17350020034546
:10CF2000A58961616F201F96B64026449644064944
:10CF3000F259625AD25A425BB25B225C925C025D49
:10CF4000F24D61618280411126C2AA84614506C604
:10CF500022C49740FE1FE780E0673DC99167938731
:10CF600017E91EA1930740023CA19C302A849385B7
:10CF700064003CB1BC30B8202105A207D98F231E24
:10CF8000F5FEDC201946230FF5FEDC30A30FF5FE7D
:10CF90009740FE1FE7802073DC24A2851735002010
:10CFA000034585817CA4FC24D834A207D98F1EA810
:10CFB000FC343CA89C283CB89C385CA8BC285CB8D5
:10CFC000BC387CA82244B240924441016F209F8B20
:10CFD000B2402244924441018280411122C42A84F9
:10CFE000194506C69740FE1FE780C05E15C19167D0
:10CFF000938717E91EA1C1473CA142A12244B24038
:10D00000AA85172500200345257B41016F209F87B6
:10D01000B24022444101828041110D4506C697402D
:10D02000FE1FE780205B15C1930710F91CA1930731
:10D03000E0031CB1C5473CA1B240AA8517250020DA
:10D040000345857741016F20FF83B2404101828013
:10D0500001114EC6AA89294522CC26CA4AC806CE45
:10D060002E89B28436849740FE1FE780A05615C9EA
:10D070009167938717E91EA1C9473CA1A301350118
:10D080002302250100A5624466A1F240D244424930
:10D09000B249AA85172500200345057205616F2056
:10D0A0006FFEF2406244D2444249B2490561828037
:10D0B00001114EC6AA892D4526CA4AC806CE22CCE1
:10D0C0002E89B2849740FE1FE780C05031C193077C
:10D0D00010F91CA19307E0031CB1CD47A301350152
:10D0E000230225012A843CA1A685150519469740EF
:10D0F000FE1FE780405DA2856244F240D24442496F
:10D10000B249172500200345256B05616F208FF775
:10D11000F2406244D2444249B249056182804111E1
:10D1200026C2AA84214522C406C62E849740FE1F2B
:10D13000E780404A05C59167938717E91EA1D1474B
:10D140003CA160A1224446A1B2409244AA85172581
:10D1500000200345656641016F20CFF2B2402244B2
:10D16000924441018280411126C2AA84714506C6BB
:10D1700022C49740FE1FE780E04559C1916793871D
:10D1800017E91EA1930760023CA19C302A84938575
:10D19000A4003CB1BC30B8203105A207D98F231CB4
:10D1A000F5FEDC30D8201946A207D98F231DF5FEE5
:10D1B000FC30F820A207D98F231EF5FE9C24230FF4
:10D1C000F5FE9C34A30FF5FE9740FE1FE780A04FAD
:10D1D0009C28A285172500200345055E3CA8BC2895
:10D1E0009838A207D98F5EA8BC38A30B0400230C83
:10D1F00004007CA82244B240924441016F208FE891
:10D20000B2402244924441018280411126C206C6A6
:10D2100022C4972400209384245AF8309307F00FF7
:10D22000630FF7022A8419459740FE1FE780803A72
:10D23000AA8515C5930700FD1CA193077002A300E2
:10D2400005003CA11C303CB13C205CA13C305CB1F1
:10D250002244E830B240924441016F20AFE2B24034
:10D2600022449244410182809727002083C737558A
:10D270001307F00FAA856396E7001763FE1F670088
:10D2800043F41307000D1AA11307800238A13E854D
:10D290006F204FDF411126C2AA84714506C622C401
:10D2A0009740FE1FE780003359C59167938717E9C0
:10D2B0001EA1930760023CA19C302A849385A400A0
:10D2C0003CB1BC30B8203105A207D98F231CF5FE34
:10D2D000DC30D8201946A207D98F231DF5FEFC307B
:10D2E000F820A207D98F231EF5FE9C24230FF5FEFC
:10D2F0009C34A30FF5FE9740FE1FE780C03C9C289E
:10D30000A285172500200345254B3CA8BC2898384A
:10D31000A207D98F5EA8BC387CA8DC287CB8DC3892
:10D320001CACFC281CBCFC383CAC2244B2409244EF
:10D3300041016F202FD5B2402244924441018280A6
:10D3400041114AC02A89214522C426C206C6AE849C
:10D3500032849740FE1FE780E02705C593071059E8
:10D360001EA12301250160A1224446A1B24092449E
:10D370000249AA85172500200345054441016F2075
:10D380006FD0B2402244924402494101828041114F
:10D3900026C2AA84214522C44AC006C62E893284E8
:10D3A0009740FE1FE78000231DC59167938727E9FB
:10D3B0001EA1A1473CA164A160B122442312250112
:10D3C000B24092440249AA85172500200345F53E44
:10D3D00041016F202FCBB2402244924402494101C7
:10D3E0008280011152C42A8A314522CC26CA4AC8F9
:10D3F0004EC606CEAE893289B6843A849740FE1F67
:10D40000E780401D1DC98567938717C91EA12301A9
:10D4100045012303250122A562442312350106A5F7
:10D42000F240D2444249B249224AAA851725002037
:10D430000345853805616F20EFC4F2406244D24451
:10D440004249B249224A0561828001114AC82A89AB
:10D450001385C50026CA06CE22CCAE8432C69740BC
:10D46000FE1FE78020170DCD8567B245938717E92A
:10D4700024A1231225012A841EA1310508C4268671
:10D480009740FE1FE7802024A2856244F240D244E8
:10D490004249172500200345253205616F208FBEC4
:10D4A000F2406244D244424905618280411126C261
:10D4B000AA84194522C406C62E849740FE1FE78021
:10D4C000601105C58567938717F91EA1854724A1BB
:10D4D0003CB142A12244B2409244AA8517250020C3
:10D4E0000345852D41016F20EFB9B240224492449B
:10D4F00041018280411122C42A840D4506C697400D
:10D50000FE1FE780200D0DC1930710F91CA1E9470C
:10D510001CB120A12244B240AA8517250020034552
:10D52000A52941016F200FB6B240224441018280FB
:10D53000411122C42A84214526C206C6AE849740E2
:10D54000FE1FE78020090DC59167938727E91EA17B
:10D55000930700033CA160A1224446A1B24092443B
:10D56000AA85172500200345552541016F208FB15D
:10D57000B24022449244410182804111214522C49B
:10D5800026C206C6AE8432849740FE1FE780800420
:10D5900015C18567938707391EA185473CA162A104
:10D5A000224446A1B2409244AA8503C5E1AD41019F
:10D5B0006F204FADB240224492444101828001115C
:10D5C00022CC26CA4EC652C456C25AC01304F5FF16
:10D5D00006CE4AC8094BAA89AE84328AB68A334439
:10D5E000040863946513138BB1AD83470B00C9CB5B
:10D5F00003C916009C2222093369F90097270020ED
:10D6000083D707EBF517635BF91C9307C6FF631419
:10D61000F90831459740FE1FE780C0FB2A8439CDC9
:10D6200023134501930700F9150AA1651EA12311D3
:10D63000350144A1850552859760FE1FE78000AC47
:10D6400008C405C983470B009385EAFF13562A00D7
:10D65000FD172300FB009740FE1FE78080091C4454
:10D66000A28503C5E1AD89071CC4EF20AFA18144A9
:10D6700001A822859760FE1FE780A0B49304F00FF5
:10D68000F24062444249B249224A924A024B2685FC
:10D69000D244056182809307D6FFE341F9FEB1478A
:10D6A0003304F402938481AC9C40A297B82719C735
:10D6B000884309C59760FE1FE780A0B0A1651305E8
:10D6C0004900850583A90400334505089760FE1FBE
:10D6D000E780C0A29C40A29923A0A900A2978843FA
:10D6E00051DD0547B8A783470B005286D685FD1745
:10D6F0002300FB009740FE1FE780E0FC9C40A297C0
:10D7000023934701239227019DB78547E398F5F6B8
:10D71000B1473304F402138981AC83270900A2972F
:10D72000FA23884351CBDE23B306C700910763C5B4
:10D73000D7083A95D6859740FE1FE780C0F8832723
:10D740000900A297FA233306EA0033460608F2A33B
:10D75000DE239107E31DF6F031459740FE1FE78079
:10D7600060E7AA851DC9930700F91EA18327090058
:10D770002302650123113501A297FA239C437AA164
:10D780001CC503C5E1ADEF20EF8F83270900A297E9
:10D790002393070023850700D9BD83270900A2979B
:10D7A000884365D59760FE1FE780A0A18327090005
:10D7B000A29723A00700D1BF11C99760FE1FE78081
:10D7C00040A083270900A29723A007008327090010
:10D7D000A29723930700238507005DB591444DB5BB
:10D7E0006FC070786FC0B0796FD000206FD0003FED
:10D7F0006FC0107C411106C6EFC0B078B240014541
:10D80000410182806FC0507D6FC0307F6FD0C001FA
:10D810006FD080036FD020056FD0E0066FD0A008D6
:10D820006FD0600A6FD0200C6FD0C00D1C32182250
:10D83000A20733E6E7006FD0000F6FD040106FD023
:10D84000A0126FD000156FD060176FD0A01C6FD0E2
:10D85000801E6FD060206FD040226FD020244111F5
:10D8600022C60344C10226C48344010303430101C9
:10D87000030E4101834E8101034FC101834F010219
:10D88000834241028343810222D6324426D8A244F5
:10D890001ED416D27ED07ACE76CC72CA1AC8410176
:10D8A0006FD0C0386FD0A0216FD080236FD060259B
:10D8B0006FD040276FD0002A6FD0E02B6FD0C02DE3
:10D8C0006FD0A02F6FD040326FD020346FE0D05D8A
:10D8D00085672A871388A7C7691533450508636ECE
:10D8E000A802138807C80145636AB80263E8E50225
:10D8F0001307301F6364C702138766FF938767C7E8
:10D900003347070863ECE700050633460608B3050E
:10D91000B6028E0633A5D500828001458280172885
:10D920000020130828EA0345180003A741B383A683
:10D9300041B11375F507D1C590428327480013768E
:10D9400006F8498E90C213F6150001CA93F5050337
:10D9500041466385C506938787C14165130505A0C8
:10D96000B3D5A7025057B70810FEFD18136626005E
:10D9700050D7704333761601B3F7A702FD89D2055D
:10D980004D8E70C31306A00FB705FCFFAA07B3D7CF
:10D99000C70270436D8EBA07B983D18F7CC38347AA
:10D9A0000800898B99CB98429C421377F70713673D
:10D9B000070493F707F8D98F9CC282809387078367
:10D9C00069BF5C57F59B5CD79C4293F707F8C98FFA
:10D9D0009CC2F1B7411106C697270020238B07E0B0
:10D9E0009770FE1FE780E000B24001454101828050
:10D9F0007971B7E700E026D284433707200006D6C6
:10DA000022D44AD04ECE52CC56CA5AC85EC662C440
:10DA100066C26AC0F98C23A0E7180F100000172413
:10DA20000020130424DA184415E323A097100545B9
:10DA3000B250225492540259F249624AD24A424B9D
:10DA4000B24B224C924C024D456182801727002038
:10DA50000327C7E509C723A097100945D1BF1C209C
:10DA6000328BB68A858BADC317290020130989D75D
:10DA7000832749002A8AAE8999EB483C9305900494
:10DA800009059750FE1FE78060672322A9008327BE
:10DA9000490099E7B7E700E023A097100D4549BF7B
:10DAA0000347290098A383274900630D0A04638B69
:10DAB0000904A3803701032549004E86D285090554
:10DAC0009740FE1FE78020C097290020938909F71F
:10DAD00003A7C9019547630AF70083C709021947DD
:10DAE0006385E7000D476392E70283C7190289E760
:10DAF000930780102390F902B7E700E023A0971066
:10DB000001453DB7A3800700C1B7138A41B28327FF
:10DB10000A0098430D8B1DC3238401A0B84B1377D3
:10DB2000F78FB8CB98431367870098C39C4393D76C
:10DB3000374889C70100010001000100832C0A0059
:10DB4000B7070200834B040023A20C0623A4FC00A9
:10DB50009727002023AC07EE9727002083C747C9EB
:10DB6000918B172900201309E9C789E793F70B0464
:10DB7000639A071008308145EFF07FDA138D41B1C9
:10DB800003270D00138C41B3B70633001C4313D594
:10DB90004B40014693F7F7CF1CC31C430D8993F705
:10DBA000F7CF93E707201CC303270C001C47D58F32
:10DBB0001CC74C2CB70703009387871523A8FC04C8
:10DBC0009750FE1FE780E04683270D00184414207D
:10DBD00098C75844858AD8C303270A005C43F99B39
:10DBE000D58F5CC3832749003CDF03270C005C43CF
:10DBF00093F7F7EF5CC30100010003270C005C43BF
:10DC000093E707105CC38347E900A301690123017F
:10DC1000590193E747002307F9009307000423A065
:10DC2000F9009727002023A307E2A14723AEF900BC
:10DC30009727002083A7478981CB03450901130655
:10DC40000064C145EF103FE683270A001705000076
:10DC500013058529DC43858B89E71705000013052B
:10DC600065039740FE1FE78020EE9727002023A141
:10DC700007DE9727002023A507DC83270A00054736
:10DC800098C39DBD93F50B03484093E51500EDB592
:10DC9000797122D417240020130444DA5C4006D69C
:10DCA00026D24AD04ECE858B6387071E9727002049
:10DCB00023A807D88329C403A3070100EFF09FD14D
:10DCC0009727002083C7C7B2918B972400209384A5
:10DCD00064B1172900201309E9AE6384071683C7CE
:10DCE0001900CE979823930700086318F70083471D
:10DCF000090093E787002300F9005C580D4763771C
:10DD0000F70EF1175CD85C58984463E7E70E338749
:10DD1000E74083C71900D424CE979C33939646607E
:10DD20008E0763DA060E63FFE70C1D8F9306000271
:10DD300063E8E6005858636AF70CB307F7409CC4E1
:10DD4000882889459760FE1FE780E0AA834509007F
:10DD500093F78500F5C383A641B29307800CFCD2EC
:10DD60001C5C1307F00F3706330098C39727002079
:10DD700023AA07CC9727002023A807CC97270020A9
:10DD800023A607CC9727002023A407CC03A741B1E3
:10DD90001C4391858D8993F7F7CF1CC31C43014524
:10DDA00093F7F7CF93E707201CC303A741B31C47A2
:10DDB000D18F1CC7B707030093878725BCCA0546C8
:10DDC0009750FE1FE780800D83470900B420B030D4
:10DDD000DD9B814501452300F900EFF07FC1B25082
:10DDE000225492540259F24945618280171700204B
:10DDF00003278770BA9731B79716002083A6C66F9E
:10DE0000B69731B73387E74015B79716002083A63A
:10DE1000A66E36971DB75858636AF700B307F740E8
:10DE20009CC4DC2493E70708DCA419BF97160020E4
:10DE300083A6866C3697DDB783C71900F917A380D0
:10DE4000F900485C01469305F1009750FE1FE780FA
:10DE500060F05C5C9306F00F98236303D702BC303C
:10DE60006380D702630EF7009365250093954560A4
:10DE700083270901505C93F5F50F0D45829785B70F
:10DE80008307090093154560E3C407FEF5F19C87FD
:10DE90002380F900F1BF83A741B2FC5385EFEFF077
:10DEA0007FB39717002083A7A76289C7854513050D
:10DEB000100882972254972700209387A792B25088
:10DEC00092540259F249B423B0338145014545616A
:10DED0006FF01FB2584CA147E313F7F08547238436
:10DEE000F1A0F5BD797126D297240020938404B562
:10DEF0009C4006D622D44AD04ECE52CC858B63832A
:10DF0000072083A9C40301469305F1004E85A307AA
:10DF100001009727002023A307B29750FE1FE78038
:10DF200060E3172400201304E48B17290020130951
:10DF30006989131A4560631F0A123C309306F00F7B
:10DF40006389D700D85C18236305D700094A631397
:10DF5000F7128307090063C507009C872380F90037
:10DF60005C24918BADCFDC580D476373F714F11728
:10DF7000DCD8DC58184463E3E7143387E74083C7F1
:10DF800019005424CE979C33939646608E0763D62F
:10DF9000061463FBE7121D8F9306000263E8E60098
:10DFA000D8586366F712B307F7401CC408288945A0
:10DFB0009760FE1FE780208483C719003387F9002C
:10DFC000142313070008639BE6129C5C1307F00FF1
:10DFD00098C38347090093E787002300F90003A74C
:10DFE00041B35C5793D71748A1C383274900C16544
:10DFF000938505A033D6B7027443370510FE7D150F
:10E00000E98EB3F7B7027D8A5206D18E74C39306A8
:10E01000A00F3706FCFFAA07B3D7D7027443F18ECF
:10E02000BA07B983D58F7CC35C40034509008C33A4
:10E0300011850D899750FE1FE780A0DB17050000B2
:10E04000130525129740FE1FE78000B083A741B15A
:10E0500098431317772998C3D857719BD8D783470C
:10E060000900A18B9DEB83270901D05C81450D45FB
:10E07000829725A09770FE1FE780A097D05C83272A
:10E0800009010D459375FA0F8297484034203030CE
:10E0900009CD0C310905EFF0BF95B25022549254CE
:10E0A0000259F249624A4561828081450145E5B7DE
:10E0B0001717002003274744BA9755BD971600202D
:10E0C00083A68643B69755BD3387E740F1B59716CB
:10E0D000002083A666423697F9B5D858636AF700E0
:10E0E000B307F7401CC45C2493E707085CA47DBD1C
:10E0F0009716002083A646403697DDB7F917A38010
:10E10000F900F1BD83A741B2FC53B1E3EFF09F8C5E
:10E110009717002083A7C73B89C7894513051008B7
:10E120008297971700209387E76BC843B033B423D7
:10E1300001CD0C3109052254B25092540259F249D2
:10E14000624A45616FF0DF8A81450145EDB7D84CE1
:10E15000A147E314F7F485472384F1A03DBF4111A3
:10E160009727002083A7C78D06C622C4858B95C735
:10E170009727002023A6078C17140020130484641B
:10E18000EFF05F851C20A18B8DEF1C480146814577
:10E1900011452244B2404101828783A741B2FC531A
:10E1A000B9E79727002023A3078A17140020130438
:10E1B00064611C20A18B91E71C48014681455145B3
:10E1C000C9BF971700209387E761C843B033B423D2
:10E1D00001CD0C310905EFF0BF811C20DD9B1CA097
:10E1E000B24022444101828081450145EDB7854717
:10E1F0002384F1A0F5B781471786010013068689AD
:10E200009306F00F3307F60018236364E5006313E9
:10E21000D700828003D80500636407019AA1828039
:10E22000850793F7F70FF9BF411122C406C626C22E
:10E230002E849397556063DA07029730FE1FE780BC
:10E24000803FAA8401CD1C21054793C7070863645A
:10E25000F700EF70A07E2685EF10AFDD1315F46890
:10E26000B240224492444101828093F7850099CBC9
:10E270009717002083A70761BC5B91C38297134562
:10E280008400F9BF93F7450099CB9717002083A727
:10E29000675FFC5791C3829713454400D1B793F74A
:10E2A000050281CF9717002083A7075F83A707097F
:10E2B00091C382971345040265B793F7050181CF97
:10E2C0009717002083A7475D83A7C70891C382974C
:10E2D0001345040171B709656D8D59D19717002059
:10E2E0009387C752F433F023CC33C823EFC0D02236
:10E2F0001315D468B5B7411122C481451306001225
:10E300002A84171500201305655006C626C223AEC1
:10E3100001AE9730FE1FE78080410145EF10D00F1E
:10E320000145EF10101797170020A3888714B7072F
:10E33000D707171400201304644DB5075CC8B7C78E
:10E340000D0D938707141CCCB7C7D7079387071405
:10E350005CCCF177938707141EB08147232EF40C11
:10E360009717002093878752B4477D47232CE40CEE
:10E3700037772D071307F71FD98EF847096613065D
:10E38000E6B9518F9714002093848411B4C7F8C75D
:10E39000B4CBF8CBFC24A30C0402A30CF40AA30016
:10E3A000F40CF977FD17231FF40E2310F410FD472A
:10E3B0002301F410930730303EBC5EBCEF101FE128
:10E3C0009307C01C231BF406DE206D461307B00F15
:10E3D000A983A300F4089E2828B023220404B3D7FD
:10E3E000E70A3EB47EB49386E700B3F7C70AB3C624
:10E3F00006083EB08E069307801433C706085AB449
:10E400001AB83377F70A8547A30FF402B70703005A
:10E410009387C71C3CC0B7170706938707443CC4C3
:10E42000B7071600938707905AB076B01AB45CD835
:10E43000EFB0F019EF30E051EFA0307D2244B24050
:10E44000924441016F70302C411126C206C622C48D
:10E450004AC0971400209384643B03C7E40383C736
:10E46000F403636AF7000144B240228522449244D7
:10E470000249410182802A89930510241305000C6A
:10E480009750FE1FE78080C72A8471DD1306000CB9
:10E4900081459730FE1FE780802963140900C1572A
:10E4A0001CA4FC4CA1EBA0CCE0CCA0D02320040009
:10E4B0008547238FF40285471CB4930700F93CB4C9
:10E4C0009717002093878757985FDC5F1715002008
:10E4D000034545FE78C43CC8FD577CA8A30EF4064E
:10E4E00083C7A4042304A406230AF40AEFB08026F9
:10E4F00048B89DBFBC5080C3A0D02320040083C770
:10E50000E403850793F7F70F6DB7011122CC06CE10
:10E510009717002083C7972F2A8485EB18288547F3
:10E52000631BF70C8347D40303475404858B6312A2
:10E53000F70C1946930564041305E4039730FE1F96
:10E54000E780002A3335A00099A883475504D9CB2A
:10E550008347B5041307000493F7070C6394E70897
:10E56000085931C1930564041305A5022EC69740CE
:10E57000FE1FE780C0348547B2456316F502085890
:10E5800089472302F4043C31194693E72700A3028C
:10E59000F40451059730FE1FE780E0120545F24074
:10E5A000624405618280142805478347C403638B56
:10E5B000E60203470406118BD98F8DE71305440447
:10E5C0009740FE1FE780203C08D809CD89472302E9
:10E5D000F4043C3119469305640493E72700A30231
:10E5E000F40445BF8347C403898B8DDB1C589C33DF
:10E5F00095F701456DB783470406918B85F75C3429
:10E6000013F7170011CF34380D47639BE6006840BD
:10E610002C446244F24005611743FE1F67004347E4
:10E62000898BADDF38389547E31AF7F6CDB701117E
:10E630009717002083A7074122CC06CE26CA858BD8
:10E64000171400200324C422BDC79717002023AB52
:10E65000073E9384C1B39C409DC7DC438DC7894767
:10E660005C8283475404130561001946DC825C28F0
:10E67000930564045C869730FE1FE780C0049C40CD
:10E680004800DC43829783477406858B81CB8345A2
:10E690005404082413066404EFE0C01B8347740687
:10E6A000898B91CB22856244F240D2440561175395
:10E6B000FE1F6700A33022856244F240D244056108
:10E6C0001753FE1F6700832B41114AC01719002002
:10E6D0001309C9138327090B06C622C426C281EB7E
:10E6E0000545B24022449244024941018280AA84F5
:10E6F0009760FE1FE780E02F8327090B8297EF20AA
:10E70000B07E2A8471DDDC50AC482324F508B8348F
:10E710009307A009631BF70E85472300F51483C7F1
:10E7200034062303F514A303F514FC35F82501483A
:10E73000A207D98F98291546F90542075D8F83C72F
:10E7400035FF13058413E207D98F232CF40883C700
:10E7500055FF03C765FFA2074207BA9703C745FFE6
:10E76000BA97232EF40883C775FFA30BF40283C75F
:10E7700095FF03C785FFA207D98F1EBC83C7B5FFCE
:10E7800003C7A5FFA207D98F3EBC83C7D5FF03C728
:10E79000C5FFA207D98F5EBC83C7F5FF03C7E5FF9E
:10E7A000232E0413A207D98F7EBC8147232CF41299
:10E7B0009730FE1FE78020F1B84883473702FD8B72
:10E7C000A30AF40203473702ED1793F7F70F1583F7
:10E7D0002308E4022D476365F7023E3C0567930674
:10E7E000A7C7E917B3C7070863ECF600563C9307C1
:10E7F000301F63E7D7007E3C130707C86375F70235
:10E800000A24EF30600D0145E9BD8327090D11672A
:10E81000F98F81DFFC4498239C21F98F93D75748C7
:10E820002300F51419B78327490B22858297832784
:10E83000890D0A24294693F7072091E3054693059D
:10E840000008EF7080368327090D1167F98F99C78B
:10E850000A24514693050008EF7020358327890567
:10E86000F84BB7070008F98FE38C07E68824238C60
:10E870000400494693050008EF70203395B5011157
:10E8800022CC930545012A84284901464EC606CE6E
:10E8900026CA4AC89740FE1FE780C04B89496318C3
:10E8A000052083044401AA8913050004EF203FDBFF
:10E8B0001315456063CFA4202C4831479C3193F752
:10E8C000F7033CA86399E7209C210D47BD8B3CB81A
:10E8D0006395E720130964031946A1054A8597301B
:10E8E000FE1FE780E0EF630C051E2C48130564044F
:10E8F00019469C21890593D76748A302F4049730F1
:10E90000FE1FE78040DC2285EFF03FC0630B051C53
:10E9100064449D471CA89CA08547BCA0BCB0CA8588
:10E920001946138544009730FE1FE780C0D9BC20EC
:10E93000B8300149990793F7F70F13678700BCA018
:10E94000B8B07844BA970357C406B8B3BC2078442B
:10E95000834614063E978357C4069206A183BD8B57
:10E96000D58F5CA3B82009071377F70FB8A0762CD2
:10E97000D1CE83470406795993F7070491C375599B
:10E980003309E9401379F90F6372D90883463406D5
:10E99000751985471379F90F6393F612930780422F
:10E9A000F9469387371AB3C7D702171600200346D4
:10E9B00026ED13660601971500202383C5ECC1657B
:10E9C00003A641B20CC6B386D702860634D2B43051
:10E9D00093E60601B4B0744403462406369730B378
:10E9E000B420784436975CA3B8207C44BA97034798
:10E9F00034061607D8B3BC208D07BCA05C54CA9758
:10EA00003CDC7E2CB38727412319F4068347040698
:10EA100093F7070489CFB8307C44B4201367070408
:10EA2000B8B05838B697B8B3BC208507BCA0BC2096
:10EA30006844722C8D074C543E9551C66365C908D5
:10EA40009730FE1FE78020C80349E401B820937780
:10EA5000F70385073E99A3082401B8A08347540310
:10EA6000858B91E70347440389476317F700784490
:10EA70001C2393E707041CA37C4418388145170521
:10EA800000001305E53A98B39730FE1FE780A00C0D
:10EA90008347B4068345340610380D45DD8D974015
:10EAA000FE1FE780A03F9760FE1FE78080F4F240E2
:10EAB0006244D24442494E85B249056182808567ED
:10EAC00093878784F1BD4A869730FE1FE780A0BFF9
:10EAD000B5BFAD49E9BF9149D9BF8D49C9BF954976
:10EAE000F9B7A549E9B7011122CC930545012A845C
:10EAF0002849014626CA06CE4AC84EC652C4974087
:10EB0000FE1FE78020258944631605142C4813074F
:10EB1000200291449C3193F7F7033CA8639CE712D1
:10EB200084219547BD8824B8639FF412130A6403B7
:10EB30001946A10552859730FE1FE78060CA630B16
:10EB400005102C481309640419469C214A8589053F
:10EB500093D76748A302F4049730FE1FE780A0B65E
:10EB60002285EFF09F9AA54475C5971900209389D7
:10EB7000299883D7C9001307003293870719B3D4A4
:10EB8000E70283A70900829783A68900B30795004F
:10EB90003E8763E4A70063E4D7003387D74064442B
:10EBA000A1471CA858D09CA08547BCA0BCB0194662
:10EBB000D285138544009730FE1FE780C0B0BC208B
:10EBC0009907BCA0BC3093E72700BCB0834754042E
:10EBD00091C778441C2393E707F81CA31946CA85FC
:10EBE0001385A4009730FE1FE780E0ADBC20990795
:10EBF00013F7F703050718B8BCA083475403858BA8
:10EC000091E70347440389476317F70078441C23BF
:10EC100093E707041CA318387C44814517150000AE
:10EC20001305A5E098B39307A0F93CB49730FE1FF5
:10EC3000E78060F28347B4068345340610380D45FB
:10EC4000DD8D9740FE1FE780602581449760FE1FA1
:10EC5000E78020DAF24062444249B249224A2685DE
:10EC6000D244056182808D44F5B741114AC01389B1
:10EC700041B28327090022C41307800706C626C2B3
:10EC8000F8D32A840945238401A09760FE1FE780FA
:10EC9000E0DD83A741B1D857370500827D15719B10
:10ECA00013671700D8D783250900D84113671700C9
:10ECB000D8C183068406D85713F6F603698F660613
:10ECC000518FD8D71307A003138541B36351D712CF
:10ECD000144137060007F84E518FF8CE9843370697
:10ECE00033001377F7CF98C398431377F7CF1367A1
:10ECF000072098C318411447D18E14C7B7060300E4
:10ED000093868625B4C95457F59A54D798438346B9
:10ED10002406137707F893F6F607558F98C337C77D
:10ED2000898E130767ED98C737575500644413075A
:10ED30005755D8C39D471CA89CA08547BCA0A14798
:10ED4000BCB07C440357C406D8A3BC207844834697
:10ED500014063E978357C4069206A183BD8BD58FB8
:10ED60005CA3A8209307E00F09051375F50FA8A071
:10ED700003562407898F63C4C7047C442C5C0D05AB
:10ED80003E959730FE1FE7800094B82083572407F4
:10ED90009376F7038507B6971CB8B8A0834754034A
:10EDA000858B91E70347440389476317F70078444D
:10EDB0001C2393E707041CA37C44183898B38327CB
:10EDC00009007844B2409244B8DF9717002023AD81
:10EDD00007C6834534068347B406103822440249E7
:10EDE000DD8D014541011743FE1F6700230B13060C
:10EDF00020021841635CD600744F370600F97D1677
:10EE0000F18E37060005D18E74CFC9BD370600F9E3
:10EE100069487D166357D800744FF18E370600039A
:10EE2000DDB7744FF18E93968629F9BF01119717BC
:10EE3000002083A727C122CC26CA06CE9714002023
:10EE40009384C49C858BE050C9C79717002023ABDF
:10EE500007BE83C74407C18B9DC383C7440793F78D
:10EE60000702E5DF2285EFF05FE083C7440793F7F1
:10EE7000F70C238AF4069760FE1FE78080B722858F
:10EE80009750FE1FE78080AF9384C1B39C409DC71D
:10EE9000DC438DC789475C828347540413056100B6
:10EEA0001946DC825C28930564045C869730FE1F5B
:10EEB000E78060819C404800DC438297834774066A
:10EEC000858B81CB83455404082413066404EFD05A
:10EED00070189760FE1FE780C0B122856244F2403F
:10EEE000D24405611753FE1F670043A939714ED6FE
:10EEF000938941B283A6090022DC26DA06DE4AD8CD
:10EF000052D456D25AD093078007FCD2238401A052
:10EF100083A741B1D857B70533002A84719B136783
:10EF20001700D8D798431377F7CF98C39843137730
:10EF3000F7CF1367072098C303A741B310474D8E3F
:10EF400010C73706030013068625B0CA5057759AB6
:10EF500050D7984303462506137707F81376F6072C
:10EF6000518F98C3DC420D4793E71700DCC264451C
:10EF70009D471CA99CA08547A3810400BCA0834792
:10EF8000F5056384E70AFD1793F7F70F1547636BE1
:10EF9000F70017770100130767B1B3C7E7209C4359
:10EFA000BA9782870149BC2013F7F70305073A99FE
:10EFB0000347E405A30824011A07D98FBCA083479F
:10EFC0005403858B91E70347440389476317F70090
:10EFD00078441C2393E707041CA37C44183881451C
:10EFE0001755FE1F1305E5A298B383A709007844BF
:10EFF000B8DF9717002023A907A49730FE1FE780EA
:10F0000080B5834534068347B40610386254F25005
:10F01000D2544259B259225A925A025BDD8D0145AF
:10F0200021611743FE1F670063E78547BCB019469F
:10F0300093056403138544009720FE1FE780A068B2
:10F04000BC209907BCA00347F4059947631FF7024A
:10F05000BC301385A40093E72700BCB0834754035A
:10F06000898B6387072A0C58BC296383072A1946B2
:10F07000D1059720FE1FE780006578441C2393E7A5
:10F0800007F81CA3BC209907BCA0BC30B82093E7AC
:10F090008700BCB07C44BA970357C406B8B3BC2001
:10F0A0007844834614063E978357C4069206A1838C
:10F0B000BD8BD58F5CA3B82009071377F70FB8A0D5
:10F0C000562C638B062683470406795993F7070469
:10F0D00091C375597C483309E9401379F90F918B35
:10F0E00081C739191379F90F81476372D9088346AB
:10F0F0003406751985471379F90F639BF622930738
:10F100008042F9469387371AB3C7D7021706002003
:10F110000346067713660601970500202382C5760D
:10F1200003A60900C1650CC6B386D702860634D291
:10F13000B43093E60601B4B074440346240636970F
:10F1400030B3B420784436975CA3B4207844369723
:10F1500083463406960654B3B8200D07B8A0185459
:10F160004A9738DC5A2C330727412319E40678489C
:10F1700011469376C700638BC60031466396C6106E
:10F18000034614068346F4076310D610218B630BE5
:10F19000071A032A840983A701A182971707002071
:10F1A00013070735636DAA18B7470F009387072425
:10F1B0003305AA40B335F502522781463305F502DF
:10F1C000EF306178B7074B00130745ED9387B7C75A
:10F1D000AA8A63EBE70A2A8A494681456800972094
:10F1E000FE1FE780C054B7C70300938737FC63D581
:10F1F0005719B7872500138737ED6346571FB24766
:10F20000938A6A099397D7283EC69307C012B3CA58
:10F21000FA02CE0A93D73A013247F976CE07758FB4
:10F22000CD83D98F03576408B3C707089306040832
:10F230004207D98F3EC69C52D052D8463EC8970747
:10F24000002083C7D75C9D8B7D8A96079315870026
:10F25000D18FCD8F3ECA9C4A61834946A2075D8FFC
:10F260003ACC8357840868446C00FC86BC208D0728
:10F270003E959720FE1FE7800045BC3093E70702CC
:10F28000BCB0BC20C907BCA08347040693F70704A1
:10F2900089CFB8307C44B42013670704B8B058381D
:10F2A000B697B8B3BC208507BCA0BC30684493F7C0
:10F2B00007029DCF0327C40A05CFB42025469387B4
:10F2C0003600AA9790A31306200390B31023A90633
:10F2D000B0A31033B0B33023D0A33033D0B3502316
:10F2E000F0A35033F0B3702390A7783398B7B4A04D
:10F2F000522CE30906CABC200C548D073E95636A64
:10F30000C9109720FE1FE780003C0349C40161B982
:10F310008347D40391C778441C2393E707F81CA3C1
:10F3200019469305E4039720FE1FE780C03999BB77
:10F33000856793878784F1B3814701490DBD1C47D9
:10F340003E9A9DB5B83083463406418B29C3794730
:10F350000546B387E702035724076397C6021307DE
:10F3600087070587BA97138A472949468145680068
:10F370009720FE1FE780A03B9307FA007947B3C7A9
:10F38000E702CE07CD8349BD13070707E1BFBC20C5
:10F390005A2C05463E979307070F6396C60013073E
:10F3A000870F93571740170700200347774D1367C0
:10F3B000170017060020A305E64C03A6090037072F
:10F3C0000800138A875218C693875754794733E742
:10F3D000E702998F86077CD6834714062300D4085A
:10F3E000A30FF40659B763C85701B2479397E728AC
:10F3F0003EC6814715B59886B787DAFF93876709B8
:10F400001377F7F913670706D886D6971307C01244
:10F41000BDB74A869720FE1FE780E02A69B6854778
:10F42000BCB0930565031946138544009720FE1F61
:10F43000E7806029BC20B830170A0020130A0A3D73
:10F44000990793F7F70F13678700BCA0B8B078440B
:10F450000149BA970357C406B8B3BC207844834621
:10F4600014063E978357C4069206A183BD8BD58FA1
:10F470005CA3B820914709071377F70FB8A083461C
:10F48000F405639CF60883470406795993F707044B
:10F4900091C375595E2C3309E9401379F90F637EE6
:10F4A000F90683463406751985471379F90F639970
:10F4B000F60C93078042F9469387371AB3C7D702F1
:10F4C00003464A07C16513660601230ACA0603A656
:10F4D00009000CC6B386D702860634D2B43093E650
:10F4E0000601B4B0744403462406369730B3B42002
:10F4F000784436975CA3B8207C44BA970347340617
:10F500001607D8B3BC208D07BCA01C54CA973CDC9E
:10F510005E2CB38727412319F4068347040693F72B
:10F52000070489CFBC30B82093E70704BCB07C4403
:10F53000BA975838B8B3BC208507BCA00347F40578
:10F5400091476319F704522C31C6BC2068440C540F
:10F550008D073E95636AC9029720FE1FE780A016BB
:10F560000349C4010347F4059147631FF71E83470E
:10F570004A0793F7070F93E75700230AFA0625B4C3
:10F5800085679387878405BF4A869720FE1FE7809B
:10F590008013C9BF0149F9B78547BCB0930565031E
:10F5A0001946138544009720FE1FE780C011BC2038
:10F5B0009907BCA0BC3093E72700BCB08347D403B5
:10F5C00091C778441C2393E707F81CA3834754038F
:10F5D0001385A400898B638D07140C58BC2963899B
:10F5E00007141946D1059720FE1FE780C00D784407
:10F5F0001C2393E707F81CA3BC20B830170A00208F
:10F60000130ACA20990793F7F70F13678700BCA066
:10F61000B8B078440149BA970357C406B8B3BC20C0
:10F620007844834614063E978357C4069206A18306
:10F63000BD8BD58F5CA3B820854709071377F70FDB
:10F64000B8A08346F405639CF608834704067959FD
:10F6500093F7070491C375595E2C3309E940137978
:10F66000F90F637EF90683463406751985471379C9
:10F67000F90F639FF60C93078042F9469387371A78
:10F68000B3C7D70203464A07C16513660601230ABA
:10F69000CA0603A609000CC6B386D702860634D272
:10F6A000B43093E60601B4B074440346240636979A
:10F6B00030B3B420784436975CA3B8207C44BA9722
:10F6C000034734061607D8B3BC208D07BCA01C54D2
:10F6D000CA973CDC5E2CB38727412319F406834785
:10F6E000040693F7070489CFBC30B82093E70704DA
:10F6F000BCB07C44BA975838B8B3BC208507BCA0CE
:10F700000347F4058547631FF704522C21CEBC2024
:10F7100068440C548D073E956360C9049720FE1F12
:10F72000E78060FA0349C4010347F405854735BD06
:10F730008347D40391C778441C2393E707F81CA39D
:10F7400019469305E4039720FE1FE780C0F76DB5C7
:10F7500085679387878415B74A869720FE1FE780C1
:10F7600080F6D9B70149C9B783474A0793F7070F0E
:10F7700093E7670019B57E2D411122C406C699078B
:10F780001CB97C45114718A998A37C4518392A84CF
:10F7900098B383475503858B91E703474503894712
:10F7A0006317F70078441C2393E707041CA36844FD
:10F7B00093056403194609059720FE1FE780A0F012
:10F7C0006844722C4C542244B24021054101172355
:10F7D000FE1F670043EFAA87170500200325C50811
:10F7E00011E182801825E30EF7FE0841D5BF4111D3
:10F7F00006C622C426C24AC0EFF0FFFD630C0518FE
:10F80000834755032A84970400209384240089EFBA
:10F810001946970500209385650D1305640397200D
:10F82000FE1FE78040EA9DA80547639CE700BC20D7
:10F830004945638207161946970500209385650B95
:10F84000E9BF1C59B9E78347C503230A050291EBB9
:10F85000034754038547230AF4028947E319F7FC59
:10F8600045BF1305C5039730FE1FE780000D08D87C
:10F870000DC1EF6060450C58BC2581CF8947230A34
:10F88000F4021946B105130564039720FE1FE780B3
:10F8900080E3034744038947E31CF7FA9C308DCB90
:10F8A0008347C40395C78347340413070004130533
:10F8B000C40393F7070C6396E70E9730FE1FE780AB
:10F8C000800C08D811C53C2981C78947230EF40252
:10F8D0005C24E9E317070020230A07F28547782410
:10F8E0005CA41CB49704002083C414BD231B94069D
:10F8F0001376F70099460359E40663F9C60A5A2CB1
:10F900009306A00F9707002083C76715B367F720FA
:10F910003357D7029387970E17050020035505BE6E
:10F9200037460F0013060624814691042607BA972E
:10F93000B3A5A7023305F502EF30E1002695231B9E
:10F94000A406231804066307090268289307F00F2A
:10F950006306F500EF006FC7FD577CA80356E40669
:10F96000930664011206A285170500001305A52160
:10F97000EF002FA883A701A182971A302A86930649
:10F980007401A2851745FE1F130525679740FE1FCA
:10F99000E78060D60145B2402244924402494101C9
:10F9A00082809730FE1FE78040F921BF23180406AC
:10F9B000E31D09F8E310F7FC68289307F00F6306CE
:10F9C000F500EF008FC0FD577CA893066401131665
:10F9D000B02851BF411106C622C42A849750FE1F89
:10F9E000E7802001228523060400A3050400A30468
:10F9F00004009740FE1FE78060F868389307F00F17
:10FA00006306F500EF006FBCFD577CB868289307CC
:10FA1000F00F6306F500EF004FBBFD577CA8B24026
:10FA200022444101828041119707002083A787016A
:10FA300022C406C6858B17040020032464E399CBF7
:10FA400022859707002023AF07FEEFE0FFC722853E
:10FA5000EFF05FF822852244B24041011743FE1FB8
:10FA60006700C3F1411122C417040020032484DF7E
:10FA7000284801469305440106C626C29730FE1F5A
:10FA8000E780402D75E12C487D479C3193F7F703C3
:10FA90003CA8E91793F7F70F6368F70C9C21BD8B1F
:10FAA0003CB8F51793F7D70FE1E31946A105130505
:10FAB00064039720FE1FE780A0D25DC52C488544D3
:10FAC000230294049C2113056404194693D76748C4
:10FAD0008905A302F4049720FE1FE780C0BE22859B
:10FAE000EFE0BFA251C1343815471C286394E602E9
:10FAF00063ECF40683A701A1829748D02285EFE04A
:10FB0000BFBC6313950622852244B2409244410152
:10FB10006FF05FEC81C719476398E70483044401E1
:10FB200013050004EF10BFB31315456063CEA402A4
:10FB30002285EFF05FC4814517F5FFFF130565AF20
:10FB40009720FE1FE78020011038834544060D45AD
:10FB50009730FE1FE78080342244B2409244410136
:10FB60001753FE1F6700E3E89750FE1FE78060E829
:10FB700022852244B240924441011743FE1F670090
:10FB8000E3E3011122CCFD5706CE7CA98357E5069D
:10FB90002A849DC7834605070C259307C0031CAD27
:10FBA00001461305C003EFC0B04A09459750FE1F38
:10FBB000E780C0EB22856244F24005616FF09FE16F
:10FBC0007C250547BD8B6386E70083470506918B3F
:10FBD000E9DF9707002083A7E7D093F7072085C3C5
:10FBE00002C402C202C081480148814701478146E0
:10FBF000054681451305C003EFC0D03D7DB702C067
:10FC000081480148814701478146054681451305E2
:10FC1000C003EFC0D03951BF23A8A1AE828097079F
:10FC2000002083C7978585EF411117E5FFFF130576
:10FC3000E55F06C6EF008FBBEFE0EFEBB240970742
:10FC400000209387A7BC17F7FFFF13072780B8D7BB
:10FC5000170700001307E7B9F8D74101828097071B
:10FC600000209387A7BA17E7FFFF1307277EB8D7AF
:10FC7000170700001307E7B7F8D7828011C9832759
:10FC8000050A93E707082320F50AFD572303F50229
:10FC9000828023ACA1AE828017070020032747BCD7
:10FCA000AA87085719C51A2D6305F700130585059E
:10FCB000DDBF8280011122CC06CE2A840345650275
:10FCC0009307F00F2E866309F5002EC6EF00EF8F25
:10FCD0003246FD572303F4028347A40203578404EA
:10FCE0009306640293E707062305F402835704048E
:10FCF000A285F240BA972313F4046244170500006A
:10FD0000130505F805616FF0DEEE011122CC06CE79
:10FD10002A84034575029307F00F2E866309F500C8
:10FD20002EC6EF008F8A3246FD57A303F4029306D6
:10FD30007402A2856244F24017150000130585E2A3
:10FD400005616FF01EEB011122CC06CE2A8403451B
:10FD500085029307F00F2E866309F5002EC6EF008B
:10FD6000CF863246FD572304F40293068402A2850F
:10FD70006244F24017150000130565E105616FF05C
:10FD80005EE797060020938666A8F236B70548011D
:10FD9000ED05BE329A3A232CB51CF632232EB51C43
:10FDA000ED452318C51C3356B60A2310C51E13068D
:10FDB0008014231AF51C2319E51CB3D7B70A231B9B
:10FDC000D51C3357C70AB3D6C60A2312F51E231310
:10FDD000D51E2311E51E2307F50482808346651492
:10FDE00005478357651E6390E6029387C7FB11475B
:10FDF000B3C7E7020357451EB3C70708B357F70A4F
:10FE00002307F5048280938707FB2147D5B78357E3
:10FE1000051D0356C51D0357E51D8356851D335625
:10FE2000F60A8357251D8355651D41113357F70A7F
:10FE30008357451D1318B02806C6B3D6F60A835754
:10FE4000A51DB3D7B70A83250510B3F5050181EDCC
:10FE50008565938585843357B70AB3D7B70A334787
:10FE60000708B3C707088355051E1376F60F93F6E8
:10FE7000F60F6396C5028355251E6392E5028355EE
:10FE8000451E639ED5008355651E639AF500230EBB
:10FE90000506EFF0BFF40945B24041018280854577
:10FEA000230EB5062310C51E2311E51E2312D51EF1
:10FEB0002313F51EEFF09FF20145F9BF0357651DAF
:10FEC0008357A51D411106C6B3D7E70A0567130777
:10FED00087846379F700832605101316B028F18E06
:10FEE00091E2BA870357651E6307F7002313F51ED7
:10FEF0008547230EF5060357251D8357E51DB3D708
:10FF0000E70A0567130787846379F70083260510DE
:10FF10001316B028F18E91E2BA870357251E6307A6
:10FF2000F7002311F51E8547230EF506EFF01FEBB2
:10FF3000B2400145410182800357A5049547723DB7
:10FF4000B307F702363D93D53740635BB600118F98
:10FF50000E073347D702B34707082314F5048280FE
:10FF6000B3C7D702B3C70708CDBF832745110D46D6
:10FF70009306F00F98230D8B58B56313C700B42375
:10FF800074B99823418B38A99C337CA982805C2565
:10FF9000CD9B5CA582808327451158259C239356D1
:10FFA00037408987B58F858B91C71347870058A540
:10FFB00001458280054582808327451158259C2371
:10FFC000935627408D87B58F858B91E71347470060
:10FFD00058A501458280054582808327450E850707
:10FFE0002322F50E91E78327850E85072324F50E3E
:10FFF0008327850E93F7070891C785472322F50EBF
:020000022000DC
:100000002324050E8347A50293F7070491CF835756
:10001000050403578504BA972313F5048327450A7B
:1000200093F7F7BF2322F50A82808327C50E850741
:100030002326F50E91E78327050F85072328F50E64
:100040008327050F93F7070891C785472326F50EE9
:100050002328050E8347A50213F7070409C793E772
:1000600007022305F50282809707002083A74783B4
:100070000145054791E38280B4376393E6000505A7
:100080009C43CDBF411122C491452A84014526C21B
:1000900006C697F4FF1F93846477EF008F9703D70A
:1000A000C40A231BA404854763F9E7060357641EAB
:1000B0008357241E17F5FF1F0355454437460F008D
:1000C000BA9793878757B3A5A702130606248146DC
:1000D0003305F502EF203107835704040357E40585
:1000E0008355840503A344091D8F3307B702832773
:1000F000040905469388F5FF130E80023E97637E40
:1001000016013308C6039A87FD563A9889C7631BC0
:10011000F4001C4081EB231BC404B24022449244EF
:100120004101828083AEC7086398BE0083A6070999
:10013000B306D840B3F6B60263E4A6009C43F9B711
:10014000090675BF411126C297F4FF1F9384046C02
:1001500003D7C40A06C622C4854763F1E7060357DE
:10016000651E8357251E2A8417F5FF1F0355053981
:10017000BA9793878757B3A5A70237460F00130690
:10018000062481463305F502EF20E17B0346540542
:1001900083A8440985467D161303800263F0C602D6
:1001A0003387660283270409FD553E97C68789C7B2
:1001B000631BF4001C4081EB231BD404B240224497
:1001C00092444101828003AEC7080328C408631A21
:1001D0000E0103A80709B305E84063640701B305EE
:1001E000074163E4A5009C43D9B7850645BF7971F3
:1001F00056CA97FAFF1F938A6A61163D03D6CA0A48
:1002000097F7FF1F9387C72E22D44ECE52CC83D9A7
:10021000C70003AA870006D626D24AD05AC85EC6AF
:1002200062C466C28547032785082A84850663F56C
:10023000C710B38636039307003201499386061927
:10024000B3D6F6023697BA846364D7006364470175
:10025000B30447418357641E0355241E37460F00DD
:10026000232894083E9513058557B32535031306B7
:1002700006248146130B0032814B3385A902EF20FF
:10028000816C2A8C83AC4A09814A8146130600643A
:100290005A85DE85EF20216B3387A400E687FD5663
:1002A000A1EBB3855903130600648146B3BA590321
:1002B00013850532B335B500D695EF20C168AA94F1
:1002C00033B5A400A6876314A90063E44401B3878F
:1002D0004441B2502328F408225492540259F2495E
:1002E000624AD24A424BB24B224C924C45618280C8
:1002F000639487009C43D5D783A5C7080326C40809
:10030000639AC50003A60709B306E6406364C70005
:10031000B306C74063E486019C4359B7B3073B016A
:1003200033B767013E8B83477403850ABA9B860700
:10033000FD17E3ECFAF4B5B78347750393B72700CD
:1003400093C71700B697B387370393060032938796
:100350000719B3D7D7023E97BA866364F700636480
:100360004701B3064741B687ADB797F7FF1F93879D
:10037000E74983D6C70A411126C206C622C40547EB
:10038000AA846377D70003A44709A28789EB01EC0D
:10039000238E0400B2402244924441018280D83F1F
:1003A00075FB9C43E5B763149400004075D03C3462
:1003B000C1E70327C40883A7C408630FF706D82C36
:1003C000930700086316F7043E3C8A241946239AD3
:1003D000F406239BF4065E3C93050008239DF40479
:1003E0007E3C239EF404EF50407C8547DCBCDC2C33
:1003F00093F7F707DCAC130584062244B24092441D
:1004000031469305F00F41011713FE1F6700233299
:10041000BE3C0A241946231AF406231BF406DE3CCC
:1004200093050008231DF404FE3C231EF404EF5042
:10043000C07789475CBCC1B7004091BF17F7FF1F69
:100440001307C73C8356C70A411126C206C622C4F9
:100450008547AA8463FFD71683278510898B638A13
:10046000071683274709BE85BDE503D6441E014410
:100470007D581306260205862D067D55ADE36300E3
:1004800004103C343A3CC5E78947231CE404A30A22
:10049000F40403570406835704042285BA97C1075E
:1004A0001D8B998F231FF4045E3C231DF4047E3CB6
:1004B000231EF404EFF01FBD8327440A93E71700BF
:1004C0002322F40A85475CA88D475CBCB2402244D5
:1004D000924441018280D83D75FB8C4171B7639491
:1004E00097009C43C9DF83A6070903A7040963E2B9
:1004F000E6023387E64083A6C40863F4E600337758
:10050000D7026376A7003A856373C700BE859C4314
:10051000B5B7158F83A6C70863F4E6003377D70213
:10052000E37707FF3A88E374C7FE3E84CDB7BE3C4D
:10053000B3F7E702C1FF9D46994763F5E6000583DF
:10054000930737000567231AF406130707C88A07BD
:10055000B3C7E70A231BF4065E3C0A241306C00255
:10056000231DF4047E3C93050008231EF404C947B0
:100570005CBC2244B240924441016F500063B1C957
:10058000BA3CBE3DB3F7E702A9E78387C40163D253
:1005900007049D46994763F5E600058393073700F6
:1005A0000567239AF406130707C88A07B3C7E70A43
:1005B000239BF406DE3C8A241306C002239DF40428
:1005C000FE3C93050008239EF404CD47DCBCEF50AD
:1005D000C05D238E0400DDBD411122C406C617F4A0
:1005E000FF1F1304E4F01C288DCF938741AF98437D
:1005F00019EB184497F6FF1F23AEE62A1727FE1FB4
:100600001307C7C698C3884317F7FF1F232E072871
:100610009710FE1FE78000745C402244B240410105
:1006200082875A240356650823AA01AE97F7FF1F55
:1006300023AC07263306E60237470F009306F7235D
:100640001307072483270509AA8536963356E60241
:1006500017F7FF1F034757E63A9663E3C7022244A2
:10066000B24003A7C5083386C74093869502172575
:10067000FE1F130525BA41011733FE1F6700A307AC
:100680001844BA97E9BF01114EC6938981AF83A779
:10069000090026CA4AC806CE22CCAA8417F9FF1F31
:1006A000130909E5B5CF17F7FF1F0357E720854763
:1006B0006318F7060357C900035465088327050923
:1006C0003304E40237470F009306F7231307072488
:1006D00036943354E40263E487083384874083A765
:1006E00001A182976361A408B307A44003A4090091
:1006F00063CF070617F7FF1F034717DC05836378EF
:10070000F70637450F00998F13050524B3B5A702E7
:100710000356C90081463385A702EF20C122029407
:10072000930700FBFCA4814501459710FE1FE7805D
:1007300080428347090195CF03A541AF97F7FF1F7B
:1007400023A407169710FE1FE780C060624483272A
:100750004900F240D2444249B249056182870327E9
:100760008900BA979DBF832789003E94B5BF014594
:100770007DB7624483C59402F240D2444249B249F3
:1007800001450561B315B028B3C505081733FE1F31
:1007900067006306411106C6EF00107519C983276B
:1007A0008511014581E7B240410182809C430505E6
:1007B000D5BF7D55CDBF411122C426C206C697F7CD
:1007C000FF1F83A7A70E2A84AE846396A70097F71E
:1007D000FF1F23AD070C8327041299C70A24014683
:1007E00093050008EF50603C8357440499C70A24DE
:1007F0004D4693051008EF50403B0A2415469305DB
:100800001008EF50803A2305040023080400230A4F
:10081000940417F7FF1F0327272495476316F70053
:1008200097F7FF1F23AA0722B240224492440145B2
:10083000410182803C2563830732835705080111FB
:1008400022CC06CE26CA85072310F5087C35230C5A
:1008500005002A8413F7270015E30357050495477D
:1008600063FDE7269305E003EFF0FFF4A305A40280
:100870000945F2406244D2440561828013F70702C1
:1008800021CF93F7F7FD7CB58327050A3835A305FB
:10089000050293E747002320F50A8547631EF70208
:1008A0003E3D9306204E03274509B387D702B3D7B1
:1008B000E70217F7FF1F034727C01307C703BA97BD
:1008C00003477503B3C707082312F5083307D70298
:1008D000B3A7E7202311F5081C38858BE9C7835798
:1008E000E405035704046396E7245E3C8355C4057E
:1008F000034584022310F406834754056EBC920519
:10090000A30BF40283576405F91597F4FF1F938432
:1009100024BE1EBC8357A4055EBCEFF04E8B38345A
:10092000231004081E3C03568405631A071ADA24B0
:100930008C44B387E7021307003293870719B3D7B4
:10094000E70203270409D1073E97BA866364F700DC
:100950006364B700B306B7405C3C2328D40832BCBC
:1009600081C72285EFF00FFEDA243E3C9306003269
:1009700023110402B387E70233D6D702B3F7D702B5
:100980009306204E2326C408B387D702B3C7E702D5
:100990001EB0835704045EB07C3493E707027CB436
:1009A0001C38F99B1CB81C38898BA9C78356E412E4
:1009B00003570404B387E6409397576063C0071852
:1009C000639AE60281470148232CF412130584132D
:1009D000232E04131546930584122AC69710FE1F72
:1009E000E78060CE3245EF0010781C38A306A412D1
:1009F000F59B1CB81C3813F707012DC70356C41408
:100A0000835604043307D640131757606348071210
:100A1000631AD604BD9B1CB88347A41499C7898B5D
:100A20006388071285472303F4148347B41499C7D6
:100A3000898B638207128547A303F4142285EFF0A4
:100A4000EFC78347C40799C78327040A93E70710B2
:100A50002320F40A8327040AA305040293E707204E
:100A60002320F40A18389377070285CF97F7FF1FE2
:100A700083A707DFD423130680059C57B386C602DD
:100A8000B697D62F83570404B387F64093975760E1
:100A900063C907008357C4146395D7001377F7FD24
:100AA00018B88347A40293F7070485CB035764045F
:100AB000835704046313F70218289307A0046314F0
:100AC000F70085471CA883278410C18B99C783270B
:100AD000440A93E707402322F40A014559BB034720
:100AE000E418218B11CF83560404035704192E3CBC
:100AF000158F3307B7023347C702BA962318D418A5
:100B00009DC7DA248C44B307F7021307003293879A
:100B10000719B3D7E702032704093E97BA8663642F
:100B2000F7006364B700B306B7402328D40832BC8B
:100B300025BD998F93975760E3D707E69305800209
:100B40002285EFF05FC7A305A4021305800215B349
:100B500023030414D9BDA3030414CDB50545828035
:100B600005C541119305200222C406C62A84EFF070
:100B70009FC4FD57A305A40223080400A303F402A5
:100B8000B240224441018280828005C9411122C4C1
:100B900006C67C352A849305E003898B91C3A14561
:100BA000EFF07FC1FD57A305A4022308040023042E
:100BB000F402B24022444101828082808327050AE8
:100BC000797122D406D626D24AD04ECE52CC56CAFD
:100BD0002A846380074213F7270011CBF59B23205B
:100BE000F50A0A25194693050008EF40107C832773
:100BF000040A13F7470051CF8344A402ED9B23203E
:100C0000F40A93F7040491CF83278410C18B99C70A
:100C10008327440A93E707402322F40A2285EFF052
:100C2000AFB138348547502883562406631AF774C9
:100C30003E3C1307204EB387E70203274409B3D78E
:100C4000E70217F7FF1F034727871307C703BA9762
:100C50000347B402B3C707082312F4088607231119
:100C6000F4089307000419E3930700085CAC09E655
:100C700093E414002305940299E60A240D46930593
:100C80000008EF40907223110406230A0400A30E0B
:100C900004008327040A13F7870005C30A24DD9B99
:100CA0002320F40A154693050008EF40107083478F
:100CB000A40293E747002305F4028327040A13F7ED
:100CC000070131C7BD9B2320F40A8347D4040A24BB
:100CD000214689C7A30604041306000393051008E0
:100CE000EF40B06C8347C40489CF83278410C18B45
:100CF00089CB8355A40422859205B3C50508EFE08E
:100D00007FFB8347A40293E717002305F4028327A0
:100D1000040A13F7070405CB0347F40493F7F7FB22
:100D20002320F40AA14763FAE7003C3499E78327BC
:100D3000440A93E707012322F40A0A243146930563
:100D40001008EF4090668327040A13F7070205CFC7
:100D500093F7F7FD2320F40A343483278410032704
:100D6000C41093F70702638E0662638807680A243B
:100D7000114693050008EF4050638347A40293E7B0
:100D800017002305F4028327040A13F707101DC375
:100D90000A2493F7F7EF2320F40A230E04061D46D6
:100DA00093050008EF4070608347A40293E71700A3
:100DB0002305F4028327040A13F7070801CF0A2446
:100DC00093F7F7F72320F40A13067005930510082C
:100DD000EF40B05D8327040A13F7072029C393F778
:100DE000F7DF2320F40A83476414230F0400A2973B
:100DF00003850718A301A414EF80301C2301A41459
:100E00002285EFE0BFFD0A24314693050008EF403C
:100E1000D0598347A40293E717002305F4028327E0
:100E2000040A11677D8F630907129397E74897F9C2
:100E3000FF1F83A929A52320F40A638A0952835737
:100E400044151167139637017D8F4D82630C075A45
:100E50001307C0123306E6029397576063D5070065
:100E6000B78725003E96035804048355841517EA76
:100E7000FF1F130AEA67832704098326C408832A0D
:100E80008A000355440801496314B85863E0D758F1
:100E9000B384D7408357CA00329537460F00B33525
:100EA000F5028146130606243305F502EF10B12939
:100EB000B306950033B5A6002E95B6846314A90039
:100EC00063E45601B3845641938A01A183A70A00C3
:100ED000829763E3A45A3385A44017E9FF1F1309DF
:100EE000295C834799018607637EF55803A7C90DDE
:100EF0008356CA0083576415218333470708330795
:100F0000D70293060032850703268A00B3C7070875
:100F1000130707193357D702B3069700B68463EE59
:100F2000E65C63FCC65C2394F90823A0990A034796
:100F3000E414854683C729086311D76493E7270023
:100F40002381F9084E85EF80A0200A241306600251
:100F500093050008EF4070458327040A09677D8FD9
:100F600009C79397D7482320F40A0327040AA167E7
:100F7000F98FB9C78345040317F5FF1F034535896A
:100F8000EFF0CEA03E3C1307204E232AA408B387DF
:100F9000E70233D5A70297E7FF1F83C7E75193877F
:100FA000C7033E958347A4022312A40893E71700C2
:100FB0002305F4028327040A9397F7482320F40AB1
:100FC0008327040A858B91CF8347A4028345440578
:100FD000228593E717002305F402EFF0CFFDA30568
:100FE000A4028327040A63D607009397F7492320B6
:100FF000F40A8307B4179DC30307440399463306D5
:10100000F74063D6C6588327440A9397472923227B
:10101000F40AED57A30FF416A30DE4168347441802
:1010200013F7270049CF830644030307C41763DB84
:10103000E6000327440A131747292322E40A11472D
:10104000A30FE4160307D417635BD7000327440AF2
:10105000131747292322E40A7157A30FE416030745
:10106000A4171306F007630CC70203467418034560
:101070008418158F13174760B306A6406354D752E0
:1010800093F607016390065293F7F7F893E7070189
:101090002302F4188357A41885072316F4188357DE
:1010A000C41891CFFD17B3C707082316F41881EBB6
:1010B0000A241306000293050008EF40102F3C2479
:1010C0009DCF8327041281CF3C2C91EB0A2401464B
:1010D00093050008EF40702D19E185473CAC83571C
:1010E000440491CF8347140399EB0A244D4693059A
:1010F0001008EF40902B01E58547A308F4028347D1
:10110000E41813F7070179C38324440ABD9B23071E
:10111000F4188988C5EC1828D5476309F70A1C38E4
:10112000898BCDE7814901498D4A130A5002939773
:1011300044608987A29783C7771913F7340006079D
:101140003397EA00F98F630BF70026860545814542
:10115000EF10413EB3E9A9003369B9008504E39873
:1011600044FD032784138327C413280033773701F2
:10117000B3F727013EC63AC4EF00E07E834754131D
:1011800063EEA700034544037D57854759152C009E
:101190003AC43EC613154560EF80007503278413DB
:1011A000A2476317F7000327C413B2476300F7028F
:1011B00015462C00130584129700FE1FE780A050EF
:1011C0008327440A93E727002322F40A8346E4187E
:1011D000A54713F796006314F704035704048357D5
:1011E0000419636EF702B307F7409397576063C81B
:1011F00007028347F4181306000A0507B387C702DE
:10120000323CDD9A2307D418B3C7C702BA97231814
:10121000F4188327440A939777292322F40A8347F3
:10122000A402E9C7918B89CF1028C165938505A0D9
:101230002285EFE09FAD8347A402ED9B2305F402D6
:101240008347A402858B8DC3034574029307F00F77
:101250006307F500EFE07EB7FD57A303F402834771
:10126000A402F99B2305F4028347A402898B89CF4A
:101270006E3C034584029205F915EFE04EF5834775
:10128000A402F59B2305F4028347A402A18B99CF06
:101290006E3C0D4622859205F915B3C50508EFE0B1
:1012A000DFA68347A402DD9B2305F4028347A40243
:1012B00013F7070101CF0345640293F7F7F82305FD
:1012C000F402EFE09EB0FD572303F4028347A4022B
:1012D00013F7070201CF8355A4040345640293F773
:1012E000F7FD2305F4029205EFE06EEE582C93070C
:1012F000F00363F9E7003834854722856314F72E3D
:10130000EFF0CF9383570404BDC313074006B3F730
:10131000E702B1EF83A7C1AF898BB1C397E4FF1F89
:1013200093840418985805CF17E9FF1F1309094E35
:1013300083570901835529012545C207DD8D029791
:101340009C588355E900294582979C5883152403AE
:101350002D4582979C58830544033145829797E732
:10136000FF1F239C074A97E7FF1F23A9074AB25094
:10137000225492540259F249624AD24A456182800B
:10138000930700045CAC09E693E41400230594027F
:10139000E39D068E0A240D4693050008EF40F000F9
:1013A000EDB01377070819C70327440A13176729F5
:1013B0002322E40AB9C38357241D0357241E631351
:1013C000F7028357641D0357641EE302F79A13075D
:1013D0008014E37EF7988327440A9397B728232243
:1013E000F40A71B213078014E37DF7FC8327440AE3
:1013F0009397B7282322F40AE9B78327440A9397DF
:10140000B748F1BFF9473306F602B1BCD69749B4E5
:101410001307180063F605050D8F3307D70263EF36
:10142000E702B384E7408357CA00329537460F007E
:10143000B335F5021306062481463305F502EF1095
:101440008150B307950033B5A7002E95BE84631471
:10145000A900E3EB57A7B3845741BDB4D697D1B7E2
:10146000998DB385D502AE97BE8463E4B700E3ECF3
:1014700057FBB384574145BF83278A00A69733851E
:10148000A740A1BC83A70A00635005088297834741
:10149000990103268A0081451397170033A5A720D9
:1014A000AA876364E5006364C500B307C54063E9C8
:1014B0009704858F03A7C90D0355CA008356641589
:1014C0002183334707083307A702130500321307A8
:1014D00007193357A70213851600B3D7E702AA9757
:1014E000B3C70708B386D7403387E602B306970031
:1014F00033B7E600B684E386E5A2B384C64025B4DC
:1015000033079640BA977DB78297834799010326A0
:101510008A001397170033A5A720AA876364E50004
:101520006364C500B307C54063E2F404B387F440C5
:1015300083A6C90D8355CA0003576415A182B3C69B
:101540000608B386B6029305003293860619B3D611
:10155000B602B3D7D702B307F740B3C707081D8F4A
:101560003307D70263E9E400998C75BA3387C40066
:10157000B307F74075BFB294C5BF89466315D7005E
:1015800093F7970F75BAF59B93E7470055BA998F74
:10159000E3D6F6A88327440A939747292322F40A1F
:1015A00095478DBC83465418834564183388B6002C
:1015B000635BE80013F807046317080093F7F7F874
:1015C00093E70704F1B42A96E34BC7AC8D8EE3C8CA
:1015D000E6AC13F70702E31407AC93F7F7F893E7C9
:1015E00007027DB4EFE07FD831BB411122C406C6AB
:1015F0002A8483278411CDEB83270412F1E7032586
:10160000041109C59720FE1FE780A0BB03457402A3
:101610009307F00F6304F500EFE02EFB034564022F
:101620009307F00F6304F500EFE02EFA0345840200
:101630009307F00F6304F500EFE02EF903459402E1
:101640009307F00F6307F500EFE02EF8FD57A304B2
:10165000F4020A24512497E7FF1F9387271B03D71F
:10166000C70A1DEF23AA01AE17E7FF1F0327C7E82C
:1016700023A4E70A97E7FF1F83A707E395C317E5AE
:10168000FF1F032565E109CD9720FE1FE78060B3AA
:1016900097E7FF1F23A207E097E7FF1F23A007E0BC
:1016A000B240224441018280C84309C59720FE1FF1
:1016B000E78020B183278411BA27136707F0BAA700
:1016C0009C43232CF41035B7C84309C59720FE1F4F
:1016D000E78020AF83270412BA27136707F0BAA761
:1016E0009C432320F41209BFAA8717E5FF1F032597
:1016F000251B11E182801A25E30EF7FE0841D5BFB4
:1017000097E6FF1F83C6B6DA17E6FF1F034646DFDC
:101710002A879387160017E5FF1F0325651919C24D
:10172000939716009207C166AA97FD166394A700C7
:10173000014582803225E30EE6FEE30CD6FE41052C
:10174000F5B701114EC697E9FF1F9389290C83A7AE
:10175000490A06CE22CC26CA4AC852C4ADEB17EAC3
:10176000FF1F130AEAD38347FA0017E7FF1F034757
:1017700027D91389170019C31399170003D4E90255
:101780003305F94093144900130414021584160418
:10179000334404083305A4029305402426953345B9
:1017A00005089720FE1FE780609515C10346FA00E3
:1017B000C16623A2A90AB3079500938846F53306AC
:1017C000C94011050147938626F5631AE900F240E6
:1017D0006244D2444249B249224A05618280637D13
:1017E000C700BE853688A297231305010CC1A3024A
:1017F000050005074105D1BF81454688F5B7411170
:10180000930530261305801E06C622C426C29720E3
:10181000FE1FE780A08E1306801E81452A84970054
:10182000FE1FE780C0F001451DC497E4FF1F9384AD
:10183000E4FD83A64409854785CE368712276301D8
:10184000F602184365FF1EA4B1E722859720FE1F0C
:10185000E78020970A24B2402244924441018280CA
:1018600085072167B3C70708E399E7FC8147E1BF14
:101870001EA423AA840823AC84082396F40AEFF05C
:101880005FEC83A7840923A0070023050400230736
:101890000400C9B783A7840980C383D7C40A23ACD3
:1018A000840885072396F40AE9BF17E5FF1F03257F
:1018B000250011CD411106C69720FE1FE7806090DC
:1018C000B24097E7FF1F23A507FE4101828097E7FB
:1018D000FF1F23AF07FC8280411122C417E4FF1FC2
:1018E0001304C4F2832644092A8706C63685814735
:1018F00031C91225631CE6048DEB9C42232AF408AF
:101900009720FE1FE780E08B8327840923A0070030
:101910008357C40A8DE7EFF05FF997E7FF1F23A114
:1019200007F8B240224441018280032784096315ED
:10193000A700232CF408E9B7184198C3D1B7FD17C5
:101940002316F40A8357C40AE9FFF1B7AA870841AE
:1019500045B77146814517E5FF1F130565F4170369
:10196000FE1F6700C3DC1C3118215421A207D98F48
:101970003821FD8A9305000242075D8F3C31014505
:10198000E207D98F01473316E0287D8E01C6050591
:101990001375F50F0507E318B7FE8147214733D6C6
:1019A000F64801C605051375F50F8507E399E7FEAF
:1019B000828001114AC84EC6032985138329C513A5
:1019C00022CC26CA52C406CE2A84A30B0512A30633
:1019D00005128144130A500226864A85CE85EF00FF
:1019E0001133058911C58347D4128507A306F41264
:1019F0008504E39344FFF2406244D2444249B24931
:101A0000224A056182808347651313D737002A97DE
:101A1000834607139D8B33D6F640058A630C061068
:101A2000011122CC06CE1C392A84898BC1E7832779
:101A3000450A898BC1E313058513EFF0DFF20347F5
:101A4000541383474403636DA7087D56FD461385F1
:101A500067FF2C0032C436C613154560EF70D0689E
:101A60000326841322478326C413B247718FF58F50
:101A70006314E600638AF6002800EFF0DFEEA54766
:101A800063EEA702A30AA4128347E41885E703467E
:101A900064132245B245EF009127058901CD8327C4
:101AA000C41093F7070899C78327440A93976729B7
:101AB0002322F40AF2406244056182806D15A30A74
:101AC000A41215462C00130584129700FE1FE78010
:101AD00080BF8327440A93E727002322F40A6DB7C7
:101AE00083456413138547FF131545609730FE1F28
:101AF000E78040E351F90346641305458145EF0053
:101B0000712393070410985FDC5F15463375A74077
:101B1000B3F5B7402AC42EC6130584122C009700D3
:101B2000FE1FE78040BA130704085C5393E72700C1
:101B30005CD399BFB396F6282308D712828041114F
:101B400022C426C206C64AC08347650338392A84A0
:101B50008507230BF502938441B25C25631C074C77
:101B60001439B19B93E73700130700045CA5A30D5C
:101B7000050038B99397466063D8070093F6F607D7
:101B800014B9EF30606D39A88327850A13F7270051
:101B900031C7F59B2324F50A83270510918B85CF48
:101BA000EF108036343C854758246390F60E832727
:101BB0008411DC4398A3832784115838DC4398B3FD
:101BC000032784119C405843B2402244B8DF92441A
:101BD000024941018280EF102031E9B713F7170065
:101BE00019C7F99B2324F50AEF10802365BF182934
:101BF00005466314C724D5C713F7070119C7BD9B52
:101C00002324F50AEF10B00F71BF13F7070401CBBF
:101C100093F7F7FB2324F50AEF10A03361B713F70E
:101C2000070801CB93F7F7F72324F50AEF10C03E1E
:101C300095BF13F7071009CB93F7F7EF2324F50AA5
:101C40002285EF10C056B9BF13F7074001CB93F7B9
:101C5000F7BF2324F50AEF202003A9B71317B028F4
:101C60007D8F01CB9397B7482324F50AEF10C0630B
:101C700015BF09677D8F01CB9397D7482324F50AB9
:101C8000EF10407005B72324050A83270411582458
:101C900098A383270411583898B39C400327041154
:101CA00025B78327450A638D073613F7070119C740
:101CB000BD9B2322F50AEF10E07FEDB513F7070473
:101CC00001CB93F7F7FB2322F50AEF10A01BD9BD38
:101CD00013F707200DCBCD8A639806188327451A82
:101CE00089EF8327440A2322041A228593F7F7DF1A
:101CF0002322F40AEF10F00975B59700FE1FE78064
:101D0000E02765F145B513F7170019CBCD8A639D20
:101D10000614F99B2322F50A2285EF00907E59B51F
:101D200013F7270011CBCD8A63900614F59B23226D
:101D3000F50AEF10406DBDB513F7074001CB93F7DF
:101D4000F7BF2322F50AEF10401EA9BD1317B028D4
:101D50007D8F01CB9397B7482322F50AEF10C0205F
:101D600091B513F707020DC39700FE1FE78000210E
:101D7000E30A05E28327440A228593F7F7FD23222D
:101D8000F40AEF10E00B39BD13F7870001CBDD9BA0
:101D90002322F50A2285EF10105D29B563DD0700C7
:101DA0009397F7492322F50A8327050A93E727002B
:101DB0002320F50AD9BD05677D8F11CBCD8ACDE6ED
:101DC0009397C7482322F50AEF10A02DE1BB0967BE
:101DD0007D8F11C79397D7482322F50A95B54167A0
:101DE0007D8F01CB939707492322F50AEF10300E20
:101DF00055BB370702007D8F01CB939717492322EC
:101E0000F50AEF10604879BB370710007D8F01CBD2
:101E1000939747492322F50AEF10A05161B3370782
:101E200040007D8F01CB939767492322F50AEF107D
:101E3000C05A8DBB2322050A89BD1DC793077005B3
:101E400063E7E7069307600363E2E7029307100383
:101E500063ECE7009307500263EBE702E947630294
:101E6000F714F5476305F714228521BB130797FC88
:101E70001377F70F93070002E3E8E7FE97460100A8
:101E8000938646C43347D7201C43B69782871307EF
:101E9000A7FD1377F70FAD47E3E8E7FC974601008E
:101EA000938686CA3347D7201C43B6978287930709
:101EB000200763E6E7049307000763ECE700930756
:101EC00060066306F71663EAE70093071006E31D52
:101ED000F7F82285EF304038A1A8130767F9137788
:101EE000F70F0549E362E9F8EF3000378327040A6A
:101EF000230824019397B7282320F40A65B1930798
:101F00006007E305F7D693076008E31FF7F4EF10C7
:101F1000604739A88347B50279476391E702832771
:101F20000510918B89CBBD472306F502EF00D07DCC
:101F300085471CA885B9EF00307BDDBF0549639B51
:101F400027018357450703576507BA978587231CE1
:101F5000F504D9B3EF3040308327040A2308240165
:101F600093E727002320F40A35B90347B502F94760
:101F7000631DF700EF00507785471CA88347A40234
:101F800093E717002305F40231B983574407035739
:101F900064072285BA978587231CF404EF007056E6
:101FA000F1BFEF00D061D947230AF404E5BE2285D2
:101FB000EF30802A8327040A2308040093E71700E0
:101FC0002320F40AC5B6EF00306AE9BE8547A306B0
:101FD000F5049305C50A41461305C50C97F0FD1F8E
:101FE000E780606E45BB8D472306F5042322050E6E
:101FF0002324050E2326050E2328050EEF009060EE
:1020000055B6EF3060251C38DD9B1CB88327040AC9
:1020100093E707012320F40A21BFEF00907309BF63
:102020009700FE1FE78080F5E30E05B635BDEF1083
:10203000B045FDBD17D7FF1F1307477D1E2B850732
:102040001EAB8DB679714ECE97D9FF1F9389097C4F
:1020500022D403A4C90952CC56CA5AC8370A03006D
:10206000370B0082B70A00F926D24AD05EC606D6E0
:1020700062C466C217E9FF1F1309499C938441B2E9
:10208000930B8A157D1BFD1A7C241307100C639E8D
:10209000E7189C4098430D8B1DC3238401A0B84BC7
:1020A0001377F78FB8CB98431367870098C39C4387
:1020B00093D7374889C7010001000100010097D775
:1020C000FF1F83C7E74389E79700FE1FE780A01340
:1020D0009040938C41B103A70C00930780077CD2FA
:1020E000238401A05C57138C41B3F19B93E7170045
:1020F0005CD78347241454579395476093F7F703AD
:10210000B3F66601E607D58F5CD79306A003832755
:102110000C0063D0B606F44FB7050007CD8EF4CFA0
:1021200083268409228514C78326C40954C35442D4
:1021300093E6160054C2D457F59AD4D78346641355
:102140001C4393F6F60793F707F8D58F1CC3EFF0FF
:102150001F9F5C38C5C78347C404898BC5C3A2854C
:102160000545EF7080461DCD9730FE1FE7806088E3
:10217000ADA39306200263D8B600F44FB70500055F
:10218000B3F6560161BFE94663D8B600F44FB70510
:102190000003B3F6560159B7F44FB3F656019396C0
:1021A0008629B5BF03A70C00B70633001C4393F77D
:1021B000F7CF1CC31C4393F7F7CF93E707201CC34B
:1021C00003270C001C47D58F1CC79C4013078A2788
:1021D000B8CB930700082326F90097E7FF1F23AB2E
:1021E0000786503883456414930730FC7CA411069D
:1021F00001459710FE1FE78060CA79B503A70C0060
:10220000B70633001C4393F7F7CF1CC31C4393F767
:10221000F7CF93E707201CC303270C001C47D58F7B
:102220001CC79C4013078A2565B71307400C6392AF
:10223000E7508327C900858B6380074C8327C9003B
:1022400093F7070889CF0347641393573700A29782
:1022500083C607131D8B3397E6482388E7127C3427
:1022600013F7270019EB93E72700130700F858AC82
:102270007CB497D7FF1F23AB0762032544111306D5
:102280002403930544039710FE1FE780A0AC03D7F7
:10229000690483474403232CA900998F230AF4027D
:1022A00083278901858B639307368347A402A30C98
:1022B00004002310040893E727002305F402228575
:1022C000EFD07FCD29ED83278411A30904009DCF92
:1022D000383C0DCF9837058B15EBBA27C8431367E9
:1022E00007F0BAA79710FE1FE780A0ED83574404BC
:1022F00085072312F404832784119C43232CF410B4
:102300008327441A81C7FD172322F41A5C3881CB36
:102310008347C404898B81C72285EFD01FCC8327D4
:102320008901898B638F070E8347C404858B638A79
:10233000070E1C3C85071CBC228597D7FF1F23A5D1
:1023400007709700FE1FE780E0DF85476311F530D7
:102350002285EFF0CFFE8347C404898B6381072C6D
:102360005C38638E072AA2850545EF700026E31DC1
:1023700005DE03A741B11C43B706330093F7F7CF3F
:102380001CC31C4393F7F7CF93E707201CC303A795
:1023900041B31C47D58F1CC7B707030003A741B241
:1023A000938787273CCB4C380345641491059710DD
:1023B000FE1FE78000A483A741B198431317772934
:1023C00098C3D857719BD8D7930730FC7CA497D774
:1023D000FF1F83C7E712A1E3832704128DCF783450
:1023E000058B15CBD443D0278C270A248906EFA070
:1023F000C03B15E183270412BA27A38407001367A3
:1024000007F0BAA79C432320F4128357240481C702
:10241000FD172311F404503883456414094511064F
:10242000C9BB2285EFD05FB9E31805F02285EFD054
:10243000DFB31C3813F7870021CB782831C77438F5
:1024400005461387B6FF1377F70F637FE60245470C
:102450006369D7003727020011073357D700058B70
:1024600005E79307D003230AF404930770021CA81E
:102470008347C404858BE38107EC7C28E38E07EA5D
:102480002285EFD09FBA4DBD54340D47639FE602BD
:102490007C381307A002637FF7007C381D47E3896F
:1024A000E7FCA306F4028327840A93E7170023249A
:1024B000F40A7DBF173701001307C775B3C7E720BC
:1024C0009C432285829771F965B7383805EF182843
:1024D000C1466318D70093E717001CB885471CA8AE
:1024E00015A0D5466315D70093E72700FDB7F14641
:1024F0006314D7028327040A2308040093E7170014
:102500002320F40A7C28ADD722859700FE1FE780A0
:1025100060B6E31305E2A9BF930690056315D70AD9
:102520000347A41421CB83466414B316D028630652
:10253000D70093E707011CB821A80346B4142DEA7D
:102540007C2C99C78327040A93E707202320F40AE9
:10255000058B8357641E25C7938707FB2147B3C7A5
:10256000E7020357441EB3C70708B357F70A230708
:10257000F404ADB70346B41411EA7C2CA5D3832729
:10258000040A93E707202320F40A89BF83467414C2
:1025900093E70701B316D028E391C6F47C2C99C7C2
:1025A0008327040A93E707202320F40A05DB4DB7AD
:1025B00083467414B316D028E39DC6F6C5B7938737
:1025C000C7FB114769BF930770066316F70203A79D
:1025D00041B13C57ED9B3CD797D7FF1F238107485C
:1025E000371700401E2FC607C5831EAF5C2493F724
:1025F000F7FD5CA4E5B593075009E315F7F08347B1
:10260000E41893E747002307F418C9BD1C2C85077D
:102610001CAC83D7E90085072397F90031BB03A7DA
:1026200041B11C43B706330093F7F7CF1CC31C43DB
:1026300093F7F7CF93E707201CC303A741B31C47C9
:10264000D58F1CC79C4013078A25B8CBA9BB972000
:10265000FE1FE780003A97D7FF1F83C767EA95EF11
:10266000832704129DCB7834058B05CBD443D02728
:102670008C270A248906EFA0401305E18327041262
:10268000BA27136707F0BAA79C432320F412835795
:10269000240481C7FD172311F4042285EFE00FD233
:1026A0001C3C85C73D476379F7009305D00322851D
:1026B000EFE06F90A305A40297D7FF1F83A747E120
:1026C00089C795451305600882971C2C99C783C755
:1026D000290581C72285EFF00FB322852254B2501D
:1026E00092540259F249624AD24A424BB24B224CAE
:1026F000924C45616FD03FF99C40FC53E39607989C
:102700009720FE1FE780E02E8327C90093F7070874
:1027100091C783D7290185072399F9002285EFE026
:10272000EFC98327C90093F70708C5DBEFD09EB533
:1027300079BF1307300CE399E7A283278900858BC3
:10274000F9CF97D7FF1F23AF072E8327040A858B66
:1027500085C79720FE1FE780C02903457402EFD08C
:10276000CEE683454405FD57A303F4022285EFE03E
:102770008F84A305A40295B78355041E0356241E17
:10278000034574149105B3C505089710FE1FE78033
:10279000408A8347C404938C41B1138C41B3858B29
:1027A000A1CBA2850145EF60506803A70C00B706D6
:1027B00033001C4393F7F7CF1CC31C4393F7F7CFA9
:1027C00093E707201CC303270C001C47D58F1CC7A9
:1027D0009C4013078A17B8CB0356041E930740FC8E
:1027E0008345741411067CA405453346060811B4CC
:1027F00003A70C00B70633001C4393F7F7CF1CC3A5
:102800001C4393F7F7CF93E707201CC303270C0063
:102810001C47D58F1CC79C4023A8770575BF9C40DB
:10282000FC53E393078689B2011106CE22CC26CA57
:102830004AC84EC697D4FF1F938444FDBC3097D935
:10284000FF1F9389E9CA03D7C900A307F5023E3DDC
:10285000130900322A84B387E70237460F001306B4
:10286000062481468145B3D727032326F50813059F
:10287000C0123305A702EF00010D2312A408228520
:10288000EFD0FF9603D7C9003E3C9306204E228529
:10289000B387E702B3F72703B387D702B3C7E702CB
:1028A0001EB08357440886072311F408EFD06FCD7C
:1028B0002285EFD06FE86E3C22859205F915B3C5ED
:1028C0000508EFD04FC82285EFF0AF8EE147A30A8D
:1028D000F41283A7C1AF23A0840A898B85C397D440
:1028E000FF1F9384E4BB9C5891CB83258409354515
:1028F00082979C588325C409394582972285624472
:10290000F240D2444249B24997D7FF1F239707F0BC
:1029100097D7FF1F23A407F005616FD0FFCB4111AC
:1029200026C206C622C4AA84EFE01FDC19C52A8489
:102930002685EFD03FE62322A41AB24022449244D7
:1029400041018280411126C206C622C44AC0EFE07E
:102950001FEBAA8431C9EFE03FD92A846300051632
:10296000C1473EA5930700FB7CA585471CA917D945
:10297000FF1F1309E9B2835709011307401093059C
:10298000D024950713050004B3C70708B3D7E70A97
:1029900033F5A70A9700FE1FE78040762328A4108E
:1029A00019E90A24EFE05FF3B24022440249268588
:1029B00092444101828097D7FF1F83A7E70B232A08
:1029C000F41097D7FF1F938767E483A6470D03A7EB
:1029D000070D232ED40E9433232CE40E89E61377AF
:1029E000F7F3232CE40EBA3F8326C40F0326840F8B
:1029F0002312E4142326D41003C7A7048346E40259
:102A00002324C410A304E41693E616FC0327440A07
:102A10002307D40283A6870C136607042322C40A63
:102A20003706000223130414F18E89C613670705C5
:102A30002322E40A83C7270599C78327440A93976B
:102A400067292322F40AFD572310F4047EB02304DF
:102A5000F4028567938787BB2315F4042285EFD0A2
:102A60000FD3034549012301A414EF60B04ED147B1
:102A7000A303F41893078002A302F4189307C04E2F
:102A8000231CF4169307F007230DF416F5779387AC
:102A9000A7EB231EF4168327C40FA301A41423005D
:102AA000A418A300A41893F7070881C78547230734
:102AB000F41897D7FF1F239F07D4FDB58544EDB5C4
:102AC000411106C6EF500049EFE0207AB24097F777
:102AD000FFFF9387675723A0F1B0410182807829D7
:102AE00089476304F7000545828083274511130752
:102AF0000004BC33A305F5021C2993F6B70F6396B7
:102B0000E600930750041CA90DA01307500563901D
:102B1000E7028327050A93E707202320F50A854764
:102B20001CA91C3993E707F81CB9014582801307DB
:102B300050066395E7009307A006F1B71307500806
:102B4000639BE70085471CA98347A50293E717000D
:102B50002305F502F9B7383559F7130700026386E4
:102B6000E700130730026395E7009307600261BF37
:102B70001307A007E399E7F6930710F869B77829D8
:102B80008D46832745116311D706D423A305D502AB
:102B9000BC336392E7023C35A1EB1C29130700020A
:102BA0006386E700130730026395E700930760022E
:102BB0001CA9014582807D476364F7023547637530
:102BC000F702C91793F7F70F4547636FF7001737F9
:102BD0000100130767FAB3C7E7209C43BA978287BF
:102BE00013073002638BE706054582801C29130713
:102BF000000493F7B70FE39EE7FA930750044DBF25
:102C0000182993070003E311F7FE854755B71829E4
:102C100093070005CDBF182993075005E316F7FC6D
:102C20008327050A93E707202320F50A85471CA977
:102C30001C3993E707F81CB9ADBF18299307500654
:102C4000E314F7FA9307A006A5B718299307A0077E
:102C5000E31CF7F8930710F8A1BF18299307500851
:102C6000E314F7F885471CA98347A50293E71700EB
:102C70002305F50275BF782989476304F7000545E8
:102C800082808327451117D7FF1F130727B80346F4
:102C9000A704BC330347970493F6F7019983636A4B
:102CA000D70003478516218B09C73357F640058B9C
:102CB0000DE76947B317F028F18F2306E5028D8BE6
:102CC0001307000291E379478327850AA305E502EC
:102CD00093E727002324F50A5DB718292307F51683
:102CE000A306D51685476317F700930760061CA94E
:102CF000014582808327850A93E707402324F50A4C
:102D0000C5BFB1475CB983270511C5CB0947A30AE5
:102D1000E5048356E505035705048355050663E777
:102D2000E60013865500998E6343D60297D6FF1F9F
:102D300083D686B80D4811466365D800850613F61C
:102D4000F60F2E972107A30AC504231FE50423814C
:102D5000070003475505B8B30347650503568505C6
:102D60008356A505D8A303576505F0A394A721832F
:102D7000D8B313578600F8B313D7860098B7035714
:102D8000C50593558700ACB78345E505B8A7CCA723
:102D90008355E505A181CCB72E3D81476399C500D8
:102DA000523D6316D6007E3D998F93B717002311CD
:102DB000F506C1471CA9014582800545828083270D
:102DC0000511094758B999CFB8A303474505B8B3CA
:102DD0008347A50293E787002305F502F1471CA965
:102DE000014582801D45828085475CB98327051196
:102DF00081CB1547B8A39307B0021CA90145828077
:102E00000545828085475CB98327051181CB194729
:102E1000B8A39307D0021CA9014582800545828092
:102E200089475CB98327051191CB1D47B8A3832738
:102E300005110347D5020145B8B38280054582805C
:102E400085475CB98327051191CF2947B8A38347EC
:102E5000A50293E747002305F502930750031CA939
:102E6000014582800545828085475CB9832705112D
:102E700081CB2D47B8A3930770031CA9014582801D
:102E80000545828099475CB9832705113147B8A36E
:102E900017D7FF1F13078797562BB4B3742BD4A3F0
:102EA000762BA182D4B3142FF4A3183FF8B3834731
:102EB000E50213F7070401CF9307A0031CA983477A
:102EC000E50293F7F7072307F50201458280858B1A
:102ED000FDD78327050AA30505022307050293E70B
:102EE00007042320F50AE1BF89475CB98327051150
:102EF00091CB3547B8A3832705110347B502014598
:102F0000B8B38280054582808D475CB9832705115F
:102F100099CB4547B8A30347C502B8B30347B502E9
:102F20000145D8A382800545828085475CB9832707
:102F3000051191CF4947B8A39307A0041CA9834763
:102F4000A50293E747002305F50201458280054568
:102F5000828085475CB98327051189C74D47B8A38F
:102F6000014582800545828083270511C5C7254715
:102F700058B95147B8A30347051D8356251DB8B35B
:102F80000347151DD4B3D8A313D78600F8A303476E
:102F9000451DF8B30347551D98A70357651D1356E4
:102FA0008700B0A798B78345751409466383C502A7
:102FB000032605109315B0286D8E01EE05661306E5
:102FC0008684B3D6C60AD4B333C6060893568600A1
:102FD000F4A30346651489466303D60283260510CD
:102FE0001316B028F18E81EE85669386868433575A
:102FF000D70A98B7B346070813D78600B8A7834700
:10300000A50293E747002305F502930700051CA9D5
:10301000014582800545828083270511C9C3254764
:1030200058B95547B8A30347051D0356251D8566A6
:10303000B8B30347151D938686843356D60AD8A3A2
:103040000347451DB3450608F8B30347551D98A728
:103050000357651DD0B313D685003357D70A98B7E9
:10306000B346070813D78600F0A3B8A78347C50760
:10307000A305050299C78327050A93E707102320B4
:10308000F50A8327450A1317B0287D8F09C7939740
:10309000B7482322F50A85471CA9014582800545CA
:1030A0008280032705118D475CB9D9473CA383462D
:1030B000451434B383475514918A5CA30357651EA6
:1030C000A1C69306F034814763FDE600930787E8C5
:1030D0000357851405CB8587938757FD8D87B3C725
:1030E00007080357451EB357F70A2307F50483471C
:1030F000A50293E747002305F502930750051CA995
:10310000014582808D87C9BF858B89CB130707FB5B
:10311000A1473347F702B3470708E1B71307C7FBD7
:103120009147C5BF032705118D475CB9DD473CA317
:10313000834745143CB38346551454A30347B51441
:10314000F98F93F647000357651EA1C69306F03426
:10315000814763FDE600930787E80357851405CB95
:103160008587938757FD8D87B3C707080357451E8B
:10317000B357F70A2307F504930780051CA9834773
:10318000A50293E747002305F502014582808D875C
:10319000C9BF858B89CB130707FBA1473347F702CC
:1031A000B3470708E1B71307C7FB9147C5BF95476A
:1031B0005CB98357050403270511E146A107B3C78E
:1031C00007082316F51434A38346A51434B3034625
:1031D000B514A30207002303070050A38325851419
:1031E000416663F3C50081475CB3A1837CA393F779
:1031F00046000357651E95CF9306F034814763FD63
:10320000E600930787E80357851415C385879387DE
:1032100057FD8D87B3C707080357451EB357F70AF5
:103220002307F504930790051CA9014582808D872B
:10323000F9BF858A89CA130707FBA1473347F702FD
:10324000B3470708D1BF1307C7FB9147C5BF032783
:1032500005118D475CB9E5473CA383467514834748
:103260006514B317F028B397D7283CB383471514D8
:103270005CA38347A50293E747002305F502930764
:1032800000061CA90145828089475CB98327051186
:103290007547B8A317C7FF1F03477757B8B39307FE
:1032A00050071CA90145828089475CB98327051115
:1032B0007947B8A30347F502B8B38327050A939764
:1032C000F7282320F50A85471CA90145828017C7E6
:1032D000FF1F0327E7585C2393068005B387D702B7
:1032E000145703270511BE96A5475CB99307000242
:1032F0003CA30356651E8357251EB297D05A938769
:10330000C712B3F7C70A3CB313D68700C18350A3D3
:103310005CB39C5E7CA313D68700C18370B31CA7EB
:10332000DC2E1CB7DC3E3CA79307C0071CA9014557
:10333000828091475CB98327051113073002B8A337
:1033400003472517118B1DC7034745177D173317F3
:10335000E028B8B30147D8A303473514D8B383474F
:10336000A50293E747002305F502930750F81CA92F
:1033700001458280034775143317E028B8B303076B
:10338000F517D1BF0327051195475CB99307400294
:103390003CA38306351483079517958F93B71700C1
:1033A00086073CB3030685176315D60093E717001D
:1033B0003CB30306751750A38347651754B37CA32A
:1033C00083472517858B81CB19C68327050A9397D9
:1033D00007292320F50A0145828091475CB983279C
:1033E000051113078002B8A317C7FF1F034727471C
:1033F000B8B32947D8A313072003D8B3930750F9CC
:103400001CA901458280411126C28324051106C6EC
:1034100022C4A1475CB9A1C483570504035705061C
:103420002A8493058512BA97A9072317F5128547B1
:10343000BCA013853400154697E0FD1FE780A02847
:103440008347E41201459CA48357E412A1839CB4F2
:10345000D5471CA8B24022449244410182800545D0
:10346000D5BF411126C28324051106C622C4B54723
:103470005CB99DCC91472A84BCA09305451C21468C
:103480001385340097E0FD1FE780E0231385B40027
:1034900011469305C41C97E0FD1FE780C0229307E7
:1034A00020021CA80145B24022449244410182807E
:1034B0000545D5BFA5475CB9832705119DCF4111AF
:1034C00022C406C62147B8A32A8403250511930503
:1034D000840F21460D0597E0FD1FE780C01E83473E
:1034E000A402014593E747002305F4029307000374
:1034F0001CA8B24022444101828005458280832776
:103500000511A9C3411122C406C6254758B9B8A35D
:103510002A84032505119305840F21460D0597E0A4
:10352000FD1FE780401A8327040AA3050402014512
:1035300093E707022320F40A85471CA8B2402244DF
:103540004101828005458280A5475CB9832705112A
:103550009DCF411122C406C63947B8A32A8403254A
:1035600005119305840F21460D0597E0FD1FE780A7
:1035700080158347A402014593E747002305F40221
:10358000930700031CA8B2402244410182800545F4
:103590008280411122C406C6E1472A845CB9032512
:1035A000051141C9BD473CA1834744073905314650
:1035B000A30AF5FE8347540793058406230BF5FE03
:1035C00083476407A30BF5FE83576407A183230C8D
:1035D000F5FE8347A405A30CF5FE8357A405A1833C
:1035E000230DF5FE8347C405A30DF5FE8347D405DF
:1035F000230EF5FE83574406A30EF5FE83476406AB
:10360000230FF5FE83576406A183A30FF5FE97E011
:10361000FD1FE780400B8347A402014593E7470065
:103620002305F402930700041CA8B2402244410180
:1036300082800545DDBF411122C406C6E1472A84C8
:103640005CB90325051151C1C1473CA1834744071B
:1036500039053146A30AF5FE8347540793058406CE
:10366000230BF5FE83476407A30BF5FE835764071E
:10367000A183230CF5FE8347A405A30CF5FE835715
:10368000A405A183230DF5FE8347C405A30DF5FE14
:103690008347D405230EF5FE83574406A30EF5FE9B
:1036A00083476406230FF5FE83576406A183A30FA7
:1036B000F5FE97E0FD1FE7800001930740041CA87A
:1036C0000145B2402244410182800545DDBF011120
:1036D00022CC26CA4EC606CE4AC8930730025CB931
:1036E00093070510804B7147AA8438A0034705153E
:1036F00083A9070638B00347151558A06389091C2C
:10370000832705090325C50817C7FF1F130747DED1
:1037100063E1A71A3385A74083A7090A63EEA718B8
:103720003385A740B7470F0093870724B335F502C9
:10373000522781463305F502EFF0E020B7C70300BA
:103740000967938747FC7D1763FBA7169307C01291
:10375000B357F502F98F0547B3C707085CB01607E2
:10376000A183D98F138909087CA08327C90519462D
:103770009385690DA1837CB033C7070893578700F1
:103780001CA4834709031305D4011CB48347190300
:103790003CA4834729033CB4834739035CA4032733
:1037A00049035C347D8B819BD98F5CB403C7F90DD1
:1037B00093F7F70FFD8B1607D98F5CB48347490148
:1037C0007CA4834759017CB4834769011CA88347C3
:1037D00079011CB8834789013CA8834799013CB80B
:1037E0008347A9015CA883D789089386170033C74C
:1037F0000608218354B878A803C7040478B803C71F
:1038000014041CBCA18318AC3CAC83C7F40203C7EE
:10381000490D9607D98F03C7590D1207D98F3CBCA4
:1038200083C7C90DFD17B317F0285CAC97E0FD1FE7
:10383000E78060E983C7090EA9C71307B002D8B8AB
:103840001307A00238A003470904A302E4020347B8
:1038500019042303E40203472904A303E4020347F2
:103860003904A304F4022304E40283C7190E2305D8
:10387000F40283C7290EA305F40283C7390E230679
:10388000F40223A00416138704081C5301459397E0
:10389000F7291CD383C70404A301F40283C71404CB
:1038A0002302F402F2406244D2444249B249056123
:1038B00082801447B697B9BD1447B69795B5F947B6
:1038C000B357F502F98FB3C70708014741BD032974
:1038D00045160545E30809FC83A7040903A5C408A8
:1038E00017C7FF1F1307C7C063EEA7143385A74090
:1038F0008327890963EBA7143385A740B7470F00D7
:1039000093870724B335F502522781463305F50224
:10391000EFF06003B7C703000967938747FC7D1783
:1039200063F8A7129307C012B357F502F98F054742
:10393000B3C707085CB01607A183D98F7CA0834763
:1039400069081946930569037CB083576908130514
:10395000D401A1831CA48347090A1CB48347190A14
:103960003CA48347290A3CB48347390A5CA4032753
:10397000490A5C347D8B819BD98F5CB483C7F40288
:10398000583496077D8B5D8F58B40347C90878A4D7
:103990000347D90878B40347E90818A80347F9088A
:1039A00018B80347090938A80347190938B8034765
:1039B000290958A8035789089356870058B874A84E
:1039C00083C604047D1774B883C6140418BC14ACF1
:1039D000B346070813D7860038AC0347F907D98FD9
:1039E000034759031207D98F3CBC83470908B31713
:1039F000F0285CAC97E0FD1FE780E0CC8327C90A84
:103A00009DCF1307B002D8B81307A00238A098239F
:103A1000A302E40298332303E402B823A303E402DD
:103A2000B8332304E402D823A304E402D8332305E3
:103A3000E402F823A305E402FC332306F40223A2E4
:103A4000041691B51447B69755B51447B6976DB59A
:103A5000F947B357F502F98FB3C707080147D9BD36
:103A6000411106C6AD475CB98327051113079002C3
:103A700093057519B8A313853700294697E0FD1FF4
:103A8000E78060C4B2400145410182808325451131
:103A9000411122C426C206C6DC21B8312A84A207FD
:103AA000D98F05651387A7FF9306A5C7F944334748
:103AB000070863E4E60AF821D431130505C8220794
:103AC000558FF944636BE5086369F7089025F43175
:103AD0002206558E9306301F63E1C608B42503C83D
:103AE0009500A206B3E606016369D5061305160024
:103AF000334505083305F50213983600635F050565
:103B0000A83519C1636BA7040358A4038144639CBF
:103B10000701631AF7000358C4036316C800663C24
:103B2000958C93B41400231DC4042312A406231AF5
:103B3000F406231BE406231ED404DC35D8253146C5
:103B4000A207D98F2313F406B9051305840697E05D
:103B5000FD1FE78040B791475CBCB24022442685F8
:103B600092444101828079714AD00329051106D619
:103B700022D426D24ECE52CCDD475CB96304091064
:103B80008D472301F9002A84EFB01EDA9304541BF9
:103B90002AC4EFB07ED921462C002AC6268597E09C
:103BA000FD1FE78040B28347741B0347641B9309E2
:103BB000D41BA2074207BA970347841BBA9703474F
:103BC000541B6207BA972324F40C0347A41B8347B2
:103BD000B41B4207A207BA970347C41BBA9703470F
:103BE000941B6207BA972322F40CEFB0FED32AC4C9
:103BF00011462C004E8597E0FD1FE780C0AC83473F
:103C0000E41B0347D41B2146A207D98F0347F41BAB
:103C10009305B41A1305390042075D8F8347041CCE
:103C2000E207D98F232EF40C97E0FD1FE780A0A9AF
:103C30008347441B0347341B21462306F900A30591
:103C4000E900A6851305D90097E0FD1FE780A0A72E
:103C5000130559011146CE8597E0FD1FE780A0A608
:103C60008347A402014593E747002305F402930725
:103C700000021CA8B250225492540259F249624ADE
:103C8000456182800545FDB7411122C406C68547BE
:103C90005CB98345D5162A84032705110345E5162B
:103CA000854693176500CD8F3CA3ED473CB35C245C
:103CB0000346C41693E707025CA4EF50103693073F
:103CC00070061CA8B240224401454101828083272E
:103CD00045111303000ECC23B433A205D58D938672
:103CE00055FEB3C606086361D306F023D4331168CA
:103CF0002206558E930686EB13088814B3C6060871
:103D00006364D804942783C87700A206B3E616013B
:103D1000938856FEB3C808086368130383C89700E6
:103D2000BC27A207B3E71701938887EBB3C808083D
:103D3000636C1801231CB51C231DC51C231ED51C38
:103D4000231FF51C6FC0AF8C05458280AA872835DC
:103D500005476310E50AF42B3147639DE60803A786
:103D600047113433A38AD70454335023A206D18E8B
:103D7000239BD7046C337423A205D58D239CB704F1
:103D8000103714272206558E239DC7043437282761
:103D9000A206C98E239ED704482758372207498F89
:103DA000AA3F239FE70401476319B500CE3F6396FE
:103DB000C500FA3F158F133717002391E706982B9C
:103DC000930600046300D702930640046314D700EF
:103DD000054798AB983B9546D4BF136717F898BB37
:103DE0000145828003C7A702136717002385E702F6
:103DF000C5B70545828078298947631BF70083276B
:103E00004511BC33230AF504F5471CA901458280FE
:103E10001D4582802A8728353DE5742BB54763947C
:103E2000F606142B93070002639FF60483274711BD
:103E300093050708D433D023A2064206B296F02396
:103E4000B296B0336206B296B4C194379027A206F8
:103E50004206B296B027B296F0336206B296D4DD2F
:103E6000D027B4372206558ED437FC27C206D18E10
:103E7000E207D58FBCD11C3B93E787001CBB93079F
:103E800030021CAB8280054582803835AA8719EF45
:103E900068290547631CE500942B130730026398DB
:103EA000E6001307C00298AB014582800545828079
:103EB000AA87682905476318E502982B9306B00284
:103EC0006319D7001307E00298ABA38507020145E9
:103ED00082809306D0026319D7001307E002A385FE
:103EE000070298ABEDB705458280782989476315AD
:103EF000F706E947A305F502832745113947BC3387
:103F00006390E7021829930700036317F7048327D8
:103F1000050A93E707022320F50A85471CA979A023
:103F2000C51793F7F70F51476368F702172701008A
:103F3000130707C9B3C7E7209C43BA978287832733
:103F400085101829F59B2324F510930700046315A9
:103F5000F700930760041CA9014582801829930784
:103F6000A004E31BF7FE85471CA98347A50293E73E
:103F700017002305F5021C3993E707F81CB98327BE
:103F80000510C18BF1FB83278510BD9B2324F51001
:103F9000E1B7182993070005E310F7FC85471CA932
:103FA0008327050A93E707102320F50A1C3993E7B6
:103FB00007F81CB955B7182993075005E31EF7F801
:103FC0008327050A93E70720B9B7182993075006F6
:103FD000E314F7F88327050A9397B7282DBF18290C
:103FE00093075007E31AF7F68327050A9397F728F4
:103FF0001DB7182993075008E310F7F685471CA949
:104000008347A50293E717002305F50245B7AA8762
:1040100028350547631DE500F82B631BA700982B87
:104020006318A7001307600398AB0145828005451C
:104030008280AA8768290547631EE504982B9306AA
:1040400070036314D70203C7A7022386070493767D
:10405000070499C61377F7FB136707012385E70267
:104060001307800398AB01458280930650036314C5
:10407000D7021307800398AB03C7A7022386070460
:1040800093760704EDD21377F7FB136707012385B7
:10409000E702D1BF05458280782999476315F70863
:1040A00083274511B833A307E504D833D423220767
:1040B000558F2318E504F823FC331429A207D98F60
:1040C0002319F5041307A0038347E5026392E6046E
:1040D000858B99CB8327050AA305050223070502D3
:1040E00093E707042320F50A8347A50293E7170007
:1040F0002305F50285471CA91C3993E707F81CB96D
:104100008347E50293F7F7FB2307F5020145828019
:1041100093974760E3D207FE8327450A93E7070496
:104120002322F50AD1BF05458280AA876829054761
:104130006310E50403A78710418B05CF982B631705
:10414000A7001307B00498AB014582809306A00432
:104150006319D70003C7A70288AB1367170023852D
:10416000E70203A7870A1367070423A4E70AE9BF46
:1041700005458280AA87682905476310E502942BCC
:104180001307A004639CE60003C7A70288AB0145A0
:10419000136717002385E70282800545828078290E
:1041A0008D476315F71A1C39832645118D8B89EBD2
:1041B0000C292147938705FC93F7F70F6361F702FA
:1041C000D9472306F5029307A002A305F50283272A
:1041D000850A93E727002324F50A014582803C35B0
:1041E000639A0714930750056398F500D94723068F
:1041F000F50293073002D1BF97B7FF1F938707617E
:10420000D02203C7A70383C7B703718F2305E51423
:10421000B432F58F83466514A305F514B318D0287E
:104220006314170123050514034675143318C028B9
:1042300063940701A30505148347A5140347B51428
:10424000E9CF45CB93F627009DCA1376270039C6E0
:10425000930720202315F5148347A5146394F800D1
:10426000230505148347B5146314F800A30505144A
:104270008547639CF50A930760051CA9B9BF13F62F
:1042800047001DE6858BB9E785472305F51493772D
:104290002700B9CB8947A305F5147DBF13F6470066
:1042A00015C21376470001EE858B8DEB8947F1BF70
:1042B0001376470009E6858B95E39147F9B7930795
:1042C000404049BF858BFDD393771700E5D3930713
:1042D000101049B793761700FDFA45BF9377170082
:1042E000FDF79147E1F655B7118B85474DD79147BB
:1042F0005DB733D6C740058A01C623050515A9BF9A
:1043000013F7270009C789472305F514B1B7918B27
:1043100099C39147D5BF8547C5BF1DDFB356D74069
:10432000858AB5D6A305151505BF8327850A93E7AA
:10433000071055B585476396F500DC22A305F514F3
:104340001DBF8327850A93E7072071B50545828045
:1043500074290D47AA87639CE61414291307500596
:1043600005456397E614A8376313051483C64714FD
:1043700003C7571403A6471133F8E6004C22631E07
:1043800008006396B600034836006308E8002395EA
:1043900007141307700598AB8280ED8E2385D71420
:1043A0003032718F03C66714A385E714B318C02891
:1043B000639416012385071483C577143318B02836
:1043C00063140701A385071403C7A71483C6B71492
:1043D00079C7D5C2137627000DC693F52600A9C16B
:1043E000130720202395E71403C7A7146394E8005C
:1043F0002385071403C7B714E31DE8F8A385071442
:1044000049BF937547009DE5058B39E7054723852F
:10441000E71413F7260039CB0947A385E714E9B75A
:104420009375470095C193F5460081ED058B0DEB23
:104430000947F1BF93F5460089E5058B15E3114760
:10444000F9B71307404079BF058B7DD313F71600EA
:1044500065D31307101079B713F616007DFA45BF20
:1044600013F716007DF7114761F655B7918A054796
:10447000CDD611475DB7B355B740858981C5238532
:1044800007159DB79376270089C609472385E7144A
:10449000A1BF118B19C31147D5BF0547C5BFA9D609
:1044A00033D6C640058A35D6A385171535BF0545D1
:1044B0008280AA87283505476317E506F42B154740
:1044C0006394E606982B930650056306D70093067F
:1044D0008005631BD70403C7A70283A54711136791
:1044E00017002385E702D0211147636BC702B4315F
:1044F0006368D7021307F6FF1388F6FF718F3378CE
:10450000D8003367070109EFF821C8312385C714A4
:104510002207498F2396E714A385D7141305A00516
:1045200088AB0145828005458280AA87283509ED40
:10453000F42B0D47639AE600942B05476396E6003B
:104540001307100698AB8280054582807829894739
:104550006317F702832745111829BC332308F50296
:1045600085476317F700930760071CA90145828000
:104570008327850A9397B7282324F50AC5BF0545E5
:10458000828078298947631AF70218299307500710
:104590006313F70283274511BC332308F5028327F1
:1045A000050A9397F7282320F50A85471CA91C398B
:1045B00093E707F81CB9014582800545828074297C
:1045C0001547AA8705456390E60C942B13075008FE
:1045D0000545639AE60A03A747113433A38AD71621
:1045E00083064700A38FD71603065700238DC716EF
:1045F0007823238FE71603C7271793754700A5C9AC
:104600008946A389D71683A6070A6D9B2389E716D7
:104610009396062923A0D70A03C747189376170055
:1046200099CE9306F0076306D6001367270023820E
:10463000E71803A7070A1317172923A0E70A17B7D4
:10464000FF1F0347D71CA387E70203C747030145A2
:10465000A38DE716054798AB03C7A702136717009A
:104660002385E702983B136707F898BB8280098B84
:1046700045D7DDD203A7070AA389A7161317072971
:1046800023A0E70A51BF8280782995476311F70A72
:1046900003274511BD463C3363E0F60697B6FF1F7E
:1046A00083C6961AFD8EA9CA742313F61700230D2C
:1046B000D51683065700A30FD51639C2814711A01E
:1046C00085478507230AF5165C23A30AF516834759
:1046D000251713F747001DCF0947A309E516032740
:1046E000050AED9B2309F516131707292320E50A70
:1046F00083474503A30DF516014582808947D1B74D
:1047000013D6174855FE13D627486DFA8D87CDDF8F
:104710008D4745BF898BE9DFE1DE8547A309F516A3
:104720008327050A939707292320F50AD1B7054562
:10473000828074291147AA870545639EE608B03731
:10474000054705456319E60883A64711A832636447
:10475000A602D822130810099305B7FF93F5F50FA9
:10476000636BB800CC329386B5FF93F6F60F6364A3
:10477000D80063F1E5027947A385E70213078002B9
:104780002386E70203A7870A1367270023A4E70A03
:104790000145828083A6C71093F60608F5DA83C622
:1047A000E7186316C50293E616002387D718930609
:1047B000000AA387E7183307D702B63F3347D7026B
:1047C00083D60704850636972398E718D1B7D99A78
:1047D0002387D71875BF828078299307B0026319A1
:1047E000F71C8357051E411126C206C622C44AC0C3
:1047F0009306A002AA8463F3F61A17B9FF1F0329D0
:1048000069080545630D09188327C901B98B6398A9
:10481000071803A4441119465C2C1387F7FF9375FE
:10482000F70F636DB6167D8F631A071603C7E4147E
:10483000630607169028130700046313E60203A714
:10484000040AA385D4021367470023A0E40A1307D0
:10485000200798A803C7A402136717002385E40262
:1048600093D717488507230EF90C3C3C194693054E
:10487000D40113F7F700230AE90C93D7474813052F
:10488000690DA30AF90C97D0FD1FE780C0E35C34E3
:104890009583A30FF90C78301C243438A30EE90C4F
:1048A0007834230FF90C7C242207A2065D8F1C2884
:1048B000C207D98F183862075D8F93070908D8CBD4
:1048C0003828D98E58284207558F98CF3824143469
:1048D0002207558F3434C206D98E58246207558F6B
:1048E000543498DBFD8AD4DB0347640283465402C8
:1048F0002207558F83467402C206D98E034784026D
:104900006207558FB8C3834794022300F90E83478B
:10491000A402A300F90E8347B4022301F90E8347D2
:10492000C402A301F90E5C203830A207D98F239965
:10493000F4147C205830FD8BA207D98F7820239A5D
:10494000F4149376070281CA1377070439EF93971B
:10495000E728239AF4147C285838A207D98F239B80
:10496000F4141C2C7838A207D98F239CF4143C2C07
:10497000183CA207D98F239DF414834744020347B0
:104980003402A207D98F239EF41483A7040A9397B5
:10499000E72823A0F40A930710079CA80145B2401A
:1049A000224492440249410182807177D98F55B7E0
:1049B000054582807829AD476318F702411106C684
:1049C0008347E51883254511294693E70701230707
:1049D000F5188D051305751997D0FD1FE780A0CE3A
:1049E000B2400145410182800545828078299307C4
:1049F0003002631EF7180357051E411126C206C672
:104A000022C44AC093072002AA8463F8E71617B9A4
:104A1000FF1F032929E70545630209168327C901FA
:104A2000B98B639D071403A4441199465C2C13872A
:104A3000F7FF1376F70F63E2C6147D8F631F07122B
:104A400003C7E414630B071294281307000463954B
:104A5000E6021307A002A385E40203A7040A136772
:104A6000470023A0E40A1307200798A803C7A4025D
:104A7000136717002385E40293D717488507230E91
:104A8000F90C3C3C19469305D40113F7F700230AAF
:104A9000E90C93D747481305690DA30AF90C97D081
:104AA000FD1FE78040C25C349583A30FF90C1C24E2
:104AB0007830230FF90C7C34A30EE90C7824A2077C
:104AC000D98F182842075D8F1C38E207D98F3838F4
:104AD000232AF9083C2822075D8F5C28C207D98F5A
:104AE000232CF9083C241834A207D98F3834420704
:104AF0005D8F5C24E207D98F58342328F90A7D8B17
:104B0000232AE90A5C203830A207D98F2399F414AC
:104B10007C205830FD8BA207D98F7820239AF4147B
:104B20009376070281CA1377070439EF9397E72832
:104B3000239AF4147C285838A207D98F239BF414A5
:104B40001C2C7838A207D98F239CF4143C2C183CD9
:104B5000A207D98F239DF4148347440203473402EC
:104B6000A207D98F239EF41483A7040A9397E728FA
:104B700023A0F40A930710079CA80145B2402244E1
:104B800092440249410182807177D98F55B705451A
:104B900082807829E1476319F70C032785104111BA
:104BA00022C406C626C2098B2A84854719CF24351C
:104BB000639CF404EFE09FED1C28A305A402639C12
:104BC0009700930710041CA88147B24022449244E6
:104BD0003E854101828013070004639CE700930730
:104BE00010041CA88347A40293E717002305F402CE
:104BF000E1BF8327040A93E727002320F40A1C3827
:104C000093E707F81CB8C9B718390D8B19CF93076C
:104C1000A002A305F402BD472306F4028327840AF9
:104C200093E727002324F40A45B718296317F700F0
:104C3000EFE0DFE5A305A40269B793060002631E57
:104C4000D700EFE0BFE4A305A4023DFD8327440A9B
:104C50009397F7292322F40A85BF93060004E316ED
:104C6000D7F69307300275B785473E85828041119C
:104C700006C622C426C24AC00349B500631B090602
:104C80007829A5472A846316F7068327850FA18B09
:104C9000ADC393040510CC48214626858D0597D0D9
:104CA000FD1FE78040A29C40373778081307070DA7
:104CB00013060408D98F385ED4407D8F7C5E93E65E
:104CC000060198C4F58FDCC418288547631CF700DB
:104CD000930710031CA8B240224492444A8502491B
:104CE000410182808327840A93E707012324F40A81
:104CF000DDB70549CDB741114AC006C622C426C258
:104D00007829A54705496311F70618299307000379
:104D10002A840549631AF70493040510CC482146F8
:104D200026858D0597D0FD1FE780E0999840B7371D
:104D300078089387070D5D8F93070408B45FD04010
:104D4000F98EF85F1366060194C4718FD8C4A30569
:104D5000040298531367070298D31C3823082401D0
:104D6000014993E707F81CB8B240224492444A85AF
:104D7000024941018280411122C406C626C22A840A
:104D8000283585476318F5067828A5476318F70482
:104D90001C28639AA70493040410CC482146268556
:104DA0008D0597D0FD1FE78000929C40373778082B
:104DB0001307070D13060408D98F385ED4407D8F82
:104DC0007C5E93E6060198C4F58FDCC4930710035C
:104DD0001CA81C38014593E707F81CB8B2402244D0
:104DE0009244410182808327840A93E707012324A8
:104DF000F40AC5B70545DDB7411122C406C626C26F
:104E00002A84283585476311F5047828A14763185B
:104E1000F702832444111305841215469385340048
:104E200097D0FD1FE780208A9C3498240145A20773
:104E3000D98F2317F4121C3893E727F81CB8B24017
:104E400022449244410182800545D5BF011122CC04
:104E500006CE26CA4AC82A8428358547631CF51021
:104E60007828DD476312F710832444112146130587
:104E7000B41A9385340097D0FD1FE780C084B834FE
:104E8000DC24A309E41A230AF41AEFA0FEA92AC419
:104E9000EFA09EA92AC621462C001305441C97D0DA
:104EA000FD1FE7804082FC34F8241305C41CA207D0
:104EB0004207BA97982811462C00BA97D83462074F
:104EC000BA972324F40CBC38B828A2074207BA9733
:104ED000D828BA9798386207BA972322F40C034768
:104EE000541C8347641C4207A207BA970347741CEB
:104EF000BA970347441C6207BA972320F40C034770
:104F0000941C8347A41C4207A207BA970347B41C0A
:104F1000BA970347841C6207BA97232EF40AA24764
:104F2000374703001307D73FB387E70237A72600A9
:104F3000130737ECBA973EC497C0FD1FE780A078EF
:104F4000FC28D8380145A207D98FF83842075D8F71
:104F50009C2CE207D98F232EF40C8327C41C23201A
:104F6000F40E930710021CA8F2406244D244424956
:104F7000056182800545CDBF78299147631DF712F1
:104F8000411126C28324451122C406C6BC302A849E
:104F900081CB1387F7FF7D8F01E73D476376F702EB
:104FA00093070002A305F402930730022306F402DC
:104FB0008327840A93E727002324F40AB24022447B
:104FC0009244014541018280D4301307E007638792
:104FD000E60013F7170021C3814721A0F947D9B78D
:104FE00085478507230AF41683874400C9C3030550
:104FF0003414A30BF4163307F5001375F50F63563D
:10500000F0028307941763D6E702898FA30BF41687
:105010000DA08947F9B713D7174879F313D7274855
:105020006DFB8D87F1D38D476DBF83078417E34EEA
:10503000F7FC834774173E9513154560EF40E07702
:105040002301A414EF40007103473414A301A414F6
:105050003307E540A30BE416EF402076834744175F
:10506000034734142301A414A297A38FE7168307E0
:1050700044038306C417014763D5F600958F13F7E1
:10508000F70F230BE416DC300547230DF4161C281C
:105090006396E700930760F81CA80DB71307500844
:1050A0006396E700FD57230BF416EDB78327840AB8
:1050B0009397D72811B7054582807829A547631AA9
:1050C000F704411122C406C61429130700052A84D7
:1050D00085476394E602EFE09FBF0DE58327040A4E
:1050E000A305040293E707102320F40A1C3893E772
:1050F00007F81CB885471CA88147B24022443E856A
:10510000410182808347A40293E717002305F4023C
:10511000F1BF85473E8582807829A5476309F7005E
:10512000054582800545B2402244410182808327A3
:105130008510411122C406C693F707022A84FDD3C5
:10514000EFE0FFB88547E30FF5FC18286317F70079
:10515000930710051CA80145F9B78327840A93E734
:1051600007082324F40AC5BF05458280411106C6FD
:1051700022C426C22435F9E07829E1472A84631F36
:10518000F70A182993070004631AF70A83254511C3
:1051900005659306A5C7D821BC3122075D8F93070B
:1051A000A7FFB3C7070863E2F608FC21D431130553
:1051B00005C8A207D58F636AF50663E8E706902560
:1051C000F4312206558E9306301F63E0C606B425DF
:1051D00003C89500A206B3E606016368D50413056B
:1051E0001600334505083305E50213983600634E73
:1051F000A802A83519C163EAA702231DC40423121B
:10520000A406231AE406231BF406231ED404DC356B
:10521000D8253146A207D98F2313F406B905130503
:10522000840697C0FD1FE780004A930770041CA8FE
:10523000B240224426859244410182808544CDBFFC
:10524000054582800545828005458280054582802E
:1052500005458280054582805C25A30A0500F19BF7
:1052600093E717005CA5032505111335150082800F
:1052700001458280411106C6EFC00FC7B240133509
:1052800015000605410182806FF0DFFE411106C660
:10529000EFC08FC505C10357C5058356A505035645
:1052A0006507835545070A25EF7040520145B24016
:1052B000410182800945E5BF01111375F50F06CE46
:1052C000EFA06FD129C997A7FF1F83A7A76193F705
:1052D00007209DC302C402C202C081480148814721
:1052E00001478146054681451305C003EF70804E96
:1052F0000145F240056182808346D5031307E5032B
:1053000002C0814801488147054681451305C00315
:10531000EF70E049F1BF0945E9BF97A7FF1F9387E9
:10532000E74E03A7C708094529CB83A7870D0111BD
:1053300006CE93F707208DC302C402C202C0814883
:10534000014881470147814601468145EF70804809
:10535000F240014505618280835807020358A70186
:105360008357070583465707014602C0130767079F
:1053700081450945EF70A043E1BF8280011106CE4F
:1053800022CCEFC06FB625CD303505472A8497A7CC
:10539000FF1F9387A7476312E604F853094515CB0F
:1053A00003460403834657048358E4030358C403A5
:1053B0003E3C0E240345B4021307670432C0054681
:1053C000EF70E03E7C34A3050402014593E717002B
:1053D0007CB4F24062440561828003A7C708094596
:1053E0006DDB834657078358E4030358C4033E3CF0
:1053F0000E240345B4021307670702C0D1B709455D
:10540000C9BF397106DE22DC26DAEFC0EFAD71C903
:1054100038352A8497A7FF1F9387473F2DEBE45326
:105420000945ADC019468145081097C0FD1FE780AA
:10543000003019468145281097C0FD1FE780202FB6
:10544000C167FD178358A40383C6540430340E2467
:105450000345B4023EC89C241308810213876404E8
:105460003EC6834704033EC47E3C3EC25E3C3EC013
:105470001C10EF70A0387C34A3050402014593E7AB
:1054800017007CB4F2506254D25421618280A45F30
:105490000945EDD819468145081097C0FD1FE780E2
:1054A000002919468145281097C0FD1FE780202854
:1054B00083D7240D8358A40383C6540530340E24A7
:1054C0000345B4023EC89307F00F3EC602C47E3CBB
:1054D00013088102138764053EC25E3C3EC01C1067
:1054E00049BF094545B7397106DE22DC26DA4AD8BC
:1054F000EFC08F9F630F0514343505472A8497A7A3
:10550000FF1F9387A730639AE60AE4530945C1C099
:1055100083C744041946898BC9C38C58BC25B5CFB1
:10552000B105280897C0FD1FE780E01983C7540420
:10553000138964041946898BA5CBCA85081097C0C6
:10554000FD1FE78040188C5819469105281097C018
:10555000FD1FE7804017834704038358A40383C6D5
:10556000540430340E240345B4023EC47E3C130878
:10557000010238103EC25E3C3EC03C08EF70802500
:105580007C34A3050402014593E717007CB4F25074
:105590006254D2544259216182808145280897C0C3
:1055A000FD1FE780C01859B78145081097C0FD1F3F
:1055B000E780E0171946CA8551BF83A4C70809458B
:1055C000F9D483C744061946898BB9CF93856406FD
:1055D000280897C0FD1FE780000F83C74407138981
:1055E00064071946898BA1CBCA85081097C0FD1F97
:1055F000E780600D83A5440819462810910597C0DF
:10560000FD1FE780400C83A74408BC3393E72700C5
:10561000A38AF4068358A40383C6540730340E24A7
:105620000345B40202C499B78145280897C0FD1FFD
:10563000E780E00F5DB70810814597C0FD1FE78048
:10564000000F1946CA85281097C0FD1FE780A007E4
:10565000D1B709452DBF797122D426D206D6AA84A6
:10566000EFC08F8817A4FF1F0324C42139C5AA8760
:1056700009451DCC83D7271519469305640D7C86F3
:1056800085477C878357440D13052101A30401003E
:10569000FC80648597C0FD1FE780E0028327C40D6E
:1056A00028003ECC8327040E3ECEEF70A01B0145A0
:1056B000B25022549254456182800945D5BF0111F0
:1056C00022CC06CE2A84EFC02F823DC18347B5028B
:1056D000034745176083DC8283473517D8845C8491
:1056E00095EF83477517030795175C868307351475
:1056F0005C85631CF7008947DC854800EF70601605
:105700000145F240624405618280030785176314F6
:10571000F7008547D5B7A3050100C5B78347A5178F
:105720005C8583475517DC858347F5175C86F1B7A1
:105730000945C1BF011122CC06CE2A84EFB0DFFAA1
:1057400029C58307A517C084218040851307F0076A
:105750006389E70203474503998FDC858347451832
:1057600013F707010DE393F7070293B717008507B7
:1057700028005C86EF70C00E0145F240624405616E
:105780008280FD57DC858147E5B70945FDB7797112
:1057900022D426D206D6AA84EFB01FF517A4FF1F85
:1057A0000324440E21C5AA87094505CC83D72715B4
:1057B00019469305640DFC808547FC818357440D91
:1057C00013056101A3060100FC82648797C0FD1FD9
:1057D000E78060EF8327C40D68003ECEEF700008BD
:1057E0000145B25022549254456182800945D5BF8B
:1057F000411106C6EFB05FEF11C9834505140A25B4
:10580000EF7080050145B240410182800945E5BF46
:105810009375F50F01112E8506CE22CC2EC6EF9082
:105820009FFB05C1834605072A84B245082D05461E
:10583000EF7000020145230C0400F2406244056150
:1058400082800945DDBF411106C6EF702000B240DD
:10585000014541018280411122C406C617A4FF1FE1
:1058600003244402094509CC0355240DEF60D07D83
:105870000325C40C9307F00F2319F40C11E501451F
:10588000B24022444101828097E0FD1FE78060938F
:10589000A304040CEDB797A7FF1F83A7A7FE99CB1E
:1058A00041111385070D06C6EF60D079B24001455E
:1058B0004101828009458280411106C622C4EFB0B1
:1058C000BFE205C983467514034665140E252A8474
:1058D0000345B5028506050693F6F60F1376F60F17
:1058E000EF6030740145A3050402B2402244410137
:1058F00082800945DDBF411106C6EFB0FFDE05C15C
:105900000357251E8356051E0356651E8355451EE7
:105910000A25EF60F06B0145B240410182800945E4
:10592000E5BF411106C622C4EFB01FDC15C52A84AD
:105930000357C5058356A5050356650783554507D7
:105940000A25EF6070681C38014593E747001CB8D2
:10595000B2402244410182800945DDBF411106C6A3
:10596000EFB09FD805C18347451B0346351B930500
:10597000B51A0A25A2075D8EEF60D0640145B240DA
:10598000410182800945E5BF411106C622C4EFB03E
:10599000BFD505C10E252A84130605100345B5029F
:1059A000EF6010620145A3050402B24022444101A8
:1059B00082800945DDBF411106C622C4EFB0DFD2A7
:1059C00005C50357C5058356A505035685050E2550
:1059D0002A840345B502EF60705E0145A305040209
:1059E000B2402244410182800945DDBF01458280E9
:1059F0000145828001458280014582800145828087
:105A00000145828001458280014582800145828076
:105A10000145828001458280014582800145828066
:105A20000145828001458280014582800145828056
:105A3000014582800145828001458280411106C670
:105A400022C4182193060008AA876313D7021831CD
:105A50009306C002054563E3E604970601009386BA
:105A600026263347D720AA231843029701453DA095
:105A70009306100805456313D7029833E946630976
:105A8000D71063E5E604B1466303D70E63ECE60086
:105A900095466304D706A146630AD70AB24022445A
:105AA00041018280CD46E31BD7FEAA23EFB0DFC3BE
:105AB0002A8429C90356450419C60E250545EF60F9
:105AC000F04D23120404A30804024DB79306700599
:105AD0006309D70C9306F00FE30AD7F89306000387
:105AE000E31ED7FAAA23EFB03FC02A8401CD0E25CA
:105AF0000345B502EF60104B85A8AA23EFB0DFBEC7
:105B00002A8419E1094559BF032785110DC7835719
:105B100045048507B3C7070818433E868507B3C702
:105B200007087DFB2312C40419C60E240545EF6047
:105B3000F046231204040345B402034644050E2430
:105B4000EF6090442285EFB05FAA0DB7AA23EFB0B3
:105B5000BFB92A8445D90346C5040E250345B502BD
:105B60003336C000EF609042A305040201B7AA23B8
:105B7000EFB09FB72A8459D50357250583560505ED
:105B80000346F5040E250345B502EF607040E9BFFA
:105B9000AA23EFB07FB53DD50345B502EF60504075
:105BA000F1B5AA23EF605040D1B5011122CC37E402
:105BB00000E026CA04404AC84EC652C406CEB70703
:105BC00020002A892E8AB289FD8C2320F4180F1018
:105BD0000000114597C0FD1FE780C09F1DC5230031
:105BE0004501A300350123112501232094106244AF
:105BF000F240D2444249B249224AAA8517A5FF1F62
:105C00000345B58705616F90FEC723209410F240CD
:105C10006244D2444249B249224A11450561828018
:105C200041114AC037E900E026C28324090006C6B4
:105C300022C4B7072000FD8C2320F9180F100000A4
:105C4000EFB09FAA11E9232099100945B2402244E0
:105C5000924402494101828083270512230D0500E9
:105C60002A84A9CF78340A25058B11EF0A2401462E
:105C700093050008EFF07FF329C5B7E700E023A004
:105C800097100145E1B7D443D0278C278906EF60F0
:105C9000D03115E183270412BA27A38407001367C4
:105CA00007F0BAA79C432320F4128357240481C72A
:105CB000FD172311F40483270412CDFB23110404E0
:105CC0006DBF85473CAC55BF411122C406C62A842E
:105CD00097A7FF1F83A7C7BF89E7B24022444101AE
:105CE000828063848700DC5FC5BF3C2499C793052D
:105CF000C4001305A401EFA060093C28F9DF930557
:105D000044011305A4022244B24041016FA00008DF
:105D1000AA862E86AA85170500001305C5006F9078
:105D20005EED411126C297A4FF1F938424AE83A782
:105D3000440C22C406C62A8491E7B240224492440D
:105D40004101828063848700DC5FFDB73C2499C7F2
:105D50009305C4001305A401EFA040033C2899C794
:105D6000930544011305A402EFA0400222852244BA
:105D7000CC58B240924441016FF09FF901114AC8DA
:105D800017A9FF1F130989A822CC0324490C26CA8E
:105D90004EC652C456C206CEAA84014A9309450093
:105DA000854A65E0930520251305000497D0FD1F63
:105DB000E780C0342A841D4545CCBC301946938504
:105DC0004400130544003CB097C0FD1FE780A08F3E
:105DD000938AA40141468145568597C0FD1FE780FF
:105DE00040A879E19309A401D68541464E8597C024
:105DF000FD1FE780A0A385473CA43C309305C40069
:105E00004E8593E727003CB4EF9050789384A4022A
:105E100041468145268597C0FD1FE78080A441E962
:105E20009307A402A6853E854146BE8497C0FD1F08
:105E3000E780C09F85473CA83C30930544012685F8
:105E400093E727003CB8EF907074A300040083250B
:105E500049032285EFF0DFEB631E0A042322890C3D
:105E6000232E04028347090C014585072300F90C02
:105E7000F2406244D2444249B249224A924A056100
:105E800082803830BC306305F700228A405C11BF45
:105E90004146CE851305440097C0FD1FE78040941E
:105EA000E31555FF4945E9B72305040085B72309E4
:105EB000040061BF232E8A0265B7411122C426C2A5
:105EC00006C64AC017A4FF1F032484A0FD5419EC82
:105ED000B240224497A7FF1F23AC079E97A7FF1F3E
:105EE0002386079E92440249410182800820EF9058
:105EF000DEED0329C40304A0228597D0FD1FE780AF
:105F0000402C4A84E9B797A7FF1F938727902380E7
:105F1000070C23A2070C6F90307141114AC017A9DA
:105F2000FF1F1309A98E26C28324890706C622C42F
:105F300083C7D404858BA9CB8347290049459DCFCE
:105F4000194697A5FF1F9385C59A1385E40497B05A
:105F5000FD1FE78040778547BCB49CB8BCB8BC281F
:105F6000094798A4C1CBEF902034832789052A8460
:105F700085C79307004063EFA7001D45B240224448
:105F80009244024941018280194697A5FF1F9385DB
:105F9000E59565BF130405C08357C90A81CF1797DC
:105FA000FF1F1307E74F1E2B7837B387E702E3F68F
:105FB00087FC1D8CEF9000378D473354F402335526
:105FC000A40A1181334505082391A4045DD5120567
:105FD0009305E0243345050897D0FD1FE7800012A4
:105FE00003D62404E8C02A871308F6FF814763CB51
:105FF000C704A8C483C704021794FF1F1304C4472F
:106000000D472830639CE704F228BE383E96914540
:10601000EF903ECA2830914597D0FD1FE780A07DC4
:10602000923C19CA938614031206A6851725000010
:106030001305A5F0EF90FEBB9797FF1F2388077C01
:1060400001452DBF63D9070193060701B6850CC32F
:106050008507368769BFBA868145D5BF09476394EE
:10606000E700B2386DB7F2285DB741119305E0261D
:106070001305800E22C406C697D0FD1FE7800008D6
:106080002A842DC91306800E814597B0FD1FE78035
:10609000006A9797FF1F23A7877E23050400230428
:1060A000040097A7FF1F93876799985FDC5F78D8F4
:1060B0003CDCFD571EB8A30EF406A300F4089707B6
:1060C00000009387C7E53CD497270000938767AE0D
:1060D0007CD4972700009387A7993CD89797FF1FF8
:1060E00083C7074281EB8D4503A541B097C0FD1FD3
:1060F000E78060A6B240228522444101828041119E
:1061000022C406C626C28347C5052A84A5C79305AF
:10611000E50519461305E50497B0FD1FE780406CBF
:10612000AA8429E91C28898BA5E39797FF1F83C7B9
:10613000F76D85CF8347D4058DCB8347340613078E
:10614000000493F7070C6392E7021305C40597D088
:10615000FD1FE780C08668D009C98947230EF40473
:106160008347D40493E7270089A80347C4058947D8
:106170006316F70083474405A1E78544B2402244F3
:1061800026859244410182808347D405E5DB83471D
:1061900034061307000493F7070CE391E7FE979783
:1061A000FF1F83C7B766F9D71305C40597D0FD1F36
:1061B000E780E08068D0F9574DF1A30EF4045DBF8D
:1061C0009797FF1F83C79764CDDB8347540513055B
:1061D0004405A9CB8347B4051307000493F7070CC4
:1061E0006392E70497C0FD1FE780E07968D051D53E
:1061F00093046405A6851946510597B0FD1FE780F5
:10620000804C6C508D47230AF404BC31194691052B
:1062100093E72700A30AF404268597B0FD1FE780C3
:10622000804AA1BF97C0FD1FE780207168D031D59B
:106230008947230AF4043C29A9D38D47230AF4048F
:106240000431B33490001DBF034745051DC3182911
:10625000AA870545058B05C3E84BAC4F411106C61F
:1062600097D0FD1FE780C082B2403335A0004101C6
:106270008280054582808280797122D406D63C29AD
:106280002A84BDC30357050483572504637EF7049E
:1062900097C0FD1FE780207685476307F50001451D
:1062A000B2502254456182805C341D472844639477
:1062B000E700834784025CA1834754051946930590
:1062C00064055CB18347940219057CA13E341EA588
:1062D00097B0FD1FE780203F8357040485072310F4
:1062E000F4043C449C433CC4584CA1674834F98FA7
:1062F000E1C7994763E7A7047C2413075002E360D2
:10630000F7FA970601009386E6A63345D520184193
:10631000369702874D472304E4027D57E917A3040B
:10632000E402231F0402A30604022307F40211A8B7
:10633000930750F11EB4231F0402A306040223078F
:106340000402034EE402014363090E007C2403238C
:106350008407B387C74189073E9303458402834678
:10636000C4020347D4028347940203083402835EC5
:10637000E40383455405830854018506137F4500D3
:106380001AC872C61306640593F6F60F63030F026C
:106390001303E4051AC40343D4051AC276C0EF60A0
:1063A00080480545F5BD4147BDB76D47ADB7494785
:1063B0009DB702C402C2DDB785476316F50417977F
:1063C000FF1F0327274C182B8345540583075401CF
:1063D000098B1306640515C38346D40599CE03477C
:1063E0003406130500041377070C6318A70013077E
:1063F000E4050545EF60A0426DB7014781460545BC
:10640000EF60803B79BF742493075002E3E9D7E83B
:1064100089476307F50099476315F500094511A001
:106420000D45E91693F6F60F2307D402014799C2EA
:10643000385C21078307540183455405130664051E
:10644000C1B7411106C622C42A8497E0FD1FE78028
:10645000405A930700FA3CA4A1451795FF1F034536
:10646000D501EF903E8D1797FF1F1307273A1C2386
:106470007628850793F7F70F1CA3130700643347AB
:10648000D70263C8E700EF90FEDF9797FF1F238FC7
:106490000736B240224441018280411122C406C61F
:1064A000B1475CA57C590D472A8498A35C2578598F
:1064B00093F7F7031CB38347D50423060504898BA0
:1064C000A1C383474505898BA1C76C5189ED6C50E9
:1064D000BC299DCB68581946D105210597B0FD1FF1
:1064E000E780601E15A0BC25FDD389472306F5046F
:1064F00068591946B105090597B0FD1FE780A01C32
:1065000083474405898BE1F78347C404898B91EB6A
:10651000685819469305E404090597B0FD1FE78004
:10652000801A034744058D47630BF70068581946E6
:1065300093056405210597B0FD1FE780C0188347C8
:10654000D404858B91E70347C40489476317F70098
:1065500078581C2393E707041CA383475405858BB5
:1065600091E7034744058D476317F70078581C23CC
:1065700093E707F81CA358349D474C24631EF7008B
:1065800003455402930760FA3CA42244B2404101FF
:1065900017D3FD1F6700E385930720FA3CA401454C
:1065A000EDB7411126C2938441B18C409797FF1FEC
:1065B00023A8074822C49797FF1F23A1074806C6B0
:1065C000D8559797FF1F83C7E7EEB7060082FD16E1
:1065D0001396476093F7F703758FE607D98FDCD5DD
:1065E0001307A0032A8483A741B3635CC704F84F51
:1065F000B7060007558FF8CF2285EFF01FEA7858CD
:1066000083A741B22285B8DF9C40984313177729AE
:1066100098C3D857719BD8D7EFF01FC697C0FD1FFE
:10662000E780E0709797FF1F83A78741858BB1C7ED
:106630009797FF1F23A60740B2402244924441018E
:10664000828013072002635AC700F84FB70600F98B
:10665000FD16758FB706000571BFB70600F96947CB
:10666000FD166357C700F84F758FB706000359B77B
:10667000F84F758F13178729BDBF930700FA3CA405
:1066800065BF797122D4930555012A84285D01469E
:1066900026D206D697C0FD1FE780C06B89446314DD
:1066A0000518305C9D46A1441C22BD8B5CB4183299
:1066B00078A4639AD7163C22914493D6670093F747
:1066C000F70363F2E7169944639F06149305F7FFF7
:1066D0009D8D93F5F50F2307B4022832C5449376B8
:1066E000350063920614937645006397061093066F
:1066F0004600FD1793F4F70F9377850095CB9C32F6
:106700008348940213D84700639408170568130858
:1067100008F083C80600A207B3F707010358A402D4
:10672000B3E717016316F814F914890693F4F40F0C
:10673000418935C19C220965130505F093F7F703DC
:106740002302F402BC22A207E98F8832C98F9397F3
:1067500057607EB08DCF038506006353050A13058D
:10676000C01203485402B387A7020545631CA8085A
:106770002D070A07998F138547ED130840510347EA
:1067800084026374A808136707042304E402F51461
:106790008D0693F4F40F3C3213F7070261EF93F781
:1067A000070499C79C22FD1493F4F40FA301F4028B
:1067B000E1E40346E4027C24385C8346C402918F02
:1067C0008907BA9732C63EC802C402C27E3C85061B
:1067D00093F6F60F3EC08308540103083402834742
:1067E00094020347D40283455405034584021306EB
:1067F0006405EF60400305A893065600F917DDBD58
:10680000794585B729070E07B5B74A3CAA9517956C
:10681000FF1F0355A503635EB50013670704230438
:10682000E40293040002B25022542685925445613A
:106830008280136707022304E402138741B20843EE
:106840004EBC4C4513981549232605010F10000036
:10685000184337050200938757ED08C71305000852
:106860001798FF1F2324A81E86077CD34CC705B7A3
:10687000D14455BFD94445BFE14475B75D71A6C247
:10688000B7040300A2C4CAC04EDE52DC56DA5AD89E
:106890005ED686C61794FF1F0324C4FE138941B237
:1068A000370A02009799FF1F93894919930A000834
:1068B000138B41B1938B41B39384841583270900D3
:1068C000F8537DFFD44713971649D8C70F1000001F
:1068D0000327090093072030B7053300232447011D
:1068E00023A859017CD354C79797FF1F23A80714E7
:1068F0008347840293F7F7F92304F4029797FF1F65
:1069000023A807149797FF1F23AC071285471CC3C2
:1069100083270B00944393F6F6CF94C3944393F6E6
:10692000F6CF93E6062094C383A60B0090464D8EC7
:1069300090C624CBD856759BD8D69843834644023C
:10694000137707F893F6F607558F98C397C0FD1F86
:10695000E780E03D97E0FD1FE780A00983A70900DD
:10696000858B89CB22859797FF1F23A9070CEFF012
:106970005FD131C5930700FA3CA4034584028346E6
:10698000C402830854011375F5F913650504230443
:10699000A40203083402834794020347D4028345C8
:1069A000540502C802C602C402C2723C850693F6B0
:1069B000F60F32C013066405EF50F06609A883474E
:1069C00084021307000293F70706638DE700B640C1
:1069D000264496440649F259625AD25A425BB25B47
:1069E0006161828038249307500AE309F7EC71B79C
:1069F0005971A2D4930555012A84285D014686D693
:106A0000A6D2CAD0CECED2CCD6CADAC8DEC6E2C4AE
:106A1000E6C2EAC06EDE97C0FD1FE780A0330947DB
:106A200059ED032B84071D461307000883460B000E
:106A3000BD8A54B483471B007CA46392C608834478
:106A40002B00114713DC64002304840393F4F40344
:106A500063F7F406138714006376F7008946194735
:106A6000630FDC04FD17858F2307F40283473B0087
:106A700013094B00858B9DE7FD1483473B0093F47E
:106A8000F40F898BC5CB0347C4053C5C6300071634
:106A900089469C236318D7069397476063C9070606
:106AA000494731A883474405130564058DCB194632
:106AB000CA8597B0FD1FE780A0D2454721E1B650B7
:106AC000265496540659F649664AD64A464BB64B62
:106AD000264C964C064DF25D3A856561828085476D
:106AE000230AF40483470B001946CA8593D76748E5
:106AF000A30AF40497B0FD1FE780E0BC1309AB00C4
:106B0000E514A5BF0347D4059D83E31BF7F8194699
:106B1000CA851305E40597B0FD1FE78060CC49D115
:106B200083478402E914190993E7470093F4F40FAB
:106B30002304F4022285EFF08FDC254749D18346F8
:106B40003B0093F7460089C7FD14050993F4F40F41
:106B500093F7860095CB83471900834594025147EC
:106B600013D64700E39DC5F40567130707F0A20796
:106B7000F98F03470900D98F3A346303F7003EB415
:106B8000F914090993F4F40F93F70601C1C35547AB
:106B9000E3170CF2834709000967130707F093F71F
:106BA000F7032302F40283472900A207F98F034762
:106BB0001900D98F939757607EB00307090063557A
:106BC00007006177D98F7EB07E30F5140D0993F4FC
:106BD000F40F93F6060299C78347840293E70702EE
:106BE0002304F40295EA231F04029DA80547230EFF
:106BF000E4049C231946CA859D83A30EF40413055F
:106C0000E40597B0FD1FE78000AC19BF93F60602BC
:106C1000F9DA5947E3150CEA4946CA85680897B07E
:106C2000FD1FE78040AABC8709477EBC5C4CB98B3E
:106C30006394E70283472408858B6383071A979937
:106C4000FF1F83A9E9C493056405054A6390090CF5
:106C50008347C407639B0710B914490993F4F40FE1
:106C600083473B0093F7070489CB83470900FD1452
:106C70000509A301F40293F4F40FC9C0130620031D
:106C8000A54505450347190083470900631BC70451
:106C90006399B7040347C4076315A7040347390082
:106CA000834629002207558F83464900C206D98EA4
:106CB000034759006207558F2320E40C03476900FE
:106CC0002300E40E03477900A300E40E0347890084
:106CD0002301E40E03479900A301E40E0947230EA4
:106CE000E40663FD970013871700B387F440FD1790
:106CF0001377F70F93F4F70F3A99C9F42285EFF061
:106D0000AFD48547630BF52E054755BB03C7490034
:106D1000834794026313F70C8347540503C7590054
:106D2000858B631CF70A1946138569002EC697B038
:106D3000FD1FE780E0AAB2456311450B834794022B
:106D4000A308040C2319440D230AF40C83475405AB
:106D500019461305640DA30AF40C97B0FD1FE780D4
:106D600080962320040E230E44079257A256130543
:106D7000040B13D757001D8BA30FE40C03475402D9
:106D800013968601A1820507230EE40C7A3CA30E1C
:106D9000E40C2183230FE40C13D78700598E1307CB
:106DA000040814CF8356C10250CBFD8B2314D408A2
:106DB00082565CDB14DBEFA01FBB0347D101896760
:106DC000A307A40893760702F249FD17A1EEB3F9D1
:106DD000F900F947B389F90295A083A90900BDB567
:106DE0000347440D83479402E314F7E683475405B1
:106DF0000347540D858BE31DF7E41946930564059D
:106E00001305640D97B0FD1FE780809D8547E31152
:106E1000F5E4A308040C2319A40C2320040E230E6C
:106E2000A406A1B7B3F9F900137707049307C012BA
:106E3000B389F90201C7B7872500BE99834654027A
:106E400005477C246393E618AD078A07B389F940A8
:106E5000B7074B00138749ED938777DAE3EEE7DE58
:106E6000978BFF1F938BCB6803D5CB0037460F0062
:106E70008146B3A5A902130606242300040833059E
:106E80003503EFB0502C83A70B002A8AAE8A829775
:106E9000B307450133B5A700B305550183A68B00A1
:106EA0003E8799E163E4D7003387D74083A701A1E8
:106EB0002320E40A82971307204E33CDE90223A64C
:106EC000A1B083D7EB00B74D0F00938D0D249387AE
:106ED000471F178AFF1F034A3A5E83DCCB008146B7
:106EE00081456686B3C7FD02B30AED023305BA03D6
:106EF000135A1A00B3DAFA02EFB0F0249306003204
:106F00001307204E6686B387AC03AA9AB3F7D7025D
:106F10008146B387E702B3C79703B335BA03B3C754
:106F20000708BE9A3305BA03EFB0F0215695637196
:106F3000350BD289B3B55C03032A040A37460F0028
:106F40002326540B13060624814633855C03EFB0D9
:106F5000901F636CAA083305AA402322A40A0345A4
:106F6000D4079307F00F6304F500EF801EE6832734
:106F7000440A1795FF1F0325E59163EC3707338615
:106F800037418327C40D03D7CB009306D407A183D1
:106F9000B3C70708B387E70213070032A2859387B8
:106FA000071933D7E70297C0FD1FE780C074034776
:106FB000D4079307F00FE301F7CAFD572319F4082C
:106FC0005C4C93E747005CCC41B9A9078E07BDBD77
:106FD00037153D0066868146130505908145EFB063
:106FE0009016B38AA9408D49B1B783A78B003E9A0A
:106FF0009DB703A78B00BA9759B78947631CFC005C
:107000007C34858B81CB8347440589C71C38CDC32D
:10701000FD171CB897E0FD1FE780A09D2285EFF0CB
:10702000AFA58347840293F70702E38F07CC7E3036
:107030001397576063520708CE07CD831307C0121A
:10704000034654028546B387E70278246318D606C0
:107050002D070A07998FB7064B00138647ED9386D5
:1070600086DA13071002E3ECC6A413070064E36D8D
:10707000F7C8138741B210435446939516494CC63E
:107080000F100000184337060200938757ED10C712
:10709000130600089795FF1F23AAC59A86077CD37D
:1070A00054C7930750FA3CA48347E4025EBCA9B9D5
:1070B0002285EFF00FCF89B9794759B729070E0715
:1070C00051BF411122C4930555012A84285D014610
:1070D00026C206C64AC097C0FD1FE780A0C78944E4
:1070E00035E5032984079D469304000803470900FA
:1070F0003D8B58B4834719007CA46319D704034718
:1071000084029944136787002304E402034729009B
:107110009376F70319831DEB138716009144637769
:10712000F702FD17958F2307F40283473900930573
:107130004900858B8DCF834644050D478347090061
:107140006392E61293F7070489EBC544B2402244E8
:1071500002492685924441018280685019465105B2
:1071600097A0FD1FE780C0679305A90079DD8347DD
:107170003900C94413F7270071FB230E040413F7E9
:107180004700CD4461F793F40702639F041213F79D
:10719000870005C398318566938606F02207758FB0
:1071A00094218905558F3AB403C7F5FF1183A304D1
:1071B000E402C18BB9CF9C210967130707F093F74D
:1071C000F7032302F402BC21A207F98F9831D98F6B
:1071D000939757607EB003870500635F0708130726
:1071E000C012034654028546B387E702782463172A
:1071F000D6082D070A07998F138747ED930640514C
:1072000063F1E6088347840293E707042304F4024A
:107210008D058347390093F7070481C79C21A3019B
:10722000F402030744013C38634AE00885475CA840
:107230002C380545EF80FEFD08B82285EFF0CF839E
:107240008547E315F5F0834784021307000293F79F
:107250000706E39DE7EE930750FA3CA48347E40258
:107260005EBCEDB50347540593D76748E31FF7ECC1
:10727000194613056405EDB57947A5B729070E072B
:107280009DBF138741B2104354461395164948C613
:107290000F100000184337060200938757ED10C700
:1072A000130600081785FF1F2322C57A86077CD3A3
:1072B00054C78347840293E7070289BF858399C334
:1072C0003CB8BDB78547EDBFD94449B5011126CAC1
:1072D000938441B3984022CC4AC84EC606CE5C5730
:1072E000138941B1938941B2F59B5CD7032709000B
:1072F000834645021784FF1F130444741C4393F60E
:10730000F607014693F707F8D58F1CC3B7C7898ED8
:10731000938767ED1CC7B7575500938757555CC3D4
:1073200003A709009305F00F5C4393E717005CC3C4
:10733000930710FA3CA5034555022320040097C08B
:10734000FD1FE78000CF83A60900232A040003273E
:1073500009002322040085479CC21C4337063300E2
:1073600093F7F7CF1CC31C4393F7F7CF93E707209E
:107370001CC39840F24062441C47D2444249D18F1A
:107380001CC7B707030093878715BCCAB2490561BC
:107390008280411106C622C4FD572308F5028347A7
:1073A00015022A842301F502A147A300F502354501
:1073B00097D0FD1FE780806B2285EFF03FF1938728
:1073C00041B2984354471396164950C70F10000016
:1073D0009C433707020098C7130700081786FF1F52
:1073E0002326E6660567130727A8F8D3D4C79307B3
:1073F00040FA3CA4B240224441018280011122CCD7
:10740000930555012A84285D014606CE26CA4AC83E
:107410004EC652C497C0FD1FE780C093631105425A
:10742000832984071307F00783C60900BD8A54B473
:1074300083C71900A301E402230A040493F7F703A6
:107440007CA4230E04041D476399E632544C116753
:10745000758F6318073E03C929009374F9031387D6
:1074600014006392E73E135969002304240383C781
:107470003900138A490013F7170051CB6317093CF1
:10748000C18B91C70347140289476300F73C8547C6
:10749000230AF40483C70900D285194693D76748A5
:1074A00013056405A30AF40497A0FD1FE780A0213B
:1074B00083C73900E514138AA90013F7270093F452
:1074C000F40F25EB83C7390013F747006311073822
:1074D00093F60701A18BC5C383471A0005671307FD
:1074E00007F0A207F98F03470A00D98F3EB48347FC
:1074F0001A009183A304F402FD572301F402C1E6AC
:10750000F914090A93F4F40FA3060402F9A0FD1478
:1075100013F7270093F4F40F55D7630C09008D443B
:10752000F24062444249B249224A2685D24405616A
:107530008280C18B91C7034714028947E301F7FE9C
:107540008547230EF4043C5CD28519469C23130521
:10755000E405E9149D83A30EF40497A0FD1FE780C2
:10756000801683478402190A93F4F40F93E74700C7
:107570002304F40281BFFD57A304F4022301F402A3
:10758000C1D6D54471BF97D0FD1FE78080468347A1
:107590002A000967130707F093F7F7032302F402A1
:1075A00083474A00A207F98F03473A00D98F939780
:1075B00057607EB003072A00635507006177D98FB3
:1075C0007EB083474A0009479583A302F402E36A29
:1075D000F7FAED14150A93F4F40F83C7390013F783
:1075E00007026318072613F7070405C313F70701FB
:1075F00011C7834614020947638FE62403470A0034
:10760000FD1493F4F40FA301E40263980424631AB5
:1076100009022285EFE0BFAE19E1A54411B722852A
:10762000EFE09FC27DD983C73900C18B95E397D026
:10763000FD1FE780003C228523070402EFE0DFC343
:1076400089B7C18B91E797D0FD1FE780803A15BFBE
:10765000834754027230230604028507A306F4020E
:107660009317566063DF070C4E064D829307C012D6
:10767000034714023306F60285476316F7007C249D
:10768000A9078E071D8EB7074B00130746ED93879A
:1076900087DA63E6E71C9307005063E6C70A938422
:1076A00041B29C40D84793161749D4C70F10000029
:1076B0009C40B70602001789FF1F1309293894C799
:1076C000130656ED930600082328D9000606F0D3CA
:1076D000D8C7F8537DFF8347140222852301F402A3
:1076E000A147A300F402EFF07FBE9C40D847931659
:1076F0001749D4C70F1000009C40B706020093043E
:10770000000294C7930600082328D9009306A032EC
:10771000F4D3D8C797B0FD1FE780606183270900C5
:10772000858BE38F07DE22856244F240D2444249D2
:10773000B249224A9787FF1F23A2073005616FF0E5
:107740002FABF94735B7034704039307F00F9304B2
:107750001002E317F7DC930710271306F6D8335609
:10776000F60293060403A285170500001305A5C2BF
:107770009304F007EF80EEC765B313077004335727
:10778000D700058B93040008E30C07D8E91793F79B
:10779000F70F7D47E366F7D88544230A940483C72F
:1077A000090019469385290093D767481305640596
:1077B000A30AF40497A0FD1FE780E0F05C34230ED9
:1077C0000404639197022C5C230EF40419469C2157
:1077D0001305E405A1059D83A30EF40497A0FD1FE6
:1077E000E78060EE2285EFE09F918547AA84E3164B
:1077F000F5E22285EFE05FA5E31195E25C3481C7F5
:107800001947639CE7006434858881C88347440531
:1078100089C71C3889CFFD171CB897D0FD1FE7809A
:10782000401D583491476318F7009D44D5B922850F
:10783000EFE03FD7F5B12285EFE01FA4FDB7894403
:10784000C5B1A144F1B99144E1B9C544D1B9CD4420
:10785000C1B9D944F1B1DD44E1B1E144D1B19304FE
:1078600010027DB9411122C4930555012A84285D77
:10787000014626C206C697B0FD1FE780A04D894489
:1078800029E12C5C7D4791449C31230E040493F73D
:10789000F7037CA4E91793F7F70F6364F7029C21C1
:1078A0001147A144BD8B5CB4639DE700834644054A
:1078B0000D479C21AA846395E60493F7070481EBA6
:1078C000C544B240224426859244410182806850DA
:1078D00019468905510597A0FD1FE78060F06DD11D
:1078E000030744013C386348E00285475CA82C3814
:1078F0000545EF801E9208B82285EFE0FF97D1B7CB
:107900000347540593D76748E31CF7FA19468905DE
:1079100013056405C9B7858399C33CB8C9BF8547BA
:10792000EDBF011122CC1784FF1F13042411584C02
:1079300026CA06CE4AC84EC695479784FF1F83A421
:1079400064F46306F700584C8D47631FF7008347C4
:10795000140281E7930760101EB0F2406244D244E3
:107960004249B249056182805C4C138941B2832748
:10797000090037070200194523A2070698C7978711
:10798000FF1F23A5070C938941B197D0FD1FE78006
:10799000E00D03A70900B7C7898E938767ED1CC761
:1079A000B7575500938757555CC383C72402130705
:1079B000F00F6387E700A380F402FD572381F402F0
:1079C0000327090001469305F00F5C43014593E747
:1079D00017005CC3930710FABCA499475CCC978747
:1079E000FF1F23AD0704138441B397B0FD1FE78049
:1079F000406418405C57F59B5CD783A60900983417
:107A00009C421377F70793F707F8D98F9CC29787A3
:107A1000FF1F83C7E7AE99C703A541B097A0FD1F1D
:107A2000E780801203A70900B70633001C4393F7D1
:107A3000F7CF1CC31C4393F7F7CF93E707201CC372
:107A400018401C47D58F1CC703270900B707030040
:107A5000938787153CCB9787FF1F23AB07FE97873C
:107A6000FF1F23AF07FC85471CC3C5BD411122C4BE
:107A700006C626C21784FF1F0324C4E0034714026E
:107A8000A147630BF70A9786FF1F83A6E6FC994779
:107A90006394F60A89441C346315970A130770022D
:107AA0006380E71013075002930570026394E700A8
:107AB000930560020CB483A741B198433706CEFF0B
:107AC0007D161377F7CF1367071098C303A741B349
:107AD000144703A541B237083300F18E14C73706A7
:107AE000030030C99786FF1F23AA06F49786FF1F5D
:107AF00023A006F69786FF1F23A406F4854614C12B
:107B000094431306861593F6F6CF94C3944393F6E5
:107B1000F6CF93E6062094C31447B3E6060114C7D4
:107B200030C95457F59A54D79843137707F84D8FB7
:107B300098C3930710FA3CA4B240224492444101F6
:107B40008280130770026386E702930650026394F3
:107B5000D7001307600218B483A641B3DC56F59B27
:107B6000DCD683A641B19C4293F707F8D98F9CC21B
:107B7000C9B783470402898B85C77238A145178529
:107B8000FF1F0345958FEF80CE9293075002A3000D
:107B900094021CB42244B240924441016FF07FD859
:107BA00022852244B240924441016FE09F89978729
:107BB000FF1F9387A7C503A7070A25E31787FF1FA2
:107BC0001307C7E7504FA9466309D604544F2D4702
:107BD0006385E604411122C4A05F06C61785FF1F16
:107BE0000345B5898347040213F7170011C785477A
:107BF000322CA300F40239A0898BF5DB7238894757
:107C0000A300F402A145EF80CE8A930750021CB472
:107C10002244B24041016FF0DFD08280011122CCBA
:107C200026CA4AC84EC652C456C25AC006CE178487
:107C3000FF1F032424C5930A200A1309100A930482
:107C4000600A130B400A9309500A178AFF1F130A90
:107C5000EADE3C246398570B938741B2984354471C
:107C60001396164950C70F1000009C4337070200B7
:107C70009784FF1F938484DC98C71307000898C873
:107C800003A741B118431357774835C31307E018CA
:107C9000F8D3D4C797B0FD1FE78060099C40858B5F
:107CA0008DCB9787FF1F23AB07D897D0FD1FE780A9
:107CB00040D42285EFF01FBB09CD030744013C38B7
:107CC000634A0702FD575CA82C380545EF806ED447
:107CD00008B81C24638807126244F240D244424927
:107CE000B249224A924A024B05616FF09FC31307C3
:107CF000E01A79BF860793F7F70F99C33CB8E9B745
:107D0000FD57EDBF6391270383270A00858BF1D3CD
:107D100022859787FF1F23A307D2EFF02FEE3C2485
:107D2000E39927F37DB76392970A938741B298430B
:107D300054471396164950C70F1000009C4337074D
:107D400002009784FF1F938464CF98C7130700082D
:107D500098C803A741B118431357774821CF130799
:107D6000E018F8D3D4C797B0FD1FE78040FC9C40D3
:107D7000858B89CF9787FF1F23A207CC97D0FD1F44
:107D8000E78020C72285EFF0CFB309CD0307440178
:107D90003C3863440702FD575CA82C380545EF804A
:107DA0004EC708B838249307500AE314F7F2EFE0FF
:107DB000FFAC05B71307E01A6DB7860793F7F70F07
:107DC00099C33CB8D9BFFD57EDBF639A670397B01D
:107DD000FD1FE780C0F583270A00858B81CB2285B4
:107DE0009787FF1F23AC07C4EFE09FC03C24639438
:107DF0003701EFE0BFA83C24E38D97E4D9BDE38AC7
:107E000037FFC1BD9777FF1F83C7876F99CF624444
:107E1000F240D2444249B249224A924A024B0145B9
:107E2000056117A3FD1F670023D2F2406244D244CC
:107E30004249B249224A924A024B0561828041116D
:107E4000B7E700E026C284433707200006C622C4F5
:107E50004AC0F98C23A0E7180F1000009787FF1F76
:107E60009387C7BD03C7170211CB83C60702094713
:107E70006396E6001787FF1FA30207BED44F214772
:107E80006386E600D44F1D476398E600D84F2380F1
:107E9000E7020547A380E70297D0FD1FE78060B5A2
:107EA0001784FF1F0324049E684023150400230445
:107EB000040097B0FD1FE780C0301779FF1F13093A
:107EC000A95B0345390091452310040423220404CF
:107ED00023240404EF701EE603453900A145EF702A
:107EE0007EE5034514039307F00F6307F500EF7079
:107EF000DEEDFD57A308F402034504039307F00FDA
:107F00006307F500EF707EECFD572308F4029777C6
:107F1000FF1F83C7E75E91C7014597A0FD1FE7805C
:107F2000A0C2B2402244B7E700E023A09710024964
:107F3000924441018280411106C6FD57A308F50213
:107F40004546930500080145EFD03FC6B2404101C8
:107F50006FF0FFEE9777FF1F83C7375285EF411110
:107F60001765FFFF1305852C06C6EF802E88EF608E
:107F70008FB8B24097E7FFFF9387670F1787FF1F00
:107F80002324F79097070000938787C923A2F1B0B5
:107F90004101828097E7FFFF9387670D1787FF1FD7
:107FA0002324F78E97070000938787C723A2F1B099
:107FB0008280411126C206C622C44AC0EF903F8487
:107FC000AA8439C9EF904FF22A84630505109307FC
:107FD00010113EA5930700FB7CA585471CA91779C6
:107FE000FF1F1309E94B835709011307401093053D
:107FF0003025A50713050004B3C70708B3D7E70A60
:1080000033F5A70A97B0FD1FE780400F2328A4107F
:1080100019E90A24EF905F8CB24022440249268578
:108020009244410182809787FF1F83A7E7A4232AF8
:10803000F4109777FF1F9387677D03A6070D83A62C
:10804000470DBA3F83C7A704232CC40E232ED40E9A
:10805000A304F416FD572310F4047EB01EB4834726
:10806000E4022324C4102326D41093E707FC23073B
:10807000F4028567938787BB2315F4042312E41465
:10808000228523130414EF709FF003454901230157
:10809000A414EF10206CD147A303F41893078002B7
:1080A000A302F4189307C04E231CF4169307F0079D
:1080B000230DF416F5779387A7EB231EF416A3017F
:1080C000A4142300A418A300A4189777FF1F2393D8
:1080D000077499B7854489B7411122C426C24AC0A2
:1080E00006C69774FF1F938464722A84A830834560
:1080F00004031779FF1F1309A93AA307A402EF800D
:10810000EE889775FF1F9385A53ED2253E3C9306CA
:108110000032232AA4083387C7028C453358D7027C
:108120003377D702232604091308204E33070703A9
:10813000B38707033347C702B3D7A7021AB0034771
:108140008901BA971A3C93878716B3C707080507B2
:108150003307C7022312F408130707193357D7024E
:1081600083268408BA9663E5E600368663E4B600A3
:108170003386B640034774039306204E2313F40856
:108180003307D7022328C40822852311E408EF709F
:108190005FBF2285EF705FDA6E3C22859205F9158C
:1081A000B3C50508EF703FBA2285EF909F8083A783
:1081B000C1AF23A0840A898B91CF8327090399CB70
:1081C0008325840935458297832709038325C409BC
:1081D0003945829722852244B240924402499777DA
:1081E000FF1F239C07629777FF1F23A907624101A6
:1081F0006F808FBE8357450803570508894633575C
:10820000D70AB397E7002313F5086F80AE870111F3
:1082100022CC26CA4AC806CE4EC6834765033839E3
:108220002A848507230BF502138941B25C259384C8
:1082300041B1631A07501439BD9B93E73700130708
:1082400000045CA5A30D050038B99397466063D878
:10825000070093F6F60714B9EFD00F8039A88327EB
:10826000850A13F7270025C3F59B2324F50A8327E6
:108270000510918BB1C7EFA03FC9343C8547582406
:108280006399F60483278411DC4398A38327841120
:108290005838DC4398B303278411832709005843D7
:1082A000B8DF9C4098431317772998C3D857719B20
:1082B000D8D7F2406244D2444249B2490561828033
:1082C000EFA09FC25DBF13F717000DC3F99B2324D6
:1082D000F50A83270411582498A3832704115838DA
:1082E00098B383270900032704115DBF1829854926
:1082F0006310371DE1C313F7070119C7BD9B232482
:10830000F50AEFB0CF9F95BF13F7070201CB93F7A4
:10831000F7FD2324F50AEFB00FB285B713F7070472
:1083200001CB93F7F7FB2324F50AEFA09FC2B1B767
:1083300013F7070809CB93F7F7F72324F50A2285EB
:10834000EFA09FCD1DBF13F7072009CB93F7F7DFF1
:108350002324F50A2285EFA0FFDC05B713F70740B9
:1083600001CB93F7F7BF2324F50AEFB0FF9131B7A4
:108370001317B0287D8F01CB9397B7482324F50AB4
:10838000EFA09FF2DDBD05677D8F01CB9397C748B6
:108390002324F50AEFA0BFF3CDB509677D8F01CB8C
:1083A0009397D7482324F50AEFA0DFFDF9B52324DE
:1083B000050A05B78327450A6384073013F70704C6
:1083C00001CB93F7F7FB2322F50AEFA0BFAB75B5FE
:1083D00013F7071001CB93F7F7EF2322F50AEFB05D
:1083E000AF9661BD13F7072019CBCD8A6391060EB6
:1083F00093F7F7DF2322F50AEFB0AF99BDBD13F76E
:10840000074001CB93F7F7BF2322F50AEFA0FFB196
:10841000ADB51317B0287D8F01CB9397B7482322B2
:10842000F50AEFA07FB491BD05677D8F11CBCD8A92
:10843000D9EE9397C7482322F50AEFA09FC635BD12
:1084400011677D8F01CB9397E7482322F50AEFA0B0
:108450001FE025B541677D8F01CB93970749232204
:10846000F50AEFB0CFA611BD370702007D8F01CB13
:10847000939717492322F50AEFA01FE1FDBB3707A9
:1084800010007D8F01CB939747492322F50AEFA077
:108490005FEAE5B3370780007D8F01CB939777497B
:1084A0002322F50AEFB0CFDBC9BB2322050A15B59D
:1084B00019CF1306A0056367E6041306F003636A89
:1084C000E60015171377F70FF54763F4E7022285E7
:1084D00061B3130707FC1377F70F6946E369E6FEFC
:1084E00017E600001306C68A3347C72018433297A1
:1084F000028797E60000938666903347D7201C4397
:10850000B69782879307200763ECE702930700077B
:1085100063E8E722930760066301F722130767F910
:108520001377F70F8549E3E4E9FAEFC0FFD2832719
:10853000040A9397B7282320F40A2308340135BB93
:1085400093076007E30EF7E293076008E311F7F87B
:10855000EFA05FE33DA01317B0287D8F2DDB93972D
:10856000B7482324F50AEFA03FD4930700041CA8C2
:1085700029B38347B5029DC305476396E700EFB073
:108580008F8B8547EDB783270510918BC5C7BD47F6
:108590002306F4022285EFA03F97E5B7EFC0DFCBBB
:1085A0008327040A93E727002320F40AD9BFEFC0EA
:1085B000BFCA85471CA88327040A2311040693E732
:1085C00047002320F40A55B9EFA06FFFD947230ACB
:1085D000F40465B1EFC05FC88327040A93E717006E
:1085E0002320F40A2308040049B997A0FD1FE7805F
:1085F000E098E30405C88547A306F4042285EFA0AC
:10860000BF868347C404F99B2306F404BDB1EFC0C1
:10861000BFC4C9BF83278510858B81C7EFA07FE4C6
:10862000A9B9E947A305F50283270510918B99C3E2
:108630008D47B9BF2285EFA03F8BA1B7EFA0CFFA3E
:108640008347D40491CB41469305C40A1305C40C57
:108650009790FD1FE78020078347C4042326040E5C
:108660002328040E93E717002306F40439B1832767
:108670000510918B91CB8D472306F502EFA0DF8883
:108680001C38DD9B1CB8F5BDEFA01F86D5BF834706
:10869000C5042322050E2324050E93E72700230695
:1086A000F504EFA02FF61C38A3050402DD9B1CB8CF
:1086B0008327040A93E70701C5BDEFA09F89D1B5C1
:1086C00097A0FD1FE780808BE30905BA09B5034732
:1086D000A51411CB83476514B317F0286385E70011
:1086E00093E6060114B90347B41419CB83477414F5
:1086F000B317F0286386E7001C3893E707011CB81E
:108700007C2C91CF1C38C18B99EB8327040A93E70B
:1087100007202320F40A2285EFC01FB49DB58307EC
:10872000B417F5DB83274410898BF5D78327440AD8
:10873000939747292322F40AF9BFEFB0EFD491B5FC
:10874000EFC09FB1DDBB1777FF1F1307270C1E2B50
:1087500085071EAB1DB68347E518858B638C070E16
:10876000397122DC06DE26DA4AD84ED652D456D2E9
:108770005AD05ECE62CC834765132A8413D7370064
:108780002A97834607139D8B33D6F640058A55CE2C
:10879000034545037D57FD4759152C003AC43EC695
:1087A00013154560EF1040140326841322478326D7
:1087B000C413B247718FF58F6314E6006386F60623
:1087C0002800EF904F9A894763F0A7062946814514
:1087D000130574199790FD1FE78060F52249B2498F
:1087E000814A0D4C930B500256864A85CE85139ACA
:1087F0004A60EF90D051135B2A40229B137A3A00D3
:10880000058983447B19060A05CDB394442993F462
:10881000F40FA30B9B18850AE3987AFD8347E418AD
:1088200093E787002307F418F2506254D254425958
:10883000B259225A925A025BF24B624C21618280F9
:10884000331A4C01B3E44401D9B7B396F628230890
:10885000D712D9BF8280397126DA9774FF1F9384AB
:10886000E4FA22DC03A4C4094AD84ED656D237090A
:108870000300B74A0F00B709008252D45AD006DE6F
:108880005ECE62CC66CA6AC86EC6130A8915138B9F
:10889000FA23FD197C241307000D639BE71E938BBD
:1088A00041B283A70B0098430D8B1DC3238401A005
:1088B000B84B1377F78FB8CB98431367870098C3EB
:1088C0009C4393D7374889C701000100010001008C
:1088D0009777FF1F83C7C7C289E797A0FD1FE7806F
:1088E00080928347C404858B89C7A2850545EF0024
:1088F000D053138C41B103270C0083472414938C6D
:1089000041B354579395476093F7F703B3F6360195
:10891000E607D58F5CD79306A00383A70C0063D826
:10892000B610F44F37060007D18EF4CF83278409A1
:1089300083A60B00177DFF1F130D4D101CC7832747
:10894000C4095CC3DC4293E71700DCC25C57F19BAF
:1089500093E717005CD78355041E0356241E034576
:108960007414930710FD7CA491059307000C232039
:10897000FD00B3C5050897A0FD1FE780806B834508
:108980007414054683A60B00035724088357640814
:10899000639BC50C13071703D046B3A7E720131733
:1089A0001649D8C60F10000003A70B00B706020037
:1089B000860714C7930600082328DD007CD350C720
:1089C0009777FF1F23A6070803A60B009777FF1FC3
:1089D00023A8070685471CC28346C40483270C00CE
:1089E00003A70C00858AD9C29443B705330093F6D8
:1089F000F6CF94C3944393F6F6CF93E6062094C340
:108A00001447CD8E14C79306891734CA5457F59A64
:108A100054D783466413984393F6F607137707F801
:108A2000558F98C397A0FD1FE7806030A5B59306CA
:108A3000200263DAB600F44F370600F97D16F18E96
:108A400037060005D5B5370600F9E9467D1663D728
:108A5000B600F44FF18E37060003F9B5F44FF18EEE
:108A600093968629D9B5130717043DB79443B705E4
:108A7000330093F6F6CF94C3944393F6F6CF93E680
:108A8000062094C31447CD8E14C723284605BDBFC6
:108A90001307100D6390E752977BFF1F938B0BFA20
:108AA00083A70B00858B638C074483A70B0093F788
:108AB0000708CDCF7C34177CFF1F034CEC9F93F746
:108AC000070299CF3E3C1307204EB387E7020327E6
:108AD0004409B3D7E7021307CC03BA972312F4086B
:108AE000977DFF1F938DCDA00355440803DDCD0076
:108AF00037460F0013051504B325A50313060624F6
:108B0000814683AC4B033305AD02EF90D0638327DE
:108B1000C40803A68D003385A740B3079501BE8521
:108B200063E4A70063E4C700B385C74003270409D3
:108B3000636FB712835664088357240813850A2489
:108B40000D8FB3A7F620B387A703DA97B3D7A70291
:108B50006365F7001D8E6374E6002328B4088582E0
:108B6000B3F6860B231004082313D40803254411FD
:108B7000130624039305440397A0FD1FE780801D7F
:108B800003D764048347440323ACAB00998F230AC3
:108B9000F402832744111307F0039C236364F70056
:108BA0008D8B81E7854723ACFB0083A78B01858BE9
:108BB000639907268347A40293E727002305F4025D
:108BC00083A70B0093F7070889CF034764139357D4
:108BD0003700A29783C607131D8B3397E648238877
:108BE000E7127C34898BD5C32285EF70CFBA51ED63
:108BF0007C34A309040093E747007CB483278411E5
:108C00008DCB383C1DC79837058B05E7BA27C8437D
:108C1000136707F0BAA797A0FD1FE780805A835714
:108C2000440485072312F404832784119C43232CD6
:108C3000F4105C3881CB8347C404898B81C72285BB
:108C4000EF70AFB91C28130720026394E702832753
:108C5000040AA305040293E787002320F40A1C38C2
:108C600093E787001CB8930740021CA839A83297E5
:108C7000D1B513070006639CE70A85471CA8834704
:108C8000A40293E717002305F40283A78B01898BC5
:108C9000F5C38347C404858BF1CF1C3C85071CBCFE
:108CA0007C3413F7270031E393E727007CB4930764
:108CB00000F85CAC3E3C1307204EB387E702032765
:108CC0004409B3D7E7021767FF1F0347E77E13077F
:108CD000C703BA97B3C707082312F40886072311FE
:108CE000F4089777FF1F23A307BC22859777FF1F00
:108CF00023A607D4EFF0AFD14C3803456414910597
:108D000097A0FD1FE780E00E5C386381071C834756
:108D1000C404898B638C071AA2850145EF00F00A11
:108D20006308051097C0FD1FE780A0CC9DA4130722
:108D300070066397E70203A741B13C57ED9B3CD710
:108D40009777FF1F238D07D0371700401E2FC607C8
:108D5000C5831EAF5C2493F7F7FD5CA4854731B74C
:108D60007147E394E7F28327040A93E7170023206F
:108D7000F40A21BF2285EF702FA41DF1A30C04007B
:108D80002285EF708F9E1C38A18B8DCB7C289DC7D0
:108D90007C38094793F7B70F6382E7029307D00344
:108DA000230AF404930770021CA88347C404858B2C
:108DB000E38807EE2285EF704FA7DDB55C340D47E1
:108DC0006394E7047C381307A0026372F7027C38CF
:108DD0001D476388E702A306F4028327840A2285DD
:108DE00093E717002324F40AEFA08F8319A817D75D
:108DF0000000130727E2B3C7E7209C432285829730
:108E000079F57C28DDF369BDE38C07E87C28E389EC
:108E100007E822859790FD1FE780C025E31205E84B
:108E2000CDB71C2C85071CACFE248507FEA48DBD88
:108E300003A741B11C43B706330093F7F7CF1CC318
:108E40001C4393F7F7CF93E707201CC303A741B355
:108E50001C47D58F1CC7B707030003A741B29387F0
:108E600087273CCB83A741B198431317772998C331
:108E7000D857719BD8D7930720FD7CA49767FF1F15
:108E800083C70768E39007BA83270412E38C07B807
:108E90007834058BE30807B8D443D0278C270A24FD
:108EA0008906EF309010E31F05B683270412BA2716
:108EB000136707F0BAA79C432320F41283572404B6
:108EC000E38207B6FD172311F404A9BE03A741B13D
:108ED0001C43B706330093F7F7CF1CC31C4393F72B
:108EE000F7CF93E707201CC303A741B31C47D58FD7
:108EF0001CC783A741B213078925B8CBA5B783A7A1
:108F000041B2FC53E398079897C0FD1FE78060AE1D
:108F100083A70B00228593F707086381071EEFF0F4
:108F20006FADBE2822858507BEA8EFF0DF8283578C
:108F30000404A5C313074006B3F7E702B9EB83A700
:108F4000C1AF898B9DCF1769FF1F1309695503278F
:108F5000090305CB9E28AE282545C207DD8D029763
:108F600083270903EE242945829783270903831564
:108F700024032D4582978327090383054403314544
:108F800082979777FF1F239A07889777FF1F23A75A
:108F9000078822856254F250D2544259B259225A5B
:108FA000925A025BF24B624CD24C424DB24D21615F
:108FB0006F706FED1307200DE396E7D6977BFF1FC9
:108FC000938BCBA783A74B00858B638C071203275A
:108FD000040A9777FF1F23A507A68967F98FEDE796
:108FE00022859790FD1FE780E0158547631EF50CED
:108FF0008355041E0356241E034574149105B3C5FE
:10900000050897A0FD1FE780C0028347C404138CA6
:1090100041B2938C41B1858B138D41B3BDCBA285F9
:109020000545212503A70C00B70633001C4393F721
:10903000F7CF1CC31C4393F7F7CF93E707201CC35C
:1090400003270D001C47D58F1CC783270C0013076F
:109050008917B8CB930710FD7CA483270C00D44755
:1090600013971649D8C70F10000083270C00370745
:10907000020098C71307000823A8EB0003A70C0001
:1090800018431357774815CF1307E018F8D3D4C700
:1090900051BA03A70C00B70633001C4393F7F7CF70
:1090A0001CC31C4393F7F7CF93E707201CC3032788
:1090B0000D001C47D58F1CC783270C0023A847052C
:1090C00051BF1307E01AD9B797C0FD1FE780609220
:1090D0001C3C85C73D476379F7009305D003228583
:1090E000EF706FEDA305A4029767FF1F83A7473EAC
:1090F00089C795451305500882972285EF701FACEC
:1091000049BD83A741B2FC53639607F897C0FD1F82
:10911000E780208EDDB7411106C6EF605FB097672C
:10912000FF1F9387A76E17F7FFFF1307C7E823A852
:10913000E70AB24017F7FFFF130747FA23AAE70A27
:1091400097F7FFFF9387677123A4F1B041018280F5
:10915000797122D42A841305050B06D626D24AD06B
:109160005AC84ECE52CC56CA5EC662C4138901A1FB
:10917000EF806FFF832709008324040AA307A40854
:109180008297176BFF1F130BAB3663EAA416B74B1E
:109190000F00938B0B243385A440B335750303561E
:1091A000CB008146130C204E33057503EF90A07958
:1091B0008327090023000408AA89829723A6A1B067
:1091C0008357EB008324C40D176AFF1F034ADA2E6E
:1091D0009387471FB3C7FB02A180B3C40408035998
:1091E000CB00814681454A86B38A840333057A03DE
:1091F000B3DAFA02EF902075130700324A868146EF
:109200008145B307990293541A00AA9AB3F7E7026B
:10921000B3878703B3C7270333857403B3C707082E
:10922000BE9AEF9040725695636E350137153D003A
:109230004A868146130505908145EF90C070B38A38
:10924000A9408D44B33559038329040A37460F00DA
:109250002326540B13060624814633055903EF9049
:10926000806E63E2A90A3385A9402322A40A03453C
:10927000D4079307F00F6304F500EF601EB5832752
:10928000440A1765FF1F0325E56063E297083386EC
:1092900097408327C40D0357CB009306D407A183BF
:1092A000B3C70708B387E70213070032A285938785
:1092B000071933D7E70297A0FD1FE780C043034794
:1092C000D4079307F00F630FF7005C4C05472300AA
:1092D000040893E76700A308040C2319E40C5CCC92
:1092E000230EE406B250225492540259F249624AC3
:1092F000D24A424BB24B224C0145456182808327C2
:109300008B00BE9469B583278B00BE99A9BF032744
:109310008B00BA97ADBF01114AC81769FF1F130927
:10932000E94E22CC0324C90B26CA4EC652C456C2EB
:1093300006CEAA848149130A2500854A39E093059F
:109340007025314597A0FD1FE78040DB2A84014549
:1093500039C89C301946938524001CB0130524009D
:109360009780FD1FE78020368327C90BB1E7232EA6
:10937000890A232404008347890B8507230CF90AF3
:1093800015A018309C306305F700A28900447DB712
:109390001946D285130524009780FD1FE7804044BD
:1093A000E31555FF0545F2406244D2444249B249B3
:1093B000224A924A05618280E38D09FA23A489003A
:1093C0004DBF1765FF1F0325255011E99767FF1F44
:1093D00023AC074E9767FF1F2386074E82804111FB
:1093E00006C622C4004597A0FD1FE78080DD2285C8
:1093F00075F8B24022449767FF1F23A7074C976771
:10940000FF1F2381074C410182809767FF1F9387CD
:10941000E73F23AE070A238C070A8280138701B136
:109420001C439306001094C30100010001000100D9
:109430001C4323A00700143103480500A206B3E62D
:1094400006010348250042083368D8003431E2069B
:10945000B3E6060194D7543103484500A206B3E6AB
:1094600006010348650042083368D8007431E206FB
:10947000B3E60601D4D7143503488500A206B3E647
:1094800006010348A50042083368D8003435E206D7
:10949000B3E6060194DB54350348C500A206B3E6E3
:1094A00006010348E50042083368D8007435E20637
:1094B000B3E60601D4DB94318821A206C98EA82127
:1094C0004205558DB431E206C98E94CFD431C821FE
:1094D000A206C98EE8214205558DF431E206C98EF7
:1094E000D4CF88259435A206C98EA8254205558D6E
:1094F000B435E206C98E94D3D435C825A206C98EE8
:10950000E8254205558DF435E206C98ED4D3D443FF
:10951000F59AD4C3D44393E61600D4C3944393E698
:10952000160094C31443DC42858BBDE39C4E014579
:109530001CA21C439C4FA1831CB21C439C4FC183A3
:109540003CA21C439C4FE1833CB21C43D84F58A221
:10955000D84F218358B2D84F418378A2D84F618326
:1095600078B2985318A69853218318B6985341831C
:1095700038A69853618338B6D85358A6D853218358
:1095800058B6D853418378A6DC53E1837CB68280F9
:10959000010049BF011122CC2A84354506CE2EC6D2
:1095A00032C497B0FD1FE780604C03A741B23C4B2B
:1095B000228593E707083CCB2246B245EFF01FE631
:1095C000F240624401450561828003A741B23C4BF1
:1095D00093E707083CCB01000100010001009385DF
:1095E0000508F851160583A701B11365050888C35E
:1095F00098CBB8550145D8CBD85D98CFB841D8CFD6
:10960000F84198D3B845D8D3F84598D7B849D8D7B2
:10961000F84998DBB84DD8DBF84D98C7B851D8C792
:1096200098431367070498C3828003A741B23C4B59
:1096300093E707083CCB010001000100010093857E
:109640000508F855160583A701B11365050888C3F9
:1096500098CBB8590145D8CBD85D98CFB841D8CF71
:10966000F84198D3B845D8D3F84598D7B849D8D752
:10967000F84998DBB84DD8DBF84D98C7B851D8C732
:1096800098431367070498C3930700081767FF1FE1
:109690002322F73C828083A741B19843370600829A
:1096A0007D161317772998C31307F03F98DF130728
:1096B0000005D8DBD8571317F729D8D7D457176721
:1096C000FF1F034727DF931547601377F703F18EDA
:1096D0006607558FD8D79306A00303A741B363DF6E
:1096E000B602744F37060007D18E74CF37070200D9
:1096F0001307C720D8DF984B137707FC1367E700E1
:1097000098CB37E700E0D147A309F7049797FD1FEF
:109710009387A74E93E717007CD782809306200299
:1097200063DAB600744F370600F97D16F18E3706FE
:1097300000055DBF370600F9E9467D1663D7B60020
:10974000744FF18E3706000345B7744FF18E939630
:10975000862961BF1307A003AA87636EA7041307B6
:10976000A0020D45636AF7041307200209456365EB
:10977000F704694705456361F70451470145636D87
:10978000F70249477D556369F702394775556365A7
:10979000F70229476D556361F70219476155636DFB
:1097A000F700114759556369F70009474555636547
:1097B000F70031558280114582803557AA87634C66
:1097C000E50449570D4563C9E7045D57154563C571
:1097D000E70465571D4563C1E70471572D4563CD07
:1097E000E70279573D4563C9E7024D4563C6070265
:1097F00055459DC305476D456380E702094713053D
:109800003002638BE7000D471305B0026386E70063
:109810001305B00382800545828019C537170040C3
:109820001E2F9397F7281EAF8E0522069767FF1FFE
:109830002387B722498E83A741B14D8E131646293F
:10984000B0D7B85713674700B8D7B85789C61317AA
:109850002729B8D7828013172749E5BF411122C4B1
:1098600006C61764FF1F1304641D03470402A147C3
:109870006318F7021767FF1F0347C7F49767FF1FB7
:10988000938747F6058BB033B42321CBC84331C54A
:109890000C310905EF40CF9501C58547A300F402BF
:1098A000034704029947631AF7009767FF1F83A7CE
:1098B00067FDBC3795C7EFE0CF86034704029D479D
:1098C0006310F7029767FF1F83A707FDFC3389CB5F
:1098D0002244B24041016F603008814501455DBFBF
:1098E000B2402244410182805D71B7E700E0CAC006
:1098F00003A90700A6C24EDE3707200086C6A2C411
:1099000052DC56DA5AD8AA84AE893379E90023A00A
:10991000E7180F100000138441B11840138A41B3B7
:10992000938A41B21C43370B03001306800293F75E
:10993000F7CF93E707101CC383260A003707CEFF33
:109940007D179C46930510082800F98F9CC683A7B5
:109950000A0023A867059780FD1FE78040DD354595
:1099600097B0FD1FE78080101C4093F6F41F370668
:10997000330023A40700984B130B8B15130510F825
:109980001367F70398CBF84F130E401F914E1377D0
:1099900007E0558FF8CF9843130380021367070839
:1099A00098C31767FF1F2325070A83A60A001767B6
:1099B000FF1F23270708054798C298431377F7CF5F
:1099C00098C398431377F7CF1367072098C30327EB
:1099D0000A001C47D18F1CC723A8660538008146A2
:1099E00013F8F60F135638004E961C2213787800A1
:1099F000B3D70741858BD1CB1C4083280A0023AC09
:109A0000070423A0070683A5C802F59923A6B80278
:109A100083A8070093F5F60793F808F8B3E8B800B1
:109A200023A01701CC539395F528CCD303AF0A009C
:109A300081452322CF0783A807066382150383A8E5
:109A400007038305070093D8F8009398486063D50F
:109A500015018C5BBD810CA3AC5393F5F50F8328E6
:109A60004F066386080083A88705E3F41EFDCC53E8
:109A70009395F548CCD38305070063D6B4001C2228
:109A8000B39707491CA233E5A50A85060507E399A4
:109A900066F418401C4B93F707FC93E7E7001CCBD8
:109AA000B6402644B7E700E023A0271196440649B4
:109AB000F259625AD25A425B61618280011122CC12
:109AC0002A84114526CA4AC832C62E89B68406CED3
:109AD00097B0FD1FE78080F9938641B19C421385C2
:109AE00041B2938541B3D85737033300719B136755
:109AF0001700D8D7832805001307800723A2E8069C
:109B000098431377F7CF98C398431377F7CF13672A
:109B1000072098C303A8050032460327880033674F
:109B200067002324E800370703001307872523A8CD
:109B3000E8040327C802759B2326E8026305090A87
:109B40009843136404041374F407137707F8418FE0
:109B500098C3374776711307971298C78327480031
:109B600093F7F7EF2322F8000100010098411764F2
:109B7000FF1F1304A4ECA6855C4393E707105CC3A6
:109B80009842B7575500938757555CC31C41185CE2
:109B90000145B8DF1767FF1F232607EA1767FF1F76
:109BA000232407EAD843799BD8C391475CCC97908C
:109BB000FD1FE780A02E03A7C1B111C7544318476A
:109BC0009C42D98F9CC25C44858B81CB1767FF1F59
:109BD0001307C7C31E2785071EA7F2406244D2445D
:109BE00042490561828098431374F407137707F89C
:109BF000598C37C7898E80C3130767EDB9BF011130
:109C000026CA4AC84EC6C1643709006AB70900AC03
:109C100022CC52C456C206CE1304F00FFD14130911
:109C2000690E9389E90C614A930A0002A6850145F1
:109C3000EF60AEE09317850013F7071033E52701B7
:109C400019C333E5370181470147B356F548850706
:109C50003356F5486307D60005071377F70F63649B
:109C6000EA04E39457FF81471306F003ED463357A8
:109C7000F5001377F70305CB6307C7028507E39861
:109C8000D7FE135785009377F50F1377F70F639B74
:109C9000E702135705011377F70F6395E702135790
:109CA00085016391E7027D141374F40F41F093056D
:109CB000000F4145EF60EED5B7B7006A42059387C4
:109CC00067CE5D8DF2406244D2444249B249224A95
:109CD000924A056182809767FF1F938727D6D44FEA
:109CE00011476385E60E83C737026391070EB7C736
:109CF000004003A701B1938707306319F70C0111E6
:109D000022CC37E400E026CA044006CE4AC84EC63C
:109D100052C456C2B7072000FD8C2320F4180F1040
:109D20000000354597B0FD1FE78040D4938A41B1CC
:109D30001522A522EFF03F9683A70A00138A41B3AC
:109D4000B70633009843938941B23709030013677C
:109D5000070898C398431377F7CF98C398431377AE
:109D6000F7CF1367072098C303270A001C47D58F36
:109D70001CC783A7090013078955B8CBAD24EF0092
:109D8000B01D7522352403A70A001C4393F7F7CFB3
:109D900093E707101CC383260A003707CEFF7D1701
:109DA0009C46F240224AF98F9CC683A70900924A3A
:109DB000B24923A827059767FF1F23AF07C82320B1
:109DC00094106244D2444249056182808280B7C7C0
:109DD00000401387073023A8E1B013870720411103
:109DE00023A2E1B29387071037D7004022C406C6EA
:109DF0001764FF1F130484C423AAE1B223AAF1B09D
:109E000085475CCC9767FF1F938747B25CDC975709
:109E1000FF1F83A7E7681CDC9797FD1F938747DE2A
:109E200023A0F1B2EFF03FEBB7E700E0A30104029B
:109E300003C7574113670708A38AE740B24022448B
:109E40003707100023A0E7103707200023A0E710F2
:109E50004101828083A741B21307C008D8CB930683
:109E60006007D4CFD8D31306E006D0D7D8DBD0DF35
:109E7000F8C3F4C7D843059BD8C30547FAA323AA60
:109E800007041767FF1F032727BFF8DF7D5798C711
:109E900037071F003D07D8C7828083A741B3130748
:109EA000004898D7D85FB70600F9FD16758F1317CD
:109EB0009729D8DFD85F9D663706FDFF0E070D8313
:109EC0001317E729D8DF985B7D161367077098DBB7
:109ED000985B558F98DB985BB7060700558F98DB2A
:109EE000985BB7060090FD16758F1317C72998DB8E
:109EF000B4473707F9FF7D17F98EB4C7F447E19AE5
:109F0000F4C7F44793F6F6F8F4C7F447F18EF4C7B4
:109F1000F44F758FF8CFF84FB70690FFFD16758F89
:109F2000F8CF930740060100FD17F5FF82801387E5
:109F300041B31C43B44B93960649B4CB94479396D4
:109F4000562994C7D44793E60601D4C7D447BD9A8F
:109F5000D4C701000100010001001C43D44793E66F
:109F60000601D4C7D4439396C628D4C303A641B2EE
:109F70009306400674D2745291C683A6C70993D63D
:109F80008648F5DA01000100010001001C43138737
:109F90000708544FB84BFD8A13170729B8CBB84BA5
:109FA000019B558FB8CB98471317574998C78280A4
:109FB00083A741B3B44F41777D17F98EB4CF94474F
:109FC0009396062994C7D44793F6F6EFD4C7D443A3
:109FD000758FD8C3D84713670710D8C7D84313174E
:109FE0000729D8C38280397122DC4ED652D406DECE
:109FF00026DA4AD856D25AD05ECE62CC66CA6AC831
:10A000006EC603A441B35C40938931B3138A11B384
:10A0100093F7F7EF5CC01C549397C7481CD45C546B
:10A02000BD9B5CD41C44939717291CC45C4093E7E8
:10A0300007015CC0B757341203A781B293878767C3
:10A040006309F7705C4001791309F90FF99B5CC053
:10A050001C5C3167130707F0B3F72701D98F1CDCAD
:10A060005C409304040893E717005CC09790FD1FC1
:10A07000E78020069C4893F7F7032380F900DC482B
:10A08000A98393F7F7072389F1B25C403D67130773
:10A090000780F99B5CC01C5CB3F72701D98F1CDCDF
:10A0A0005C4093E717005CC09790FD1FE78060025B
:10A0B0009C4893F7F703A387F1B2DC48A98393F791
:10A0C000F7072387F1B25C40356713070740F99B18
:10A0D0005CC01C5CB3F72701D98F1CDC5C4093E7A4
:10A0E00017005CC09790FD1FE780A0FE9C4893F787
:10A0F000F7032300FA00DC48A98393F7F7072388C6
:10A10000F1B25C404167130707C0F99B5CC01C5C5F
:10A11000B3F72701D98F1CDC5C4093E717005CC0C4
:10A120009790FD1FE780E0FA9C4893F7F703A3861A
:10A13000F1B2DC48A98393F7F7072386F1B2834C89
:10A140000A0003C709009307600213065002330791
:10A150009741B307F7029306700293054002130577
:10A16000300213082002130E1002F94E754FFD4FF6
:10A17000F14A3306C7026D4BE94B654CD942D543D2
:10A18000DD48D14DCD444949B3C7D7023D43B94914
:10A19000294D354A3346D60292072206D18F33061F
:10A1A000B702D98F95453346D6023206D18F330692
:10A1B000A702130504083346D6024206D18F3306A0
:10A1C00007033346D6025206D18F3306C703254E06
:10A1D0003346D6026206D18F131657003346D60295
:10A1E0007206D18F1CD13306E703194FB307D7038B
:10A1F0009D4EB3C7D7023346D60292072206D18FAF
:10A200003306F7038D4F3346D602D18F33065703FB
:10A21000B14A3346D6023206D18F330667032D4B3F
:10A220003346D6024206D18F33067703E14B3346DD
:10A23000D6025206D18F33068703454C3346D602E9
:10A240006206D18F330677033346D6027206D18F6A
:10A250005CD133067702B30757023346D602B3C741
:10A26000D70222069207D18F330617033346D60250
:10A27000D18F3306B7033346D6023206D18F330669
:10A2800097023346D6024206D18F33062703334660
:10A29000D6025206D18F330687033346D6026206B2
:10A2A000D18F131647003346D6027206D18F1CD5C4
:10A2B000B30767023346F703B3C7D7022206D18F2D
:10A2C000330637033346D6021206D18F33065703BF
:10A2D0003346D6023206D18F330667033346D602A1
:10A2E0004206D18F3306A7033346D6025206D18FDA
:10A2F0003306C7033346D6026206D18F13163700E2
:10A300003346D6027206D18F5CD5B307D7033346E6
:10A310004703B3C7D7024206D18F3346D70262063E
:10A32000D18F3306E7033346D6021206D18F3306A8
:10A33000B7023346D6022206D18F131627003346C2
:10A34000D6023206D18F131617003346D6025206B4
:10A35000D18F1CD983C7F1B2B387FC4033C6A703A2
:10A3600093FCFC03B3CDB7033206920DB3EDCD00E1
:10A370001306800233C8C702B3ED0D01214833C86C
:10A380000703420833E80D01B3CDB702F20D33687D
:10A39000B801B38DF703B3CDCD02A20D3368B80178
:10A3A000B38DE703B3CDCD02D20D3368B801B38DC1
:10A3B000D703B3CDCD02E20D3368B801338B670309
:10A3C000232A05031148B38DC703B38A5703338A81
:10A3D0004703B389370333C80703B3CDCD0212084F
:10A3E000334BCB0233E80D01B3CACA02220B336BE5
:10A3F0006801334ACA02B20AB36A5B016D4BB3C942
:10A40000C902420A33EA4A01F14AD20933683A01E1
:10A41000B3896702754A13034002B3C9C902E2094E
:10A42000B3693801139847003348C802338C870357
:10A430007208B3E909010948232C3503F949338926
:10A440002703B3849702B3837702B3825702B3889A
:10A450001703B38B770333C80703334CCC0232089E
:10A460003349C90233680C01654CB3C4C4021209F4
:10A4700033692801B3C3C302A204B364990013096A
:10A480001002B3C2C202C203B3E3740093046002B9
:10A49000B3C8C802D202B3E2530093032002B3CB85
:10A4A000CB02E208B3E8120193023002F20BB3E8E8
:10A4B0007801E94B232E150333887703B3886703AC
:10A4C0003348C802B3C8C8021208A208336818018A
:10A4D000B3888703B3C8C80233681801B388570329
:10A4E000B3C8C802B20833681801B3884703B3C8B9
:10A4F000C802C20833681801B3883703FD49B3C8DE
:10A50000C802D20833681801B3883703B3C8C80239
:10A51000E2083368180193985700B3C8C802F208DC
:10A520003368180123200505338827039398C70152
:10A530003348C80233681801B3887702B3C8C80229
:10A54000920833681801B3885702B3C8C802A2083A
:10A5500033681801B3886702B3C8C802B208336809
:10A56000180193085002B3881703B3C8C802C20881
:10A5700033681801B3889702B386D702B3C8C802FC
:10A58000B3C6C602D20833681801E206B366D80023
:10A5900074C193069002B386D7020328850413780A
:10A5A00008FFB3C6C602BD8AB366D80034C5930699
:10A5B000A002B386D702B3C6C60230451376F6F0C2
:10A5C000BD8A9206D18E34C503C601B303C8E1B279
:10A5D00033080641B306A80303238504B308B80271
:10A5E000B3C6F602B3C8F802A206F208B3E6160133
:10A5F000B308C803B3C8F802B208B3E6160193184B
:10A600003800B3C8F802C208B3E61601B308D8038D
:10A61000B3C8F802D208B3E61601B308E803B3C81A
:10A62000F802E208B3E61601B79888889388088094
:10A63000B3E61601B3E66600931828003343F80228
:10A6400034C583C621B3918E1376F6076206B3C86C
:10A65000F8023203B3E868003383F6033343E302BE
:10A66000B30FF8037203B3E86800060833C3E602C9
:10A67000B3CFFF025203B3E868003348F802920FE9
:10A68000B3E8F8012208B3E708011398160033482D
:10A69000E8026208B3E70701256813088888B3E772
:10A6A00007017CC5338FE603B387B6029395260076
:10A6B000B3C7E702334FEF029207B3C5E502220F9B
:10A6C000B3E7E701B38ED603CD8F93953600338E73
:10A6D000C603B386A603B3CEEE02B3C5E502B20E3F
:10A6E000B3E7D701334EEE02C205CD8FB3C6E60203
:10A6F000520EB3E7C701370700817D17E206D58FF9
:10A700003CC95C40BD9B5CC05C40F99B5CC01C5478
:10A710009397C7281CD45C5493E707015CD41C5C56
:10A7200093F707FCB3EC9701232C94031C5CF98F7F
:10A73000D18F1CDCF2506254D2544259B259225A81
:10A74000925A025BF24B624CD24C424DB24D2161A7
:10A75000828023A401B2E5B203A741B35C4393E72F
:10A7600007105CC38280411106C6EF00206D93057F
:10A770006040EF206002B2400145410182806F00DD
:10A78000E07011C589C501C61E2201458DE3011186
:10A790000565C9471306F100130555C3854506CE67
:10A7A000DC87EF10307FF2408887056182808280ED
:10A7B00001119757FF1F2384A70A05651306F100AF
:10A7C000130595C4854506CEA3070100EF10907CC4
:10A7D000F24088870561828001111305910006CE41
:10A7E000EF00406D48840565300025059D45EF105C
:10A7F000707AF24008840561828001119305F100AE
:10A8000006CE22CC2A84C12D48860565C0867000FC
:10A8100021801305554091454087EF10B077F240F5
:10A82000624408860561828001111305D10006CEBD
:10A83000E12548860965700009059145EF1090757E
:10A84000F240088605618280011106CED925C887AD
:10A8500009651306F10015058545EF10B073F24048
:10A86000888705618280011106CEEF008074C88759
:10A8700009651306F10029058545EF10B071F24016
:10A88000888705618280011106CEEF00B000C8877D
:10A8900009651306F10039058545EF10B06FF240E8
:10A8A000014505618280011106CEEF00F03FC887A7
:10A8B00009651306F10041058545EF10B06DF240C2
:10A8C000888705618280011106CEEF00901FC8873E
:10A8D00009651306F10045058545EF10B06BF240A0
:10A8E000888705618280411106C622C4EF00B0242A
:10A8F0008965CD052A84EF10306AB2402285224452
:10A900004101828001111305510006CEEF00503E37
:10A910004882096550006105A545EF10B067F24017
:10A92000014505618280411106C6EF00B03F89658F
:10A93000E505EF107066B2400145410182800111CA
:10A9400006CE22CC2A84EF00F04E48860965C086E8
:10A950007000218069058D454087EF10B063F2409B
:10A960006244014505618280011106CE22CC2A8411
:10A97000EF00905A48860965C086700021806D05F9
:10A980008D454087EF101061F2406244014505613A
:10A990008280011106CE22CC2A84312F4886096597
:10A9A000C08670002180130505028D454087EF1099
:10A9B000705EF2406244014505618280011106CE5D
:10A9C00022CC2A84EF00700348860965C086700097
:10A9D0002180130515028D454087EF10B05BF240D2
:10A9E0006244014505618280011106CE22CC2A8491
:10A9F000EF00900448860965C08670002180130529
:10AA000025028D454087EF10F058F2406244014521
:10AA100005618280011106CEEF00B054C887096538
:10AA20001306F100130575028545EF10B056F2408C
:10AA3000888705618280011106CEEF00B05BC88770
:10AA400009651306F100130595028545EF10905432
:10AA5000F240888705618280011106CEEF00705DAB
:10AA6000C88709651306F1001305D5028545EF1067
:10AA70007052F240888705618280011106CEEF0096
:10AA80003060C88709651306F1001305E5028545A6
:10AA9000EF105050F240888705618280011106CE88
:10AAA000EF005062C88709651306F100130515030E
:10AAB0008545EF10304EF240888705618280011194
:10AAC00006CEEF10A00DC88709651306F100130527
:10AAD00075038545EF10104CF24088870561828030
:10AAE000011106CEEF10C021C88709651306F100D9
:10AAF000130585038545EF10F049F240888705610D
:10AB00008280011106CEEF10C038C8870965130690
:10AB1000F100130595038545EF10D047F240888773
:10AB200005618280797102C08148014881470147EF
:10AB300006D6EF10E050A30FA10009651306F1013E
:10AB40001305E5038545EF10F044B2500345F101CC
:10AB500045618280011106CEEF102068C887096523
:10AB60001306F1001305F5038545EF10B042F240DE
:10AB7000888705618280011106CEEF10407BC8876F
:10AB800009651306F100130505048545EF10904093
:10AB9000F240888705618280011106CEEF10100A0D
:10ABA000C88709651306F100130515048545EF10E4
:10ABB000703EF240888705618280011106CEEF1059
:10ABC0001019C88709651306F1001305250485458A
:10ABD000EF10503CF2408887056182809757FF1F35
:10ABE0002396A7C601458280011106CEEF10B01F43
:10ABF000C88709651306F100130515058545EF1093
:10AC00007039F240888705618280011106CEEF100D
:10AC10005026C88709651306F100130525058545EB
:10AC2000EF105037F2408887056182805D71130311
:10AC3000D1031AD20343010786C61AD00343C106C3
:10AC40001ACE034381061ACC034341061ACA0343B2
:10AC500001061AC80343C1051AC6034381051AC475
:10AC6000030341051AC2034301051AC0EF0050490E
:10AC7000230EA10209657018130565038945EF10BD
:10AC80007031B6400345C103616182809756FF1F52
:10AC90009386C6B7BE2681E79307F01FBEA6BE26E1
:10ACA0002146014513F707103357C7408607B3C73E
:10ACB0000708598D93D5574013D797402D8F058B93
:10ACC0007D161375F50FD98F71FEBEA682801757BA
:10ACD000FF1F1307A7B35E2789E7E17793C7F7FF45
:10ACE0005EA75E27B94601459168994533F617017D
:10ACF0003356D6408607518D33C8070813D6E74828
:10AD0000FD1693D7F748B18F1375F50FB367F800A9
:10AD1000E39EB6FC5EA78280797126D24AD04ECEE1
:10AD200052CC06D622D456CA5AC85EC6AE84B28960
:10AD3000368A1759FF1F0329E9D32DC5AD472A8449
:10AD400063E8A7021304F5FF1374F40F138B91B398
:10AD500083470B00C9E39D47494563EA370317B7AB
:10AD600000001307A712B3C7E9209C43BA97828754
:10AD7000B147630CF5029307600263E5A700130473
:10AD8000E5FFD9B7930770024945E301F4FCB250DF
:10AD9000225492540259F249624AD24A424BB24B6F
:10ADA000456182801304500255B71304600279BFD5
:10ADB000CA8AB38B2401638D5B01EFF05FF12381BD
:10ADC000AA00850ACDBFCA8AB38B240163965B03B0
:10ADD00085472300FB0093F9F9009306FAFF2285CB
:10ADE00023003901A300990093F6F60F26868545C6
:10ADF000EFE0DFCC014561BFEFF05FE92381AA00FE
:10AE0000850AE9B726869305000F13052900977078
:10AE1000FD1FE780C0916DBF26869305A00AF5B798
:10AE200026869305F00FD5B726868145F9BF26867D
:10AE3000BD45E1BF268693055005C1BF411193175B
:10AE4000B02806C622C4E98F95C3EF40FFE4AA8765
:10AE5000094589CB9423114731456395E600154791
:10AE600098A34945B2402244410182802E84EF607C
:10AE7000BF8765D93C25C18BEDD73C35230A8504B6
:10AE8000B337F000E9071CA90145E9BF011106CE5F
:10AE900022CC2EC6EF605F8501CDB2452A84EF50EB
:10AEA0009F91A305A4020145F2406244056182809E
:10AEB0004945DDBF1757FF1F13074795814799463F
:10AEC0008345070E3306F50085070CA20507E399B5
:10AED000D7FE01458280411122C406C62E84EF6050
:10AEE000BF8009C98307450301451CA0B240224425
:10AEF000410182800945DDBF9747FF1F9387475A6D
:10AF00009A2B18A19A2B218318B1FC373CA101453B
:10AF1000828019E1494582809757FF1F9387078FE9
:10AF2000B84FAA8501C75827314575F7B85F01C7E3
:10AF3000383731456DF303A7C70801C7783331456A
:10AF400079FB0111054706CE19461755FF1F13055A
:10AF5000459AB8A32EC69760FD1FE780C076B2451C
:10AF60009306000CD8319377070C639FD7001946DE
:10AF70001755FF1F130545989760FD1FE780A074C4
:10AF80000145F240056182809306F00363E8E60024
:10AF900019461755FF1F13058596F9BF13070004BF
:10AFA0004945E390E7FE19461755FF1F13058595A0
:10AFB000E1B7411126C29754FF1F9384248522C410
:10AFC000A04C06C639E4BC5499E74945B240224436
:10AFD00092444101828035CD0547E318E5FE0145E5
:10AFE00082972A8455C59317B0281EB19307007025
:10AFF0007EA58D471CBDA30A050219469755FF1F64
:10B000009385C58E130565039760FD1FE780A06BD0
:10B0100021A87848B7070008F98FADEBBC54D5D705
:10B020000DC98547E313F5FA58248547E30FF7F870
:10B030007C24B98B95CB742405478947639FE6022E
:10B040001EB02244FC54B24092441305000F41014B
:10B0500082871305000FEF400FF825D95C25B5D77F
:10B06000EF405F9701459DB7EF500F809747FF1F57
:10B0700083C76744E311F5FC89BF1E301307000244
:10B08000B3F7E70A1167B3D7E70A5DBF31453DBFA4
:10B090001D452DBF9757FF1F83A70780314599CBCB
:10B0A000FC3389CB411106C6EF60E013B240014585
:10B0B000410182808280011126CA4AC84EC652C40C
:10B0C00056C25AC02E89368ABA893E8B06CE22CC09
:10B0D000B284C28AEF604FE185671307A9FF9386A8
:10B0E000A7C73347070863E8E610938707C82A8491
:10B0F000494563E4970A63E2240B1307301F636E2C
:10B10000470963EC370993071A00B3C70708B387E9
:10B1100097021397390063D2E70841C01C3813F730
:10B1200047003DC3ED9B1CB83C34231A2407231B66
:10B130009406D5EB03578406C167FD176309F7062C
:10B14000631799063E3C231BE404231CF404974731
:10B15000FF1F83D767768D46114763E5F6008507A5
:10B1600013F7F70FA30AE4042285EF40BFF18357DA
:10B170000404A907231FF4048327440A93E7170054
:10B180002322F40AC5475CBC231C6407231D540713
:10B19000231D4405231E34050145F2406244D24478
:10B1A0004249B249224A924A024B056182800356C3
:10B1B000440601CEB3D4C4023306960233460608D1
:10B1C0003376260B231CC40459B7B3059900858137
:10B1D0004A85EF508E86231CA4049305840526859A
:10B1E000EF306F81ADB78327840A93E707022324EA
:10B1F000F40AC14749BF49454DB7411122C406C6AB
:10B200002E84EF606FCE11E54945B24022444101E2
:10B2100082801C39A305850213F7470075D7ED9B83
:10B220001CB9BD472306F5028327850A93E727004B
:10B230002324F50A0145D1BF411122C426C206C606
:10B240002E84B284EF604FCA03278510137707025C
:10B250003DC7130754FE9306000EAA87334707081D
:10B26000494563E0E6021167938684EB1307871470
:10B27000B3C606086367D70003D7471E6318870065
:10B280000145B24022449244410182809746FF1F0B
:10B290009386C657BA36A38E8706239F97063357E1
:10B2A000870A239AE71CDA363357970A239BE71C51
:10B2B00003A7470A1317B72823A2E70AD1B74545C2
:10B2C000C9B79747FF1F93876754B44F2A8791C622
:10B2D000D02601C6D436494585EAB45F99C6B03652
:10B2E00009C6942A4945858A85E283A6C70891C67E
:10B2F000F03201C6D436494581EA83C6870B83C73D
:10B30000970B63E8F6001D4582801D45F2400561FC
:10B310008280011119461305A10006CED8849760DA
:10B32000FD1FE780403A2800EFD0FFFE8547E31E6F
:10B33000F5FC0145E1BF797126D24AD04ECE52CC00
:10B3400056CA5AC85EC606D622D42E89B289B68A93
:10B350003A8ABE8B428BEF602FB9C94455C105674D
:10B360009307A9FF9306A7C7C944B3C7070863E9B2
:10B37000F608130707C86365370963E329099307CC
:10B38000301F63EF5707636D470713871A00334772
:10B3900007083307270393173A006353F706043966
:10B3A0002A848588639E040E8327450A93F7172015
:10B3B000E5EB3835231A2507231B3507231C7507B2
:10B3C000231D6507231D5505231E45055C3D4DE3E3
:10B3D00085EB83270510898BA1C331469305F00FB8
:10B3E000130585069760FD1FE78060348327440AB4
:10B3F0002314040693E707202322F40AC9475CBC00
:10B40000B25022540259F249624AD24A424BB24BDC
:10B41000268592544561828063093905B3852901E7
:10B4200085814A85EF407EE1231CA40493058405B1
:10B430004E85EF205FDC9747FF1F83D7E7478D4698
:10B44000114763E5F600850713F7F70FA30AE40435
:10B450002285EF403FC383570404A907231FF40448
:10B460008327440A93E7170041BF231C2505E1B752
:10B47000C1FB83278510898B95C731469305F00F53
:10B48000130585069760FD1FE780602A8327440A1D
:10B490002314040693E707202322F40ACD4785B737
:10B4A000B144B9BFE944A9BF9747FF1F9387073647
:10B4B000B84F11C7542781C6583749450DEBB85FBF
:10B4C00019C7343789C6182B4945058B0DE383A767
:10B4D000C70891C7F83301C7DC37494589EB4111EB
:10B4E00006C6EFD01FEEB240014541018280828046
:10B4F000411122C426C24AC006C6AA840144214979
:10B500009305F00F0545EF40DED0B387840088A394
:10B510000504E31724FFB240224492440249014546
:10B5200041018280797122D44ECE06D626D24AD0ED
:10B530002EC6B2893684EF602F9B7DC90349B500C2
:10B54000B245AA846316090E21461305B51A976001
:10B55000FD1FE7804017A389341B93D98900238AF4
:10B56000341B7C2450346C345424A207420603C597
:10B57000C404B297E206AE97B69703A7440A93862F
:10B58000040835C1DCD63C24103413670702A20737
:10B590004206B2973034B29710246206B2979CDA12
:10B5A0007C205030A2074206B2977030B2975020EC
:10B5B0006206B297DCDA3C201030A2074206B2974E
:10B5C0003030B29710206206B2979CDE8547A38682
:10B5D000F40423A2E40AB25022549254F2494A8558
:10B5E000025945618280FCC63C24103413678700F1
:10B5F000A2074206B2973034B29710246206B2977F
:10B60000BCCA7C205030A2074206B2977030B29775
:10B6100050206206B297FCCA3C201030A2074206B6
:10B62000B2973030B29710206206B297BCCE55B7B1
:10B63000094955B7411122C406C62E84EF60CF8A4E
:10B6400071C9343585472A870545639CF606142B56
:10B65000930740026396F6067C245434A207C20680
:10B66000B6977434B6975424E206B6978346D70447
:10B67000A9CE93060708DCD63C241034A207420664
:10B68000B2973034B29710246206B2979CDA7C20CD
:10B690005030A2074206B2977030B297502062062F
:10B6A000B297DCDA3C201030A2074206B297303065
:10B6B000B29710206206B2979CDE9307A0021CABE3
:10B6C0000145B24022444101828093060708FCC62E
:10B6D0003C241034A2074206B2973034B2971024AB
:10B6E0006206B297BCCA7C205030A2074206B297CD
:10B6F0007030B29750206206B297FCCA3C201030DE
:10B70000A2074206B2973030B29710206206B29775
:10B71000BCCE65B7054575B7411106C6EF50DFFCD5
:10B720001DCD34350547AA8709456397E602942B5A
:10B73000130740026392E6020D472386E70219478A
:10B74000A385E7021307500298AB03C7A702014580
:10B75000136717002385E702B24041018280094543
:10B76000E5BF5D71A2C4A6C286C69747FF1F938737
:10B77000E709368494332A87B2848DC2B44F81C6D8
:10B78000D4263145BDE2B45F81C6B4363145B1EE51
:10B7900083A6C70881C6F4323145A1EA03C6070C67
:10B7A00083C6170C1D456372D60483A7070D494550
:10B7B00093F707049DCB19462800D8839760FD1F97
:10B7C000E78060F04146A6851305E1029760FD1F02
:10B7D000E78060EF1305E1014146A2859760FD1FF8
:10B7E000E78060EE4800EFA06FD9B640264496444B
:10B7F000616182809747FF1F9387470198330DC38C
:10B80000B84F01C75827494505E7B85F01C7383722
:10B81000494519EF83A7C70881C7FC33494589EB20
:10B82000411106C6EFA06FE9B24001454101828097
:10B8300082809747FF1F938767FD94332A878DC2C5
:10B84000B44F81C6D42649459DEAB45F81C6B4365B
:10B85000494595E683A6C70881C6F432494585E285
:10B8600003A6870D98B383A5C70D9376F69F19C3DA
:10B870009366066023ACD70C23AEB70C01458280DB
:10B88000930700643305F502411126C29744FF1F58
:10B890009384C4F722C403A4440C4AC006C6130907
:10B8A000F00FC8D801E8B240224492440249014551
:10B8B00041018280082063052501CC58EF402E917C
:10B8C000405CCDB79747FF1F938747F4A38CA7022F
:10B8D0001377150011EB03C7C7036D8F6304B7001F
:10B8E00049458280238DE702098919C1014582807B
:10B8F00003C7D703718FE315C7FEA38DC702FDB73A
:10B900005D716ECE974DFF1F938D4DF052DC3E8AD8
:10B9100083A78D05A6C2CAC04EDE56DA5AD85ED6B7
:10B9200062D46AD086C6A2C466D246C6B684830BE9
:10B93000410583468105834901062A8D2E89B28AF5
:10B940003A8C428B99C7EC4BB70700043145ED8F19
:10B9500085EF8D4763E94701937C090163870C00FC
:10B9600085476389F604494505A093753900E38C42
:10B97000F5FE93758900E5F96397F60283C7CD0359
:10B980003145918B63930720B6402644964406497F
:10B99000F259625AD25A425BB25B225C925C025DFF
:10B9A000F24D616182806394F91E83C7CD03918B50
:10B9B0003145F9DB6A85EF301FE22A8411E983A75C
:10B9C0008D06054582972A841D455DDC2304A4016C
:10B9D00093070002639FF4008D476399F904562C86
:10B9E0009307900F13055004E3E0D7FA762CE3EDAC
:10B9F000D7F89376F90F2300D406638E0C101379D1
:10BA0000F9009547631BF902930710F87CA445459C
:10BA1000E3EC54F7FD474545E3F857F79167E3E555
:10BA200097F6D6948580B3C4040831A88547E3927D
:10BA3000F9FC562C9307D02E75B7B5476313F90C54
:10BA400085477CA4894406B0A307840163160C10C3
:10BA500085471CBC93F6060299E2A30A44033245CB
:10BA6000194681459760FD1FE780A0DF631405102C
:10BA7000B2458547230EF402A30E6403194613054D
:10BA8000E4039760FD1FE78000C4834701055CB4B1
:10BA90009307F0076393FB0E56579747FF1F83C723
:10BAA00067A11CA303055401EFD03FD12304A406D2
:10BAB000EFD05FCAD65748B888A38347C10523058E
:10BAC000040623020406A302F40683470406C18B7E
:10BAD00099EBFD1993F9F90F8947E3E637E9A305D7
:10BAE0000406A3013407834741060145A300F40679
:10BAF00083478106A303F4067C489397B7297CC843
:10BB000061B589476314F900994709B7E30009F063
:10BB100023070400EDBD9D477CA493F5160093F721
:10BB2000460089C991E39145A30FB4048547230FCB
:10BB3000F404F1BD93F5260081C9894591C395456B
:10BB4000A30FB4048947E5B78D4591C39945A30F69
:10BB5000B404230F040465BDA30C040081478D4584
:10BB60003356FC4801C6103C050610BC8507E39916
:10BB7000B7FECDB5230E040209BF914763C5770117
:10BB8000A30A740105B75CB831BFE385D9E28947E0
:10BB9000E392F9E283C7CD03898B19BD01114EC62B
:10BBA0009749FF1F938989C683A7890526CA4AC872
:10BBB00052C406CE22CC2E89B6843A8A99CFF84B4D
:10BBC000B7070004F98F91CB3145F2406244D2446B
:10BBD0004249B249224A05618280EF30DFBF2A84A0
:10BBE00019E583A7890513052004F9FFF9BF782516
:10BBF00085473D8B630EF70E03470506418B41CF0A
:10BC00008D476304F9004945C9B7FD47E3ED97FE49
:10BC1000231E0400F1C85E2C03D769071D45B386B7
:10BC20009700E344D7FA582405C7163013070002DB
:10BC30006390E602034734068D46631DD70A130757
:10BC4000900F13055004E362F7F87E2CE36FF7F6CC
:10BC50008D471D45E31BF9F637E900E0832909000C
:10BC6000B70720002320F918B3F9F9000F100000DE
:10BC70009305800C0545EF40CED98357C4061205C5
:10BC8000232444038507BD8BC98F2316F40646ACD5
:10BC900023203911B1A8631AF900231E0500A5D489
:10BCA00058248547E319F7F605B70D47E302E9F68F
:10BCB0001147E316E9FE744937070001758F21F734
:10BCC0005825E312F7F45E2D9DDF95FC9305800C5B
:10BCD0000545EF400ED48357C40612058507BD8B7A
:10BCE000C98F2316F40629A07C48939787497CC8FE
:10BCF0000145E1BD8546E31DD7F41307D02E91B76A
:10BD000001114EC69749FF1F938949B083A7890542
:10BD100026CA4AC852C406CE22CC2E89B6843A8A94
:10BD200099CFF84BB7070004F98F91CB3145F2401A
:10BD30006244D2444249B249224A05618280EF30CE
:10BD40009FA92A8419E583A7890513052004F9FF13
:10BD5000F9BF782585473D8B6304F7120347050635
:10BD6000418B71C38D476304F9004945C9B7FD474D
:10BD7000E3ED97FE231F0400638004107E2C03D79D
:10BD800069071D45B3869700E343D7FA582405C7D2
:10BD90001630130700026390E602034734068D460F
:10BDA0006312D70E562C1307900F13055004E3604F
:10BDB000D7F8E36EF7F68D471D45E31AF9F65C54A4
:10BDC00085C783476406898B85C3085811CD3C25F8
:10BDD00081CFEF901FF50C58194613056403B10588
:10BDE0009760FD1FE780208E37E900E08329090076
:10BDF000B70720002320F918B3F9F9000F1000004D
:10BE00009305800C0545EF40CEC08357C40612054C
:10BE1000232644038507BD8BC98F2316F40666AC21
:10BE200023203911B1A8631AF900231F050095DCFE
:10BE300058248547E314F7F4D5BD0D47E30CE9F228
:10BE40001147E316E9FE744937070002758F11FFA9
:10BE50005825E31CF7F07E2D89DB81F89305800CD3
:10BE60000545EF400EBB8357C40612058507BD8B01
:10BE7000C98F2316F40629A07C48939797497CC85C
:10BE8000014575B58546E318D7F2562C1307D02E19
:10BE900029BF5D71CAC01749FF1F13092997AA87D7
:10BEA00003258905A6C286C6A2C44EDE52DC56DA38
:10BEB0005AD85ED662D466D26AD06ECE32C23AC446
:10BEC000B68405E5858B95EFA9C10145B6402644AA
:10BED00096440649F259625AD25A425BB25B225CDE
:10BEE000925C025DF24D6161828074493707000403
:10BEF000758F63120714858B89E781C9EF309FAD79
:10BF0000E9B7639D050E4945D1B70324C90555DC42
:10BF10002285EF303FAC0040DDBF78493377EC003D
:10BF2000631B07100347F505630497016316A70118
:10BF300003D7EA016301071003C75A03630E3707EB
:10BF400003C7EA0063173701332794201A23E3EC71
:10BF5000EDFA0327C9067D141374F40F79CFA247B5
:10BF6000B3249A209A203E9A9305800C2397EA06E0
:10BF700003470A00054523980A06A384EA06EF4012
:10BF80004EA903D7CA061205264405073D8B498FE3
:10BF90002396EA068327C90603C50B00B6409644DC
:10BFA0000649F259625AD25A425BB25B225C925CF9
:10BFB000025DF24D6161828793878A05194681454A
:10BFC0003E853EC69760FD1FE780A089631D350151
:10BFD00019469745FF1F9385C59113858A0597508C
:10BFE000FD1FE780406E1946814513858A059760DD
:10BFF000FD1FE7800087E31535F531B7FD1513F414
:10C00000F50F370C0003894C154D8549930D000839
:10C01000130BF00F9247228AB38B870003C50B00E6
:10C02000EF306FFBAA8AE31A05EE83278905130513
:10C030002004E38D07E8314551BDE31D64FDE1B502
:10C0400039714AD84ED656D25AD05ECE62CC66CA24
:10C050006AC83E8B06DE22DC26DA52D49747FF1FE1
:10C0600083A74780834B0104AE8A3289368CBA8914
:10C07000C28C468D95C7F84BB7070004F98F8DC366
:10C08000314AF2506254D2544259B259925A025B28
:10C09000F24B624CD24C424D5285225A2161828031
:10C0A000EF306FF3AA84130A200461DD6374590131
:10C0B000494AC1BF9547E3FD57FF8347050693F7FC
:10C0C0003703FDF7034AE505E31C0AFA7C49918B27
:10C0D000C5FBEF302025F94763E4A7001D4A55B79B
:10C0E00083C7340691EB03D744089307D02E63F53A
:10C0F000E700994763F0270F6384090CB3C73A033D
:10C10000E3C867FB639B0B0203A4C40A2DC423028C
:10C11000340123047401A3026401FC4856991359A5
:10C12000194093E72700FCC883C70406239324091A
:10C13000B3E787012380F406A9B7E3FB6CF78547D3
:10C140006383FB02B3079B412947B387E702B3C769
:10C150007703E3CFA7F503A4C40A11CC230234016B
:10C16000A303A40131A003A4C40A11C4230234010F
:10C170002303940179BF1386190012069305E0107A
:10C18000328532C69770FD1FE78040F72A8439D583
:10C19000324681459750FD1FE7806059B7C7898EA9
:10C1A00023A6840A938767ED1CC0930704015CC42F
:10C1B00023023401E38F0BF48547E393FBFA4DBF71
:10C1C00003A5C40A39D99770FD1FE78080FF23A615
:10C1D000040AA1B7130A50046DB5011126CA4AC852
:10C1E0004EC606CE22CC52C49737FF1F83A787675F
:10C1F000AE843289B68991C7F84BB7070004F98F2E
:10C20000A9E3EF304FDD2A841305200459C07C4890
:10C21000898B8DC38347340691EF035744089307F6
:10C22000D02E63F9E70003576408994713055004BB
:10C2300063F1E70693F7D40F05476386E7006302CF
:10C2400009063145B9A0B7E700E003AA07003707A0
:10C25000200023A0E718337AEA000F10000003251E
:10C26000840A19C59770FD1FE780A0F52324040AEE
:10C2700023120408B7E700E023A047116312090A5C
:10C280008D476393F4027C4823120408F99B7CC811
:10C290000145F2406244D2444249B249224A056112
:10C2A00082809147E38FF4F84945E5B7F51493F49C
:10C2B000F40F8547E3E797F8930550104A85977088
:10C2C000FD1FE780A0E32324A40A25DDB7E700E0F3
:10C2D00084433707200023A0E718F98C0F100000D3
:10C2E0007C4893F7074091CF9305800C0545EF30CC
:10C2F0005EF28357A40812058507BD8BC98F2315ED
:10C30000F4080325840A4A86CE859750FD1FE780EE
:10C31000803BB7E700E02312240923A097108DBFCC
:10C320007C48918BC1F78D47E388F4F819BF411120
:10C330004AC01739FF1F1309694D8327890526C293
:10C3400006C622C4AA842E8589CFF84BB7070004FD
:10C35000F98F81CB3145B2402244924402494101D8
:10C360008280EF304FC72A84130520046DD413F761
:10C3700014007C484DCB13F7170069FF03470406F0
:10C380001377370361FB8988C1CC0327490D4545E5
:10C3900093E70740418B61D3C1657CC8FD1501451A
:10C3A000EF30BEE92314A408EFD07F85930404087E
:10C3B000B7050001C8C4FD150145EF309EEA88C8E5
:10C3C0009304040A15469735FF1F93850554268567
:10C3D0009750FD1FE780202FA685130500FBEFD0A7
:10C3E000AFD02685EF502FD87C485824A300A4084E
:10C3F000DD9B93E747007CC88547631FF7009305E3
:10C40000800C0545EF30FEE08357C4061205850712
:10C41000BD8BC98F2316F406EF60400E014525BF82
:10C4200093F7F7BF95BF0345D407CD9B7CC893070F
:10C43000F00FE303F5FEEF305E99F9BF01114AC832
:10C440003A891737FF1F1307673C0328870722CC59
:10C4500026CA4EC652C456C206CE2A8AAE8A328434
:10C46000B684BE89630808008326C80191673145F8
:10C47000F58F9DE3785F314505C39377A4FF45456C
:10C4800081EF93775400314581CB63100802029706
:10C490002A880D45631F0800F2406244D244424995
:10C4A000B249224A924A056182808347B8003145E9
:10C4B000E5F78D474945E3E147FFA3064805230813
:10C4C0005801230008029375140085C99C20A30716
:10C4D000F80083570900231BF80003D609003356E0
:10C4E000F60A93075005231CC8003306F602854759
:10C4F0002300F8022186231DC800118829C0AE94AC
:10C500009C2033A92521B3A53521A307F800A30753
:10C51000F802035709002319E8029E21B3D7E70A5E
:10C5200013075005231AF802B387E702A187231BDC
:10C53000F8028347080293E727002300F8028327C5
:10C54000C80101459397F728232EF800B1B7173794
:10C55000FF1F1307A72B3C5F011122CC26CA4AC834
:10C5600006CE2E89B284368489E77C5F8DEB314517
:10C5700021A8D04F9166F18EFDFA785F6DDB19C965
:10C5800005476309E5024945F2406244D244424905
:10C59000056182802AC6EFB09F8A3245F5B705470C
:10C5A000E313E5FE8297AA870DCD1147A306050484
:10C5B0007AA91AADB4370547E387E6FC85C086BF84
:10C5C000A2BF01C41E04E3D084FC23892701624476
:10C5D000F240D2444249BC570561828723AC07022E
:10C5E000EDB70D4555B7011122CC26CA4AC84EC633
:10C5F00006CE2E893284B689BA84EF30CF9D3DC5F0
:10C6000003284505AA8731451377082029EB1737FA
:10C61000FF1F1307A71F83469704454563E12605BF
:10C6200003C6470B33568640058A15CA8326070D75
:10C6300037060800F18E85C60347870463619702B9
:10C64000238B870AA38A270BA38B370B11C0268461
:10C6500013680810238C870A23AA07050145F240B6
:10C660006244D2444249B2490561828013052004E4
:10C67000FDB7411122C406C62E84EF30CF9515C1F7
:10C680007849AA8731459376270081CA9376F7DFE8
:10C6900019C093660720F4CB0145B2402244410102
:10C6A000828013052004D5BF011126CA4AC852C48E
:10C6B00006CE22CC4EC62E8A3289B684EF50CF8267
:10C6C00071C1938781B3631D0900054798A3014594
:10C6D000F2406244D2444249B249224A0561828012
:10C6E000982385472A846315F700238C01B2094AF1
:10C6F000B7E700E083A907003707200023A0E71869
:10C70000B3F9E9000F1000004165130545F5EF404E
:10C710003FFF29C93C253EA583278411A1E3232C93
:10C72000A410232EA410930710F8F9141CB523208D
:10C730000500231625012304450144C183459402C5
:10C740000145B315B028B3C505089770FD1FE780F4
:10C75000800AB7E700E023A0371195BF8327C411F3
:10C7600088C3C1B79737FF1F83A787D691C7956541
:10C770009385555505458297B7E700E023A037110B
:10C780001D45B9B70945A9B76F009FBB6F003FC0F2
:10C790006F003FC56F007FCB6F005FD16F00FFDD83
:10C7A0006F005FD56F00DFD882806F005FE10343C9
:10C7B00001001AC06F00CF876F00CF936F006F9D8D
:10C7C0006F00EFA36F004FAA6F002FB06F00AFB6DE
:10C7D0006F002FBB79711303F00F1AC81AC60343F9
:10C7E000810306D61AC4035341031AC2035301033B
:10C7F0001AC0EF00CFBFB2504561828003530100E1
:10C80000035E4100834E8100034FC100835F01013D
:10C8100076C47AC67EC872C21AC06F004FBD6F0060
:10C82000CFD06F008FDC03530100034E4100834ED5
:10C83000C10093F8F80F1378F80F76C672C21AC0C9
:10C840006F00AFE06F002FF06F002FF96F00CFFC8B
:10C850006F001F806F00DF856F007F8C6F00BF90BF
:10C86000828082806F001FA3411126C206C622C4A7
:10C87000AE849397556063DA071603C541B49750A9
:10C88000FD1FE78040DB2A8409CD1C211307100916
:10C890006380E7021307000D6387E7082285EF2016
:10C8A0005EF91395F468B2402244924441018280BB
:10C8B0001C3139476397E7025A21856793875740B0
:10C8C000E31EF7FC1C45A8239833AC33220583A74D
:10C8D00001B4598DE1D79C43F1D39395456082977C
:10C8E00075BF1307E003E39BE7FA38219D47E31781
:10C8F000F7FA4A219770FD1FE780600545D158255A
:10C90000A147E31DF7F883A701B4C9DB9C47D9D73A
:10C9100032246E204A207116F11533460608B3C53D
:10C9200005088297A5BF3C2119476383E702636E20
:10C93000F70095C315476380E70A83A701B4B9DF01
:10C94000DC43A9DF2285829791BF3147E397E7FE59
:10C95000EF10D01CDDB71C31EDF383C751B9B9E33B
:10C9600041469735FF1F938565141735FF1F130543
:10C97000E5159750FD1FE780A0E61DED1736FF1F58
:10C980001306C614C1450945EF303ED41736FF1FC4
:10C990001306C612C1450D45EF303ED303C5C18510
:10C9A000EF307ECD194693053400138541BA975078
:10C9B000FD1FE78040D151B741469735FF1F938552
:10C9C000E50D1735FF1F1305650F9750FD1FE78015
:10C9D00020E14DD5C1BF1C31ADF332259305450093
:10C9E0002831A146EF10001F89BF11656D8DE30C42
:10C9F00005EA1386C1BA91451145EF301ECD03C536
:10CA0000C185EF305EC71395E46871BD411122C442
:10CA100006C69737FF1F2384A7DA328481C52E8587
:10CA2000EF10601319C023A081B483C751B98DE7FB
:10CA30002244B24003C661B903C541B49387C1BA69
:10CA40001737FF1F130787079736FF1F93860608C0
:10CA5000A14541016F70BEE4B2402244014541014D
:10CA600082800111C88683C741B4680006CE5C8607
:10CA70004C87D087EF606EE7F2400561828003C586
:10CA800041B46F600EE3238AA1B803C7C1BB93070B
:10CA9000F00F6308F7008547A38AF1B8B147A38A6E
:10CAA000F1BA82809737FF1F83C7F7A081EB6145FA
:10CAB00082806145B24022444101828041111705C4
:10CAC00000001305A5DA22C406C6138441B4EF3072
:10CAD000EED108A01307F00FE30DE5FCA147A38AF0
:10CAE000F1BAEFF05FFA83C751B999C30145D9B7DD
:10CAF0001736FF1F130686FDC1450945EF30DE9648
:10CB00001736FF1F130686FBC1450D45EF30DE9536
:10CB100041469735FF1F938565FB1735FF1F1305AA
:10CB2000E5F89750FD1FE78000BA41469735FF1F93
:10CB30009385C5F81735FF1F130545F69750FD1F60
:10CB4000E78060B81386C1BA91451145EF30DE9198
:10CB50000820EF40FEB759BF130705031E2111053A
:10CB600093C7F7FF231EF5FE8347E5FF93C7F7FF43
:10CB7000230FF5FEE314E5FE828099473305F502A5
:10CB800001110A86C14506CE130505203345050867
:10CB9000EF309E8D09E50886F240056182800145EF
:10CBA000E5BF011122CC26CA4AC84EC606CE814432
:10CBB0000144138911B6938981B683470900636ADA
:10CBC000F400F24062444249B2492685D2440561EC
:10CBD000828083A709001315440019469305F00FBE
:10CBE0003E959750FD1FE780C0C701E5850493F48B
:10CBF000F40F05041374F40FC9B703A5C1B511CD23
:10CC0000411106C6EF20FEC2B24023AE01B483C775
:10CC100011B62380F1B64101828083C711B623800B
:10CC2000F1B682805971A6D286D6A2D4CAD083C763
:10CC300001B6AA84639EA700138481B808208545A5
:10CC4000EF20FED408208945EF207ED4EFF0FFFAD4
:10CC50001949338924035000C14513040920228552
:10CC6000EF309E8009C90144B6502285265496545F
:10CC700006596561828019469305F00F4800975068
:10CC8000FD1FE78000BE65F1480041469305F00FA7
:10CC90009750FD1FE780A0A9480871469305F00F43
:10CCA0009750FD1FE780A0A80818130600039305FE
:10CCB000F00F9750FD1FE78080A75000C1452285E7
:10CCC000EF30BEA050082A84F14513051920EF303B
:10CCD000DE9F5008498CF14513052920EF30FE9E58
:10CCE0001374F40F5008498CC14513053920EF30F7
:10CCF000DE9D1374F40F5008498CC145130549207B
:10CD0000EF30BE9C1374F40F5008498C9145130505
:10CD10005920EF309E9B1374F40F498C1D65101839
:10CD2000930500032695EF305E9A1374F40F498C37
:10CD300003C5C1851374F40FEF30FE9335B70111AD
:10CD400022CC26CA4EC606CE4AC80144EF001FAD0B
:10CD5000938911B6938481B683C709006369F4008F
:10CD6000F2406244D2444249B2490561828088401F
:10CD70001319440019469305F00F4A959750FD1F6B
:10CD8000E78020AE11E58C40CA95E835EF005FA939
:10CD900005041374F40FC9B7397122DC26DA4ED6B4
:10CDA00052D406DE4AD80144EF007FAA938911B617
:10CDB000938481B6194A83C70900636AF400F2506C
:10CDC0006254D2544259B259225A21618280884019
:10CDD0001319440019469305F00F4A959750FD1F0B
:10CDE000E78020A81DE5330544030A86C1451305E5
:10CDF000352033450508EF302EE71008C1450945B9
:10CE0000EF308EE68C4014080A86CA95E835EF00AC
:10CE1000DFA305041374F40F79BF011106CEEFF000
:10CE20005FD8054789476363A700A9471306F10048
:10CE3000854513052004DC87EF702ED9F24005618B
:10CE40008280011122CC26CA4EC652C406CE4AC8E0
:10CE50000144938911B6938481B6194A83C70900A6
:10CE60006367F402EFF0FFD383C741B699C3EFF0D5
:10CE70001FED83C731B699C3EFF01FF26244F24051
:10CE8000D2444249B249224A05616FF01FF9330585
:10CE90004403904013194400C1454A9613050520E8
:10CEA00033450508EF304EDC05C988401946930527
:10CEB000F00F4A959750FD1FE7806087884019461C
:10CEC0009305F00F4A9519059750FD1FE7802086BE
:10CED0009C40CA972396070005041374F40FBDBF46
:10CEE0002A2183C581B86F801EF89947B385F50262
:10CEF000397122DC26DA4AD84ED606DEA1472A84CA
:10CF0000B2843A89938925206384F6009389152099
:10CF10007146814548009750FD1FE78040815000D1
:10CF2000F1454E85EF304ED405E18347E1012547B9
:10CF3000E51793F7F70F6369F700CA86500093F57A
:10CF400014002285EF406EE7F2506254D2544259E9
:10CF5000B25921618280797122D426D24AD0AE841E
:10CF60002A8932848145130600020A8506D6974035
:10CF7000FD1FE780C07B83C7E18523102101230EBD
:10CF8000F100B4843DCC83C771B803C741B85C825B
:10CF900083C761B8DC82135647489377770022062F
:10CFA000D18F135657482606D18F135767482A0743
:10CFB000D98F93F6868FD58F41469735FF1F93857E
:10CFC000E5AC13056100FC849740FD1FE780A06F6E
:10CFD00083C751B813F7170011C789C4B884136702
:10CFE0002700F88403476101A2850A85D98F230BA6
:10CFF000F100EF408ECEB250225492540259456156
:10D00000828083C7F1B703C7C1B75C8283C7D1B73A
:10D01000DC8213564748937777002206D18F135648
:10D0200057482606D18F135767482A07D98F93F69A
:10D03000868FD58F41469735FF1F938525A413050D
:10D040006100FC849740FD1FE780E06783C7E1B77C
:10D0500051B7011122CC06CE2A842EC632C4977055
:10D06000FD1FE780C08E05C55825A1472246B24561
:10D07000631CF70083A7C1B699CBDC4389CB22851B
:10D080006244F2400561828783A701B7F5B7F24099
:10D09000624405618280011122CC26CA4AC84EC66C
:10D0A00006CEAA840144138911B6938981B68347B9
:10D0B0000900636BF4003E84F24022856244D2444E
:10D0C0004249B2490561828083A7090013154400D3
:10D0D0001946A6853E959740FD1FE780607069FD63
:10D0E00005041374F40FE1B75D71A2C41384C1B5D4
:10D0F0001C40CAC04EDE86C6A6C252DC56DA5AD8DA
:10D100002A89AE89A1EF6300051A638E0518EFF036
:10D110009FF8938A11B683C70A00138A01B62300C9
:10D12000AA00636DF5028144138B81B60DA083279D
:10D130000B001395440019469305F00F3E95974058
:10D14000FD1FE780007209E9850493F4F40F83C79B
:10D150000A00E3EEF4FCBE8423009A00938401B637
:10D160009C2003C711B663F0E71418403DEB194744
:10D17000B387E7024A86C1459387072033C507086E
:10D18000EF30AED4130600039305F00F0A859740E5
:10D19000FD1FE780C05988209D670A863E9593054C
:10D1A000000333450508EF304ED29C2003A581B61D
:10D1B00041469207CA853E959740FD1FE780A050E3
:10D1C0002320340103C5C185EF30EECA0145B640C6
:10D1D000264496440649F259625AD25A425B61612A
:10D1E00082801047014719CE19473385E702F14580
:10D1F0001305152033450508EF302ECD1C4005479B
:10D2000023A407001C40904B39CE88209947F14554
:10D210003305F5021305252033450508EF30EECA26
:10D220001C40D04B23A8070029E2D04741DE8820CC
:10D230001949C14533052503130545203345050824
:10D24000EF30AEC888201C40914533052503D047F8
:10D2500041061305552033450508EF300EC71C4025
:10D2600023A6070085B7D04B05C288209947C14542
:10D270003305F5021305352033450508EF30EEC4BC
:10D280001C4023AA070055B7D04755F205FF83C7B6
:10D2900041B699C3EFF0BFAA83C731B699C3EFF087
:10D2A000BFAFEFF09FB705451DB70111994722CCDD
:10D2B0003304F50226CA0A86AE84C14506CE13049D
:10D2C0000420334404082285EF300E9A19C5014525
:10D2D000F2406244D2440561828019469305F00F02
:10D2E0000A859740FD1FE780C05775F13886937710
:10D2F000D70F89C49377F70F93E72700630CF700E4
:10D300000A86C14522857C86EF302EBC03C5C185C7
:10D31000EF306EB605456DBF411122C426C206C668
:10D3200001450144938411B69C206373F40011C538
:10D33000B240224492444101828022850504EFF0EC
:10D340007F8E1374F40FCDB783C711B6637EF502D9
:10D35000011122CC06CE2E8485C599473305F502EE
:10D360000A86C1451305052033450508EF30CE8FE9
:10D3700001E919468A8522859740FD1FE780A03480
:10D38000F24062440561828082809947B307F502CA
:10D390001D71A2CCCEC63284AE890A86C145A6CA0A
:10D3A00086CE93870720CAC8AA8433C50708EF3002
:10D3B000AE8B11C90149F6406644D644B6494A8548
:10D3C00046492561828019469305F00F0A859740EA
:10D3D000FD1FE780004979FD9D67BE941008930505
:10D3E00000032685EF304E882A8919C10549E1B727
:10D3F0000808EFF06FF663940904130600038145F3
:10D4000008089740FD1FE780C0456DF11306000333
:10D41000814508089740FD1FE7806031854708086F
:10D42000238AF1B6EFF04FF3100893050003268529
:10D43000EF30AEA903C5C185EF30EEA345BF1C0890
:10D440003E8716236385360311079400E31BD7FE3E
:10D450003DD09A2311C791079800E39CE7FEA1BF36
:10D46000B82323903701E30387F8A0A345BF3C23EB
:10D47000E38E87F620A35DF02310070045B7011166
:10D4800026CA4AC84EC606CE22CC52C49729FF1FD0
:10D490009389090103C5E900FD579305200412058E
:10D4A0002384F1B8938481B6A38001B623A401B686
:10D4B0009760FD1FE78080C488C0138911B605C13D
:10D4C00083C7E90001442300F90083470900636032
:10D4D000F40C83A78900638B070E238C01B4834768
:10D4E00009000544414681451725FF1F1305055ACC
:10D4F0002380F1B6A380818623AE01B4A38301B853
:10D50000238301B89740FD1FE780602293047007D2
:10D51000414681451725FF1F13054556238291B8C3
:10D5200023808186A38201B823A001B8238F01B68E
:10D53000A38F01B6A38E01B69740FD1FE780201F81
:10D54000238E91B623AC01B6A38A01B69547A38F6B
:10D55000F184C147238FF184238A01B68947A38EC2
:10D56000F184F240238E8184A38D8184238D818474
:10D57000624423A801B623A601B6238201B6238103
:10D5800001B6D2444249B249224A056182808840AC
:10D59000131A440019469305F00F52959740FD1F4A
:10D5A000E780E018884019469305F00F5295190559
:10D5B0009740FD1FE780A0179C4005041374F40FEB
:10D5C000D297239607002387070001B7930700F837
:10D5D000238CF1B429B71971A6DACAD8CED6D2D421
:10D5E000D6D286DEA2DC8144938911B6138981B636
:10D5F000194A9D6A83C7090063E3F40203C5C18524
:10D60000EF306E8783C70900F65066542380F1B669
:10D61000D6544659B659265A965A0961828003252E
:10D62000090013944400194622959305F00F974082
:10D63000FD1FE780C00F0325090019469305F00F71
:10D64000229519059740FD1FE780600E832709008A
:10D6500041469305F00FA2973384440323960700B5
:10D660002387070048009740FD1FE780400C714664
:10D670009305F00F48089740FD1FE780400B130605
:10D6800000039305F00F08189740FD1FE780200A5C
:10D69000334404085000C1451305042033450508F0
:10D6A000EF30AE825008F1451305142033450508CC
:10D6B000EF30AE815008F1451305242033450508AD
:10D6C000EF30AE805008C1451305342033450508BE
:10D6D000EF20BEFF5008C14513054420334505081F
:10D6E000EF20BEFE50089145130554203345050830
:10D6F000EF20BEFD33855401101893050003850407
:10D700003345050893F4F40FEF203EFCE5B54111D5
:10D7100022C4930705C006C6130720022E84B3C790
:10D720000708636EF70C1787000013072778B3C745
:10D73000E7209C43BA97828783C711861CA0814744
:10D74000B24022443E854101828083C751B893D7BD
:10D750002748EDB783C771B8D5B783C761B8F9BF9C
:10D7600041469725FF1F9385653222859740FD1F0F
:10D77000E78060F5E9B783C751B8858BC1B783C728
:10D7800041B86DBF83A701B81CC055BF83C70186D0
:10D7900075B783C7E1B765BF83C7F1B745B783C71F
:10D7A000D1B769BF41469725FF1F9385252D75BFCA
:10D7B00083C7E1B7D9B783C7C1B749B783A781B7D3
:10D7C000E1B783C751B79DBF83C7F18585BF83C7C5
:10D7D000E185ADB783C741B695B783C731B6B9BF49
:10D7E000EFF02FBC08A0A1BF83C7A18581BF83C76D
:10D7F00051B893D7374899B783C7E1B7DDBF13074F
:10D8000000048947E36EA7F2EF307EE50AA005BF6A
:10D81000011106CE22CC26CA4AC84EC652C4EF40D9
:10D820002EB53DED03C721B685472A84938411B6F2
:10D83000630CF702138981B6054A9C206370F404D7
:10D840008327090093194400CE97FC27639A470168
:10D850002285EFF02FBD83270900CE97238707008D
:10D8600005041374F40FD1BFEFF01FAB9820238190
:10D8700001B683A781B6B907631DE400EF30CE8AF5
:10D880006244F240D2444249B249224A05616FF0F3
:10D890004FDB0504238007001374F40FC107E9BFB1
:10D8A000F2406244D2444249B249224A0561828030
:10D8B00079714AD04ECE52CC06D622D426D256CA40
:10D8C000938911B6894703C409002E8A3289630AF5
:10D8D000F50663F1A7028D478144994A630AF5066C
:10D8E000B2502285225492540259F249624AD24AD5
:10D8F000456182802E85EFF00FFA83C709002A84E4
:10D90000E370F5FEE30E09FC1946D2854A8597407F
:10D91000FD1FE78040DBE9B703A50A0093974400A9
:10D9200019463E95D28519059740FD1FE78040EBCB
:10D9300029ED850493F4F40F03C40900E3EE84FC9D
:10D9400045B78144938A81B6C5BF850493F4F40F2B
:10D9500003C40900E3F684F8338554030A86C145FD
:10D960001305352033450508EF201EB079FD4146EB
:10D970009305F00F0A859740FD1FE78080EE71F553
:10D98000D2850A85EF307ED569F183C7090063E44B
:10D99000F4002684B1B7E30E09FECA852685EFF0B0
:10D9A000BF9AC5BF797126D206D622D44AD0AA849E
:10D9B00002CC231E01009760FD1FE78040F90DCDCA
:10D9C000138901860347090089476307F702930516
:10D9D00065002A8448313008EFF09FED83C711B607
:10D9E0006372F5022AC6EFF04F99B2452A860547C1
:10D9F000A1462685EFF06FCFB250225492540259BF
:10DA0000456182808347090091E795452685EF406F
:10DA10004E93DDB70547E391E7FE4C30014626857E
:10DA2000EFF06FD3D1BF0111C16726CA06CE22CC59
:10DA30004AC84EC6FD17AE846309F5069760FD1F00
:10DA4000E780E0F02A84514929C9930565004831EF
:10DA500001465549EFF0DFE583C711B66376F5005F
:10DA6000A685EFF09F8401498DC82285EFF04FC74E
:10DA70002DA0A6852285EFF05F8311C10149050421
:10DA80001374F40F83C70900E365F4FE99C417F516
:10DA9000FFFF13052545EFB0BECAF2406244D244F1
:10DAA000B2494A85424905618280014455499389BA
:10DAB00011B6C9BF0111C1674AC84EC606CE22CCF5
:10DAC00026CA52C4FD172E89B2896300F5069760F5
:10DAD000FD1FE780C0E7D14421C1930565004831AF
:10DAE0000146D544EFF0DFDC83C711B66376F5025B
:10DAF0004E86CA85EFF07F89814439A84E86CA8553
:10DB00002285EFF09F8811C1814405041374F40F3E
:10DB100083470A00E364F4FEF24062444249B2499A
:10DB2000224A2685D244056182800144D544138A65
:10DB300011B6F9BF411122C406C6138481B80C2066
:10DB400023A8A1B66145EF406E8B08202244B24065
:10DB500041016F90BEC3411122C406C6138481B82F
:10DB60000C2023A6A1B66145EF404E89082022442F
:10DB7000B24041016F909EC1411106C622C426C227
:10DB80008DEDAA85AA8437450F001305052433754A
:10DB9000A602EF30BEAE2A8401E90144B2402285DC
:10DBA00022449244410182809307E00FE308F5FE8E
:10DBB00085452685EF30FEF8D5B7EF309EF8F1BFEA
:10DBC000138711861C2383C551B893E707F81CA35C
:10DBD0006F30FEEB5971A2D432845000CAD0D2CC3F
:10DBE00086D6A6D2CECE2A89368A02C22314010056
:10DBF000EFF01FCC83C711B66374F50EAA84EFE073
:10DC0000DFF79147AA896316FA0C03C711867917C3
:10DC10001337170091461949338924034E86A68588
:10DC20002285EFF08FAC5146814568009740FD1F7B
:10DC3000E780E0AF700033490908C145130549206A
:10DC400033450508EF205E8205E941469305F00F54
:10DC500068009740FD1FE780C0C019ED700891452E
:10DC60001309592033450908EF201E80700093F5F1
:10DC700019002285EF305EE69D67BE941010930573
:10DC8000000333C50408EF202EFE19ED0810EFE065
:10DC9000BFEC04108E2089C5B0202285EF807E80E5
:10DCA00091049C08E398F4FE93F929006387090026
:10DCB00083C581B82285EF800E9B91476314FA04D7
:10DCC00003C711868947631FF7022285EFF05FEFD4
:10DCD00015A803C70186791713371700D28625BF09
:10DCE000A147E31CFAFC03C701868947631CF700C0
:10DCF0000146CA852285EFF00FA60146814522859F
:10DD0000EFF02FB5B650265496540659F649664A98
:10DD1000014565618280411122C42A8406C6EFF064
:10DD20000FF6238481B82244B24041016FF06F9115
:10DD30001D7186CEA2CCA6CACAC8CEC6D2C4D6C2CF
:10DD4000EFF0FEB083C7B18599CB0144138A11B6B9
:10DD5000138981B6994A83470A00636BF400F64041
:10DD60006644D6444649B649264A964A2561828089
:10DD7000032509009319440019469305F00F4E95A9
:10DD80009740FD1FE780E0AD29E9B304540350102C
:10DD9000F145B3C404081385142033450508EF206A
:10DDA000AEEC05ED0347F1039307F00F6317F7029D
:10DDB0005000C1451385342033450508EF20CEEAD5
:10DDC0005008C1450945EF202EEA83250900540873
:10DDD0005000CE95E835EFF05EA705041374F40FFC
:10DDE0009DBF5D71A6C2CAC0930705C086C6A2C406
:10DDF0004EDE52DC56DA5AD8130720022A89B28442
:10DE0000B3C707086368F74E178700001307C712E8
:10DE1000B3C7E7209C43BA978287854761446393E1
:10DE2000F5021C220947636FF700A380F1860144C5
:10DE300011A8854761446397F5001422138751B8F0
:10DE400063FAD50CB6402285264496440649F25919
:10DE5000625AD25A425B6161828085476144E39392
:10DE6000F5FE1C221147E36FF7FCA383F1B8C1B79D
:10DE700085476144E398F5FC1C22E3E5F5FC238328
:10DE8000F1B875B7C1476144E39EF5FA4146A685EE
:10DE90001725FF1F130585BF9740FD1FE780A08250
:10DEA00079B785476144E39FF5F81422138751B889
:10DEB000E3EAD5F81C236381062093E71700B9A88D
:10DEC00085476144E390F5F81C222382F1B885B7B9
:10DED00091476144E398F5F61842B7470F009387DE
:10DEE000F723E3E1E7F623A0E1B891B78547614462
:10DEF000E39AF5F41C220947E366F7F42380F186E0
:10DF00003DB785476144E39FF5F21422E3ECD5F277
:10DF10001387E1B71C2389C693E747001CA301BF01
:10DF2000ED9BEDBF85476144E39EF5F01C22114750
:10DF3000E36AF7F0A38FF1B6DDBD85476144E39353
:10DF4000F5F01C22E3E0F5F0A38EF1B6CDB5C147A4
:10DF50006144E399F5EE4146A6851725FF1F130599
:10DF6000E5B11DBF85476144E39EF5EC1422E3EB68
:10DF7000D5EC1387E1B73DBF85476144E394F5ECE9
:10DF80001C22238EF1B665B591476144E39CF5EA06
:10DF90001842B7470F009387F723E3E5E7EA23AC7E
:10DFA000E1B671B56144E39F05E8EF307EBC01E95D
:10DFB000EFF08FB6EF205E97EFE0BFE88DBD8547AD
:10DFC0002381F1B6ADB59D476144E39DF5E69385A8
:10DFD0001400194668009730FD1FE780C06E882046
:10DFE00050086C00EFF0DF8C83C711B6AA84094497
:10DFF000E37AF5E44808EFB00ED52A8409E92685CE
:10E00000EFE05FC2EF205E92EFE0BFE325BD83A7A4
:10E0100081B69204A6970547F8A7594425B59D47B0
:10E02000639EF50819469385140068009730FD1F1C
:10E03000E7806069882001466C00EFF07F8783C726
:10E0400011B66377F5049947B304F5025008F1451A
:10E0500093841420B3C404082685EF20EEC02A84DC
:10E0600015E51307A0419307F00F6313E9008547F7
:10E070005008F1452685A307F102EF200EE503C500
:10E08000C185EF204EDFEFF0BFCA6DBB0944E5BF8D
:10E0900083C781B50944E38707DA138771B593060F
:10E0A000A0411C23631AD90093E717001CA31D4647
:10E0B000A685138501B5CDB3F99B8DB58547614420
:10E0C000E392F5D8138771B59306A0411C2363151D
:10E0D000D50093E7270099B5F59B89B5A38D0184F9
:10E0E000EFF01FC5A9B38547A38DF18401441389BF
:10E0F00011B69949130AF00FFD5A138BC185834756
:10E100000900E37FF4FCB30434035008F145938421
:10E110001420B3C404082685EF200EB505E183471B
:10E12000F102638D47015008F1452685A30751038D
:10E13000EF20AED903450B00EF20EED30504137496
:10E14000F40F75BF85476144E39EF5CE1C22E3EBD7
:10E15000F5CEA38AF1B6E1B985476144E394F5CEE3
:10E160001C222547E360F7CEA38FF184C9B1854710
:10E170006144E399F5CC1822A546930797FF93F7DE
:10E18000F70FE3E1F6CC238FE18455B18547614475
:10E19000E39AF5CA138741B61C2214231CA3E39803
:10E1A00006C8E396B7C809BD85476144E39CF5C836
:10E1B000138431B61C2218201CA009E76394B70011
:10E1C000EFE03FC80820EFF0CEE895B18547614405
:10E1D000E39AF5C61C220D47E366F7C6A38EF184C9
:10E1E000B9B185476144E39FF5C41C22238EF184B5
:10E1F0003DB90545EF202EC81DB985476144E3931D
:10E20000F5C41C22238DF1841DB1930740026144A3
:10E21000E39AF5C28830014693852400EFF04FE978
:10E2200083C711B66364F500094429B999473305DA
:10E23000F5029820A14733490508631FF702130927
:10E2400029205008F145334909084A85EF20CEA11D
:10E250002A8415E59385840048086D469730FD1F94
:10E26000E78060465008F1454A85EF200EC603C599
:10E27000C185EF204EC0F9B613091920D9B705445E
:10E28000D1B61717FF1F0357A722930740046D4409
:10E29000E3FAE7BA85476144E396F5BA1C22E3E363
:10E2A000F5BA81CF83A7C1B45544E38D07B813876E
:10E2B00051B81C2393E7870095B1138751B81C23ED
:10E2C000DD9BA9B91717FF1F0357871E930740044B
:10E2D0006D44E3F9E7B685476144E395F5B61C2242
:10E2E000E3E2F5B6F9DB83A7C1B455441387E1B780
:10E2F000E9F389BE93070004E3E827F38947E39530
:10E30000F5F226448E20B6409644F259625AD25A0B
:10E31000425B4A85064961616F305E8E797106D62F
:10E3200022D426D23C215147E91793F7F70F6367B0
:10E33000F704178700001307E7C8B3C7E7209C431B
:10E340002A84BA978287262550255435268532C6D9
:10E3500036C49750FD1FE780805FAA8705C1D82784
:10E36000A147A246324613053400631EF70283A775
:10E37000C1B6A68599CB9C4389CB82978544B25080
:10E380002254268592544561828003A581B7EF30DF
:10E39000EEAE6DD59307E00FE302F5FE85452685C9
:10E3A000EF302EFAE1BF83A701B7A68599C39C433E
:10E3B000E9F703A501B8E1BF2E252E852EC497509D
:10E3C000FD1FE780C058AA8755D9D827A147A24585
:10E3D000130534001306C4009306C4016319F70043
:10E3E00083A7C1B6C1DF9C47D1DB829741BF83A71A
:10E3F00001B7CDBF10314DEE7C21858BCDCB83A7EE
:10E40000C1B5D5E78145414608089730FD1FE78033
:10E4100000324C48A5C5FC291946C105A30FF100DF
:10E4200008089730FD1FE780002AB8867C2093D724
:10E430002748D98FFC86EFE0CFF683C711B6639FDC
:10E44000A70083C7A18599C3EFF0EF989717FF1F27
:10E4500083A7070881C7854521458297EFE06FF4C0
:10E46000A2850808EFE05FC8AA841DE5894503C5B9
:10E4700081B89750FD1FE780003811B74A209750A8
:10E48000FD1FE780C04CE30B05EE5C311946930598
:10E490006500A30FF10069B710304A208545EFE011
:10E4A0005FBB55468D454A20EFE0BFBAC1BD01466E
:10E4B0008545D5BF183099474A216318F702975010
:10E4C000FD1FE780C048AA840DC183C7D1850947D5
:10E4D0006386E7020D47638DE70005476397E70012
:10E4E0004C314A200146EFE01FA71030894565BF37
:10E4F0000146814513050041EFF0BF8E4E20882074
:10E500001546EF302EE7D5B7930545002831014673
:10E51000EFF00FBA83C711B6E372F5E699473305FA
:10E52000F5021306C400914513055520334505082F
:10E53000EF20AE9903C5C185EF20EE9381B583C767
:10E5400051B74A2181C783C5F18599BD83C711861B
:10E5500099E39545B1B59750FD1FE780403FAA84E8
:10E56000E30E05E03C244831858B85C7854763F27F
:10E57000A7025E2493F7072089EF100893856400B3
:10E58000EFF00FB383C711B66395A7004A208D45FE
:10E5900001BDCC304A2013068400EFE0DF9B01462A
:10E5A000814511B74A21EFF0EFBFC9BB4A21EFF017
:10E5B0002FA6138711861C2393F7F7071CA37DBB97
:10E5C000797126D206D622D44AD04ECE52CCAE8411
:10E5D0009397556063D9070803C581B89730FD1F2D
:10E5E000E78060052A8431C11C211307100B638961
:10E5F000E7041307000D6384E7021307000B63931E
:10E60000E7025821F9476316F7002A218145EFF008
:10E610008FC14C2013058400EF609EA721A0EFF06E
:10E62000FFCF01C52285EF10CEA01394F468B2503D
:10E630002285225492540259F249624A45618280ED
:10E640005C21EDF312256E212A21238A01B6EFF019
:10E650006FC683C741B7F9D703C5C185238A01B601
:10E66000EF206E81C1B793F7250095C38145014521
:10E67000EFE09FA7938781B8894511C1854588231D
:10E6800013C424009750FD1FE780E0164DB793F7A1
:10E690001500DDCB1389C1B583270900138481B42C
:10E6A00003DA47001C4081EFC165138761B48946D6
:10E6B0001386018DFD150545EF80EE8308C00C40E3
:10E6C00093C4140085E98327090001468545CA23C0
:10E6D00033C40408EFE0FF978327090001468D4506
:10E6E000CA23EFE01F9703C5C185EF10DEF8EFE006
:10E6F000CFD035BF938961B403D609009308F00FDA
:10E70000094881471307E10074005285EF80EECF7E
:10E7100001E9308611C61C405285AE27EFF08FB953
:10E72000084003D60900C1658146FD15EF806EC320
:10E7300008C033C4040841D9854503C581B8975042
:10E74000FD1FE780400BE5B513F44500E30104EE3F
:10E7500013C44500E9BD3421F14763EFD72617877D
:10E7600000001307678BB3C7E6209C43411122C406
:10E77000BA9706C626C22A8482871C31938481BB3D
:10E78000D1E741469715FF1F938545321715FF1FA7
:10E790001305C5339730FD1FE780800429E917165C
:10E7A000FF1F1306A632C1450945EF101EF21716CA
:10E7B000FF1F1306A630C1450D45EF101EF103C51E
:10E7C000C185EF105EEB93053400138541BA1946FD
:10E7D0009730FD1FE78020EF8547854503C5C1BB06
:10E7E0009CC09750FD1FE78000018840D9A041469A
:10E7F0009715FF1F9385852A1715FF1F1305052CF5
:10E800009730FD1FE780C0FD59D975BF99479CC05F
:10E81000E9BF18313C3129E309476394E7021387C4
:10E8200081BB1C438145014593F7F7F093E707024D
:10E830001CC3EF504EA308B0B240224492444101A1
:10E8400082800547814501456395E700EF504E956D
:10E85000DDB7EF508E88C5B70947E38FE7FC138714
:10E8600081BB1C43C19B13E5670008C399A01C3101
:10E87000938481BBBDEF8D47639FF604138731BB43
:10E880001C239396476063DC060093F7F7078945DE
:10E8900003C5C1BB1CA39750FD1FE780C0F59C407A
:10E8A000914613F7F7006311D702C19B13E5570098
:10E8B00088C083A7C1B8C9D39C43BDDFA2852244C9
:10E8C000B2409244410182878946E307D7F6C19B53
:10E8D00013E52700F1BF238A01BA9C40954613F740
:10E8E00007FFBD8B13653700E394D7FC1365470022
:10E8F000C1B79C40C19B13E567005DBF938481BB9A
:10E900009C401831C19B11EF93E747009CC0322512
:10E910009305450028319146EFF0CFAB238A01BA29
:10E92000E9B5930610036317D700238A01BA93E76A
:10E930003700F1BD93E76700D9BDEFF03F9E138725
:10E9400081BB1C43954613F6F700C19B13E53700C6
:10E95000E31DD6F013E5270009BF938481BB9C40DB
:10E96000183193F7F7F021E34D47639AE60293E7F6
:10E970000701138721BB9CC01C239396476063DC6F
:10E98000060093F7F707914503C5C1BB1CA3975039
:10E99000FD1FE78040E69C401395872919BF93E748
:10E9A00007029CC0CDBF93E70703E5BF138681BB79
:10E9B0001842FD770C319387F70F7D8F93670730EF
:10E9C00081E9ED45936707206394B60093670710CC
:10E9D0001CC213959729F1BD828018219306100956
:10E9E0006307D7009307000D630EF702828014318E
:10E9F0003947639BE6025621056713075740639525
:10EA0000E6021C451307F00783853700638EE50097
:10EA100003A7C1B811CB584301CB8833BC23A2074D
:10EA20005D8D02876FF03FD38280011126CA06CE2A
:10EA300022CCAE849397556063DF070A03C5C1BB40
:10EA40009730FD1FE78020BF2A8409C983C751B9C9
:10EA500089EFEFF09FF82285EF00BEDD1395F46893
:10EA6000F2406244D244056182801C211307000DEC
:10EA7000639BE7043C2181E7EFF03FF601A81547CF
:10EA8000639CE7005825A147E395E7FCA28503C5F1
:10EA900041B9EF003EDFD9B72147E38FE7FC994644
:10EAA0006394D7007C31CDB71D47E394E7FA4A2140
:10EAB0009750FD1FE780A0E959DD5825A147228521
:10EAC000E319F7F8E1B71307200AE384E7F813071F
:10EAD0001009E393E7FA1831B947E31FF7F85A2111
:10EAE000856793875740E319F7F81C458833BC23A3
:10EAF000A2075D8D75BF9167ED8F91CF1386C1BA67
:10EB000091451145EF107EBC03C5C185EF10BEB61F
:10EB10001395E468B1B793F71500BDCB83C741BB2C
:10EB2000A9C7EFA0BEC79717FF1F83C7C798636128
:10EB3000F5048D475C8283C781B95C864C0083C72E
:10EB400071B903C5C1BBDC86EF405EA719CD9387C1
:10EB500081BB884341991365650088C383A7C1B809
:10EB600089C79C4399C38145829713C51400CDBDC5
:10EB700083C731BA5C82194683C721BA9385C1B96C
:10EB800013056100DC829730FD1FE780C0B365B7D5
:10EB900093F7250095CB83C731BB858B9DC303C5F8
:10EBA000C1BBEF403ECE11CD938781BB8843137527
:10EBB000F5F088C383A7C1B889C79C4399C3814531
:10EBC000829713C5240069BD13F54500E30A05E8E3
:10EBD00083C721BB8DC703C5C1BBEF40BECD05C1F7
:10EBE000138781BB0843FD779387F70F7D8D08C39B
:10EBF00083A7C1B889C79C4399C38145829713C530
:10EC00004400B9BD397122DC26DA4AD84ED652D436
:10EC100006DE2A8AAE893289B6843A843EC6975087
:10EC2000FD1FE780C0D229C17E25324663EB370144
:10EC30006369F9001E29639697003E296145638D3B
:10EC400087002C085285231C3101231D2101E486F5
:10EC5000E087EFA0EEF80145F2506254D2544259D9
:10EC6000B259225A216182805145FDB7411122C417
:10EC700006C69717FF1FA383A7B4328481C52E85CC
:10EC8000EFE05FEB83A781BB8DEB19C023A681B8B2
:10EC90002244B24003C661B983C551BB03C5C1BBA1
:10ECA0009387C1BA1717FF1F130747E19716FF1F76
:10ECB0009386C6E141016F509EBEB2402244454555
:10ECC000410182809707FF1F83C7E77E89EB61457B
:10ECD00082806145B24022449244410182804111C8
:10ECE00026C206C622C49384C1BB80209307F00FBE
:10ECF000E311F4FE17050000130565D3EF100EAF06
:10ED000088A0E30885FC23A601B823AC01BA91478B
:10ED1000A38AF1BAEF20DE9B414681451715FF1FFC
:10ED20001305C5DA9730FD1FE78060A04146814595
:10ED30001715FF1F130585D89730FD1FE780209F0B
:10ED400023A601BAA38101BA238101BA9D471716F0
:10ED5000FF1F1306A6D7C1450945238CF1B8A38B25
:10ED600001B8EF106EF01716FF1F130626D5C14528
:10ED70000D45EF106EEF41469715FF1F938505D5A2
:10ED80001715FF1F130585D29730FD1FE780A0934D
:10ED900041469715FF1F938565D21715FF1F130571
:10EDA000E5CF9730FD1FE78000921386C1BA9145E9
:10EDB0001145EF106EEB014531BF1717FF1F130709
:10EDC000A79FFD575CB37CA3A38A01BA0547238A9A
:10EDD000E1BA23A601BA19472399E1B805671307D9
:10EDE00007C82398E1B8238AF1B88D47238B01B86F
:10EDF000A38A01B8A388F1BA2388F1BA19468145DC
:10EE00001385C1B91733FD1F67006392411122C4F6
:10EE1000930705D006C65D472E84B3C7070863670E
:10EE2000F70C1777000013076726B3C7E7209C434A
:10EE3000BA97828783C751BB1CA019A84146971572
:10EE4000FF1F9385A5C822859730FD1FE780A08707
:10EE50008147B24022443E85410182804146971558
:10EE6000FF1F9385A5C5C5B783A7C1BA9CC1CDB700
:10EE70001946938541BAC1BF83C741BB75BF2E8573
:10EE8000EF407ECAF1B72E85EF401ECCD1B783C7C5
:10EE900031BA5DB783C721BA45B719469385C1B961
:10EEA0005DB783C781B949BF83C771B971B783A7FC
:10EEB00081BB59B783C761B941B783D721B91EA0B8
:10EEC00041BF83D701B9E5BF83C711BBB5B783C7BE
:10EED00001BB9DB72E85EF401ECA9DBF83C731BBC6
:10EEE00093F7F70791BF83C721BBB9B71307000496
:10EEF0008947E360A7F6EF208EF60AA091BF2A8724
:10EF00009307F7CFD9462E85B3C70708B28563EDBF
:10EF1000F624977600009386661DB3C7D7209C43DE
:10EF2000411106C6B69782874147E147631EE50255
:10EF300041461715FF1F130565B99720FD1FE78090
:10EF4000807815A04147E1476310E5024146171557
:10EF5000FF1F1305A5B6D5B71147E1476316E500B6
:10EF60001C4223A6F1BA8147B2403E85410182800E
:10EF70000547E147E31AE5FE138741BB1C22142332
:10EF80001CA385C2EDF303A781BB3D8B9307400211
:10EF9000B3D7E700858BE1DB03C5C1BBEF408EF63D
:10EFA000D9B7F1D383A781BB6386A700BD8BF517C3
:10EFB000E36BF5FA854503C5C1BB9750FD1FE7809C
:10EFC000808355B79307C01C63ECA718630A061823
:10EFD000B24041016F407E909307C01C63E2A718C6
:10EFE00063000618B24041016F409E9B0547E14710
:10EFF000E31CE5F61822A946E3E8E6F6A381E1BAA8
:10F000009DB70547E147E311E5F618228D46E3ED8C
:10F01000E6F42381E1BA81BF1947E147E316E5F43D
:10F0200019461385C1B911BF0547E147E31EE5F253
:10F0300018229D46E3EAE6F2238CE1B82DB7054796
:10F04000E147E313E5F218228D46E3EFE6F0A38BE8
:10F05000E1B811BF0547E147E318E5F01C22238B17
:10F06000F1B811B70947E147E310E5F0122205674F
:10F070001307A7C79306A6FFB3C60608E366D7EE35
:10F080002399C1B8CDB50947E147E31FE5EC12224A
:10F0900005671307A7C79306A6FFB3C60608E3656F
:10F0A000D7EC2398C1B8C1B50C2203C601BBA38815
:10F0B000B1BA0145EFE06EFA7DB5102283C511BBF0
:10F0C0002388C1BAFDB79307C01C63EBA70849CAE0
:10F0D000B24041016F403E990547E147E316E5E83C
:10F0E000138731BB14231C22858A1CA313F6170037
:10F0F00091C6E31A06E6EF402EFBB5B5E30506E63A
:10F1000083A681BBB98A8945E39706EA93E707F8A6
:10F110001CA391BD0547E147E318E5E4138721BB34
:10F120001C2214231CA391C6E39F07E2EF402EFA92
:10F130001DBDE38A07E283A681BB93F6060FF9D6CD
:10F14000914595BD9307000463EEE7008946894722
:10F15000E31CD5E0B2400E223A8541016F201EAA81
:10F16000E14719B5894709B59307000463E9E7004A
:10F17000894689476316D5000E223A85C5B7894767
:10F180003E8582806FE04EE8014881476FE08EE95E
:10F19000011106CE2AC69740FD1FE780407B01C9BA
:10F1A000B245F24008214D4605616F20BE9CF240F9
:10F1B000494505618280411106C6EF90DFF517953C
:10F1C000FEFF13052510EF007EE2EF803EFC1735B1
:10F1D000FEFF1305A5ADEF007EE1EF20DEA8176569
:10F1E000FEFF130585EFEF007EE0EF503EEC17B514
:10F1F000FEFF1305A556EF007EDFEFB0EEE917F531
:10F20000FFFF1305253CEF007EDEEFE0DFB0178542
:10F21000FEFF1305A573EF007EDDEF80CEEFB24059
:10F2200041016FF03FAA411106C6EF307F8983C7C5
:10F23000C1BBFD1793F7F70F1307D00F6372F706E3
:10F240001795FEFF13050508EF005EDAEF801EF448
:10F250001735FEFF130585A5EF005ED9EF20BEA090
:10F260001765FEFF130565E7EF005ED8EF501EE45B
:10F2700017B5FEFF1305854EEF005ED7EFB0CEE168
:10F2800017F5FFFF13050534EF005ED6EFE0BFA8CA
:10F290001785FEFF1305856BEF005ED5EF80AEE7A7
:10F2A000B24041016FD01F8083A781BC03A701BC7E
:10F2B00001456313F7008280F62399E2D623369541
:10F2C0009C43C5BF1707FF1F1307871D1C435A2305
:10F2D000411193860711E117BA97856523A4D1BC24
:10F2E00023A0F1BC06C69D051356370063F4E50064
:10F2F000130600203387C60023A2E1BC611698C222
:10F30000D2A2239306001CC3998FE1175EA3231397
:10F310000700EFF07FF9B2409707FF1F2391A71670
:10F320004101828083A781BC03A701BC014563130F
:10F33000F7008280F62381E6D6233375D50A9C43F5
:10F34000FDB79C211CA1BE211CB1BE21A1833CA103
:10F35000DC213CB11145828023A801BC23A601BC5D
:10F3600082800DCD411122C426C206C6AA842E84F5
:10F37000014585C122854146977500009385C5DC0E
:10F380009720FD1FE78020349C2005455CA49C301D
:10F390005CB4B240224492444101828001458280A3
:10F3A000011122CC26CA06CE8947AA843284639FE3
:10F3B000F5006384B602414781476397E6048A8576
:10F3C000EFF03FFA41468A85228515A841476393AD
:10F3D000E504638FF600639FB6022E86A285624421
:10F3E000F2402685D24405611723FD1F6700433F85
:10F3F0008A853285EFF0FFF641468A85268597207B
:10F40000FD1FE780E03DAA87F2406244D2443E857A
:10F41000056182808147CDBF23A6A1BC828023A83D
:10F42000A1BC8280011122CC622106CE26CA4AC824
:10F430004EC63DC8832985002A88AE8403C90900C9
:10F4400081471317496063550702B147054563F6C5
:10F450008704035528005114334404084E8633872B
:10F460008900A2868545EFB04E9AB337A000850784
:10F47000135569487D141379F903334404089CA09B
:10F4800088B023812401C2A0014719C01387190045
:10F4900098C409476383E7000145F2406244D244BF
:10F4A0004249B249056182800545C5BFC167F91768
:10F4B000630AF502D94763F7B702011122CC2EC6C1
:10F4C00006CE2A84EF80DEBCB2456368B500228593
:10F4D0006244F24005616FA0EEA3F240624405452C
:10F4E0000561828005458280C167F9176314F500C4
:10F4F0006F801EBA411106C6EFA0AE9011E15D45C6
:10F50000B240410182809147639DF5001C211CA2FD
:10F510003C211831A207D98F3EA23C3101455CA2A3
:10F5200082801145828039714ED652D45AD05ECE37
:10F5300006DE22DC26DA4AD856D22A8A2E8BB289F7
:10F54000B68B15E7EFF05FFA9145EF805EC12A8434
:10F550004D49854A19EDF2506254D254B259225A9B
:10F56000925A025BF24B4A854259216182803A8469
:10F57000814A230034018544630A0B00DE851305AC
:10F580001400029B93041500B3C4040893994960C6
:10F5900063D30902C1455285EFA0AE94654915E5D4
:10F5A00033069400A6852285EFA09ED72A8911ED07
:10F5B000B104B3C4040891472C0052857C8422C650
:10F5C0006485EF905EAC2A8959D5E3860AF82285D6
:10F5D0009740FD1FE780E0BEBDBF011122CC26CAC7
:10F5E0004AC84EC606CE2A893284B689EFF0BFF3E8
:10F5F000AA8419ED83A701BD81CF05476317E400F5
:10F6000003C4090005041374F40FA2854A85829788
:10F61000F24062444249B2492685D2440561828063
:10F62000AE8601470546970500009385C5D16FF06A
:10F63000DFFA9E211CA19E21A1831CB1BE213CA109
:10F64000BE21A1833CB1114582809E211CA19E2137
:10F65000A1831CB1BE213CA1BE21A1833CB1DC3100
:10F660005CA1FC215CB18A2519053345050882801F
:10F670009E211CA19E21A1831CB1094582809E214F
:10F680001CA19E21A1831CB1BE213CA1BE21A1834E
:10F690003CB1114582809E211CA19E21A1831CB1F9
:10F6A000AA2109053345050882809E211CA19E21BF
:10F6B000A1831CB1BE213CA1BE21A1833CB1CA21C2
:10F6C00011053345050882809C211CA105458280D7
:10F6D0009E21411122C406C61CA19E212E84110523
:10F6E000A183A30EF5FEBE219505230FF5FE83D75A
:10F6F000D5FFA183A30FF5FE03C6F5FF9720FD1FDD
:10F70000E78060FC4820B24022441105410182801C
:10F71000AE8601471146970500009385C5F16FF04D
:10F720009FE013F73500AA8701EB8981114591C548
:10F730000EA25CC20145828011458280D821894792
:10F74000631CF702011122CC2A84C84506CEAE867E
:10F7500001C92EC69D459740FD1FE780C0B2B24645
:10F760002A8722856244F240194697050000938556
:10F7700005EE05616FF03FDB09458280DC2109471A
:10F78000AE866385E7004147639AE700014721465B
:10F7900097050000938505F46FF0FFD80945828036
:10F7A0000EA291E1014548C201458280AE86014723
:10F7B0002946970500009385E5EB6FF0DFD6AE860E
:10F7C00001473146970500009385A5EB6FF0BFD543
:10F7D000DC210947AE866385E7004147639AE7006D
:10F7E00001474146970500009385C5EE6FF0BFD3F2
:10F7F000094582803335B0000A058280011122CC90
:10F8000026CA06CE98258547AA842E8449466310C9
:10F81000F702EFF07FCD3E2049151306200963C89B
:10F82000A700F2406244D244094505618280183441
:10F8300085476314F70013660604484001C98D45E7
:10F8400032C69740FD1FE78000A43246A28662447C
:10F85000F2402A872685D244970500009385E5E388
:10F8600005616FF05FCC011122CC2A84884506CE59
:10F87000AE8601C92EC695459740FD1FE780A0A022
:10F88000B2462A8722856244F24059469705000015
:10F890009385E5E105616FF01FC93335B0000A05B6
:10F8A0008280AE860147614697050000938505E298
:10F8B0006FF07FC78547114563F1D7021C320C22D8
:10F8C0000945A207CD8F81456384A60093052600D4
:10F8D000F9161EA336A34CC3014582809E211CA1AC
:10F8E0009E21A1831CB109458280BC2105471CA132
:10F8F0008A216397E7000A050505334505088280DC
:10F90000C9473305F502CDBF8A210A0533450508ED
:10F910008280BE211CA18A21BE213305F502050586
:10F920003345050882808A2182808A2182808A214B
:10F930008280BE211CA18A21BE213305F502050566
:10F940003345050882809E211CA19E21A1831CB104
:10F95000BE213CA1BE21A1833CB1CA211105334582
:10F96000050882809E211CA19E21A1831CB1AA2191
:10F970000905334505088280894711456398F600DB
:10F980001C3214220145A207D58F1EA382809A2122
:10F99000D947AE8663FAE70001470D469705000098
:10F9A000938505F46FF07FC3094582801145639DFF
:10F9B000A6001C3214220145A207D58F1EA33C329B
:10F9C0003422A207D58F3EA38280BC210547FD17B4
:10F9D00093F7F70F6362F7049E219DCF011122CCAC
:10F9E0002A84C84106CE2EC61DC189459740FD1FF9
:10F9F000E78060892A8722856244B246F240154634
:10FA0000970500009385A5EE05616FF01FBDF240DC
:10FA1000624409450561828009458280954763F00B
:10FA2000D706411122C426C24AC006C61C323A84F7
:10FA30001822A207B284D98F1EA03C3238229385A7
:10FA40004400A207D98F3EA089475CA00946130550
:10FA5000540036899720FD1FE780E0C6194781478B
:10FA60006304E90093876400691923142401B240F8
:10FA70005CC42244924402490145410182801145FF
:10FA800082809E219DCF011122CC2A84C84106CEBE
:10FA90002EC61DC185459730FD1FE780C07E2A8791
:10FAA00022856244B246F2401D46970500009385C8
:10FAB000E5E505616FF07FB2F240624409450561FA
:10FAC0008280094582809947B2856388F600D147D4
:10FAD000114541466384F60082800946411106C6FD
:10FAE00050A39C31942113055700A207D58F1EA364
:10FAF000BC31B4219105A207D58F3EA39720FD1FED
:10FB0000E78060BCB2400145410182809E219DCFCB
:10FB1000011122CC2A84C84106CE2EC61DC18945BA
:10FB20009730FD1FE78020762A8722856244B246FF
:10FB3000F2402546970500009385E5DD05616FF0ED
:10FB4000DFA9F2406244094505618280094582804F
:10FB5000894711456398F6001C3214220145A2071B
:10FB6000D58F1EA38280011122CC2A84C84106CEE3
:10FB7000AE8601C92EC685459730FD1FE780A0706F
:10FB8000B2462A8722856244F2402D46970500003E
:10FB90009385A5D905616FF05FA46FF03FE1011176
:10FBA00022CC2A84C84106CEAE8601C92EC6854520
:10FBB0009730FD1FE780206DB2462A872285624478
:10FBC000F240354697050000938565D605616FF0D4
:10FBD000DFA093F71600114581EB89476386F60095
:10FBE000858256A310C301458280011122CC2A844C
:10FBF000C84106CE2EC61DC185459730FD1FE78042
:10FC000080682A8722856244B246F2403D469705C5
:10FC10000000938505D205616FF03F9CF24062447D
:10FC20000945056182809E219DCF011122CC2A8445
:10FC3000C84106CE2EC61DC189459730FD1FE780FD
:10FC400080642A8722856244B246F2404546970581
:10FC50000000938545CE05616FF03F98F240624405
:10FC600009450561828009458280854763F4D70292
:10FC700008A70CB71C320C220945A207CD8F81457D
:10FC80006384A60093052600F9161EA336A34CC371
:10FC90000145828011458280014781464D4681455C
:10FCA0006FF0BF938D47114563F5D7021C320C22CC
:10FCB000A207CD8F1EA33C322C22A207CD8F8145F7
:10FCC0006384A60093054600F1163EA356A30CC715
:10FCD00001458280011122CC2A84884506CEAE8659
:10FCE00001C92EC695459730FD1FE780C059B24621
:10FCF0002A8722856244F2405D469705000093857D
:10FD0000C5C405616FF07F8D854711456395F60089
:10FD10001C2201451CA3828001478146654681451E
:10FD20006FF0BF8B011122CC2A84C84106CEAE866B
:10FD300001C92EC68D459730FD1FE780C054B246DD
:10FD40002A8722856244F2406D469705000093851C
:10FD5000A5C105616FF02FFD011122CC2A84C84195
:10FD600006CEAE8601C92EC68D459730FD1FE780B1
:10FD70008051B2462A8722856244F2407546970533
:10FD80000000938565BE05616FF0EFF9397126DAE1
:10FD9000AE84B70540004ED6F915AA89054506DEA2
:10FDA00022DC4AD8EF00EECB1314652997450000FA
:10FDB0009385453A41460A85EF503DDD41469745DA
:10FDC0000000938525390808EF503DDC9317840027
:10FDD00013590401334704082183D98F1379F90F8C
:10FDE00010088A854E857C87A3062101EF908FFA43
:10FDF0008347E1010347D101A0B0A2074207BA97A8
:10FE00000347F1012180C0A0BA979CA013D78700B7
:10FE1000C18398B0BCA0A3822401F2506254D25492
:10FE20004259B259216182800111194697F5FE1F8E
:10FE30009385A5681705FF1F130545AB06CE22CC99
:10FE400026CA4AC891644EC69720FD1FE780A08746
:10FE50009385F4FF0145EF004EBE2A84FD55014510
:10FE6000EF002EC0A287FD147D5933F79700B366CB
:10FE7000E500CDC6631425016302970A1704FF1F2E
:10FE80001304C4982308F40EA18393E707FC1169B7
:10FE9000C1692326A40EA308F40E7D19FD19CA8595
:10FEA0000145EF008EB9AA84FD550145EF006EBBF8
:10FEB000B3679500EDD7FD576314F500E38124FF88
:10FEC0000357040E93570501230AF40E9357850137
:10FED000A30AF40E8356240EB3470508B98F0357BF
:10FEE000440F230B940EA18093F4F403358FA30BDE
:10FEF000940ED98F8356440E0357640F2319A40E12
:10FF0000358FD98F93975760B3F73701C9DBF2402C
:10FF10006244D2444249B24905618280A6850145C6
:10FF2000EF00AEB12A84FD550145EF008EB3A287E4
:10FF30002DBF4111930590241305000A22C406C663
:10FF40009730FD1FE780801B2A842DC91306000A05
:10FF500081459710FD1FE780807D1707FF1F13075E
:10FF6000E7AD145F585F9707FF1F23A7879293079A
:10FF7000040898CFD4CB7D572300E404130710FB6B
:10FF800078A023020400170700001307070498C78E
:10FF90001707000013074743D8C7170700001307C8
:10FFA000472F98CB97F7FE1F83C7875581EB914565
:10FFB00003A541BD9720FD1FE780E0B9B24022852F
:10FFC000224441018280411126C29704FF1F93847D
:10FFD000E48322C403A4C40806C68347540623024C
:10FFE000040685E385472302F40619469705FF1F9B
:10FFF0009385C58F130564069710FD1FE780A06CDD
:020000023000CC
:10000000B5A80547639AE700B8200DE74945B24017
:10001000224492444101828083254408DDED8347D8
:10002000C4068DE3034754068947E30DF7FABC2065
:10003000F1DF85472302F40619469705FF1F9385D4
:10004000458B4DBF1305C4069730FD1FE780E08E3A
:100050002322A40819CD3C2589CF89472302F40621
:1000600019469305C500130564069710FD1FE78028
:100070008065034744068947E316F7FAB705000190
:10008000FD150145EF00EE9D68CCEF905FB728CCE1
:10009000C1451545EF00EE9785477CB08347840343
:1000A0000D4748A458A097F4FE1F9384E43C639E38
:1000B000E702523883576404A830C1453E96EFF0FA
:1000C0005DBFA830C1459730FD1FE780C072014574
:1000D00097F7FE1F238C07721DBFBC25A1D7894748
:1000E0002302F4061946B105BDBF0947A83063963F
:1000F000E70003566404C145D9B75238EDBF41113A
:1001000006C622C42A849750FD1FE780808E93077D
:1001100000FB7CA09305000217F5FE1F0345F53593
:10012000EFF05DC117F7FE1F1307476E1C2356380B
:10013000850793F7F70F1CA3130700643347D70213
:1001400063C8E700EF000E9497F7FE1F2380076C4B
:10015000B240224441018280011126CA9704FF1F48
:100160009384C48DD84C22CC06CE4AC84EC695473F
:1001700017F4FE1F032444726306F700D84C8D4722
:10018000631FF70083C7140281E7930770109EB0C6
:10019000F2406244D2444249B249056182800D4531
:1001A0009750FD1FE780808C938941B103A7090018
:1001B000B7C7898E938767ED1CC7B75755009387DC
:1001C00057555CC30347A4039307F00F6305F7007B
:1001D000FD57230DF402138941B203270900854717
:1001E000A30CF4025C430145014693E717005CC38E
:1001F000930720FB7CA09D47DCCC9305500297071A
:10020000FF1F23AD0782938441B39730FD1FE78022
:1002100040E2984001455C57F59B5CD783A60900F6
:1002200058309C421377F70793F707F8D98F9CC291
:1002300097F7FE1F83C7C72C99C303A541BD97201D
:10024000FD1FE780609003A70900B70633001C4339
:1002500093F7F7CF1CC31C4393F7F7CF93E707201F
:100260001CC398401C47D58F1CC703270900B7073C
:100270000300938787153CCB97F7FE1F23AA077CC3
:1002800097F7FE1F23AE077A85471CC311B74111AC
:1002900022C406C626C217F4FE1F0324E45F0347E8
:1002A0009403A1476303F70A89445C306314970AF7
:1002B000130770026381E7101307500213057002E1
:1002C0006394E7001305600248B083A741B19843E7
:1002D0003706CEFF7D161377F7CF1367071098C345
:1002E00003A741B3144783A541B2F18E14C7370663
:1002F0000300B0C997F6FE1F23A2067454571306D5
:100300008615F59A54D7944393F606F8C98E94C38C
:1003100097F6FE1F23AE067297F6FE1F23A2067203
:10032000854694C1944393F6F6CF94C3944393F6D1
:10033000F6CF93E6062094C31C47B7063300D58F4B
:100340001CC7B0C9930720FB7CA0B2402244924452
:1003500041018280130770026386E7029306500210
:100360006394D7001307600258B083A641B3DC56EC
:10037000F59BDCD683A641B19C4293F707F8D98F51
:100380009CC2C9B783478403898B95C70356A404CD
:100390009305000217F5FE1F0345350EEFF07D9122
:1003A00093075002A30C94025CB02244B2409244E2
:1003B00041016FF07FDA22852244B240924441012C
:1003C0006FF0FFD397F7FE1F9387474403A7070AF1
:1003D00035E3411122C403A4C70806C69307000BE6
:1003E00078206306F7009740FD1FE7808060834711
:1003F000840317F5FE1F0345550813F7170011C7AF
:1004000085473238A30CF40201A8898BF5DB03562B
:10041000A4048947A30CF40293050002EFF07D8940
:1004200093075002230F04025CB02244B240410102
:100430006FF09FD2828001114EC6938941B283A78B
:10044000090022CC26CA4AC806CED843138941B136
:100450002A8413671700D8C38326090037C7898EFB
:10046000130767ED98C63757550013075755D8C27D
:10047000D84397F4FE1F9384645C0146136717000A
:10048000D8C3930730FB7CA10345C5039D47DCCC53
:100490009305F00F23A004009730FD1FE78060B99B
:1004A00003A6090023AA040023A2040085471CC256
:1004B00083270900B705330098431377F7CF98C314
:1004C00098431377F7CF1367072098C303A741B367
:1004D0001447CD8E14C7B70603009386861534CA19
:1004E0005457F59A54D78346B403984393F6F607C6
:1004F000137707F8558F98C3F2406244D2444249BB
:10050000B249056182807D572300E50403479503C6
:10051000411106C6230DE5022147A30CE50203475E
:10052000B50358B1EFF03FF1938741B29843544778
:100530001396164950C70F1000009C43370702005E
:10054000B24098C71307000817F6FE1F2320E65095
:100550000567130727A8F8D3D4C74101828001118A
:1005600022CC06CE26CA4AC84EC652C403479503BB
:10057000A1472A84631FF720930750FB7CA1034502
:10058000C503930520029730FD1FE78080868347CF
:10059000C403094733D9E70A832444099307200297
:1005A0001CA495479CA078209307400B97F9FE1F49
:1005B0009389C925631AF70083A7090D1167F98F7D
:1005C00081C7930750029CA0930720029CB0034769
:1005D00044068947130A6406631BF7008325440811
:1005E00019465285B1059710FD1FE780C00D83475E
:1005F0005406858B91E70347440689476316F70045
:100600009C2093E707049CA01946D28513852400FB
:100610009710FD1FE780200B8347540789C79C2054
:1006200093E707F89CA01946930564071385840097
:100630009710FD1FE780200983478405FCA48347AA
:100640009405FCB48347A4059CA88347B4059CB8D3
:100650007C4C13D78700BCA8C183DCA8B8B88947F5
:100660006313F9008D47DCB8B327892003C707055A
:100670008325440998AC03D70705218398BCB82F7C
:10068000B8ACBA2F2183B8BC03C707029E33D8ACDD
:10069000A183DCBC9C3D982DA207D98F03D7C90A42
:1006A000630707148D472317F40497F7FE1F9387FA
:1006B00027E483DEC7009306003203D7A90213861E
:1006C0000E193356D60234501307270283A2490964
:1006D00003AF870005872D07814313090032954F2B
:1006E000369616857D538357E40461E1636967009C
:1006F0008507B3C707082317F404E3F4FFFE834715
:10070000E404B7060082FD16FCA88357E404A18325
:10071000FCB883C7E90FFCAC83C7F90FFCBC83C7E7
:1007200009102380F40283C71910A380F40283C741
:1007300029102381F4025C24FD8BA381F40283C77A
:10074000390003C735029607D98FA381F50283A527
:1007500041B1D85597F7FE1F83C7C7D51396476099
:1007600093F7F703758FE607D98FDCD51307A0033E
:1007700083A741B36355C708F84FB7060007558FE5
:10078000F8CFF2406244D2444249B249224A05615C
:100790008280930740FB7CA19305200201459720AE
:1007A000FD1FE78000650149C5BBB386D703032E53
:1007B000050993860619B3D62603B388C600B3B6D7
:1007C000D80046886394D30063E4E8013388E841A5
:1007D000B306C84163690E01B3060E4163F5E60036
:1007E00085072317F40408413353D30AEDBD8D83E5
:1007F0008D071947B3D7E70A2317F40409B713077E
:100800002002635AC700F84FB70600F9FD16758F2E
:10081000B7060005ADB7B70600F96947FD1663577F
:10082000C700F84F758FB706000391BFF84F758F5B
:1008300013178729B1B7411106C622C426C297F4FF
:10084000FE1F938464C32A84A830C145EFF08DCE87
:10085000A83093050002EFF0EDCD2302040023132E
:100860000400B2402244924441018280411106C6F4
:1008700026C222C44AC0AA84EF20CF8CEF00DFE654
:1008800079C5B85083A7440901482324E508B84C2A
:100890002A841546232CE508F84C97F5FE1F93850E
:1008A000C506130585132322E5F6D83B17F9FE1F6D
:1008B0001309C9F5A30FE5EEF83BF42B2207558F7A
:1008C0002310E5F0983F942F2207558F2311E5F070
:1008D000B83FB42F2207558F2312E5F0D82FDC3F05
:1008E000A207D98F2313F5F0DC2423220501A30EE0
:1008F000F5EE81471CC19710FD1FE780C0DCF82092
:100900009307600B631DF70485472300F41483C726
:10091000C4032303F414A303F4142285EF10DFF0BF
:100920008327890D0A24294693F7072091E305467A
:1009300093050008EF506FA78327090D1167F98F02
:1009400099C70A24514693050008EF500FA6224488
:10095000B24002492685924441016FF0DFED8327C2
:10096000090D1167F98FD5DB83A74409982383A765
:1009700084099C23F98F93D757482300F41471BF3F
:10098000011122CC06CE2A8426CA4AC88347C4074E
:100990000325450899EB032544084DE15834854764
:1009A000631DF71268582C5C19A231C53C25A1C7FC
:1009B0008347D407C9C3834734081307000493F758
:1009C000070C639AE7069305E40769052EC697208E
:1009D000FD1FE780C0EE054783274408B245631C2E
:1009E000E5020947230EE40619461385C700971050
:1009F000FD1FE78040CD0347C4078947E30DF7F8A3
:100A000019469305E407130564069710FD1FE78058
:100A100020DD51F119A09C3389EB8144F2406244FE
:100A200042492685D2440561828097F7FE1F83C71D
:100A3000F7DDF1D3DDB71C31DDFFC5B73C29B9DFE8
:100A400083475407D9C78347B4071307000493F7B4
:100A5000070C6390E708930564071305A5022EC6EB
:100A60009720FD1FE780A0E52A898547AA84B24523
:100A7000032544086316F904194651059710FD1F14
:100A8000E78060C497F7FE1F83C757D881DB89478B
:100A9000230AF4065C34E39327F983274408AA2346
:100AA000DA23EE239E274207598DC207DD8D62446B
:100AB000F240D244424905611723FD1F670043FD00
:100AC0001C31A1DF97F7FE1F83C757D4E38807ECDB
:100AD000A9B71C31E39407EC89B70347D4068347D1
:100AE0005407E31CF7F21946930564071305E4065F
:100AF0009710FD1FE780C0CEB334A00005B74111A9
:100B000006C622C42A84EFF09FA50327440983A7C1
:100B100041B2B8DF83A741B198431317772998C32F
:100B2000D857719BD8D79720FD1FE7804020B2404F
:100B30002244014541018280011122CC2A840325EF
:100B400085090146814506CE26CA9720FD1FE7800C
:100B5000602071ED832484099D469C20BD8B1CB4CC
:100B6000983038A46397D70CBC200346D40393D69F
:100B700067006312D60C93F7F7039385440063FE76
:100B8000E70A230A0406BC30858B95C38547230AF0
:100B9000F4069C2019461305640793D76748A30AF7
:100BA000F4069710FD1FE78000B29385A400230E82
:100BB0000406BC30898B85C78547230EF40683273E
:100BC000840919461305E4079C232EC69D83A30EB2
:100BD000F4069710FD1FE78000AFB2459905BC30C1
:100BE000A18B99C79C310347F40391836319F704E0
:100BF0002285EFF0FFD885476309F5001305F0075C
:100C0000F2406244D244056182808347E40389CB89
:100C1000FD17230FF4029740FD1FE78080DDF9BF29
:100C200022856244F240D24405616FF05FED0945D0
:100C3000C1BF2145F1B71945E1B71145D1B75145BC
:100C4000C1B7011122CC2A840325850901468145BB
:100C500026CA06CE4AC84EC69720FD1FE780800FE1
:100C6000894449E903298409A146A144834709002D
:100C7000BD8B1CB40347190038A4639DD706834974
:100C8000290093D46900BDEC9387190093F7F70FFF
:100C9000631CF706034739008D476319F70683473E
:100CA000090019469305490093D76748130564075F
:100CB000A30AF4069710FD1FE780E0A08547230EE6
:100CC000F4068327840919469305A9009C2313057C
:100CD000E4079D83A30EF4069710FD1FE780A09EF6
:100CE000B5476397F9022285EFF09FC905C52285B4
:100CF000EFF0DFB7F24062444249B2492685D24460
:100D0000056182809944FDB7E544EDB7C544DDB780
:100D1000E144CDB7A544F9BF011122CC2A840325B3
:100D200085090146814506CE26CA4AC84EC6972087
:100D3000FD1FE780200263140528032984091D464E
:100D4000034709009376F70014B48347190093F71B
:100D5000F7033CA46394C61E7D57230DE4020347AA
:100D60002900054693566700A30ED402639BC62450
:100D70001377F70305076398E72403473900E14732
:100D80009376F7FB6393F62493778700AA849309FD
:100D9000490085C7834759008566938606F0A207F8
:100DA000F58F8346490093096900D58F2312F40417
:100DB000834759009183A30FF4029377070195E3CA
:100DC0001377070419C70347940389476313F70090
:100DD000DD44F24062444249B2492685D24405616D
:100DE00082809740FD1FE780C0C083C7090093F74A
:100DF000F703A30DF40203C629008967938707F060
:100E000022067D8E83C719005D8E1316566023114E
:100E1000C40483C729009583230EF4028387090045
:100E200063D8070E9307C012034794033306F602F4
:100E300085476316F7003C24A9078E071D8EB70768
:100E40000080930646ED938737ED63E2D718230DB4
:100E5000E4028347390093F7070481C78947E30910
:100E6000F7F69307F00FE306F7F6130700506363F6
:100E7000C70A138941B283270900D8479316174937
:100E8000D4C70F10000083270900B706020097F9A6
:100E9000FE1F9389A9BA94C7130656ED930600085E
:100EA00023A8D9000606F0D3D8C7F8537DFFA14781
:100EB000A30CF4022285EFF00FD883270900D8474E
:100EC00093161749D4C70F10000083270900B706EF
:100ED000020094C79306000823A8D9009306203087
:100EE000F4D3D8C79720FD1FE78060E483A70900EB
:100EF000858BE38007EE22856244F240D24442496A
:100F0000B24997F7FE1F23AB07B205616FF0DFC24E
:100F1000F94719BF03470404E31DF7EA93071027B5
:100F20001306F6D83356F60293060404A28517F585
:100F3000FFFF1305855DEFE0DDCB61BD398B59EB1C
:100F4000E91793F7F70F7D4793040008E363F7E889
:100F50008544230A9406834709001946930529000E
:100F600093D7674813056407A30AF4069700FD1F8B
:100F7000E78060751C34230E040663929702832574
:100F80008409230EF40619469C211305E407A105E4
:100F90009D83A30EF4069700FD1FE780C072228593
:100FA000EFF01F9E8547A544E315F5E222856244D4
:100FB000F240D2444249B24905616FF05FB48944BE
:100FC00009BD994439B5914429B58D4419B59304A7
:100FD000100201B593040008EDBB797122D44AD008
:100FE0004ECE52CC56CA5AC85EC662C466C206D637
:100FF00026D26AC017F4FE1F0324048A130A200BAA
:10100000930A400B130B600B930B300B130C500B1C
:1010100017F9FE1F130989A297E9FE1F9389494D0D
:10102000930C800F7C20639F470183270900858BE9
:10103000D9C3228597F7FE1F23A207A0EFF0DFCDCB
:1010400075D195A8639B570997F7FE1F83A7479F04
:10105000858BB5C317E9FE1F130989490355C900DC
:1010600097F7FE1F23AE079C9307800F3305F50209
:1010700037460F008146130606248145EF10B00C59
:1010800083270900AA84AE898297B307950033B5F8
:10109000A700B3053501832689003E8799E163E403
:1010A000D7003387D74038D09740FD1FE780609442
:1010B0002285EFF0AFFB5C20638907102254B25009
:1010C00092540259F249624AD24A424BB24B224CE4
:1010D000924C024D45616FF02F88639C67079387A0
:1010E00041B2984354471396164950C70F10000059
:1010F0009C433707020097F4FE1F9384249498C7FB
:101100001307000898C803A741B11843135777483D
:1011100015CF1307E018F8D3D4C79720FD1FE78039
:1011200000C19C40858B89CF97F7FE1F23A80790AD
:101130009740FD1FE780E08B2285EFF09FB025DD13
:101140008347E4038507230FF402B5B71307E01ABA
:10115000D9B7639E770183270900858BA9DF228594
:1011600097F7FE1F23AC078CEFF01F9DD1BDE394D2
:1011700087F583274900858B9DDF03D5C900374656
:101180000F0081463305950313060624814597F722
:10119000FE1F23A7078AEF10007B83A70900AA84FC
:1011A0002E8D8297B307950033B5A700B305A5012F
:1011B00083A689003E8799E163E4D7003387D7404F
:1011C000930760FB38D07CA0B1BDB250225492543A
:1011D0000259F249624AD24A424BB24B224C924CDB
:1011E000024D45618280411122C406C697F7FE1F59
:1011F0009387C78403C7170217E4FE1F0324C4693B
:1012000011CB83C607020D476396E60017F7FE1F52
:10121000A3060784D44F21476386E600D44F1947BD
:101220006398E600D84F2380E7020547A380E702D2
:101230009730FD1FE780E07B2285EFF0CFDF1306BC
:10124000A002930500080145EF403F9603450404C2
:101250009307F00F6307F500EFE03DB7FD5723005C
:10126000F404B24022444101828097F7FFFF938744
:1012700087CC17E7FE1F2323F762970700009387A9
:1012800007D623AAF1BC8280411126C2AA8428492C
:101290000146814506C622C44AC09720FD1FE7804B
:1012A00060AB89470DEDA0482146A14718203D8B32
:1012B000B8B81430B4A86314C7020349240099478E
:1012C0001357690009EF130719001377F70FE54764
:1012D0006397E60038308D47630AF700C547B24090
:1012E0002244924402493E854101828003A5040BB9
:1012F00019469305440011059700FD1FE780404EF5
:1013000071DD19469305A400138564039700FD1F42
:10131000E780004DC94761D53547E147E311E9FC56
:10132000EF104FE2EF004FBC2A8471C183A6040B7B
:10133000D850FC4401482324E508984E97E5FE1F49
:101340009385A55C130585132320E5F6D84A17E994
:10135000FE1F1309A94B2322E5F6D83BA30FE5EEA8
:10136000F83BF02B2207518F2310E5F0983F902F88
:101370002207518F2311E5F0B83FB02F2207518F7C
:101380002312E5F0D82FDC3F1546A207D98F23138F
:10139000F5F0DC2E23220501A30EF5EE81471CC1DA
:1013A0009700FD1FE780203285472300F41483C790
:1013B000040822852303F414A303F414EF10CFC60A
:1013C0008327890D93F7072081CB0A241306900207
:1013D00093050008EF406FFD8327090D1167F98F12
:1013E00099C70A24514693050008EF400FFC83A7D4
:1013F000C40A0D47B8B78547DDB5397152D417EA2D
:10140000FE1F130AAA6383270A03B706080022DC1B
:101410004ED666CA938941B297ECFE1F938C0C3F5F
:1014200006DE26DA4AD856D25AD05ECE62CCF58F86
:1014300003A48C0503A709009DE37C5781C785475A
:101440002384F1A0F2506254D2544259B259225A24
:10145000925A025BF24B624CD24C2161828093071C
:1014600080070329C40A7CD3238401A08347990001
:10147000032CC90092073E9C83472C0095CB8347E1
:1014800069009306204E03461C00B387D70293875A
:1014900087FD11CA83467900B386C6021306D007BA
:1014A000B386C602B697B706080014C786077CD76E
:1014B0001C438D8B91C709459730FD1FE780005B6A
:1014C000138B41B183270B00938A41B33706330056
:1014D000D857370800827D18719B13671700D8D73B
:1014E00098431377F7CF98C398431377F7CF1367D1
:1014F000072098C303A70A001447D18E14C783A6F8
:1015000009003706030013068625B0CA5057759A9E
:1015100050D790438345E407137606F893F5F50713
:101520004D8E90C303058406D0579375F503E605E9
:10153000337606014D8ED0D71306A003635CA62830
:10154000704FB70500074D8E70CF03270409D8C32D
:101550000327C40898C78327C40AB837854763138D
:10156000F72E832B040B0347990083C71B00631BD3
:10157000F72C23A60606B70708009CC697E7FE1FB0
:1015800023A4074EDC42154793E71700DCC26444EE
:10159000930720021CB898A09CB083475403858B06
:1015A00091E70347440389476315F7009307500405
:1015B0009CA0194693056403138524009700FD1F22
:1015C000E780601083C73B0089C79C2093E707F83A
:1015D0009CA0194693854B00138584009700FD1F3E
:1015E000E780600E83C78B01FCA483C79B01FCB41A
:1015F00083C7AB019CA883C7BB019CB883A74B01E1
:1016000013D78700BCA8C183DCA8B8B80347040877
:1016100089476313F7008D47DCB803D7CB0083D726
:10162000AB00BA97858313D7870098BC03C7EB003C
:101630009CAC8D83B8AC03D7EB008D072183B8BC7D
:1016400003C70B01D8AC03C71B01D8BC1947B3D7DC
:10165000E70AFCA8A183FCB883C7EC0FFCAC83C7E6
:10166000FC0FFCBC83C70C102380F40283C71C1042
:10167000A380F40283C72C102381F40283C7CB011B
:10168000FD8BA381F402784483C73C008346370274
:101690009607D58FA301F70297E7FE1F83C787E15F
:1016A00083250B00B7060082FD16D85513964760B8
:1016B00093F7F703758FE607D98FDCD51307A003DF
:1016C00083A70A006354C714F84FB7060007558F65
:1016D000F8CF103883450408014597E7FE1F23A57E
:1016E00007369710FD1FE780607B83278A00858B74
:1016F000C9C797EAFE1F938AAADF03D5CA0097E7F6
:10170000FE1F23A107349307800F3305F5023746E8
:101710000F008146130606248145EF10C02283A7DF
:101720000A00AA842E8B8297B307950033B5A700D1
:10173000B305650183A68A003E8799E163E4D7007B
:101740003387D7400345040858D00146B945972050
:10175000FD1FE780008E0146814505459710FD1F5E
:10176000E780C0739730FD1FE780A0288327CA0059
:10177000858B81C72285EFF03FB1834799000347EE
:101780004900850793F7F70FA304F90063F3E732E5
:1017900097E4FE1F9384C4D59C28638E0726832775
:1017A000C40A130770FA1725FD1F1305C5B0B8A7A3
:1017B0009700FD1FE780005A6254DC40F250D2547B
:1017C0004259B259225A925A025BF24B624CD24CA5
:1017D0002161828713062002635AA600704FB70565
:1017E00000F9FD156D8EB7050005B1BBB70500F911
:1017F0006946FD156357A600704F6D8EB70500034F
:1018000099B3704F6D8E131686293DBB13072002C6
:10181000635AC700F84FB70600F9FD16758FB70673
:10182000000575B5B70600F96947FD166357C7008F
:10183000F84F758FB706000359BDF84F758F131712
:10184000872979B5DC42F99BDCC264449D47832B30
:101850008C00834A3C001CA89CA08547A3810400FF
:10186000BCA07C4893F707209DC79147BCB0834735
:10187000640B8346540B78449A07D58F5CA3BC2035
:1018800081468507BCA00346840B8345540B034562
:10189000640BEF709FF87C4893F7074095CBB83006
:1018A0007C44B42013678700B8B00357A408B697E8
:1018B000B8B3BC2078448346F4073E978357A40806
:1018C0009206A183BD8BD58F5CA3BC208907BCA0E9
:1018D0008347040693F7070489CFB8307C44B420CB
:1018E00013670704B8B05838B697B8B3BC2085075B
:1018F000BCA08347C4070547C11793F7F70F63627E
:10190000F706BC20032BC40415468D073E9BA14758
:101910002300FB0093078002A300FB0097E5FE1F56
:101920009385A5FE13052B009700FD1FE780A0D926
:101930008346C4074147835784086395E60CA10793
:101940002311F408C547230EF40683472408A30394
:10195000FB0083572408A1832304FB00BC20A507B8
:10196000BCA0638C0B00BC20684456868D07DE85C6
:101970003E959700FD1FE78000D5B820014593777D
:10198000F7038507BE9A93FAFA0FA3085401B8A08B
:101990007C44A380570183A709007844B8DF10383E
:1019A0008345040897E7FE1F23A0070A9710FD1F31
:1019B000E780C04E9730FD1FE780A00383A7090092
:1019C0003707020023A2070698C717E7FE1F232F39
:1019D000070603472C00E30207DAFC57E38F07D81A
:1019E0001725FD1F1305E59E9700FD1FE780C01515
:1019F00003A709007C57FDFF01459700FD1FE78005
:101A0000A014A5BB03572408B307F7400947E34ECA
:101A1000F7F2C9470DBF938A01A183A70A008297F5
:101A20002A8B83A70A008297E30D65FF03475900BD
:101A3000834799009444B387E702DA24B387E70227
:101A40001307003293870719B3D7E7020327440926
:101A50003E973A846364F7006364D7003304D74049
:101A600083A70A008297B307A4406374A400984434
:101A7000BA9737450F0013050524B3B5A702D22442
:101A800081463385A702EF00106CAD472A84170505
:101A900000001305C596232EFA009700FD1FE7806E
:101AA000A00A83A7090037070800060498C7E0D7F3
:101AB00051BA8327C900884719ED1C246800230701
:101AC0000100DC868327C40ADC23DC87EFB0EEF359
:101AD0002305090085BA9710FD1FE780806E032754
:101AE000C90083464900814763C5D7001C47EDF311
:101AF000E9B7232407008507C5BF5D714EDE9389D2
:101B000041B203A60900A2C452DC5ED686C6A6C2B4
:101B1000CAC056DA5AD862D466D26AD06ECE93075B
:101B200080077CD2238401A0138A41B183270A0055
:101B3000938B41B3B7053300D8572A84719B136741
:101B40001700D8D798431377F7CF98C398431377E4
:101B5000F7CF1367072098C303A70B001447CD8E58
:101B600014C7B70603009386862534CA5457F59ADE
:101B700054D78345E507944393F5F50793F606F8A4
:101B8000CD8E94C35442F99A54C283058506D45726
:101B90003705008213F6F5037D156606E98ED18EB2
:101BA000D4D79306A00363D0B62A744F3706000734
:101BB000D18E74CF130704085447184B9305300295
:101BC00094C7D8C3054597E7FE1F23AF07E6EFE0AC
:101BD0004DE464449D471CA8230FA4069CA08547A0
:101BE000A3810400BCA07C4893F707209DC79147C0
:101BF000BCB08347640B8346540B78449A07D58F57
:101C00005CA3BC2081468507BCA00346840B8345AA
:101C1000540B0345640BEF705FC07C4893F707409B
:101C200095CBB8307C44B42013678700B8B0035715
:101C3000A408B697B8B3BC2078448346F4073E970F
:101C40008357A4089206A183BD8BD58F5CA3BC20CB
:101C50008907BCA0B020035744089307D00F918F89
:101C600017E9FE1F130989BA63DFE7200347040859
:101C700085476316F7209307804279479387371A81
:101C8000B3C7E70283464907C16593E60601230A05
:101C9000D90683A609008CC63387E7020607B8D2A7
:101CA000B83013670701B8B078448346E407329729
:101CB00034B3B420784436975CA3B8207C44BA97F8
:101CC000034704081607D8B3BC208D07BCA0834780
:101CD000040693F7070489CFB8307C44B420136717
:101CE0000704B8B05838B697B8B3BC208507BCA075
:101CF0008347C4070547C11793F7F70F6362F706D9
:101D0000BC20832AC40415468D07BE9AA1472380B0
:101D1000FA0093078002A380FA0097E5FE1F9385DF
:101D2000C5BE13852A009700FD1FE780C099834632
:101D3000C407414783578408639EE614A107231113
:101D4000F408C547230EF40683472408A383FA004A
:101D500083572408A1832384FA00BC20A507BCA0D4
:101D600003564408814A21C2B82068448325840A66
:101D7000930737003E95BC30C18B63860712F95A32
:101D8000B38AEA4093FAFA0F56869700FD1FE78060
:101D900080938327840AD6973CDC83574408B38713
:101DA00057412319F406B8200145056B9377F703D3
:101DB0008507BE9A93FAFA0FA3085401B8A07C4491
:101DC000130D8007B70D3300A380570183A70900C7
:101DD0007844B70A0300938A8A25B8DF1038834510
:101DE00004081D4C854C9710FD1FE780200B973091
:101DF000FD1FE78000C003270A00130B8B843C57AC
:101E0000ED9B3CD797E7FE1F238B07C43717004095
:101E10001E2FC607C5831EAF83474907C18BD9EB69
:101E200022852644B64096440649F259625AD25A4F
:101E3000425BB25B225C925C025DF24D61611723F2
:101E4000FD1F6700A3B39306200263DAB600744F48
:101E5000370600F97D16F18E3706000591BB37066F
:101E600000F9E9467D1663D7B600744FF18E370648
:101E700000033DBB744FF18E939686291DBB856789
:101E800093878784DDBB8347490793F7F70E230ABF
:101E9000F90635BD03572408B307F7400947E34562
:101EA000F7EAC94745B59700FD1FE780C081834A1F
:101EB0004408D5BD8347490793F70702E5DF834709
:101EC000490703A6090093F7F70C230AF906232212
:101ED000A607238401A083270A00D857719B1367A4
:101EE0001700D8D798431377F7CF98C39843137741
:101EF000F7CF1367072098C303A70B001447B3E677
:101F0000B60114C7232856055457F59A54D7984359
:101F10008346E407137707F893F6F607558F98C3BF
:101F200064442308840123808401A3810400238165
:101F300094017C4893F7074095C7A147BCB07C4407
:101F40000357A408D8A3BC2078448346F4073E97DF
:101F50008357A4089206A183BD8BD58F5CA3BC20B8
:101F60008907BCA0B020035724079307E00F918F87
:101F700063D3E70603470408DA87631497019307DE
:101F8000804279479387371AB3C7E70283464907E8
:101F9000C16593E60601230AD90683A609008CC60B
:101FA0003387E7020607B8D2B83013670701B8B025
:101FB00078448346E407329734B3B42078443697A4
:101FC0005CA3B8207C44BA97034704081607D8B32B
:101FD000BC208D07BCA00356240781470DCEB82036
:101FE00068442C5C930737003E95BC30C18BA5C379
:101FF000F957998F93F7F70F3E863EC697F0FC1F6F
:10200000E780606C385CB2473E9738DC03572407A2
:102010001D8F2319E406B420014513F7F6030507C5
:10202000BA9793F7F70F1CB8B4A078441CB31038D4
:102030008345040897E7FE1F23A807A09710FD1FFC
:10204000E780C0E59730FD1FE780A09AF1B397F0D5
:10205000FC1FE7804067834724072319040665BFF8
:102060008347C507638B073E797122D406D626D2F3
:102070004AD04ECE52CC49472A84639CE70203578C
:102080002508835785086316F7021305050A1546C8
:1020900097E5FE1F938565872AC697F0FC1FE780AA
:1020A00080623245EFF03E8C9147A300A408230ED6
:1020B000F40622859700FD1FE78060590945973097
:1020C000FD1FE780A09A0327C40A138901A1834753
:1020D000C40783260900630E071E0D476398E70CAB
:1020E0009147230EF4067C4893E787007CC897D776
:1020F000FE1F9387A77103C75707098B6DDF03C7BF
:1021000057071377C70FA38AE706829697D7FE1F54
:102110009387073ED62703576408232AA4089C47C1
:102120003307D70293060032130707193357D70234
:10213000B306E500368663E4A60063E4F600338662
:10214000F640232CC40897D6FE1F83C6F636636C70
:10215000D604158E9306D407A28517050000130533
:1021600065F09710FD1FE7800059AD4717F5FFFF99
:102170001305E52817E7FE1F2320F78E9700FD1FA4
:10218000E780809C83A741B20947F8D7835784082A
:10219000B250925485072314F40822540259F2498C
:1021A000624A45618280958F3E966DB78329840986
:1021B000829697D4FE1F9384A43363E6A9043385E3
:1021C000A94097D7FE1F83C7372F63E5A700854730
:1021D00063EEA702DA24835764089044B387E702CA
:1021E0001307003293870719B3D7E702032784093F
:1021F0003E97BA866364F7006364C700B306C740BE
:10220000232CD40861B79C44BE9955BF8326C40AC9
:10221000A3840600D22483576408032784098C44CE
:10222000B387C70213060032232AE40893870719ED
:10223000B3D7C7023E973A866364F7006364B7007A
:102240003306B7409C28232CC40899CF930770FA13
:10225000BCA61715FD1F130505069700FD1FE78097
:1022600060AFDC4082971DB7832709008297AA8957
:10227000832709008297E38DA9FE8327090083291C
:102280004409829763E4A904AD4717D7FE1F2325AD
:10229000F77CB7470F00938707243385A940B335F0
:1022A000F502D22481463305F502712D83A741B290
:1022B0003707080098C70605E8D717F5FFFF13058D
:1022C00005149700FD1FE7802088C9B59C44BE997E
:1022D00065BF0D47639EE7089147230EF4067C48CF
:1022E00093E787007CC897D7FE1F9387275203C7C1
:1022F0005707098B6DDF03C757071377C70FA38AEB
:10230000E706829697D7FE1F9387871ED627035727
:102310006408232AA4089C473307D7029306003297
:10232000130707193357D702B306E500368663E46F
:10233000A60063E4F6003386F640232CC40897D643
:10234000FE1F83C676176362D602158E9306D407E6
:10235000A285170500001305E5D09710FD1FE78043
:1023600080392285EFF06FF915B5958F3E96F9BF4C
:102370008296AA84832709008297E38DA4FE83278F
:1023800009008324840917D9FE1F1309691682974F
:1023900063EEA4023385A44097D7FE1F83C7D711ED
:1023A0008359C90063E3A70015E583576408130741
:1023B000003203268900B387370393870719B3D701
:1023C000E702032784093E97BA862DB58327890043
:1023D000BE94C9B797D7FE1F83C7974A93E71700E4
:1023E00097D4FE1F93848442A38AF40603AA41B2C1
:1023F000B70708002324FA00B7470F009387072484
:10240000B335F5024E8681463305F5022D2B0605C0
:102410002326AA0683C75407898BEDDF83C7540799
:10242000130700320326890093F7C70FA38AF40627
:1024300083576408B387370393870719B3D7E70235
:10244000032784093E97BA866364F7006364C70074
:10245000B306C740232CD40829B78280411126C275
:10246000AA84284922C401462E84850506C69710F1
:10247000FD1FE780208E3DEDBC481D46214594237D
:10248000BD8AB4B89833B8A8639DC604B423114577
:1024900013D6660093F6F60363F5E604194531E2B8
:1024A0007D17158F58B0B83345459376270095EAC8
:1024B0009376470085EE91079306F00F34A093764C
:1024C0008700514599EE93760701554599EA1375B2
:1024D00007021DE1137707049306F00711C3942345
:1024E00014A0B2402244924441018280D423950733
:1024F0008D8AE9B70945F5B75945E5B79707000053
:10250000938747B617D7FE1F232AF736828009CE56
:1025100093070002918F635AF000B397F50033558B
:10252000C500B3D5C5005D8D8280011633D5C500C9
:102530008145828009CE93070002918F635AF00093
:10254000B357F500B395C5003315C500DD8D828006
:102550000116B315C50001458280014863CA050E06
:1025600063DB0600B337C000B306D0401348F8FF62
:102570009D8E3306C040B2882A872E83E9E663F534
:10258000C512C1676360F61CB7070001B337F600D8
:10259000B307F040E19BE107335EF6009746000089
:1025A000938686BBF29683C60600130E0002B6978A
:1025B000B306FE40630CFE003393D500B357F5001D
:1025C000B318D60033E367003317D50013D60801DC
:1025D0003355C30293960801C182935707013373A1
:1025E000C302B385A6024203B3E7670063FAB700EC
:1025F000C6971303F5FF63E4170163EFB7321A853B
:102600008D8FB3D5C70242074183B3F7C702B386A4
:10261000B602C2075D8F637BD70046979387F5FFAD
:1026200063651701F9156363D700BE8542054D8DBB
:10263000814563090800B337A000B305B0409D8D04
:102640003305A040828063FED50081450145D5B7A2
:10265000B337A000B305B0409D8D3305A0407D5831
:1026600001B7C16763E8F618B7070001B3B7F60012
:10267000B307F040E19BE107B3D8F600174700002D
:10268000130787AD469703470700130300023E97E1
:10269000B308E3406315E31863E2B6283335C50099
:1026A00013451500814571B745C6C1676370F626AD
:1026B00013330610134313000E03B35666009747F7
:1026C0000000938767A9B69783C6070093070002A7
:1026D0009A96B38ED740639DD708B386C5401353EF
:1026E000060142064182854533D5660293570701AC
:1026F000B3F66602330EC502C206D58F63FAC70170
:10270000C6979306F5FF63E4170163E4C723368594
:10271000B387C741B3D6670242074183B3F7670265
:102720003386C602C2075D8F637BC70046979387D7
:10273000F6FF63651701F9166363C700BE8642059D
:10274000558DC5BD9337061093C717008E07A9B5E1
:10275000814697470000938727A0B69783C6070056
:102760000143930700029A96B38ED740E387D7F6CA
:10277000B318D60133DED50013D30801B3576E0268
:10278000139608014182B356D5003317D501B3958E
:10279000D501CD8E93D50601337E6E023305F60248
:1027A000420EB3E5C50163FBA500C695138EF7FF86
:1027B00063ED151763FBA516F917C695898D33D5FB
:1027C0006502C206C182B3F56502330EA602C205D8
:1027D000CD8E63FBC601C6969305F5FF63E3161520
:1027E00063F1C6157915C69693950701B386C64160
:1027F000C98DDDBD93B7061093C717008E07B3D8F8
:10280000F600174700001307279546970347070070
:10281000130300023E97B308E340E30FE3E6B35E21
:10282000E600B3961601B3EEDE0033D3E50013DF06
:102830000E01B357E303139E0E01B3951501135E0A
:102840000E013357E5004D8F9356070133161601DD
:102850003373E303B305FE024203B3E6660063FB92
:10286000B600F6961383F7FF63E3D60D63F1B60C5B
:10287000F917F6968D8EB3D5E60342074183B3F67A
:10288000E6033303BE02C206558F637B670076976B
:102890009386F5FF6369D70963776708F91576971B
:1028A000C207416FCD8F9306FFFFB3F5D70013DE4C
:1028B0000701F18E4182B38ED50233076740B3061C
:1028C000DE0213D30E01B385C502B6959A95330E79
:1028D000CE0263F3D5007A9E93D60501F296636328
:1028E000D7026305D7003E858145A1B3C166FD16B9
:1028F00033F7D5004207B3FEDE0033151501769796
:10290000E373E5FE1385F7FF814525B3B7070001A3
:102910006377F60293560601414355B38145054559
:1029200009BB2E85D1B5B685A5BFF28741BD9A8773
:1029300091B77915C697E9BB7915C697D1B193566A
:1029400086016143ADBB3288AA882E87C5EE63F34A
:10295000C510C1676360F61AB7070001B337F60008
:10296000B307F040E19BE1073353F60097360000D0
:102970009386867E9A9683C6060013030002B69756
:10298000B306F340630BF3003397D500B357F5005C
:102990003318D6005D8FB318D50013560801335590
:1029A000C70293160801C18293D708013377C70283
:1029B000B385A6024207D98F63FAB700C2971307FF
:1029C000F5FF63E4070163E1B7323A858D8F33D7B2
:1029D000C702C20893D80801B3F7C702B386E6025C
:1029E000C207B3E8F80063FBD800C2989307F7FF6B
:1029F00063E50801791763E3D8003E874205598DE6
:102A00008145828063F5D500814501458280C1679B
:102A100063EAF618B7070001B3B7F600B307F04052
:102A2000E19BE10733D8F600173700001307C772A0
:102A3000429703470700930800023E973388E84017
:102A40006397E81863E4B6283335C50013451500CD
:102A50008145828055C6C1676372F626133706101A
:102A6000134717000E07B356E60097370000938709
:102A7000A76EB69783C7070093060002BA97B38E76
:102A8000F640639FF608B387C54093560601420699
:102A90004182854533D5D70213D70801B3F7D70252
:102AA0003303C502C207D98F63FA6700C2971307C1
:102AB000F5FF63E4070163E667223A85B387674061
:102AC00033D7D702C20893D80801B3F7D702330629
:102AD000C702C207B3E8F80063FBC800C2989307B7
:102AE000F7FF63E50801791763E3C8003E874205F5
:102AF000598D82809337061093C717008E07ADB5A6
:102B000081469737000093872765B69783C70700EC
:102B1000014793060002BA97B38EF640E385F6F6B6
:102B20003318D60133D3F50093560801335ED30230
:102B300013160801B395D5014182B357F500CD8F27
:102B400013D70701B318D5013373D302B305C603F6
:102B5000420333676700637BB70042971305FEFFAC
:102B6000636D0717637BB716791E42970D8F335538
:102B7000D702C207C1833377D7023303A6024207C5
:102B8000D98F63FB6700C2971307F5FF63E307154F
:102B900063F167147915C29793150E01B3876740E7
:102BA000C98DCDBD93B7061093C717008E0733D8D4
:102BB000F600173700001307275A4297034707000C
:102BC000930800023E973388E840E38DE8E6335EE1
:102BD000E600B3960601336EDE00B3D8E500935EDF
:102BE0000E01B3D7D80313130E01B3950501135388
:102BF00003013357E5004D8F935607013316060145
:102C0000B3F8D803B305F302C208B3E6160163FBB9
:102C1000B600F2969388F7FF63E3C60D63F1B60C36
:102C2000F917F2968D8EB3D5D60342074183B3F6DA
:102C3000D603B308B302C206558F637B17017297A0
:102C40009386F5FF6369C70963771709F9157297CA
:102C5000C207C16ECD8F9386FEFFB3F5D70013D3A5
:102C60000701F18E4182338ED50233071741B30637
:102C7000D30293580E01B385C502B695C6953303AA
:102C8000C30263F3D500769393D605019A966363E6
:102C9000D7026305D7003E8581458280C166FD1657
:102CA00033F7D5004207337EDE00331505017297F6
:102CB000E373E5FE1385F7FF81458280B7070001C6
:102CC0006377F60293560601414745B381450545B2
:102CD00082803A85D1B5B685A5BF2A8E41BDC6870B
:102CE00091B77915C297D9BB7915C297C5B19356DB
:102CF000860161479DBB2E86AA8503A5418625A82E
:102D0000AA8503A54186A9AAAA8503A54186B1A8DB
:102D100001476314E60001458280B307E50005071B
:102D2000B386E50083C7070083C6F6FFE383D7FEBB
:102D30003385D740828033B7C502011106CE22CC3D
:102D40003386C50209CB314718C10144F2402285C0
:102D5000624405618280B28532C619222A8475D503
:102D600032468145EF20DDE3D5B7C5C183A7C5FF56
:102D7000011122CC06CE1384C5FF63D307003E9415
:102D80002AC6EF00F0271387C1BD1C43324589EBEB
:102D90002322040000C36244F24005616F00D02684
:102DA000637DF4001040B306C4006396D7009443DB
:102DB000DC43B29614C05CC0F1BF3E87DC4399C3CC
:102DC000E37DF4FE14433306D700631F86001040F2
:102DD000B29614C33306D700E39FC7FA9043DC438F
:102DE000B29614C35CC345BF6375C400B1471CC130
:102DF0005DB71040B306C4006396D7009443DC432C
:102E0000B29614C05CC040C379B7828041114AC0F9
:102E1000138981BD8327090022C426C206C6AA845D
:102E20002E8489E7814545242320A900A285268593
:102E3000592C7D59631A25017D54B24022852244C4
:102E40009244024941018280130435007198E306DF
:102E500085FEB305A4402685BD24E31025FFE9BF08
:102E6000011126CA93843500F1984AC806CE22CCB7
:102E70004EC6A104B1472A8963F6F406B14463E55E
:102E8000B4064A85EF00D0179389C1BD83A7090016
:102E90003E8435E4A6854A85EFF05FF7FD572A8426
:102EA0006317F50C03A40900A287C5EB832904006E
:102EB00081454A85A299012C6394A90A1C408D047E
:102EC0009D8CF198A104B14763F3F400B144A68549
:102ED0004A85EFF0BFF3FD576304F5081C40A69741
:102EE0001CC03DA8E3DD04F8B1472320F9000145EB
:102EF000F2406244D2444249B249056182801440A2
:102F0000858E63C906042D47637ED70204C033074C
:102F100094006397870223A0E9005C4014C35CC35C
:102F20004A85EF00700E1305B400930744006199C1
:102F30003307F540E30EF5FA3A94898F1CC04DBF74
:102F4000D8C3E1BF58406395870023A0E900C9BFFB
:102F5000D8C3F9B7A28740402DBF3E84DC43B1B748
:102F6000B1472320F9004A85EF00100A49B704C190
:102F700045BF5D7122D406D62A842EDA32DC36DED5
:102F8000BAC0BEC2C2C4C6C603A5418611C51C4D87
:102F900081E72AC6E92B32450C455418228636CEE5
:102FA000EF00F00DB250225461618280011126CAF7
:102FB00006CE22CC4AC84EC652C4AA8419E11C458A
:102FC00002901C4D2E89ADE75D239C4C8044BDC30F
:102FD000973700009387472C6311F406C0407C505C
:102FE000858B89EB8357C40093F7072081E7284C32
:102FF000EF00C0708357C400A18B99C31C48C5E77C
:10300000A2852685D92A45C1FD547C50858B81EB4C
:103010008357C40093F7072099E3284CCD25F2404D
:1030200062444249B249224A2685D24405618280DF
:10303000004579BF2685252B61BF97370000938710
:10304000A7236314F400804459BF97370000938787
:10305000A720E316F4F8C04459B71CC4050963C996
:1030600007021C401387170018C02380B7001C44B8
:1030700083450900FD17F5F11CC463D907022286B8
:10308000A94526855928FD57E300F5F8A944B5BFA1
:10309000184C63C4E700E39645FD22862685B528D3
:1030A000E31735FD95B7FD59294AD1B71C40138761
:1030B000170018C029472380E700C9BFAA8503A5C8
:1030C00041866FF0BFEE411122C42A842E8523A6CB
:1030D00001BE06C6EF301DEEFD576316F50083A74F
:1030E000C1BE91C31CC0B24022444101828005C6CA
:1030F0007D160147B307E500B386E50083C70700E7
:1031000083C606006396D7006304C7000507FDF376
:103110003385D740828001458280011122CC26CAA6
:103120004AC806CE4EC6AA842E89328401C51C4DDB
:1031300091E3352997370000938707166318F40247
:10314000C0401C4C1CC48357C400A18B99C31C48AD
:1031500095EFA2852685512015C97D59F24062441C
:10316000D244B2494A8542490561828097370000BE
:10317000938787106314F4008044E1B79737000009
:103180009387870DE31FF4FAC04465BF1C480840CD
:103190009379F90F1379F90F1D8D5C486346F5009B
:1031A000A2852685B52455F91C440505FD171CC4C8
:1031B0001C401387170018C0238037015C486389BF
:1031C000A7008357C400858BD1DBA947E318F9F822
:1031D000A2852685352C59D149B7411122C426C272
:1031E0004AC006C683A441862A892E8489C49C4C81
:1031F00099E32685AD2E973700009387E70963147E
:10320000F402C0408317C40013F7870035EB13F7AF
:10321000070115EB25472320E90093E70704231650
:10322000F4007D5561A8973700009387E704631485
:10323000F4008044C1BF973700009387E701E31390
:10324000F4FCC044C1B7918B95C74C5891C9930702
:1032500044046385F5004A85EFF03FB1232A040258
:103260008357C4002322040093F7B7FD2316F4000C
:103270001C481CC08357C40093E787002316F40042
:103280001C4881EF8357C4001307002093F70728D9
:103290006385E700A2854A85C9218317C40013F717
:1032A00017001DC35848232404003307E04018CCFE
:1032B0001848014501E713F7070825F3B2402244F7
:1032C000924402494101828013F72700814611E3AD
:1032D000544814C4F1BF8397C500011122CC26CAFB
:1032E00006CE4AC84EC613F78700AA842E8471E71B
:1032F000D8416345E000B8416359E008585451C7CC
:10330000B18303A90400858B23A004000C50A1CF36
:1033100070488357C400918B99C75C401D8E5C58E0
:1033200099C33C401D8E5C540C5081462685829783
:10333000FD57630EF5041C480567232204001CC0DA
:103340008357C400F98F91C368C84C5823A0240147
:103350008DCD930744046385F5002685EFF0FFA02B
:10336000232A04021DA00146854626850297FD57A3
:103370002A86E310F5FA9C40C9DF75476385E700AC
:1033800059476395E70623A024010145BDA0984055
:103390008317C40001CFF5466305D700D9466319EA
:1033A000D7041C48232204001CC045B71848B18329
:1033B0002322040018C0858B79B783A90501E38611
:1033C00009FC03A905008D8B23A035013309394180
:1033D000014791E3D84918C4E35920FB1C540C5011
:1033E000CA864E86268582976340A0028317C40052
:1033F00093E707042316F4007D55F2406244D2445B
:103400004249B24905618280AA993309A940E9B7C6
:103410009C49411106C622C426C281EB8144B240B8
:1034200022442685924441018280AA842E8401C5CB
:103430001C4D91E32D2A973700009387E7E5631E23
:10344000F402C0408317C400F1DB7850058B11E70C
:1034500093F7072099E3284C55242685A285EFF0A1
:103460009FE77C50AA84858BDDFB8357C40093F7CC
:103470000720D5F7284C61245DB797370000938764
:10348000A7DF6314F400804475BF9737000093876B
:10349000A7DCE319F4FAC04475B7411122C406C68B
:1034A0002A842316B5002317C500232005002322F4
:1034B0000500232405002322050623280500232ACE
:1034C0000500232C0500214681451305C505EF2085
:1034D0002DED97070000938767685CD09707000081
:1034E0009387C76A1CD4970700009387076F5CD443
:1034F000970700009387C771B24000D01CD82244C0
:1035000041018280970500009385C5F051A24111C9
:1035100026C2930780069384F5FFB384F4024AC061
:103520002E8922C406C693854407EFF07F932A8430
:1035300001CD2320050023222501310508C413866F
:1035400084068145EF20CDE5B24022852244924495
:10355000024941018280138541BE4DA2138541BEBF
:1035600079AA138581BE59AA138581BE49AA411142
:1035700022C406C62A84EFF0DFFE1C4C91C7224409
:10358000B24041016FF05FFE970700009387C7F7D5
:103590001CD423240404232604042328040483A71E
:1035A000018F6394870085471CCC2285152848C06D
:1035B00022853D2008C42285252048C44840014674
:1035C0009145EFF09FED08440546A545EFF0FFEC6F
:1035D00048440946C945EFF05FEC85471CCC45B728
:1035E000411126C24AC006C622C42A89EFF0BFF69E
:1035F00083A4018F9C4C81E72685EFF05FF79384CD
:1036000084048044DC40FD1763D607009C40A5C7B6
:103610008440C5BF0317C40021EFC17785075CC490
:103620001305840523220406C928EFF03FF3214641
:103630002320040023240400232204002328040060
:10364000232A0400232C040081451305C405EF2020
:103650002DD5232A0402232C040223240404232628
:103660000404B240228522449244024941018280EE
:103670001304840649BF91454A85EFF05FE988C08D
:103680002A8459F5EFF09FEDB1472320F900D1BF0F
:10369000797122D44AD04ECE52CC5AC85EC606D6D4
:1036A00026D256CA2A892E8A130485048149054BDD
:1036B000FD5B0444832A4400FD1A63D00A020040E3
:1036C0006DF8B250225492540259624AD24A424B87
:1036D000B24B4E85F2494561828083D7C400637B3B
:1036E000FB008397E40063877701A6854A85029AE9
:1036F000B3E9A90093848406C1B782808280828066
:103700005971A2D42E848395E500A6D2CAD086D65C
:10371000B284368963D305028357C40093F7070840
:103720008DEB13070040B65026542320F90098C0B3
:103730000659965401456561828030002523E34D8A
:1037400005FC3247BD67F98F7977BA9793B71700B1
:10375000C9BF814713070004F9B783D7C500797142
:1037600022D406D626D24AD04ECE898B2E8491CF33
:10377000930774041CC01CC885475CC8B25022540F
:1037800092540259F2494561828074003000AA8443
:10379000EFF01FF7A2492A892685CE85EFF04FEC7E
:1037A00001ED8317C40013F7072069FBF19B93E732
:1037B00027002316F4006DBF970700009387C7D436
:1037C0009CD48357C40008C008C893E70708231691
:1037D000F400B247232A340189CF8315E4002685FB
:1037E000752101C98357C400F19B93E71700231685
:1037F000F4008357C40033E527012316A400BDBF9E
:10380000138501BE6FF09FEF138501BE6FF03FEF90
:103810001C46FD171CC663DA0700184E63C5E70097
:10382000A9476394F5006FF05F8F1C422E851387C4
:10383000170018C22380B7008280011122CC26CA4B
:103840004AC84EC652C406CE2A89AE893284B30411
:10385000D6007D5A63149400014511A883450400E5
:103860004E864A85EFF0DFFA0504E31545FFF24086
:103870006244D2444249B249224A0561828035718C
:1038800022CD26CB4AC94EC706CF52C556C35AC110
:10389000DEDEE2DCE6DAAA892E843289B68409C546
:1038A0001C4D99E3EFF0BFCC973700009387C79E7C
:1038B000631BF40403A449007C50858B89EB835778
:1038C000C40093F7072081E7284CEFF03FE38357CC
:1038D000C400A18B99C31C48B5E3A2854E85EFF0C7
:1038E000DF8F29CD7C50858BA9C37D55FA406A4472
:1038F000DA444A49BA492A4A9A4A0A4BF65B665C54
:10390000D65C0D618280973700009387E796631538
:10391000F40003A489004DB7973700009387C7933D
:10392000E31CF4F803A4C90041BF8357C40093F714
:103930000720C5FF284CEFF09FDC45BF930700022E
:10394000A304F1029307000302D22305F10226C665
:10395000930B5002973A0000938A0A96054C294B24
:10396000CA8483C7040099C3639C7709B38C24413C
:10397000638E2401E6864A86A2854E85EFF0FFEB32
:10398000FD57630EF5189257E6973ED283C70400A1
:1039900063870718FD571389140002C802CE3ECA78
:1039A00002CCA309010482D483450900154656853B
:1039B0003526C2479304190031E513F7070109C7FB
:1039C00013070002A309E10413F7870009C71307CF
:1039D000B002A309E104834609001307A002638B28
:1039E000E602F247CA848146254603C70400938550
:1039F0001400130707FD6375E6068DC63ECE1DA0B5
:103A0000850485B7330555413315AC00C98F3EC8D1
:103A1000268959BF324793064700184336C6634A82
:103A200007023ACE03C704009307E002631EF704BF
:103A300003C714009307A002631AF702B247890470
:103A4000138747009C433AC663D30700FD573ECA1D
:103A500025A83307E04093E727003ACE3EC8D9B700
:103A6000B3876703AE848546BA9741B7850402CA17
:103A700081468147254603C7040093851400130738
:103A800007FD6374E606E1F683C504000D461735AD
:103A900000001305E582992411CD97370000938724
:103AA00027821D8DC247130700043317A700D98F43
:103AB00085043EC883C50400194617350000130568
:103AC0006580138914002304B102092C25CD9307C6
:103AD000000095E74247B2471377071009CF9107D7
:103AE0003EC69257D2973ED2A5BDB3876703AE8438
:103AF0008546BA9749B79D07E19BA107D5B77800DE
:103B0000970600009386A6D322860C084E85970060
:103B10000000E7000000FD572A8AE314F5FC7C5002
:103B2000858B89EB8357C40093F7072081E7284CE6
:103B3000EFF0FFBC8357C40093F70704E39707DA5D
:103B400012556DB3780097060000938646CF228603
:103B50000C084E854D2CC1B7411122C42E8483958B
:103B6000E50006C62523634905007C48AA977CC862
:103B7000B2402244410182808357C4007D777D1783
:103B8000F98F2316F400EDB783D7C500011122CCBD
:103B900026CA4AC84EC606CE93F70710AA842E84BA
:103BA0003289B68991C78395E5008946014611227D
:103BB0008357C4007D777D17F98F8315E4002316A2
:103BC000F4006244F240CE864A86B24942492685D4
:103BD000D24405613DA8411122C42E848395E5009D
:103BE00006C6C1287D578357C400631BE5007D7757
:103BF0007D17F98F2316F400B240224441018280E0
:103C00000567D98F2316F40068C8FDB78395E500D2
:103C10003DA0411122C42A842E85B285368623A672
:103C200001BE06C6EF308DB6FD576316F50083A7BB
:103C3000C1BE91C31CC0B2402244410182804111E7
:103C400022C42A842E8523A601BE06C6AD21FD57B7
:103C50006316F50083A7C1BE91C31CC0B2402244C5
:103C600041018280411122C42A842E85B28523A677
:103C700001BE06C6B921FD576316F50083A7C1BE74
:103C800091C31CC0B240224441018280411122C430
:103C90002A842E8523A601BE06C61529FD57631664
:103CA000F50083A7C1BE91C31CC0B24022444101AC
:103CB0008280411122C42A842E85B285368623A6AD
:103CC00001BE06C61929FD576316F50083A7C1BEBC
:103CD00091C31CC0B24022444101828093F5F50F8C
:103CE0002A966314C5000145828083470500E38D51
:103CF000B7FE0505FDB7797156CA9C49BA8A984541
:103D000022D44AD04ECE52CC06D626D25AC85EC64F
:103D1000AA892E843289368A63D3E700BA872320A2
:103D2000F9000347340401C785072320F9001C402C
:103D300093F7070291C78327090089072320F90019
:103D40000440998891E8130B9401FD5B5C440327C0
:103D50000900998F63CCF40483473404B336F00030
:103D60001C4093F70702A5EB13063404D2854E8559
:103D7000829AFD576303F5041C4011478144998BD7
:103D80006399E7004444832709009D8C63D30400B2
:103D900081441C4418486354F700998FBE9401492C
:103DA00069047D5B63982405014509A885465A8608
:103DB000D2854E85829A631E75017D55B25022547C
:103DC00092540259F249624AD24A424BB24B45617F
:103DD00082808504A5BF3307D40013060003A30126
:103DE000C7040347540493871600A2978906A3814A
:103DF000E7049DBF85462286D2854E85829AE30ED2
:103E000065FB050945B7797122D44AD04ECE52CC14
:103E100006D626D256CA5AC803C88501930780071A
:103E20002A892E84B289368A63E207039307200623
:103E30009386350463E107036301081E9307800539
:103E40001726000013068648630BF8149304240415
:103E50002301040515A89307D8F993F7F70F5546E2
:103E6000E366F6FE172600001306C6488A07B297D7
:103E70009C43B29782871C43938425049386470012
:103E80009C4314C32381F504854755AA90411C43E4
:103E9000137506089385470039C19C430CC35840ED
:103EA00063D307149305D002A301B40418C463506C
:103EB0000704B307F04017260000130626412948DF
:103EC000B68433F70703FD143297034707002380B6
:103ED000E4003E87B3D70703E37507FF8DA09C433B
:103EE000137506040CC345DDC207C1874DBF6D9A2B
:103EF00010C0C1B790411C43137506089385470055
:103F000001C50CC39C4339A0137606040CC37DDAAB
:103F100083D707001307F006172600001306063B99
:103F20006311E80C2148A3010404584018C4E34974
:103F300007F80C40ED990CC0C1F7B68451F3A147C6
:103F4000631EF8001C40858B91CB58401C4863C70A
:103F5000E70093070003A38FF4FEFD14858E14C8B9
:103F60005287CE867000A2854A85EFF0DFD8FD5AD1
:103F7000631B550D7D55B250225492540259F2499B
:103F8000624AD24A424B456182809C4193E70702D4
:103F90009CC1130880071726000013066634A3028D
:103FA00004050C401C4313F80508138547006305FE
:103FB000080008C39C4301A813F8050408C3E30BD9
:103FC00008FE83D7070013F7150001C793E5050224
:103FD0000CC099C3414881BF18401377F7FD18C042
:103FE000D5BF294889B7172600001306262E294871
:103FF0002DBF90411C43CC49137806081385470018
:104000006306080008C39C438CC301A808C3137649
:1040100006049C4375DA2390B70023280400B68475
:1040200081B71C43D04181459386470014C3844324
:104030002685EFF0BFCA19C1058D48C05C401CC879
:10404000A301040431BF14482686CE854A85029A0E
:10405000E30255F31C40898B8DE7B2474844E35C8B
:10406000F5F03E8509BF85465686CE854A85029A7B
:10407000E30265F185045C443247998FE3C5F4FEA1
:10408000E9BF8144930A94017D5BF5B7411122C4D5
:104090002A842E85B285368623A601BE06C6A120B7
:1040A000FD576316F50083A7C1BE91C31CC0B24083
:1040B0002244410182809307800523A6F1BE7D55ED
:1040C00082809307800523A6F1BE7D5582809307E9
:1040D000800523A6F1BE014582809307800523A6B3
:1040E000F1BE7D5582809307800523A6F1BE7D55E4
:1040F00082800000000000010000000200000004B7
:104100000000000800000010000000200000004037
:10411000000000800000001B000000360000006C62
:10412000000000D8000000AB0000004D0000009A25
:10413000F401FA00960064004B0032001E001400E7
:10414000000000000000000000000000000000006F
:10415000000000000000000000000000000000005F
:104160007428FDFF9828FDFFBC28FDFFD228FDFF25
:10417000EC28FDFFFE28FDFF2229FDFF4629FDFF5B
:104180005C29FDFF7629FDFF00000000000002030E
:10419000090B0D0E040612161A1C06051B1D17121C
:1041A000080C242C34380A0F2D2739360C0A363ADD
:1041B0002E240E093F31232A101848586870121B0C
:1041C0004153657E141E5A4E726C161D53457F6214
:1041D00018146C745C481A17657F51461C127E6275
:1041E00046541E1177694B5A203090B0D0E02233EC
:1041F00099BBDDEE243682A6CAFC26358BADC7F20C
:10420000283CB49CE4D82A3FBD97E9D62C3AA68A2C
:10421000FEC42E39AF81F3CA3028D8E8B890322BCB
:10422000D1E3B59E342ECAFEA28C362DC3F5AF82E3
:104230003824FCC48CA83A27F5CF81A63C22EED2C4
:1042400096B43E21E7D99BBA40603B7BBBDB42631F
:104250003270B6D54466296DA1C746652066ACC9E3
:10426000486C1F578FE34A6F165C82ED4C6A0D4114
:1042700095FF4E69044A98F150787323D3AB527B73
:104280007A28DEA5547E6135C9B7567D683EC4B92B
:104290005874570FE7935A775E04EA9D5C7245198C
:1042A000FD8F5E714C12F0816050ABCB6B3B625363
:1042B000A2C066356456B9DD71276655B0D67C2933
:1042C000685C8FE75F036A5F86EC520D6C5A9DF164
:1042D000451F6E5994FA48117048E393034B724B93
:1042E000EA980E45744EF1851957764DF88E14599B
:1042F0007844C7BF37737A47CEB43A7D7C42D5A99C
:104300002D6F7E41DCA2206180C076F66DAD82C348
:104310007FFD60A384C664E077B186C56DEB7ABF8C
:1043200088CC52DA59958ACF5BD1549B8CCA40CC49
:1043300043898EC949C74E8790D83EAE05DD92DBD2
:1043400037A508D394DE2CB81FC196DD25B312CF54
:1043500098D41A8231E59AD713893CEB9CD2089401
:104360002BF99ED1019F26F7A0F0E646BD4DA2F3A2
:10437000EF4DB043A4F6F450A751A6F5FD5BAA5F3C
:10438000A8FCC26A8975AAFFCB61847BACFAD07C99
:104390009369AEF9D9779E67B0E8AE1ED53DB2EB12
:1043A000A715D833B4EEBC08CF21B6EDB503C22FA4
:1043B000B8E48A32E105BAE78339EC0BBCE2982411
:1043C000FB19BEE1912FF617C0A04D8DD676C2A382
:1043D0004486DB78C4A65F9BCC6AC6A55690C164B0
:1043E000C8AC69A1E24ECAAF60AAEF40CCAA7BB7C5
:1043F000F852CEA972BCF55CD0B805D5BE06D2BBCA
:104400000CDEB308D4BE17C3A41AD6BD1EC8A914A7
:10441000D8B421F98A3EDAB728F28730DCB233EF1C
:104420009022DEB13AE49D2CE090DD3D0696E293C9
:10443000D4360B98E496CF2B1C8AE695C6201184BF
:10444000E89CF91132AEEA9FF01A3FA0EC9AEB0714
:1044500028B2EE99E20C25BCF08895656EE6F28BE9
:104460009C6E63E8F48E877374FAF68D8E7879F417
:10447000F884B1495ADEFA87B84257D0FC82A35F6C
:1044800040C2FE81AA544DCC1B9BECF7DA4119982F
:10449000E5FCD74F1F9DFEE1C05D1D9EF7EACD53A1
:1044A0001397C8DBEE791194C1D0E3771791DACD79
:1044B000F4651592D3C6F96B0B83A4AFB2310980B2
:1044C000ADA4BF3F0F85B6B9A82D0D86BFB2A523F9
:1044D000038F80838609018C89888B0707899295D1
:1044E0009C15058A9B9E911B3BAB7C470AA139A872
:1044F000754C07AF3FAD6E5110BD3DAE675A1DB351
:1045000033A7586B3E9931A45160339737A14A7D48
:10451000248535A24376298B2BB3341F62D129B071
:104520003D146FDF2FB5260978CD2DB62F0275C348
:1045300023BF103356E921BC19385BE727B90225A0
:104540004CF525BA0B2E41FB5BFBD78C619A59F8D1
:10455000DE876C945FFDC59A7B865DFECC91768884
:1045600053F7F3A055A251F4FAAB58AC57F1E1B6AA
:104570004FBE55F2E8BD42B04BE39FD409EA49E093
:1045800096DF04E44FE58DC213F64DE684C91EF8AC
:1045900043EFBBF83DD241ECB2F330DC47E9A9EE82
:1045A00027CE45EAA0E52AC07BCB473CB17A79C843
:1045B0004E37BC747FCD552AAB667DCE5C21A66894
:1045C00073C76310854271C46A1B884C77C171063A
:1045D0009F5E75C2780D92506BD30F64D90A69D073
:1045E000066FD4046FD51D72C3166DD61479CE181C
:1045F00063DF2B48ED3261DC2243E03C67D9395E52
:10460000F72E65DA3055FA209B5B9A01B7EC995882
:10461000930ABAE29F5D8817ADF09D5E811CA0FEF3
:104620009357BE2D83D49154B7268EDA9751AC3B65
:1046300099C89552A53094C68B43D259DF9C8940C6
:10464000DB52D2928F45C04FC5808D46C944C88E7B
:10465000834FF675EBA4814CFF7EE6AA8749E4639D
:10466000F1B8854AED68FCB6BB6B0AB1670CB96856
:1046700003BA6A02BF6D18A77D10BD6E11AC701E23
:10468000B3672E9D5334B16427965E3AB7613C8B75
:104690004928B56235804426AB7342E90F7CA97086
:1046A0004BE20272AF7550FF1560AD7659F4186E8B
:1046B000A37F66C53B44A17C6FCE364AA77974D3ED
:1046C0002158A57A7DD82C56DB3BA17A0C37D938F6
:1046D000A8710139DF3DB36C162BDD3EBA671B258F
:1046E000D3378556380FD1348C5D3501D73197409B
:1046F0002213D5329E4B2F1DCB23E9226447C920BC
:10470000E0296949CF25FB347E5BCD26F23F735506
:10471000C32FCD0E507FC12CC4055D71C729DF1892
:104720004A63C52AD613476DFB0B31CADCD7F9089B
:1047300038C1D1D9FF0D23DCC6CBFD0E2AD7CBC59E
:10474000F30715E6E8EFF1041CEDE5E1F70107F0EA
:10475000F2F3F5020EFBFFFDEB137992B4A7E9101B
:104760007099B9A9EF156B84AEBBED16628FA3B536
:10477000E31F5DBE809FE11C54B58D91E7194FA8E2
:104780009A83E51A46A3978D52096AD53036A53823
:10479000BF40A39E81F3D7FB7CE339829B2FFF8729
:1047A000348E4344C4DEE9CB547B9432A6C2233D0D
:1047B000EE4C950B42FAC34E082EA16628D924B2BE
:1047C000765BA2496D8BD12572F8F66486689816DF
:1047D000D4A45CCC5D65B6926C704850FDEDB9DA3E
:1047E0005E154657A78D9D8490D8AB008CBCD30A2C
:1047F000F7E45805B8B34506D02C1E8FCA3F0F0208
:10480000C1AFBD0301138A6B3A9111414F67DCEAD6
:1048100097F2CFCEF0B4E67396AC7422E7AD35854F
:10482000E2F937E81C75DF6E47F11A711D29C58959
:104830006FB7620EAA18BE1BFC563E4BC6D279203B
:104840009ADBC0FE78CD5AF41FDDA8338807C73144
:10485000B11210592780EC5F60517FA919B54A0D3C
:104860002DE57A9F93C99CEFA0E03B4DAE2AF5B0B1
:10487000C8EBBB3C83539961172B047EBA77D626CD
:10488000E169146355210C7D637C777BF26B6FC506
:104890003001672BFED7AB76CA82C97DFA5947F043
:1048A000ADD4A2AF9CA472C0B7FD9326363FF7CC1F
:1048B00034A5E5F171D8311504C723C31896059ABC
:1048C000071280E2EB27B27509832C1A1B6E5AA0DF
:1048D000523BD6B329E32F8453D100ED20FCB15BCA
:1048E0006ACBBE394A4C58CFD0EFAAFB434D338533
:1048F00045F9027F503C9FA851A3408F929D38F507
:10490000BCB6DA2110FFF3D2CD0C13EC5F9744173D
:10491000C4A77E3D645D197360814FDC222A9088B4
:1049200046EEB814DE5E0BDBE0323A0A4906245C40
:10493000C2D3AC629195E479E7C8376D8DD54EA9A5
:104940006C56F4EA657AAE08BA78252E1CA6B4C671
:10495000E8DD741F4BBD8B8A703EB5664803F60ECA
:10496000613557B986C11D9EE1F8981169D98E94B9
:104970009B1E87E9CE5528DF8CA1890DBFE64268D2
:1049800041992D0FB054BB165320683D0000000024
:1049900053206C3D000000005320613D00000000EA
:1049A0005320623D00000000532067617465413D63
:1049B00000000000532067617465423D0000000064
:1049C000494D47204648207261773D00494D4720B8
:1049D0004648206465633D00494D47204648206FA6
:1049E00066663D00494D4720464820656E633D00A0
:1049F000494D472046482062303D0000494D472040
:104A000046482062313D0000494D4720464820621B
:104A100031313D00494D47204648207031353D0039
:104A20004641554C5420696D6720627573792D6439
:104A3000726F703D00000000494D47204D4F4445C6
:104A40003D000000BC40FDFF0449FDFF0449FDFF9F
:104A50000449FDFF4241FDFF0449FDFF0449FDFFFC
:104A6000BC40FDFF0449FDFFFE40FDFF0449FDFF82
:104A7000BC40FDFF0449FDFF0449FDFF0449FDFF63
:104A80000449FDFFE440FDFF0449FDFF0449FDFF2B
:104A90000449FDFF5440FDFF0449FDFF2C45FDFF87
:104AA0000449FDFF3E45FDFFBC40FDFF0449FDFFFD
:104AB0006C46FDFF0449FDFF9A46FDFF4440FDFFA3
:104AC0008C48FDFF8C48FDFF8C48FDFFB240FDFF88
:104AD0008C48FDFF8C48FDFF4440FDFF8C48FDFFE6
:104AE0008640FDFF8C48FDFF4440FDFF8C48FDFFE4
:104AF0008C48FDFF8C48FDFF8C48FDFF8C48FDFF76
:104B00008C48FDFF8C48FDFF8C48FDFFDC3FFDFF1E
:104B10008C48FDFFB444FDFF8C48FDFFC644FDFFFB
:104B20004440FDFF8C48FDFFF445FDFF8C48FDFF30
:104B30002246FDFF5320726566726573682D73749B
:104B40006172740D0A0000004641554C5420696D95
:104B5000672066696E6973682F73746F72650D0ADA
:104B6000000000004641554C5420696D672070617B
:104B7000636B6167652D6F766572666C6F770D0A82
:104B8000000000004641554C5420696D6720666561
:104B900065642F73746F72650D0A00004641554CB1
:104BA0005420696D67207472616E7366657220614E
:104BB000626F727465640D0A0000000053206B651B
:104BC000792D72656164790D0A0000004641554CEB
:104BD0005420696D6720696E69742D6669727374FB
:104BE0000D0A0000494D472053573D5631320D0AFA
:104BF000000000004641554C5420696D67206465F3
:104C0000766963652D626F756E640D0A00000000A1
:104C10004641554C5420696D67207061636B616734
:104C2000652D7A65726F0D0A000000004641554CF3
:104C30005420696D672070726F746F636F6C0D0A1A
:104C4000000000004641554C5420696D6720627594
:104C500073792D70726F746563740D0A0000000023
:104C6000494D472053573D5632340D0A000000008D
:104C70004641554C5420696D6720646563727970B4
:104C8000740D0A00532069762D72656164790D0AEE
:104C90000000000041598B7B997407A3C14913445C
:104CA00014FF127B41598B7B997407A3C1491344AC
:104CB00013FF127B41598B7B997407A3C14913449D
:104CC00012FF127B41598B7B997407A3C14913448E
:104CD00011FF127B41598B7B997407A3C14913447F
:104CE00010FF127B41598B7B997407A3C149134470
:104CF00009FF127B41598B7B997407A3C149134467
:104D000008FF127B41598B7B997407A3C149134457
:104D100007FF127B41598B7B997407A3C149134448
:104D200006FF127B41598B7B997407A3C149134439
:104D300005FF127B41598B7B997407A3C14913442A
:104D400004FF127B41598B7B997407A3C14913441B
:104D500003FF127B41598B7B997407A3C14913440C
:104D600002FF127B41598B7B997407A3C1491344FD
:104D700001FF127B41598B7B997407A3C1491344EE
:104D800000FF127B53206572723D00005320626564
:104D900067696E3D00000000532073746174653DC7
:104DA000000000005320736964653D005320706B60
:104DB0003D0000005320626567696E2D6F6B3D00FA
:104DC00053207768793D00005320757365643D007A
:104DD00053206C656E3D0000532072783D0000004A
:104DE000532066696E616C3D0000000053206D61C8
:104DF00078713D005320707573682D6C656E3D00B1
:104E0000532072633D00000053206F75743D000015
:104E1000532066696E3D0000534944453D00000043
:104E2000542052583D00000054205A49502B4F55F1
:104E3000543D000054204445434F44453D0000008C
:104E40005420504D41583D00542046494E49534846
:104E50003D00000054205350493D0000542045506F
:104E6000443D00005420464C4F573D0054204649D5
:104E70004E414C3D00000000542050554D503D0027
:104E800054205A494E3D00005420594C443D0000E6
:104E900054205354503D00005420494E4E3D0000D4
:104EA00054204556543D00005420534C4943453D41
:104EB0000000000054204156473D000054204D4161
:104EC00058513D00542050524F433D00494D47201A
:104ED00062617463683D0000494D47206E3D0000EB
:104EE000494D472062797465733D0000494D472064
:104EF0006C6173743D0000005320656D7074790D12
:104F00000A000000494D4720646F6E650D0A0000DD
:104F1000494D472053573D5633350D0A00000000D8
:104F20005320726566726573682D646F6E650D0A35
:104F300000000000A453FDFFF853FDFFE854FDFFFF
:104F40008853FDFF5055FDFF2E53FDFFCA55FDFF51
:104F5000C856FDFF4257FDFF6657FDFFB457FDFFE2
:104F60000E53FDFF2658FDFF9058FDFF5A4C494255
:104F70002066696E697368207261773D00000000E9
:104F80005A4C49422066696E697368206572726F77
:104F9000720D0A005A4C49422066656564206572AC
:104FA000726F720D0A000000101112000807090646
:104FB0000A050B040C030D020E010F000000000097
:104FC0000101020203030404050506060707080899
:104FD00009090A0A0B0B0C0C0D0D00000100020060
:104FE000030004000500070009000D00110019006E
:104FF00021003100410061008100C10001018101F7
:1050000001020103010401060108010C011001184D
:10501000012001300140016000000000000000009C
:105020000101010102020202030303030404040458
:10503000050505050000000003000400050006004A
:105040000700080009000A000B000D000F00110006
:10505000130017001B001F0023002B0033003B0030
:1050600043005300630073008300A300C300E30008
:1050700002010000464C41534820626C6F636B3D57
:1050800000000000464C41534820757365643D00A4
:10509000464C41534820646966663D00464C415386
:1050A00048206578703D0000464C41534820676FAA
:1050B000743D0000464C41534820696E6465783D5C
:1050C00000000000464C4153482065726173654101
:1050D0006464723D00000000464C41534820626504
:1050E00067696E2D706F733D00000000464C4153A0
:1050F0004820626567696E2D627974653D00000025
:10510000464C415348206163746976653D00000058
:10511000494D47205241573D00000000494D47206E
:1051200046533D00494D472046423D00494D4720EA
:1051300044413D00542046573D000000542046495C
:105140003D00000054204645543D00005420465088
:105150003D000000542046563D00000054205643B8
:105160003D000000542057503D00000054204645AB
:105170003D000000542045413D0000005420455AA8
:105180003D000000542046523D0000005420525083
:105190003D000000542046443D000000494D47209A
:1051A00053573D5632370D0A00000000464C41531C
:1051B000482077726974652D6661696C0D0A00007C
:1051C000464C41534820666565642D6661696C0DE7
:1051D0000A000000464C41534820626567696E2D05
:1051E000626C616E6B2D6661696C0D0A00000000D7
:1051F000464C4153482065726173652D6661696C48
:105200000D0A0000464C41534820696E6465782DB4
:105210006661696C0D0A0000494D472053573D56A1
:1052200032380D0A000000002067FDFF3467FDFFE3
:105230004667FDFF5867FDFF6A67FDFF9867FDFF42
:10524000A467FDFFAA67FDFFB067FDFFB667FDFF1E
:1052500043483538355F424C455F4C49425F5631D3
:105260002E340000686561642066696C6520657293
:10527000726F722E2E2E00004C494220696E6974A6
:10528000206572726F7220636F64653A2025782002
:105290002E2E2E0A00000000464C41534820737405
:1052A000617475733D000000464C41534820636FA4
:1052B000756E743D00000000464C415348206C69F7
:1052C0006D69743D00000000464C41534820535224
:1052D0003D000000464C41534820706F7765724D89
:1052E000733D0000464C415348206A656465633D48
:1052F00000000000464C4153482072656164794DBE
:10530000733D0000464C4153482072656164792D1D
:1053100074696D656F75740D0A000000464C415349
:105320004820776169742D74696D656F75740D0A15
:1053300000000000464C4153482057454C20666110
:10534000696C0D0A000000004641554C54206275FE
:1053500073792D7374617475730D0A005420455070
:10536000445F504F5745523D0000000054204445D3
:10537000565F494E49543D0054204445565F5057AE
:10538000523D000054205741495432303D00000046
:1053900054204550445F494E49543D00494D4720F3
:1053A00053573D5632340D0A00000000494D472046
:1053B000646F6E650D0A0000494D47206261746399
:1053C00068206572720D0A00000102030506FFFFE6
:1053D000FFFFFFFFFFFFFFFF4641554C5420657064
:1053E00064207461726765743D0000004641554C4D
:1053F000542065706420726177413D004641554CF0
:10540000542065706420726177423D004641554CDE
:10541000542065706420627573792D74696D656FB1
:1054200075740D0A000000004641554C542065700B
:105430006420627573792D756E737570706F7274F8
:1054400065640D0A000000004641554C542065700B
:105450006420627573792D756E737570706F7274D8
:1054600065640D0A000000004641554C5420696DEA
:10547000672067726F75703D000000004641554C13
:105480005420696D6720726F6F6D3D005420524546
:10549000463D00005420414C4C3D000054205752E2
:1054A0004954453D00000000542053494E4B4E3DA9
:1054B00000000000542053494E4B423D00000000C4
:1054C000494D472053573D5632340D0A0000000025
:1054D0004641554C5420696D67207265706C617946
:1054E0003B206E6F20726566726573680D0A00005E
:1054F0004641554C5420696D672070726573617622
:10550000652D6D697373696E670D0A004641554CD0
:105510005420696D6720666C6173682D62756666DC
:1055200065722D616C6C6F630D0A000043656E74CB
:1055300072616C000000000000000000000000002C
:10554000000000004641554C5420626C6520737485
:105550006174652D636F64653D0000004641554CE4
:105560005420626C65207374617475733D00000093
:105570004641554C54206F74612073746174757387
:105580003D0000004641554C5420626C6520737408
:105590006174650D0A0000004641554C5420626C50
:1055A0006520646973636F6E6E65637420726571E4
:1055B000756573740D0A00004641554C54206F7494
:1055C000612065726173650D0A0000003298FDFF6D
:1055D0004298FDFF4698FDFF2E98FDFF4A98FDFF7B
:1055E0004E98FDFF4641554C54206570642062750D
:1055F00073792D74696D656F75740D0A0000000074
:1056000030313233343536373839414243444546F8
:1056100000000000B8A1FAA032A0F69F889F609F0A
:10562000429FE89E989E3E9E029EDA9D9E9D8A9D88
:10563000769D659D589D309D129DFE9CE09CC29C70
:10564000A49C909C689C409C2C9C0E9CF09BC89BAE
:10565000AA9B769B399BFC9ABF9A829A459A089A94
:10566000CB998E9951991499D7989A985D982098CA
:10567000E397A69769972C970B97EA96C996A896F1
:1056800087966696459624960396E295A595689525
:105690002B95EE94B19474943794FA93BD938093C0
:1056A0001293A4923692C8915A91EC907E901090E9
:1056B000A28F348FC08E4C8ED88D648DF08C7C8CF4
:1056C000088C948B208BAC8A358ABE894789D08818
:1056D0005988E2876B87F4867D860686E885000018
:1056E00072C7FDFFF2C7FDFFF2C7FDFFC6C7FDFF92
:1056F00010C7FDFF10C7FDFF10C7FDFF10C7FDFF5E
:1057000010C7FDFFD0C7FDFFE8C7FDFF0CCAFDFFB6
:105710002CCAFDFFC8C6FDFFC8C6FDFF34CAFDFF89
:10572000C8C6FDFFC8C6FDFFC8C6FDFFC8C6FDFF51
:1057300020CAFDFF88CAFDFF8ECAFDFFC8C6FDFF57
:10574000C8C6FDFFAECAFDFFB6CAFDFFBECAFDFF5B
:10575000D4CAFDFFC8C6FDFFC8C6FDFFC8C6FDFF11
:10576000C8C6FDFFC8C6FDFFC8C6FDFFC8C6FDFF11
:10577000C8C6FDFFC8C6FDFFC8C6FDFFC8C6FDFF01
:10578000C8C6FDFFC8C6FDFFC8C6FDFFC8C6FDFFF1
:10579000C8C6FDFF9ACAFDFFA2CAFDFFE8CAFDFF09
:1057A000C8C6FDFFC8C6FDFF86C9FDFFB0D7FDFF17
:1057B0002AD7FDFFA8D7FDFF26D7FDFF2AD7FDFF7B
:1057C0009CD7FDFF2AD7FDFF2AD7FDFF2AD7FDFF73
:1057D0002AD7FDFF2AD7FDFFB4D7FDFF2AD7FDFF4B
:1057E0009CD7FDFFD8DEFDFFCEDEFDFFD4DEFDFF42
:1057F000F4DEFDFFF8DEFDFFFCDEFDFF0CE6FDFF45
:10580000A0E6FDFFD0E6FDFF56E7FDFF3AE6FDFF0F
:105810003AE6FDFF3AE6FDFF3AE6FDFF66E7FDFFEB
:105820006EE7FDFFA0E7FDFFF8E8FDFF28E9FDFFBB
:1058300014E9FDFF32E9FDFF10ECFDFFACECFDFFCC
:10584000BAECFDFFC8ECFDFFE0ECFDFFF0ECFDFF66
:10585000D8EBFDFFFEECFDFF12EDFDFF74F0FDFF48
:105860008EF0FDFF08F1FDFF9EF0FDFF08F1FDFF4A
:1058700008F1FDFF08F1FDFFC0F0FDFF08F1FDFF9D
:1058800008F1FDFF08F1FDFFE4F0FDFF72F1FDFFFF
:1058900066F1FDFF72F1FDFF62F1FDFF72F1FDFFA8
:1058A00062F1FDFF72F1FDFF62F1FDFF72F1FDFF9C
:1058B0006AF1FDFF72F1FDFF62F1FDFF72F1FDFF84
:1058C00072F1FDFF62F1FDFF62F1FDFF62F1FDFF8C
:1058D0006EF1FDFF6EF1FDFF62F1FDFF62F1FDFF74
:1058E00062F1FDFF72F1FDFF62F1FDFF72F1FDFF5C
:1058F0004615FEFF7E15FEFF9A15FEFFA815FEFF5A
:105900005E21FEFFE620FEFF9021FEFFE620FEFF67
:105910009C21FEFFE620FEFF5622FEFFE620FEFF52
:10592000F022FEFFE620FEFFFC22FEFFE620FEFF47
:105930000823FEFFE620FEFFE620FEFFE620FEFF36
:105940001823FEFFE620FEFF2E23FEFF78F902005B
:10595000025C0100ACF90200266801001CFA02009A
:10596000F8670100C6FA0200CA67010050FB020096
:10597000A87201009AFB0200A8720100D2FB02008B
:105980000A720100C6FA02007E6701006AFC02008A
:10599000866A01000000000000000000A4FC020074
:1059A0002A6B010008FD02007A5C01005047FEFFEF
:1059B0005047FEFFD247FEFFD247FEFF7247FEFF71
:1059C000D247FEFFA647FEFFD247FEFFBA47FEFFC3
:1059D000D247FEFFC247FEFFCA47FEFFD247FEFF87
:1059E0007A47FEFF010102010201010201010404E4
:1059F000060104010101010104010201010000008E
:105A00000101020102010102010204040601040174
:105A10000101010104040201040000001054FEFF12
:105A20002454FEFF6254FEFF7C55FEFF8455FEFFAA
:105A3000C455FEFFFC55FEFF3656FEFF6856FEFFBE
:105A40001E55FEFF9C56FEFF0C57FEFF7062FEFFC8
:105A50007068FEFF1A65FEFF7A65FEFF5068FEFF64
:105A60008A66FEFFCA66FEFF0467FEFF3A67FEFF16
:105A70007467FEFF7068FEFFB667FEFF2868FEFFD2
:105A8000000000000000000000000000000000878F
:105A9000070B0D1113171D1F25292B2F353B3D43D8
:105AA00047494F535961FF00F09AFEFF7699FEFF78
:105AB000FC94FEFF7699FEFFF09AFEFF8295FEFFB2
:105AC0000CC5FEFF06C5FEFFA8C3FEFFA8C3FEFF70
:105AD000A8C3FEFFA8C3FEFFA8C3FEFFA8C3FEFF26
:105AE000A8C3FEFFA8C3FEFF54C4FEFFA8C3FEFF69
:105AF000A8C3FEFFA8C3FEFFCAC4FEFFCAC4FEFFC0
:105B0000AAC4FEFFA8C3FEFFA8C3FEFFA8C3FEFFF2
:105B10005AC5FEFFA8C3FEFFA8C3FEFFA8C3FEFF31
:105B2000A8C3FEFFA8C3FEFF6CC1FEFFA8C3FEFF13
:105B3000A8C3FEFFA8C3FEFF60C5FEFF80C1FEFF35
:105B400080C1FEFFBEC4FEFF6AC4FEFF24C3FEFF89
:105B500024C3FEFF24C3FEFF24C3FEFFA2C4FEFF36
:105B600024C3FEFFBEC4FEFF24C3FEFF24C3FEFF0A
:105B7000C0C0FEFF8CD0FEFF78D0FEFF74D0FEFFC9
:105B800074D0FEFF74D0FEFF74D0FEFF9AD0FEFFEB
:105B900074D0FEFFA2D0FEFF74D0FEFF74D0FEFFD3
:105BA00074D0FEFFC6D0FEFF74D0FEFF74D0FEFF9F
:105BB00074D0FEFF74D0FEFFD6D0FEFF82E3FEFF5E
:105BC0009CE3FEFF9CE3FEFFA0E3FEFF9CE3FEFFE1
:105BD000D6E3FEFF9CE3FEFFFAE3FEFF9CE3FEFF3D
:105BE0009CE3FEFF9CE3FEFF0EE4FEFF9CE3FEFF52
:105BF0009CE3FEFF22E4FEFF9CE3FEFF9CE3FEFF2E
:105C00009CE3FEFF9CE3FEFF9CE3FEFF36E4FEFF09
:105C10004C3D0200F84D0200F63D02004C4E0200E1
:105C2000143E02008A3E0200B03E0200EA3E02003C
:105C3000764D0200F64C02000E4002003240020097
:105C400098400200DE2A02006E4C0200924B0200D5
:105C50006C5102007E2B02002A41020074410200B6
:105C600018510200BA5002009E4102005043020047
:105C7000B24402002A450200762C02004052020083
:105C8000EC4902004C4502008245020044520200E9
:105C9000485202004C52020050520200784F02005B
:105CA000BE450200884602005452020068510200BC
:105CB00032470200B4490200D8470200205C0200CB
:105CC0007C53020070520200B6590200885902004B
:105CD0005C59020022590200F6580200F4590200F1
:105CE000F8590200E6540200FC590200B8580200BC
:105CF000005A020096580200045A02005658020048
:105D00004658020010580200085A0200F0570200DC
:105D10000C5A0200105A0200145A02008E57020058
:105D20007452020088520200185A02001C5A0200E3
:105D3000205A0200245A0200285A02003457020056
:105D4000BE5602002C5A0200305A0200345A020099
:105D5000385A020056560200EC590200F05902006F
:105D6000025402001A530200B85202008C52020080
:105D7000A405FFFFC005FFFF3606FFFFAA05FFFFD2
:105D80003A06FFFFAA05FFFF3E06FFFFCA27FFFFF7
:105D9000E627FFFF4227FFFF4227FFFF4227FFFFC3
:105DA0002228FFFF2228FFFF4227FFFF4227FFFF95
:105DB0004227FFFF4227FFFF2E29FFFF4227FFFF59
:105DC0004227FFFF4227FFFF4227FFFF4227FFFF37
:105DD000B225FFFF4227FFFF4227FFFF4227FFFFB9
:105DE0003429FFFFC825FFFF4227FFFF3429FFFFAB
:105DF0004227FFFF4229FFFFD027FFFFD626FFFFE4
:105E0000DC27FFFFD626FFFFD626FFFFD626FFFFA3
:105E10001C28FFFFD626FFFFD626FFFFD626FFFF52
:105E20007628FFFFD626FFFFDC27FFFFD626FFFFE1
:105E3000D626FFFF4428FFFFD626FFFFD626FFFF0A
:105E4000D626FFFF9628FFFFD626FFFFD626FFFFA8
:105E50000A25FFFFD626FFFFD626FFFFD626FFFF27
:105E6000D626FFFFF227FFFFD626FFFF1628FFFFEB
:105E700043483538355F424C455F4C49425F5631A7
:105E80002E342E34000000003E4FFFFF7C4FFFFFFA
:105E9000904FFFFF284FFFFF984FFFFFA04FFFFFDE
:105EA000A64FFFFFAC4FFFFF9078FFFFA278FFFFE8
:105EB000AC78FFFFB278FFFFB878FFFFCE78FFFF26
:105EC000D678FFFFDC78FFFFE478FFFFEA78FFFF7A
:105ED000F078FFFFF678FFFFFC78FFFF0879FFFFFF
:105EE0000E79FFFF1479FFFF5679FFFF1A79FFFF44
:105EF0002079FFFF2679FFFF2C79FFFF3879FFFF1C
:105F00005679FFFF5679FFFF5679FFFF5679FFFF5D
:105F10005679FFFF5679FFFF5679FFFF5679FFFF4D
:105F20004079FFFF3279FFFF5679FFFF4679FFFF87
:105F30005079FFFFE67EFFFFFE7EFFFF267FFFFF1B
:105F40003C7FFFFF507FFFFF6E7FFFFF8C7FFFFFD7
:105F50009C7FFFFFB87FFFFFCE7FFFFFF07FFFFF3B
:105F60000680FFFF1A80FFFF3080FFFF4480FFFFA5
:105F70005480FFFF7080FFFF1082FFFF2482FFFF2D
:105F80003A82FFFF5882FFFFC083FFFF9882FFFF26
:105F90009280FFFFAE82FFFFBE82FFFFEA80FFFF1D
:105FA000EA80FFFFA881FFFFB281FFFFC682FFFFEB
:105FB0007482FFFFD682FFFF4E83FFFF9083FFFFB7
:105FC000EC85FFFFBC83FFFFBC83FFFF4885FFFF1D
:105FD0003484FFFF8683FFFFE485FFFFBC83FFFF60
:105FE000F484FFFF7E85FFFFBC83FFFFBC83FFFFC0
:105FF000BC83FFFFBC83FFFFBC83FFFFBC83FFFFAD
:10600000BC83FFFFBC83FFFFBC83FFFFBC83FFFF9C
:10601000F883FFFF6687FFFF2488FFFFFE87FFFFEF
:106020005A88FFFF5A88FFFFE888FFFF2689FFFF95
:106030002488FFFF2488FFFF2488FFFF2488FFFFB8
:106040002488FFFF2488FFFF2488FFFF2488FFFFA8
:106050002488FFFF2488FFFF2488FFFF2488FFFF98
:106060004689FFFF4689FFFF2488FFFF2488FFFF42
:106070002488FFFF2488FFFF2488FFFF2488FFFF78
:106080009889FFFF9889FFFFAC8DFFFFB48DFFFF5C
:10609000D48DFFFFE08DFFFFE88DFFFFF08DFFFF48
:1060A000F68DFFFFFE8DFFFF068EFFFF0C8EFFFFBC
:1060B000128EFFFF1A8EFFFF208EFFFF268EFFFF3E
:1060C0002C8EFFFF648EFFFF648EFFFF328EFFFF7A
:1060D0003A8EFFFF408EFFFF468EFFFF4C8EFFFF84
:1060E000548EFFFF5E8EFFFF408EFFFF5C8EFFFF32
:1060F000708EFFFF5C90FFFF888EFFFFDC8EFFFF3E
:10610000F08EFFFF048FFFFF1A8FFFFF308FFFFF1E
:10611000408FFFFF568FFFFF5C90FFFF6C8FFFFFEC
:106120005C90FFFF5C90FFFF7C8FFFFF9E8FFFFF67
:10613000C08FFFFFD28FFFFFDE8FFFFFF08FFFFFCB
:106140002C90FFFFFB349B5F80000080001000005C
:10615000000000000001020203030303040404041E
:1061600004040404050505050505050505050505E3
:1061700005050505060606060606060606060606C3
:1061800006060606060606060606060606060606AF
:106190000606060607070707070707070707070793
:1061A000070707070707070707070707070707077F
:1061B000070707070707070707070707070707076F
:1061C000070707070707070707070707070707075F
:1061D0000707070708080808080808080808080843
:1061E000080808080808080808080808080808082F
:1061F000080808080808080808080808080808081F
:10620000080808080808080808080808080808080E
:1062100008080808080808080808080808080808FE
:1062200008080808080808080808080808080808EE
:1062300008080808080808080808080808080808DE
:1062400008080808080808080808080808080808CE
:10625000080808080000000000000000000000001E
:10626000000000000000000000000000000000002E
:10627000000000000000000000000000000000001E
:10628000000000000000000000000000000000000E
:1062900000000000000000000000000000000000FE
:1062A00000000000000000000000000000000000EE
:1062B00000000000232D302B20000000686C4C00F3
:1062C000656667454647000030313233343536372E
:1062D00038394142434445460000000030313233F2
:1062E0003435363738396162636465660000000012
:1062F00086DBFFFF9CDBFFFF5CDBFFFF5CDBFFFF60
:106300005CDBFFFF5CDBFFFF9CDBFFFF5CDBFFFF79
:106310005CDBFFFF5CDBFFFF5CDBFFFF02DDFFFF01
:1063200004DCFFFF9ADCFFFF5CDBFFFF5CDBFFFFB1
:1063300032DDFFFF5CDBFFFF04DCFFFF5CDBFFFF08
:086340005CDBFFFFA2DCFFFFA4
:1063480070710000EC700000000000000200000006
:106358005C51002001000000E05000200200000015
:1063680050510020010000007C5000200200000075
:10637800E8500020030000007A51002002000000CD
:106388004C51002001000000884B00204F54412050
:106398004368616E6E656C00020106110641598BF7
:1063A8007B997407A3C149134400FF126B000000D6
:1063B800170954253246373832443441414446415E
:1063C80053314640404145308C86000032890000F8
:1063D80000000000020000005C51002001000000E5
:1063E800F050002002000000505100200100000081
:1063F8009150002010000000644D030000000000D0
:1064080000000000020000004851002003000000C6
:1064180098560020020000005051002001000000A2
:106428009050002010000000544D030001000000AF
:106438000000000002000000505100200100000090
:106448008F50002010000000444D0300020000009F
:106458000000000002000000505100200100000070
:106468008E50002010000000344D03000000000092
:106478000000000002000000485100200300000056
:106488008856002002000000505100200100000042
:106498008D50002010000000244D03000200000071
:1064A8000000000002000000505100200100000020
:1064B8008C50002010000000144D03000000000064
:1064C8000000000002000000485100200300000006
:1064D8007856002002000000505100200100000002
:1064E8008B50002010000000044D03000200000043
:1064F80000000000020000005051002001000000D0
:106508008A50002010000000F44C03000200000034
:1065180000000000020000005051002001000000AF
:106528008950002010000000E44C03000100000026
:10653800000000000200000050510020030000008D
:106548008850002010000000D44C03000300000015
:10655800000000000200000050510020030000006D
:106568008750002010000000C44C03000300000006
:10657800000000000200000050510020030000004D
:106588008650002010000000B44C030003000000F7
:106598000000000002000000485100200300000035
:1065A8006856002002000000505100200100000041
:1065B8008550002010000000A44C030002000000D9
:1065C80000000000020000005051002003000000FD
:1065D8008450002010000000944C030003000000C9
:1065E8000000000004B800006CB7000000000000C4
:1065F800020000005C51002001000000F85000205B
:1066080002000000505100200100000096500020B8
:10661800020000001051002003000000FB51002080
:10662800020000004C510020010000004C4F0020E7
:106638000200000050510020010000009550002089
:10664800020000000C51002001000000FA51002057
:10665800020000004C51002001000000384F0020CB
:10666800020000005051002001000000945000205A
:10667800020000000851002002000000F95100202B
:10668800020000004C51002001000000244F0020AF
:10669800020000005051002001000000935000202B
:1066A800020000000451002000000000F851002002
:1066B800020000004851002003000000F4510020AF
:1066C800020000004C51002001000000104F002083
:1066D80002000000505100200100000092500020EC
:1066E800020000000051002004000000EC510020CE
:1066F800020000004C51002001000000FC4E002068
:106708004368617261637465726973746963203583
:106718000000000043686172616374657269737494
:106728006963203400000000436861726163746526
:1067380072697374696320330000000043686172F2
:1067480061637465726973746963203200000000C4
:106758004368617261637465726973746963203137
:1067680000000000F0F1F2F3F4F5F6F7F8F9FAFB9F
:10677800FCFDFEFFE894FCFEE7683F737015F4909B
:106788000E51D2E0D0DC0000CEDC0000000000009A
:10679800C4DC0000C4DE0000C6DC00001CE0000011
:1067A80018E0000072E10000544458655461626CBE
:1067B800652D636172643832370000000000000004
:1067C80088400100A4410100000000000000000012
:1067D800D65D010000000000020000005C510020AE
:1067E80001000000C45000200200000050510020A9
:1067F80001000000D15000200200000024510020B8
:1068080000000000000000000200000048510020C5
:106818000300000000000000000000009462030074
:1068280074620300546203000000000000000000CE
:106838000000000000000000000000000000000050
:106848000000000000000000000000000000000040
:106858000000000000000000000000000000000030
:106868000000000000000000000000000000000020
:10687800000000000000000000000000D8FA01201D
:106888000E000000010000000E081C0E0A02080895
:106898001008100C0210021008020A011AE0000089
:1068A80030E1000056E10000FF010000C3812F0124
:1068B80002020201020000005000A0000000E803EC
:1068C80002080202020200000200000060510020DB
:1068D8000100FFFFFF200101010210050101000076
:1068E8001450002002000000EC500020E1FE0000DF
:1068F800E0FE000010000000744D030002000000DC
:1069080014510020E5FF0000E4FF0000E3FF000051
:10691800E2FF0000E1FF0000E0FF0000FFFFFFFFD3
:106928000200000064510020052A0000882B0000A6
:10693800A62A0000C92A0000042A0000032A000031
:10694800022A0000012A0000002A00000229000093
:106958000129000003280000022800000128000087
:106968000028000001180000001800001450002042
:0400000300001000E9
:00000001FF
