:081000006F4050342051002024
:101008000000000000000000A0000020D80D002013
:10101800A9BDF9F3980E00200000000000000000B0
:10102800980E0020A0000020000000000000000032
:10103800A000002000000000A00000200000000028
:10104800A0000020A0000020A0000020A000002098
:10105800A00000205C110020A0000020000000007B
:10106800A0000020A0000020EC100020A00000201C
:10107800500F0020A0000020A0000020A0000020A9
:10108800A0000020A0000020A0000020A000002058
:10109800A0000020A0000020A0000020A000002048
:1010A80001A0B7170040984B41111367070198CB6F
:1010B80003C707011377E70F2388E70013078008A2
:1010C80073370780137787083AC60F100000130795
:1010D80070052380E704130780FA2380E7040F10C4
:1010E8000000B847B70600069506558FB8C703C76E
:1010F800B7041377F70DA385E70403C7A7001367A1
:1011080027012385E700130750142394E7003727A6
:1011180000408346578093F6F60EA302D78089468F
:10112800A303D78003C7E7041377C70F1367170014
:101138002387E70403C7F70213672700A387E7029B
:1011480003C70701136717002388E70023800704F4
:10115800B247F3A707800F10000041018280EFF02B
:101168005FF4171500E01305650B970500009385DC
:10117800650A175600001306A69C63FAC500832269
:10118800050023A0550011059105E3EAC5FE176582
:1011980003E013056503975500009385659A138648
:1011A800C18F63FAC5008322050023A055001105ED
:1011B8009105E3EAC5FE1385019097F50100938533
:1011C80065526377B500232005001105E36DB5FE70
:1011D80093025002739002BC8D4273904280854204
:1011E800739012BC8962938282887390023097024E
:1011F8000000938222E193E232007390523097F21A
:1012080000E09382E21A73901234730020300000D9
:101218004111B7170040985F3AC6945F3247E39C84
:10122800E6FE3245410182804111814601468145F1
:10123800114506C6EF10A006B727004011472383C3
:10124800E780B7F700E0938707D0984B6D9B98CB62
:10125800984B5D9B98CB7300501001000100B24081
:1012680041018280397122DC4ED652D406DE26DA5C
:101278004AD8B7190040372A0040014681468145BF
:10128800114503D4890003497A8083445A80EF10BA
:10129800000191472303FA8003C6E90483C7A90024
:1012A80042044180A18B1379F90F93F4F40F13765C
:1012B800F60F99E31366360013078008F3370780A3
:1012C80093F787083EC60F100000B7170040930633
:1012D80070052380D704930580FA2380B7040F1084
:1012E8000000238207022380070432457325058006
:1012F8000F10000073350780137585082AC80F1072
:1013080000002380D7042380B7040F100000238730
:10131800C704238007044246732606800F10000086
:1013280003D68700137606206DC6733707801377B8
:1013380087083ACA0F1000002380D7042380B70417
:101348000F10000003C7F7001377C70FA387E70044
:1013580003C7F70013671700A387E7003727004084
:10136800A303D7808346578093F6F60EA302D7804F
:10137800130780202394E70023800704D247F3A7AC
:1013880007800F100000B7F700E0938707D0984B4D
:101398001367470098CB984B5D9B98CB7300501010
:1013A8000100010013070010937704306397E700EA
:1013B800930780020100FD17F5FF93078008F3B734
:1013C800078093F787083ECE0F100000B71700403C
:1013D800130770052380E704130780FA2380E704C6
:1013E8000F10000037270040A3032781A30297802E
:1013F8002394870023800704F247F3A707800F1080
:101408000000F2506254D2544259B259225A216112
:10141800828073370780137787083ACC0F10000053
:101428002380D7042380B7040F10000003C7F700F8
:101438001377C70FA387E70003C7F70013671700E1
:10144800A387E70037270040A303D7808346578048
:1014580093F6F60EA302D78011472394E700238062
:101468000704E24729BFB717004083D5870037270D
:10147800004003C8A70083C6E70403437780834876
:101488005780C2050111C1811378F80F93E6360021
:101498001373F30F93F8F80F130780087336078058
:1014A8001376860832C20F100000130E70052380D1
:1014B800C705130680FA2380C7040F100000238293
:1014C800070223800704924EF3AE0E800F1000002F
:1014D80073370780137787083AC40F1000002380FA
:1014E800C7052380C7040F1000002387D704238073
:1014F80007042247732707800F100000B7F600E0A3
:1015080003A706D11367470023A8E6D003D707022D
:1015180083A60190B707800013770760F58F498F7E
:1015280063910718E57791075D8F4207418393061A
:101538008008F3B7068093F787083EC60F100000AF
:10154800B7170040130670052380C704130E80FAEE
:101558002380C7050F1000002390E70203C7A700E8
:10156800136727002385E700238007043247732782
:1015780007800F10000003D7870013770720630642
:101588000712F3B6068093F6860836C80F100000D7
:101598002380C7042380C7050F10000003C7F70086
:1015A8001377C70FA387E70003C7F7001367170070
:1015B800A387E70037270040A303C78083465780E7
:1015C80093F6F60EA302D780130780202394E70032
:1015D80023800704C247F3A707800F10000037F7DE
:1015E80000E0832707D1DD9B2328F7D07300501034
:1015F80001000100218909C9B797004023AE0712ED
:10160800B7C7004023AA072493F705301307001033
:101618006397E700930780020100FD17F5FF1307A2
:101628008008F337078093F787083ECC0F10000037
:10163800B7170040130670052380C704930680FA85
:101648002380D7040F10000037250040A3036580CE
:10165800A30215812394B70023850701238007047B
:10166800E245F3A505800F10000073370780137754
:1016780087083ACE0F1000002380C7042380D704C0
:101688000F10000003D70702460745832390E7029F
:1016980023800704F247F3A707800F1000000561B5
:1016A8008280F177FD177D8FB5BDF3B6068093F67E
:1016B800860836CA0F1000002380C7042380C70598
:1016C8000F10000003C7F7001377C70FA387E700C1
:1016D80003C7F70013671700A387E7003727004001
:1016E800A303C7808346578093F6F60EA302D780DC
:1016F80011472394E70023800704D247E9BD797195
:1017080022D426D2814601468145AA843714004056
:10171800114506D64AD0EF0090380349E402130574
:101728008015DD2E1379C90F1369190093078008F6
:1017380073B70780137787083AC60F10000013069F
:1017480070052300C404930680FA2300D4040F1004
:101758000000230204022300040432477327078091
:101768000F10000073B70780137787083AC80F1067
:1017780000002300C4042300D4040F100000230732
:101788002403230004044247732707800F10000036
:1017980037F700E0130707D00C4B93E545000CCB57
:1017A800F3B5078093F585082ECA0F1000002300B3
:1017B800C4042300D4040F1000008345F40093E50B
:1017C8000504A307B40023000404D245F3A505804B
:1017D8000F100000F3B5078093F585082ECC0F1085
:1017E80000002300C4042300D4040F100000A165E6
:1017F800CD8C2310940223000404E245F3A5058050
:101808000F1000000C4BDD990CCB73005010010039
:101818000100F3B7078093F787083ECE0F1000004A
:101828002300C4042300D4040F100000FD5723161E
:10183800F4028347640493E717002303F4042300A6
:101848000404F247F3A707800F100000B250225497
:1018580092540259456182800111814601468145B1
:10186800114506CEEF00B023B72700401147238368
:10187800E780B717004083C6E70483C7A70093F63D
:10188800F60FA18B99E393E6360013078008F33728
:10189800078093F787083EC20F100000B717004073
:1018A800130670052380C704930580FA2380B704C4
:1018B8000F100000238207022380070412457325B6
:1018C80005800F10000073350780137585082AC43A
:1018D8000F1000002380C7042380B7040F100000F6
:1018E8002387D70423800704A246F3A606800F1097
:1018F800000073370780137787083AC60F10000077
:101908002380C7042380B7040F10000003C7F70023
:101918001377C70FA387E70003C7F70013671700FC
:10192800A387E70037270040A303C7808346578073
:1019380093F6F60EA302D78011472394E70023807D
:101948000704B247F3A707800F100000B7F700E0BD
:10195800938707D0984B1367470098CB984B13672A
:10196800870298CB984B1367870098CB7300501069
:10197800984B1367870098CB730050100100010043
:10198800F24005618280411113068008F337068012
:1019980093F787083EC00F100000B7170040930563
:1019A80070052380B704130880FA238007050F10F9
:1019B8000000238207022380070402477327078059
:1019C8000F100000B7F600E0938606D0984AF17829
:1019D800FD181367470098CA03D7070213770760F3
:1019E800498F33771701E578910833671701420764
:1019F8004183F338068093F8880846C20F10000028
:101A08002380B704238007050F1000002390E70206
:101A180003C7A700136727002385E700238007046F
:101A28001247732707800F1000007336068013765D
:101A3800860832C40F1000002380B70423800705EE
:101A48000F10000003C7F7001377C70FA387E7003D
:101A580003C7F70013671700A387E700372700407D
:101A6800A303B780034657801376F60EA302C780F8
:101A780011472394E70023800704A247F3A70780B0
:101A88000F1000009C4A93E787029CCA9C4A93E780
:101A980087009CCA730050109C4A93E787009CCA31
:101AA8007300501001000100218909C9B79700404F
:101AB80023AE0712B7C7004023AA0724930780085C
:101AC800F3B7078093F787083EC60F100000B717D3
:101AD8000040130770052380E704130780FA23806A
:101AE800E7040F10000003D7070246074583239039
:101AF800E70223800704B247F3A707800F1000000E
:101B08004101828093874190984309C79C438297FB
:101B180023A2019073002030B7F70700DC5341116E
:101B280023A0F190B7170040984B1367070198CB93
:101B380003C707011377E70F2388E7001307800817
:101B480073370780137787083AC60F10000013070A
:101B580070052380E704130780FA2380E7040F1039
:101B680000001307000C6319E50203D78700136709
:101B7800070C2394E700B717004003C70701136752
:101B880017002388E70023800704B247F3A70780DC
:101B98000F1000004101828003C7A700937605203B
:101BA800C9C2118B39E703C7E70403C6E7041377F3
:101BB800F70F136636002387C70403C6A70013660A
:101BC80046002385C70003D6870083D587004206D1
:101BD80093E5050C2394B7004182A5470100FD1742
:101BE80093F7F70FE5FFB71700402394C700238743
:101BF800E70493770510DDCB371700408347A7002C
:101C080093E707012305F7009377F50185E3B727E5
:101C1800004003C7578013670701A382E7801D4769
:101C280015A0136727002385E700E1B72547636BF5
:101C3800F704B727004003C757801377F70EA3822E
:101C4800E780054742054181A383E780B717004035
:101C58001367050C2394E7002394A700C9C203C7A0
:101C6800570483C65704418B858A558F09F703C7E4
:101C78002701418B09D303C7A7001377D70F238503
:101C8800E700D5BD9377050199EBB727004003C757
:101C980057801377F70EA382E780094765B7B72700
:101CA800004003C757801377F70E85BF93778501E8
:101CB80081EFB727004003C757801377F70EA38239
:101CC800E78013071005BDBFB727004003C757803B
:101CD8001377F70EA382E78013077005A5B703C72C
:101CE800A7001377B70F61BF37E700E01C435443E1
:101CF8007D56A183E206D58F9306071890C2D0C2FD
:101D080017060000130646E097F6FFFF9386862F16
:101D18008C5E90DE23A2A19011661305071010C1F6
:101D2800130707201388419010C30327080075FF85
:101D380037E700E011662320C7180F1000008CDE7B
:101D4800939687002320D710E1832322F7108280FF
:101D58000111814601468145114506CE8923930725
:101D68008008F3B7078093F787083EC60F10000076
:101D7800B7170040130770052380E704130780FA9C
:101D88002380E7040F10000003C7670413671700D8
:101D98002383E70423800704B247F3A707800F10C3
:101DA8000000F2400561828037E700E01C4354439D
:101DB800A183E206D58F1CC1FD572320F7182322E3
:101DC800F718828013178500B7E700E023A0E71013
:101DD800618123A2A7108280411181460146814575
:101DE8001145752913078008F337078093F787088B
:101DF8003EC40F100000B71700401306700523807B
:101E0800C704930680FA2380D7040F100000FD55FD
:101E18002396B70223800704A245F3A505800F1077
:101E2800000073370780137787083AC60F10000041
:101E38002380C7042380D7040F10000003C767045A
:101E4800136717002383E70423800704B247F3A727
:101E580007800F10000001A09307E0043305F50286
:101E680095473355F50201007D1575FD82804111B6
:101E780022C406C62A847D1442041305803E41808C
:101E8800E13F75F8B2402244410182802E96AA872C
:101E98000F70B678828000009305000273A0458019
:101EA80082457390153492402242B2424243D24353
:101EB8006244F244025592552256B2564257D257BE
:101EC8006258F25806499649264AB64A464BD64BB6
:101ED800664CF64C065D965D265EB65E465FD65F3E
:101EE8000961730020304111B7170040985F3AC666
:101EF800945F3247E39CE6FE324541018280B7E7B2
:101F080000E03707001023A0E720828041119307E3
:101F18008008F3B7078093F787083EC60F100000C4
:101F2800B7170040130770052380E704130780FAEA
:101F38002380E7040F100000C8DB23800704B247A2
:101F4800F3A707800F10000023A6019841018280A3
:101F5800B7170040130700032388E702854723A625
:101F6800F19873002030797122D44AD006D626D24F
:101F78004ECE52CC930730032A891304D5FC63E76D
:101F8800A7003704C0A81304D4FC2A944800293DAC
:101F9800EFF00FA8B307A4406376A400B707C0A862
:101FA800A297898F3747F6A68117130707C6637D5F
:101FB800F7001245013D0945B25022549254025986
:101FC800F249624A456182802285893713070003F6
:101FD800B71700402388E702373700408347570088
:101FE80093F70704BDCB3714004083470403E20787
:101FF800E18763CF070C694579328347E40493048A
:10200800800893E7370073B70480137787083AC4CA
:102018000F100000130A700523004405930980FA85
:10202800230034050F1000002307F40423000404E0
:10203800A247F3A707800F10000083470403E207B5
:10204800E18763CE070013058057393513055034EF
:10205800E1341245853B014585B7010041B7930737
:1020680000032308F4024A855535F3B4048093F439
:10207800840826C60F1000002300440523003405F9
:102088000F1000008347A40093E787002305F4009E
:1020980023000404B247F3A707800F10000083470A
:1020A8000403E207E18763C40700EFF0EFFA1305C2
:1020B80050349D34B7170040130700032388E70204
:1020C800124509330545975000E0E780E0C161B744
:1020D8001245CD390D45CDB5411122C406C6371478
:1020E8000040A3010404EF00D02BE5BF37370040C0
:1020F800834747009946BD8B6394D70083475700B1
:10210800B73500401387819F1388919F97E8010096
:10211800938808E71385619F2DA003C68500834730
:102128000700834608001376F60F850793F7F70F25
:10213800639ED700835705008507C207C183231014
:10214800F50083C7A500F1FB730020308346070024
:10215800C6962380C6002300F700E5B7197106C2AA
:1021680012C416C61AC81ECA22CC26CE2AD02ED20F
:1021780032D436D63AD83EDA42DC46DECAC0CEC2BF
:10218800D2C4D6C6DAC8DECAE2CCE6CEEAD0EED2EF
:10219800F2D4F6D6FAD8FEDA938541988841E7005A
:1021A800050092402242B2424243D2436244F24482
:1021B800025592552256B2564257D2576258F25893
:1021C80006499649264AB64A464BD64B664CF64CC3
:1021D800065D965D265EB65E465FD65F0961730052
:1021E80020302303048015472303E48001002302E1
:1021F800A480828083076480E3CE07FE23030480E3
:10220800828083076480E3CE07FE03454480828092
:1022180083076480E3CE07FE2302A48082804111F5
:1022280026C44AC24EC006C61377F50BAD47AA8925
:102238002E8995446306F70019456537653F8D4437
:102248004E854537FD59FD1463983401B240A244C8
:102258001249824941018280135509011375F50F0E
:10226800453F2209CDB7011126CC06CEB704080098
:1022780051371545BD37713769372AC6A53F3245ED
:102288009377150089EB136515001375F50FF24068
:10229800E24405618280FD14E9FC0145CDBF397136
:1022A800B7F7070006DE26DC4ADA4ED852D656D4EF
:1022B8005AD25ED062CE03AB47027D57B7E700E043
:1022C80083AA070022C603AA470023A0E71823A26F
:1022D800E718B71B0040930770052380FB0493079A
:1022E80080FA2380FB0483C74B041147AA8993E72C
:1022F800070E2382FB04372400401305F00F230345
:10230800E4802E8C3289B684E93DED35938779FFD8
:1023180093F7F70F0947137BFB006362F712A14796
:10232800370708006307FB00B70707003E9C37879D
:1023380007007955637EEC02B3878401636AF7026C
:10234800A9476398F90689E481446D3526850DA06F
:10235800E2850945E93505090345F9FFFD14050C32
:10236800453D81C49377FC0FFDF7F53D69FD7D552B
:10237800B7170040130770052380E704130780FA96
:102388002380E70403C74704418B2382E704F25004
:10239800B7E700E023A0571123A24711E2543244C3
:1023A8005259C259325AA25A125B825B724C21614D
:1023B8008280A547639AF906A1478569631DFB02D8
:1023C8009387F9FFB3869700B374FC00B69493C75C
:1023D800F7FFFD8C33FC8701416B856B9387F9FF11
:1023E800B3F7870199E363FF340193D94900C147E3
:1023F800E3E637FF91BF9307F00FE9B78567C16937
:10240800FD17C9B71305800D63886901130500021C
:102418006384790113051008E2851135A93521D99E
:102428004E9CB3843441C1B7E2852D45CD3BCA9457
:10243800E30C99F00509F133A30FA9FED5BF9387E3
:10244800F9FF93F7F70F636FF70AA1476319FB06C4
:10245800B70708003E9C83C75B043707070093F75C
:10246800070299E337870700B70708003E977955B1
:10247800E370ECF0B3079C00E36CF7EE8947639ACE
:10248800F9048980D549E38104ECE2850945413B9B
:1024980011090327C9FF91472320E48003076480BB
:1024A800E34E07FE23033481FD17EDFBFD14110CE9
:1024B80081C49377FC0FE9FF7D3371F54DBD83C768
:1024C8005B043707070093F70702D5F33787070040
:1024D80079BF8547E384F9F2E2852D4589339389ED
:1024E800F4FFE38304E6313B93F7390091EB83264D
:1024F80004800327090093074900E398E6E43E892E
:10250800CE84F1BFB5476396F9001305900BD13916
:1025180025BDB1471305B00AE38BF9FE99476394CB
:10252800F904A1476315FB00B70708003E9CE28544
:102538002D45F53181440D4BA149E1316396640184
:10254800832704802320F9008504E39834FF832738
:10255800048013172C01635507002312F900EDB30B
:102568002322F900D5B39D476399F90281451305E4
:10257800B0047531BD442320090023220900FD5908
:10258800493193F77400CA9703C70700FD14398DC2
:102598002380A700E39634FF45BB91476399F90070
:1025A800130560063D39B931130590098DB7E38DE0
:1025B80009D8F15459BB23AC05FE1C4199E30CC161
:1025C80082803E8783A787FFEDFF232CB7FE82809A
:1025D800411126C2B7E400E04AC003A90400B707C6
:1025E800200006C622C43379F90023A0F4180F107E
:1025F800000009E523A02411014535A095659385C0
:1026080005D0C98D2A842105B3C5050833450508B9
:10261800EF10902E65D1FD572320050042A17CA123
:1026280023A024112105B2402244924402494101C9
:1026380082804111B7E700E04AC003A9070026C21B
:102648003707200006C622C4AA843379E90023A0EC
:10265800E7180F10000083A701A00144014685E395
:1026680001C8A285138501A097E000E0E780E00695
:10267800A165268597E000E0E78020580DA003C7F4
:10268800E7FF6319970205CCA285138501A097E09F
:1026980000E0E7808004A1652685EF208015B24020
:1026A80022852244B7E700E023A02711924402497B
:1026B8004101828011E03E8683A787FF4DB73E84A3
:1026C800E5BF37E700E01C43B70620002320D718F2
:1026D800F58F0F10000019C191C111E637E700E02E
:1026E8002320F71082802E960F70B650D5BF37E79B
:1026F80000E01C43B70620002320D718F58F0F10E1
:10270800000019C1014785E137E700E02320F710F1
:102718008280B386E50003A80600B306E5007D16AF
:1027280023A00601110775F6C5B737E700E01C437B
:10273800B70620002320D718F58F0F10000001C519
:102748003307C50011E637E700E02320F710828041
:102758000505A30FB5FEE31DE5FEF5B7B7E600E0F6
:102768009C42370620002A87F18F23A0C6180F1035
:1027780000000145B306A7008386060091E637E707
:1027880000E02320F71082800505EDB70111B7E7B7
:1027980000E026CA84434AC83707200006CE22CC68
:1027A8002A892E86F98C23A0E7180F1000009305BC
:1027B800F00432C633450608EF1010142A8401C508
:1027C8003246CA85FD3DF24022856244B7E700E003
:1027D80023A097104249D2440561828037E700E080
:1027E8001C43B70620002320D718F58F0F100000D0
:1027F80001C599C1014711EA37E700E02320F71026
:10280800054582800507E309E6FE3308E500B3863F
:10281800E500034808009422E306D8FE37E700E005
:102828002320F7100145828037E700E01C43B706F4
:1028380020002320D718F58F0F1000001307F6FF8C
:10284800BA952A966317C50037E700E02320F710EA
:1028580082809821FD150505A30FE5FEE5B737E74A
:1028680000E01C43B70620002320D718F58F0F106F
:10287800000001C53307C50019E637E700E023204B
:10288800F7100145828014210505E398B6FEE31C84
:10289800E5FE37E700E02320F710054582807971CF
:1028A80026D2938481A122D4804006D64AD04ECE27
:1028B80052CC56CA5AC85EC662C44DC437C9C9018B
:1028C800814B138B01A11309F93717DA0100130A99
:1028D800AA7D97DA0100938AAA7A97E90100938979
:1028E800A9813E2099EF5C44639A0B009CC0032C9D
:1028F800C4002285EF10B00C628489A823A6FB00CF
:10290800FDB783270B0082971C443307F540637695
:10291800F50003A789001D8F2A976368E9062E2012
:102928000820EF10106D5C405844A9CB0C4417D612
:1029380001000326E67CAE97BE8663E4B70063E435
:10294800C700B386C74014C4A28B3A8459F817D776
:1029580001000327E773894763E6E70097D701007B
:1029680023A80772B250225492540259F249624A7B
:10297800D24A424BB24B224C4561828063940B0091
:1029880098C0B5B723A6EB009DB703274A021DCB15
:1029980063EDA7023385A7401C2099EF03479A01EE
:1029A80083A689006117B307A7003E8563E4E700A3
:1029B80063E4D7003385D74083A70A016374F50021
:1029C80023A8AA00A28B404451B703A78900BA974D
:1029D800D1B7011126CA06CE97D401009384C471D9
:1029E80022CC4AC84EC652C49C288844D9CFB7E7DF
:1029F80000E003A907003707200023A0E718337970
:102A0800E9000F10000003C781A019CB23A02711EC
:102A1800F2406244D2444249B249224A0561828066
:102A280017E701001307079F8357C70AA1CB9C44E8
:102A38000324870A6304F40497D90100938949643D
:102A480003A709012285630BF702138A01A18327D3
:102A58000A0082976368A40C83270A00098C82976E
:102A680083A7090198443354F40AB307A4003E85A8
:102A780063E4870063E4E7003385E740B7E700E0F5
:102A880023A027119C44639BA70217D401001304B9
:102A9800245F184883A701A16319A7088297944463
:102AA800374736FE130707C83697B307A7003E8592
:102AB80063E4E70063E4D7003385D74017E40100F7
:102AC800130444B85C5C89CB83A641B39C463707A2
:102AD800CDFF7D17F98F9CC611E1884485475CD0EE
:102AE80097D7010083A7875E829715E15C5C99CF31
:102AF8005C5089CF978002E0E7802022978002E02F
:102B0800E780C0A597E7010023A007B6493B5C5CB6
:102B1800E38007F003A741B31C47B7063300D58FFE
:102B28001CC7FDB59C443E9405BF82971448984441
:102B3800B387A6003E8563E4D700E3E1E7F8338571
:102B4800E740ADBF23A2A1A001C585472384F1A01A
:102B58008280AA8799E517D701000347E75A09C772
:102B6800D5B711476369B70017D70100130787570F
:102B7800B3C5E5209CC1828083A741A081CF4111C4
:102B880006C6829783C781A099E323A201A0B24019
:102B98004101828083C781A081E723A201A08280AE
:102BA8008280411122C426C206C64AC097E40100A9
:102BB800938444A983C7340217D4010013048452B0
:102BC800B9C317D401001304A44B1389C1A1032767
:102BD80009001C2014300146B3A5E7208E21B5C991
:102BE80011C21CA00820636DD50697D70100238960
:102BF800074883A701A1D5E7B2402244924402497D
:102C08004101828082971C40F5FF97D7010083C756
:102C1800A74F85E3DC48858B89CFD84C9947631E3D
:102C2800F70097E7010023A907A2EF1000105C4402
:102C380082971C44D9D7829769B7D84C9D47E31A25
:102C4800F7FE97E7010023A907A0EF10000E1C4824
:102C5800C5B7850793F7F70F0546E3EFD7F651B7E2
:102C68003327E5200E2323100700239501A083A70F
:102C780041A1B347F5209C4382971C208326090075
:102C880003D7A1A03377E540B3A6D7209222518F6E
:102C98009AA299C385071CA018201C30E36EF7F48C
:102CA800A9B797D7010083A7A7451CC8CD3E83C7FE
:102CB8003402B9F383C7140299CBDC4C89EB97E74C
:102CC8000100A381079A978002E0E78080A597D743
:102CD800010083A7A73F8DD31C4899DF18308326AE
:102CE8000900814763C7E702D84C9147E3E6E7F05C
:102CF80097D7010083C74770918BE39F07EE83C77F
:102D080081A0E39B07EE2244B2409244024941016C
:102D1800C9B133A6D7201222E31006EE8507D9B72A
:102D2800B7C700401387C72014431396264910C31A
:102D3800010001009387872617D501000325053672
:102D48009C436A0514C393C7F7FF99835D8D8280FE
:102D580023A2A1A28280411122C417E40100130416
:102D6800648E1C4426C206C6858B97D4010083A4B2
:102D7800A47091EBEF20B0472244B24026859244DC
:102D880041016F107043982897E7010023A0078C32
:102D98008947E301F7FE0146930550020145EF100C
:102DA8000029814517E501E0130525B85D33014683
:102DB80081450545EF10400E5C44858BC5DFB24068
:102DC800224492444101828097D7010083A7876EED
:102DD800639B0716011122CC2A84094506CE26CA10
:102DE8004AC84EC6EF205048938941B203A609004D
:102DF80093078007138941B17CD2238401A08327DC
:102E08000900938441B3B7053300D8572285719BD5
:102E180013671700D8D798431377F7CF98C3984309
:102E28001377F7CF1367072098C398401447CD8EC0
:102E380014C7B70603009386862534CA5457F59AF3
:102E480054D798433424137707F893F6F607558F29
:102E580098C3EF10904D83A60900370500827D15B1
:102E6800DC4293E71700DCC2032609000307840647
:102E78005C569375F703E605E98FCD8F5CD693050D
:102E8800A0039C4063D5E508F84FB70500074D8FB0
:102E9800F8CFB7C7898E938767ED1CC6B75755001B
:102EA800938757555CC28347A40683444406DD8C48
:102EB800894717D701002325F77A97D7010023A957
:102EC80007787C44BCDE97D7010083C7E72399C7FE
:102ED800FC52FDFF97D7010023AA077618289D47C3
:102EE8008145172500001305C5036306F70017057C
:102EF8000000130585E6B13910386244F2404249B2
:102F0800B249A685D244014505616F00F078930562
:102F1800200263DAE500F84FB70500F9FD156D8F5B
:102F2800B7050005ADB7B70500F96945FD15635745
:102F3800E500F84F6D8FB705000391BFF84F6D8F0F
:102F480013178729B1B7828097D701009387874CD9
:102F5800E853054754256390E60203C7470791479E
:102F6800631AF700011106CE2AC6EF10F020324589
:102F7800F240056191BD828083278511E5CB41111F
:102F880022C406C658258345E5049437D2272A84E7
:102F98001377C70F1395466063F7C5066351050697
:102FA800882793F6F60794B70546936627006314B7
:102FB800C5009366170054A4D8430907D8C303254E
:102FC80004114CB82E86CC430905EFF08FEF832708
:102FD80084115438D8433697D8C3DA27158FDAA71F
:102FE80089473CBC0347640397D7010083C7E70CB4
:102FF8006369F706B24022440145410182801367A4
:10300800170058A46DBF9376F60F635505028827FD
:103018008545136627006314B5001366170050A48E
:1030280054B8A384070085473CBC832784119C437C
:10303800D5FBC9B71367170058A454B8A384070071
:1030480003250411CC430905EFF0AFE7832784116A
:103058005438D8433697D8C3DA27158FDAA78D475F
:10306800E1B75C2493E707015CA469B70545828052
:10307800411183A7C1AF22C406C6858B2A84CDEB34
:1030880078298357051D63E5E70A4165130525F58A
:1030980097F001E0E780205341CD3C253EA58327EA
:1030A8000412ADE32320A4122322A412854723117E
:1030B800F404232005007C2854415EA5583418A543
:1030C800054718B51385170217D701000327475B73
:1030D80015811C437D151375F50F9CC25C43DCC23A
:1030E8001C479CC65C47DCC61C4B9CCA5C4BDCCAB4
:1030F8001C4F9CCE5C4FDCCE0DC193860602130795
:103108000702C1BF8327441288C38357240423229C
:10311800A4128507B3C7070859BF17D701001307BB
:10312800672F1E2785071EA7B240224441018280CF
:103138005C2423090400054593C747005CA4EDB748
:10314800142D854763ECD70A1C3D2A870145CDEB32
:103158005C2713F507013C2B99CB8346670397D768
:10316800010083C797F563ECF60001E5828049E525
:1031780082808357271E0357671EBA9721A083575B
:10318800271E75F90145ADCF9387C71217D50100E2
:10319800035545F7B3B5A70237460F00411113068B
:1031A8000624814622C426C206C67D543385A7025A
:1031B800970003E0E780806597D4010083C454F04A
:1031C800AA9497D7010083A7272E03A707099C4332
:1031D8003354E40AFDFB83A701A182978147636406
:1031E800A400B307A440B240224433B59700134566
:1031F80015009244410182808147B5BF0145828014
:10320800828003A741B23C5BFDFF01000100828080
:1032180039C901116C0022CC06CE2A84EF20004B5C
:1032280015C9FD57630DF502B24797D5010083C54F
:1032380035E963EBB700034594026244F240B38575
:10324800B74005616F10405F17D70100032747EBB0
:10325800BA97D5B76244F24005616F20A00BF240DF
:103268006244056182808280797152CC17DA01004C
:10327800130A4A1A26D283244A0906D622D44AD0E7
:103288004ECEC5C897D701009387C73BD44F154783
:103298006384E604DC532A8989CF978002E0E780BB
:1032A800C0A7977002E0E780602B97D7010023AD95
:1032B800073AFD596C002685EF2040411DE517258A
:1032C800000013056505EFF0FF8783A741B23707B4
:1032D800100098C70547B8DB0D45B25022549254E8
:1032E8000259F249624A4561828063743501324469
:1032F800AA898440E1F0FD571305F00FE38FF9FC2C
:10330800914763F187029307B4FF2320F900232430
:10331800FA0A99E797D7010083A787DE2320F900E7
:10332800014565BF97D7010083A787DDED17A297F1
:10333800E9BF09455DB7797126D206D622D44AD0AD
:103348004ECE52CC56CA5AC85EC68347550303446C
:103358007513AA843E941374F40F9307400263F61E
:1033680087001304B4FD1374F40F03A9841383A90D
:10337800C413A38B841222864A85CE85970003E066
:10338800E7804005058915E503CBD412014A814A37
:10339800337B6403930B500252864A85CE8597008F
:1033A80003E0E780200305890DC563916A03137460
:1033B800FA0F238B8412B250225492540259F249C4
:1033C800624AD24A424BB24B45618280850A939A3F
:1033D8004A60050AE3127AFDE9BF83278509035687
:1033E8000504797193D60701BD8EB3C60608358EDC
:1033F80093575640898B135776485D8F93573640BD
:10340800918B5D8F93571640A18B5D8F9317160094
:10341800C18B5D8F9317360093F707025D8F931763
:10342800560093F707045D8F9317760093F7F70F0D
:1034380022D45D8F2A849357D6001355B60011897C
:10344800898B93558600C98F1355F6002582C98F3D
:10345800218AD18F13961500418AD18F1396350092
:1034680013760602D18F1396550013760604D18F72
:10347800139675001376F60FD18FA207C5455D8F99
:103488003307B70226D24AD04ECE032984138329A4
:10349800C4135AC806D652CC56CA369733470708BB
:1034A80013565740098A93577748D18F1356374098
:1034B800118AD18F13561740218AD18F13161700FE
:1034C800418AD18F1316370013760602D18F13164F
:1034D800570013760604D18F131677001376F60F6C
:1034E800D18F1358B7001356D70013784800098AAC
:1034F80013558700336606011358F7002583336692
:103508000601218B518F13161500418A518F13160E
:10351800350013760602518F1316550013760604EC
:10352800518F131675001376F60F518F2207D98F16
:10353800B387B7025EC6B697B3C7070813D5574017
:10354800098913D77748498F13D537401189498F8F
:1035580013D517402189498F139517004189498F41
:103568001395370013750502498F13955700137586
:103578000504498F139577001375F50F598D13D8E6
:10358800B70013D7D70013784800098B13D68700E4
:103598003367070113D8F700A58333670701A18BA9
:1035A800D98F13171600418BD98F1317360013774D
:1035B8000702D98F13175600137707041E06D98FF1
:1035C8001376F60FD18FA2073367F5003307B702DA
:1035D800130650024A85CE853697B98EB3C40608BD
:1035E80033F6C402137BF60F970003E0E78080DE12
:1035F800058905E9834AD412014A930B5002B38A1C
:103608009A02814493DA0A0126864A85CE85970074
:1036180003E0E78020DC05890DC563914A0313FBAD
:10362800F40F230B6413B250225492540259F249F6
:10363800624AD24A424BB24B45618280050A137AEC
:10364800FA0F8504E39274FDE9BF8327C508035682
:103658008508797193D60701BD8EB3C60608358EE5
:1036680093575640898B135776485D8F935736404A
:10367800918B5D8F93571640A18B5D8F9317160022
:10368800C18B5D8F9317360093F707025D8F9317F1
:10369800560093F707045D8F9317760093F7F70F9B
:1036A80022D45D8F2A849357D6001355B60011890A
:1036B800898B93558600C98F1355F6002582C98FCB
:1036C800218AD18F13961500418AD18F1396350020
:1036D80013760602D18F1396550013760604D18F00
:1036E800139675001376F60FD18FA207C5455D8F27
:1036F8003307B70226D24AD04ECE0329040A8329BB
:10370800440A5AC806D652CC56CA369733470708D1
:1037180013565740098A93577748D18F1356374025
:10372800118AD18F13561740218AD18F131617008B
:10373800418AD18F1316370013760602D18F1316DC
:10374800570013760604D18F131677001376F60FF9
:10375800D18F1358B7001356D70013784800098A39
:1037680013558700336606011358F700258333661F
:103778000601218B518F13161500418A518F13169C
:10378800350013760602518F13165500137606047A
:10379800518F131675001376F60F518F2207D98FA4
:1037A800B387B7025EC6B697B3C7070813D55740A5
:1037B800098913D77748498F13D537401189498F1D
:1037C80013D517402189498F139517004189498FCF
:1037D8001395370013750502498F13955700137514
:1037E8000504498F139577001375F50F598D13D874
:1037F800B70013D7D70013784800098B13D6870072
:103808003367070113D8F700A58333670701A18B36
:10381800D98F13171600418BD98F131736001377DA
:103828000702D98F13175600137707041E06D98F7E
:103838001376F60FD18FA2073367F5003307B70267
:10384800130650024A85CE853697B98EB3C406084A
:1038580033F6C402137BF60F970003E0E78080B7C6
:10386800058905E9834A1408014A930B5002B38A73
:103878009A02814493DA0A0126864A85CE85970002
:1038880003E0E78020B505890DC563914A0313FB62
:10389800F40F230F6407B250225492540259F2498C
:1038A800624AD24A424BB24B45618280050A137A7A
:1038B800FA0F8504E39274FDE9BF797122D426D208
:1038C8002E84AA844146971503E09385A5730A853B
:1038D80006D6973000E0E780802B4146971503E035
:1038E800938545720808973000E0E780402A3C300D
:1038F80010088A85DC875C2026855C875C30DC863E
:10390800977002E0E780E09D0347F1011C20014524
:10391800631EF7000347E1011C3001456318F700F7
:103928000345D1013C201D8D13351500B25022549A
:10393800925445618280011122CC26CA4AC84EC6DB
:1039480006CEAA8417D40100032404B9130925005C
:10395800854905C09C303830858B6304F700405C8E
:10396800CDBF1946930544004A85EFE03FE7E318C9
:1039780035FFF24022856244D2444249B24905618A
:103988008280411122C426C24AC006C617D401004B
:10399800032484B493042500054901E8B240228534
:1039A80022449244024941018280A6851305A4025B
:1039B8002937E30525FF405CCDB7411122C426C253
:1039C8004AC006C617D40100032404B19304250095
:1039D800054901E8B2402285224492440249410146
:1039E8008280A6851305A401C93DE30525FF405C37
:1039F800CDB7011126CA644122CC4AC84EC652C46A
:103A080006CE2A841D4993096505054A3C4463E4AA
:103A1800F4000545A1A05834DC20631927050347A5
:103A280084026304F7008440D5B7D830834754052F
:103A3800E31BF7FE19469305640513856400EFE060
:103A4800FFD98547E311F5FED82483479402E31C88
:103A5800F7FCFA243E34E318F7FC0145F2406244CF
:103A6800D2444249B249224A05618280E31DF7FAED
:103A7800D83083475405E318F7FA1946CE851385DD
:103A88006400EFE0BFD5E31045FBC1BF011122CCB4
:103A980026CA06CE2AC42EC617D40100032444A37E
:103AA800854419E001450DA09C841830858B63047A
:103AB800F7000044FDB719469305A100130524003B
:103AC800EFE0DFD1E31795FEF2406244D24405618E
:103AD80082800000EFF04F8A7300000000000000B1
:103AE800938281A00383020023800200630F0300F6
:103AF800F32510342EC0970500009385E5FD7390DB
:103B08001534EF00405B7300203086DCEF00A05ACC
:103B1800E6508280000041114AC0138941B1032751
:103B2800090026C206C61C5F22C4938401B193D73C
:103B38006748B5CF930700061CDF17D401001304AC
:103B480064B0184C930700086317F7009C409C4327
:103B580093F707041CCC1C4093F7070489CB83A771
:103B680001A1829748D81C4093F7F7FB1CC01C4062
:103B780093F7070289CF1C4003A741B2B706080094
:103B880093F7F7FD1CC05C5414C786077CD71C4804
:103B980093F7070489EF85475CC83707020083A7B6
:103BA80041B298C71307000C18C81854F8D38327D4
:103BB8000900985F1357474811CF985F13670701AB
:103BC80098DF83A741B223A20706854717D70100CC
:103BD8002322F7A89C40D8431357174819C7D8433E
:103BE800759BD8C3D843799BD8C3B240224492442A
:103BF80002494101828005377300203097D70100C0
:103C0800938747A43707040088DB698F01CF03A790
:103C180041B2FD5634D797C6010093866646D84E02
:103C28000507D8CE1377850019CF984783A641B1E9
:103C38001367170098C71307000898CBD856719BCD
:103C480013671700D8D61377150001CFD84383A67A
:103C580041B113671700D8C3D856719B1367170073
:103C6800D8D61377650019CF1377450059C3984301
:103C78001367170098C383A641B1D856719B136781
:103C88001700D8D64167698F0DC397C6010083C650
:103C9800A67FC18A17C701001307C777A5C2834645
:103CA800470793E60602230AD70637070200698FFB
:103CB80001CF984B1377070819C3054798CB83A7FB
:103CC80041B23707020098C7B70708007D8D0DC1BC
:103CD80017C701000347577B058B97C701009387D8
:103CE80067731DCB03C7570713672700A38AE70627
:103CF8008280D84713671700D8C7B5BF83464707E0
:103D08000946BD8A6388C600834647070D46BD8AB3
:103D1800E39DC6F8914641BF03C75707118B69DB7E
:103D280003C7570713678700D1B783A641B217D7D0
:103D38000100130727911C43858B91E75C43858B12
:103D480099E3FC52EDFB97D7010023A707908280E7
:103D5800938641B12A8788421C5D93D75748D1E79B
:103D680081C51C59BD839CA115C69C42945BC6069F
:103D780093D7660163D6060093E707C0B3C7070861
:103D88008316060093975760B9C6BE968947B3C68F
:103D9800F60216A283A741B2BC4B083393D7574803
:103DA8008DCF29C597D6010083A6468B93F60604C6
:103DB8009307950009459DCABA979C23054719455D
:103DC80093F6F7066394E60201459397476063DF2D
:103DD8000700394582801EA275BF2A97483313759C
:103DE800F5077D153335A00082800545828083A7BD
:103DF800C1B199CB944BD04B9842518F98C2944300
:103E08009C479842D98F9CC2138641B205481842F4
:103E180083A641B197D701009387C782631205052E
:103E280003A806001368080823A0060183C6270212
:103E3800B3C5D52054479385A50C13981649232656
:103E480007010F100000184237060200860510C748
:103E58001306000890CB6CD354C7238CA1B0828082
:103E680088421375F5F788C283C62702B3E5D520C3
:103E780054479385E50E1395164948C70F1000005F
:103E8800184237060200860510C71306000890CBB3
:103E98006CD354C70945D1B7411122C4AA8706C6B5
:103EA80026C22E85138441B2B285DDE71C40F85343
:103EB8007DFF3707020098C797C7010023A8077836
:103EC80097C401009384441EDC5085C7B7E700E01F
:103ED8003707200023A0E728B7F700E0938707D02B
:103EE800984B6D9B98CB984B1367870398CB7300BF
:103EF8005010F53D83A741B198431317772998C30C
:103F0800D857719BD8D797C7010023A7077497C7BD
:103F1800010023AB07721C40094798C3DC5099CBBA
:103F280037F700E0832707D193E787002328F7D0E6
:103F380073005010144017C701001307A7701C47DF
:103F4800858B91E75C47858B99E3FC52EDFBB2408A
:103F580022449244410182800D47639EE70497C73B
:103F6800010023A5076E97C7010023A3076E97C416
:103F7800010093846413DC5085C7B7E700E0370776
:103F8800200023A0E728B7F700E0938707D0984BD5
:103F98006D9B98CB984B1367870398CB7300501091
:103FA800B93583A741B198431317772998C3D857D0
:103FB800719BD8D7A5B70547E39EE7F697C60100DA
:103FC8009386860EDC5285C7B7E700E037072000E6
:103FD80023A0E728B7F700E0938707D0984B6D9B9D
:103FE80098CB984B1367870398CB730050101C40ED
:103FF800D04713171649D8C70F1000001C403707C1
:10400800020098C71307000897C5010023A4E564B8
:1040180003A741B118431357774819C71307E01886
:10402800F8D3D0C7DC52E5BD1307E01AD5BF83A784
:10403800C1B189CFD44303A88700984233670701E9
:1040480098C2D447DC4B9842D98F9CC2054783A7B6
:1040580041B19505631EE50298431367070898C3A5
:10406800984F137707C01367A71398CF13078007D4
:10407800B8BB939735009387C70317C70100130789
:10408800675C1CD7238CA1B019C2060610D78280A2
:10409800984309451377F7F798C3984F137707C0E4
:1040A8001367271398CF1307F007B8BB93974500FA
:1040B8009387C703D9B783A741B28847D847798D73
:1040C80011C588C783A701B291C382878280896797
:1040D80003A741B2938707F47CD383A641B383A790
:1040E800060993D7A74991C783A7060993D7974984
:1040F80099E37C53EDF782804111B7E700E022C4D1
:1041080080433707200006C6798C23A0E7180F10D4
:10411800000011C199E5B7E700E023A08710014529
:1041280049A80D0533450508130740037199B3479E
:1041380005086362A70203A581BC83A601BC639F2F
:10414800A60017C70100032727F971D7C207DD8D1D
:1041580005450297C9B703A541BCC5B77A2131EF18
:104168005A21636CF704B306F740214817C60100CB
:10417800130606F16375D802832805000358660004
:10418800938687001D8FAA966117DAA223A01601CD
:104198002393060014C15EA1130788FF7AA27A222E
:1041A8006EA12105B307F7407EA2B7E700E023A080
:1041B8008710B240224441018280084149B7B7E7DD
:1041C80000E08C433707200023A0E718F98D0F1073
:1041D800000001E523A0B710828003A381BC83A857
:1041E80001BC9A87814663F8170903A8070063672B
:1041F800F5086365A80813878700636EE506F22350
:10420800216705076317E6001386B1AD1822050775
:1042180018A217C501001305A5E6D2237A21239316
:1042280007003297334707087AA16383670203A31D
:1042380041BC630FF30003D36600631B0300DE2257
:1042480023A0060121073E962106D2A27AA1B687AD
:1042580098436302170383A641BC630ED7007623F5
:1042680099EAD62352231843A106B296D6A398C337
:104278007E21A1077EA1B7E700E0A9BFBE86C2875D
:104288009DB7AA8703A781BC03A601BCB305B540A7
:104298006314E6003E8529A8930687001843E3E9DE
:1042A800D7FEE3F7E7FE2E85E3E4D5FEE3F2E5FE6D
:1042B8008280411126C206C622C44AC097C40100A2
:1042C80083A4C41A6383041003A4C40AAA860545F8
:1042D80035C03C241307700A6390E70858301C3433
:1042E80017C90100130949E103268900B387E702CA
:1042F8000357C900B387E7021307003293870719EA
:10430800B3D7E70203A744093E97BA846364F7006A
:104318006364C700B304C74083A701A184C282971E
:10432800B387A44063F5A40003278900BA9789EBF3
:104338001305F00FB24022449244024941018280A1
:1043480058309306204E3307D702E3F3E7FE93076E
:1043580080FA3CA40145F9BF1307800AE39AE7FCF9
:1043680083A701A182972A893545EF10E06FAD47F1
:1043780017C701002326F72E58301C3417C6010032
:10438800130686D7B387E7025A261046B387E70293
:104398001307003293870719B3D7E70203A7440925
:1043A8003E97BA866364F7006364C700B306C740E4
:1043B800E310D9F817E502E0130585F0EFE08FF870
:1043C80083A741B20947F8D7A5B70545A5B73971FD
:1043D80056D297CA0100938AEA2683A70A033707A9
:1043E800080026DA06DE22DC4AD84ED652D45AD045
:1043F8005ECE62CC66CA6AC86EC6F98F97C40100E1
:1044080083A4C4066384071C83A9C40A83C79900CC
:1044180003A4C90092073E942820B1470505330537
:10442800F5025E203E9533450508EFE06F9AAA8CA9
:104438006305051A130DC5002324A5013420314650
:10444800370B0300B386C602231304000149138AFD
:1044580041B2938B41B1938D41B3130B8B15054C2E
:10446800EA9654C483C679009307D00783250A00C7
:10447800B386F602C1679CC5370833008606B4D1F7
:1044880083A60B0090421376F6CF90C29042137623
:10449800F6CF1366062090C203A50D0010453366BB
:1044A800060110C503A6090023A865059305500257
:1044B80090C672205444B2962324DD00143001467D
:1044C800CA96A301DD0003C5040897C6010023AD01
:1044D8000616B13E83260A00CC4613961549D0C667
:1044E8000F10000083260A003706020090C6130644
:1044F800000823A8CA0003A60B00104213567648EA
:10450800631F860B1306E018F0D2CCC617C601004D
:104518002324061417C601002328061223A08601A7
:10452800EFF0BF80EF10A04C83A64A00858AD9CA55
:10453800EA85268597F002E0E780A0DE0DE90346CC
:104548005D0049C276204E20B29663DDB606B428D7
:10455800AC4803258D00918E8906B695EFE06F96DD
:1045680023020D0003465D007620B29676A003264E
:104578000A00310D3452FDFE342005091379F90F74
:10458800E362D9EE9C246685A381FC001C20A382EB
:104598000C002383DC002382FC006254F250D254C6
:1045A8004259B259225A925A025BF24B624CD24C8F
:1045B800424DB24D216117A301E0670043B71306CE
:1045C800E01A99B7FD562302DD0055B783A741B21B
:1045D800FC5781C785472384F1A0F2506254D25416
:1045E8004259B259225A925A025BF24B624CD24C4F
:1045F800424DB24D21618280411122C406C626C2B5
:104608004AC02E848DCD13F91500814741476302B6
:104618000904131745003E97B1463307D70283A410
:1046280001A2B317F02833C90708BA949C40C840C0
:10463800829723A0040023A2040033448900B240D7
:10464800228522449244024941018280B356F448AB
:10465800E9F28507E39CE7FECDB7011126CA06CE2D
:1046680022CC4AC84EC6AE84A1C593F715000144B2
:104678004147B1CB93174500A2973147B387E7026B
:10468800938901A203A909003E998327090081C7DC
:1046980003254900829731473307E40283A70900BD
:1046A800BA979C478DC733148028B3470408BD8C3C
:1046B800F24062444249B2492685D244056182806B
:1046C800B3D68448C5FA0504E31CE4FECDB723201D
:1046D800090023220900C1BFAA8703A581A111E10E
:1046E80082803A216315B7001821E30BF7FE48458D
:1046F800FDB77971B7E700E022D4804352CC06D6E3
:1047080026D24AD04ECE56CA5AC85EC662C43A8A23
:1047180037072000798C23A0E7180F10000005E167
:1047280023A087100945B250225492540259F249E5
:10473800624AD24A424BB24B224C4561828083A7DF
:1047480001A1B6892A89AE8A328B938B01A28297FE
:1047580003A70B008144B146C147338CD40233060A
:104768008701104235EEC165938505F04145EFF0AC
:10477800BF9819ED97C7010083A7079681C78145A0
:1047880011458297B7E700E023A087102D4561BF48
:10479800138781A11C43A1E308C323000500B317B5
:1047A80090283EA183A70B0023260500232465013A
:1047B80023224501E29723A0270123A2570123A41E
:1047C80047016384090023809900B7E700E023A02C
:1047D8008710014589BF3E87DC47F5FF48C775BF8D
:1047E8008504E39CF4F6B7E700E023A08710214591
:1047F8001DBFB7E700E09843B706200023A0D718ED
:10480800758F0F10000097C6010083C67687637105
:10481800D50283A6C1A13325D5201621D58D0EA199
:1048280097C6010023A6068623A0E71001458280CB
:1048380023A0E7100D4582800111B7E700E022CCE4
:1048480080433707200006CE26CA4AC8798C23A0A1
:10485800E7180F100000BD4763E7A7043147330787
:10486800E50283A701A2BA979C4395CF3315A028E8
:104878002E89B345050801452EC6B93DAA8409C944
:10488800B245014597C000E0E780C0FC23A424019D
:10489800B7E700E023A087100145F2406244D24404
:1048A800424905618280B7E700E023A087100945E7
:1048B800EDB797C6010083C626B183A701AA0147B1
:1048C8006394E600014582808E23138687026394F1
:1048D800A5003E85828005071377F70FB287CDB70D
:1048E80097C7010083C757AEAA86850703A5C1AA43
:1048F800014712216307D60005071905E36BF7FE88
:10490800014582802A8703A541AB11E182801C45BD
:10491800B227636BC70003584500B306C800635548
:10492800D7008146639406010841C5B703D3A700A1
:10493800938807016316E30091C192A13E858280A6
:104948008506C687B3C60608F1BF97C6010083C6A9
:10495800A6A783A701AE01476394E60001458280BC
:10496800AE231386C7036394A5003E85828005079E
:104978001377F70FB287CDB7411122C406C697C780
:104988000100238307B003A401AF05C06C390145BA
:10499800B315B028B3C5050897C000E0E7802037F5
:1049A800930710273305F50202942244B24081454B
:1049B800014541016FE0EF99411106C6383D19C71D
:1049C8003425631ED702B24041017DB73C2DE5DF97
:1049D8003825E30AF7FE3CA5814517E5FFFF1305D7
:1049E800E556EFE00F9797B7010083C7E77189C7CE
:1049F80083A741B25147F8D3B240410182803C2D90
:104A080089C7E39AF6FC38A5C1BFD5FEEDBF4111B1
:104A18004AC017C901001309E9C28327890022C4C3
:104A280026C206C697C401009384C49E858BE050B5
:104A38009DCB97C7010023AB07C083C74407C18B31
:104A480085CFEF00D07A83C7440793F70702E5DFE5
:104A580083C74407228593F7F70C238AF40697B097
:104A680001E0E780E00CEF00907822852244B24014
:104A780092440249410109B783C75407858B91CBFA
:104A8800EF00F0768D47230EF406BC5822858297F6
:104A9800D9BF83C744071547BD8B6395E704834790
:104AA800B406034534060146930550025D8DEFF0C8
:104AB8000FD8014681450545EFF00FBE8327C90091
:104AC800858BD5D3228597C7010023A307B897B054
:104AD80001E0E780A0ED41F9B24022449244024946
:104AE8004101828083C744071947BD8BE39DE7F6E0
:104AF8008347B406034534060146930550025D8D8D
:104B0800EFF0EFD2014681450545EFF0EFB8832776
:104B1800C900858BA9DB228597C7010023AA07B2A4
:104B280097B001E0E78000C27DB7411122C426C2D8
:104B380006C67C2578452A84BD8B1CA91CA31D4765
:104B480064456395E7340547B8A08347F5058D4666
:104B58006393D7185E2DCDE37C491147B18B638DE4
:104B6800E70831476398E700034715068347F507C9
:104B78006304F7088547BCB0194693056403138599
:104B88004400EFD01FB4BC20990793F7F70FBCA0DF
:104B9800034704061377070401CFB83013670704E7
:104BA800B8B07844BA975838B8B3BC208507BCA0C9
:104BB80097C70100238A078CBC2013F7F703050762
:104BC80018B80347E4051A07D98FBCA083475403D4
:104BD800858B91E70347440389476317F7007844B7
:104BE8001C2393E707041CA37C44183898B3B240ED
:104BF8002244924441018280A147BCB08357C40635
:104C080097C5010093850581138641B2DCA08357BF
:104C1800C406034714067444A1831207BD8BD98FB9
:104C2800DCB2B4208547890693F6F60FB4A017C7FF
:104C3800010003476785631EF706183C9387E60063
:104C48008E07231AF4069387C708B387E7027945C6
:104C580010420948238A0507C1650CC6938707FBDC
:104C6800B3C7070893877716B3C7A70233C70708E0
:104C7800B387A70286073CD2BC3093E70701BCB0D4
:104C88007C44B6978346240693E60604B4B3B4205E
:104C98007C44B697D8A3B4207C4421837D8BB697F7
:104CA800834634069606558FD8B3BC208D07BCA022
:104CB80021B71042F947385205833357F7023C525F
:104CC80068528583FD8BAA977CD28D47238AF50687
:104CD8003347070855B71946639BC7125E2DC1E3D2
:104CE80093056503B8B013854400EFD09F9DBC20A1
:104CF8001385A4009907BCA0BC3093E72700BCB07B
:104D080083475403898B95CF0C58BC299DCB1946F2
:104D1800D105EFD01F9B78441C2393E707F81CA309
:104D2800BC20990793F7F70FBCA003470406137735
:104D38000704E30F07E6B430784493E60604B4B0FA
:104D480095B58347D40391C778441C2393E707F8A4
:104D58001CA319469305E403EFD0BF96D1B7A1472A
:104D6800BCB08357C506DCA08357C50603461506A5
:104D78006C45A1831206BD8BD18FDCB1B02017B56D
:104D8800010013052569938541B209061376F60FCC
:104D9800B0A097B7010083C7276F6398E704183C52
:104DA8009307E6008E07231AF4069387C708B3878C
:104DB800E70279488946230AD5069441C1658CC61D
:104DC800938707FBB3C7070893877716B3C707030B
:104DD80033C70708B38707038607BCD2BC3093E7FD
:104DE8000701BCB07C44B29771BD8C41B851F947FA
:104DF80005833357F702BC5103A845068583FD8B0D
:104E0800C297FCD1230AD50633470708C1BFA1477B
:104E1800BCB08357C506DCA08357C50603461506F4
:104E28006C45A1831206BD8BD18FDCB1B02017B5BC
:104E380001001305255E09061376F60FB0A097B793
:104E4800010083C7676483A541B2E391E7FA183C80
:104E58009307E6008E07231AF4069387C708B387DB
:104E6800E702F9460948230A0507416588C593877B
:104E780007FBB3C7070893877716B3C7D70233C7AB
:104E88000708B387D7028607BCD189BF0547639E49
:104E9800E706B1471CB983475503898BA1CB0C5949
:104EA800BC29A9C71946D10513858400EFD07F8195
:104EB80078441C2393E707F81CA368441946930514
:104EC80064030905EFD0EFFF116797B7010083A7C7
:104ED8006761F98FE38C07CE7C24B98BE39807CE02
:104EE80078441C2393E707021CA3CDB18347D4035E
:104EF80089C79C2093E707F89CA068441946930546
:104F0800E4032105EFD0EFFB4DBF522D0C5593075D
:104F1800660093F7F7031CB913858400E5B7011100
:104F280026CA97B401009384E4719C4422CC06CE2F
:104F380017B401001304044E858B6850C9C32AC6F0
:104F480097B7010023A40770EF00702A03474407AE
:104F5800894732456307F700034744078D47631CB9
:104F6800F70283A641B2BC5203574507858313074E
:104F7800C71263F2E702BC528583B1C39147034766
:104F88004407E31EF7FE6244F240D244056117B3BA
:104F980001E0670003E2382D3C3D09CF3425630961
:104FA800D7026388F60238A56244F240D24405610C
:104FB8006FD09FE199CF382509EF3CA5F5B72AC6F0
:104FC800EF00F02262443245F240D24405616DB2EE
:104FD800EDF7DC4CEDF70347440789476307F70013
:104FE800034744078D47E31CF7FC914703474407F1
:104FF800E31EF7FE49BF630E0530011122CC06CE31
:1050080026CA4AC84EC652C456C2582585472A845D
:105018006316F72C97B701009387C762D44F1547DB
:10502800638AE600D44F0D476386E600D84FAD4744
:105038006312F7026C386244F240D2444249B249E2
:10504800224A924A01450561B315B028B3C505083F
:105058006FF02FFA16311307006497B40100938498
:10506800643B3347D7029C20E8D0850793F7F70FB6
:105078009CA063CAE70097C000E0E780000D97B7DF
:1050880001002389073878249D47631FF704834765
:105098009406B1C38356040763ECF6020C24930705
:1050A80030041CAC1305300493F6F60F01469780C4
:1050B80002E0E780406622856244F240D2444249D9
:1050C800B249224A924A056117B301E06700E37CBE
:1050D80085062318D40693053002054597C000E0DD
:1050E800E78080FF2301A4060549238A2407183C8A
:1050F8008D47631CF70E97B000E0E780406F0D897D
:10510800630F051463162517930760023CA49307E1
:1051180050023CAC9307700278243CBC854763027C
:10512800F70889659385F5701305102717BA0100EC
:10513800130A8AFC8349740197C000E0E78040FCA9
:105148000E30835ACA002A8913060064B3855503B2
:10515800814613850532B335B50097E002E0E78054
:10516800E06AAA84B335590337460F0013060624AC
:1051780081463305590397E002E0E78020698327D9
:105188000A00AA948297B307950003278A00BE8570
:1051980063E4A70063E4E700B385E7404E85EFF0DA
:1051A800AFE983475403898BE9CB8347C403F1C72D
:1051B8000C58E1C5BC25F1C38947230AF4021946F6
:1051C800B10513056403EFD0CFCF0347C407894760
:1051D80063E9E70A22856244F240D2444249B2496F
:1051E800224A924A05616FD03FBE89467C346315D6
:1051F800D70213F7170019CB898B1307500291EBCD
:105208009307700238A43CAC814739B71307600292
:10521800C5BF93076002FDB799CF93F61700130730
:10522800500291E6898B13B717001307670238A459
:10523800230D0400D1BF3C2C130740026368F7001C
:10524800930750023CAC3C2C3CA47DBF850793F7E8
:10525800F70F3CAC13077002E364F7FEEDB71307D2
:105268007002930750023CAC38A4930760026DB5F6
:105278001307500293077002FDB78547230AF4020B
:10528800A9B70327C40A83A601A13C27ADC31C37CD
:10529800583397B40100938424E69044B387E70217
:1052A800DA24B387E7021307003293870719B3D7C5
:1052B800E702032744093E973A896364F700636469
:1052C800C7003309C7408296B307A9406374A90091
:1052D8009844BA9703576407E3FEE7EEF240624446
:1052E800D2444249B249224A924A056182808324C3
:1052F8008409829663E9A400835764073385A44030
:10530800E37AF5ECE1BF97B7010083A767DFBE94A6
:10531800E5B7828001114EC697B901009389890FBC
:1053280022CC03A4C9094AC817B901001309C9DC6A
:105338000357C90026CA835464088327040906CE84
:10534800B384E40237470F009306F72313070724B3
:1053580052C456C25AC0B694B3D4E40263EE97025C
:10536800138A01A1B384974083270A00829763E9CF
:10537800A4023385A4406349050283570404A30F9C
:10538800040085072310F40483470414639E071060
:105398002285EFD05FFA21AA03278900BA97C9B7F7
:1053A80083278900BE94F1B783270A0082970327D1
:1053B80084086366E50A198D7E3C0357C9008E0789
:1053C800B387E7021307003293870719B3D7E702B9
:1053D80063ECA708B74A0F00138BFA23938A0A24B1
:1053E8008357040485072310F4048347041481E7D2
:1053F8002285EFD05FF4228597C001E0E780E02F97
:1054080063130524032604090327C4088326890097
:105418003297BA876364C7006364D700B307D7407D
:10542800783C0356C9002328F408050778BC0357BD
:1054380064083307C7025A9733575703B384E740C2
:1054480063F5E700998EB384F60083270A008297F4
:1054580063E6A4043385A440E34405F839BF8327F1
:105468008900998F3E9589BFA145228597C001E0A3
:10547800E780C020A305A40297B7010083A7C7C58A
:105488006383071C6244F240D2444249B249224A2B
:10549800924A024B89451545056182878327890011
:1054A800A6973385A7404DBF2285EFD01FF32285ED
:1054B80097C001E0E7806024631705180355C90009
:1054C80083576408B7460F001386F623B387A702ED
:1054D8009386062403270409230B0402832A8900E0
:1054E800B297B3D7D702636AF716B307F740832694
:1054F800C4082324F408014BB387E600BE8463E4A0
:10550800D70063E45701B38457411E302328940819
:10551800A1CB835604045A3037460F0056B0338760
:10552800E640B387E7023A301306062481468145F0
:10553800BA97B3C707083385A7023EB097E002E0E1
:10554800E780C02C11CD2695B3349500A695AA877F
:105558006314BB0063645501B30755412328F4085D
:1055680083270A008297AA8483270A008297E30D7B
:1055780095FE83270A0083248408829763E4A40E97
:105588003385A440630B050E035AC900835764088A
:10559800B7440F001387F423B38747039384042485
:1055A800BA97B3D7970217B70100034777B1BA97ED
:1055B80063E5A70CB3359502835A240252868146C7
:1055C8003305950297E002E0E78040243389AA007A
:1055D80033854A0337460F00130606248146814562
:1055E80097E002E0E780802215C1B3379502528622
:1055F8008146B385B4023385A402BE9597E002E0E4
:10560800E780C020B38AAA40231154033545A9294D
:1056180023AE890838348547631AF704930700FDD9
:105628007CA4814503A581B0EFD0AFD2954717B7C9
:1056380001002327F7023707100083A741B298C754
:10564800060923A82707F2406244D2444249B249D6
:10565800224A924A024B05618280B3065701B387FA
:10566800F64071B583278900BE9419BF930710FCD3
:105678007CA4814503A501B045BF97B7010023A9C4
:1056880007E2834709018DC303A541AFEFD04FEC73
:10569800624483274900F240D2444249B249224A2F
:1056A800924A024B05618287834594026244F24024
:1056B800D2444249B249224A924A024B0145056105
:1056C800B315B028B3C505086FF0AF92011122CC0D
:1056D80026CA4EC606CE4AC852C456C25AC0383523
:1056E8008547832405092A84AE896314F70C8357F8
:1056F8000508835AC50317BA0100130AEA9F035B1A
:10570800CA0063FC571914296399E6180327851101
:10571800631507180327450A6311071874351D47D1
:10572800639DE6162A3DB38AFA409307204E330557
:1057380055030329440937460F00130606248146FA
:105748003305F50297B7010083C7879733592503B7
:10575800B335AB023E9933490908231324093305AD
:10576800AB0297E002E0E780600AB307950033B523
:10577800A7002E9503278A00BE8419E163E4E70099
:10578800B384E740B307690337470F009306F7234D
:105798001307072423A09900B697B3D7E702D69733
:1057A80063E4F4009D8C31A003278A00B307F74017
:1057B800BE94138901A18327090023A09900829729
:1057C80063E2A4103385A440635D050A83270900BA
:1057D80017BB0100130B4B92829703A7090063695B
:1057E800E50E198D7E3C0357CB008E07B387E70281
:1057F8001307003293870719B3D7E70263EFA70CA3
:10580800374A0F00930AFA23130A0A248357040419
:1058180085072310F4048347041481E72285EFD019
:105828009FB1228597C001E0E78020ED61E58326DE
:1058380004098327C40803278B00B697BE8463E452
:10584800D70063E4E700B384E7407C3C8356CB0091
:105858002328940885077CBC83576408B387D7023C
:10586800D697B3D7470363E6F40A9D8C83270900CC
:1058780023A09900829763E1A40A3385A440E347F3
:1058880005F897B7010083C7B78363E6A70697B7FC
:10589800010023AF87C00145B9A88357640837477B
:1058A8000F009306F723B387670313070724B697F8
:1058B800B3D7E702E3F8F4EE03278A002697B30488
:1058C800F740C5BD97B7010083A78783BE94DDBDA8
:1058D80083278B00998F3E9531B7A145228597C0C4
:1058E80001E0E780A0D9A305A40297A7010083A738
:1058F800A77E81EF7D55F2406244D2444249B249C5
:10590800224A924A024B0561828089451545829751
:10591800D5B71D8FBA9499BF83278B00BE94B1BFAA
:1059280083A741B198433706CEFF7D161377F7CF8B
:105938001367071098C303A741B314473708030038
:105948001375F51FF18E14C783A641B223A8060567
:1059580023A40700904B93F5F507130888151366E1
:10596800F60390CB90431366060890C3F04F137666
:1059780006E0498EF0CF23AC070423A00706505752
:10598800759A50D79043137606F84D8E90C3130638
:10599800401FF0D217B60100232006CC17B601002D
:1059A800232406CA054690C29043B70533001376F0
:1059B800F6CF90C390431376F6CF1366062090C3B4
:1059C80010474D8E10C723A80605D8531317F7287C
:1059D800D8D32547F05201C6B04FE37DC7FED85350
:1059E8001317F748D8D3A853133545008280138777
:1059F80041B21443BC4ABD9BBCCA0100010001006E
:105A080001001C43B44B93F6F68FB4CB944393E652
:105A1800860094C3010001000100010083A641B182
:105A28009C4293F7F7CF93E707109CC203A641B3B4
:105A38001C46B706CEFFFD16F58F1CC61C4337075C
:105A48000300B8CB83A7C1B199CBD4439047984200
:105A5800518F98C2944BDC4B9842D98F9CC297B710
:105A6800010023AF07BE828083A741B29C438D8B80
:105A7800E9C74111B7E700E04AC003A9070026C2F9
:105A88003707200006C622C4AA843379E90023A078
:105A9800E7180F10000017B401001304A4BA584CFB
:105AA8008D47631AF70097B7010083A7279301462C
:105AB80081454545829719476391E4048347140259
:105AC80089CB834704026396970097B70100A38B9D
:105AD80007B8584CA1476315F700930780101EB00C
:105AE800238401A02937B2402244B7E700E023A06D
:105AF800271192440249410182809D47639BF4002B
:105B080083471402F9D7034704028D47E313F7FCD0
:105B18006DBF544C6389E600584C6306F700584C37
:105B2800A147E31FF7FA83471402DDFB5C4C23000F
:0C5B3800F4028547A300F40265B78280E8
:105B440097010020938141D317A101201301414BF8
:105B540017B5FFFF1305454B97A5FF1F9385454ACE
:105B640017A6FF1F1306C66A63FAC5008322050041
:105B740023A0550011059105E3EAC5FE17A5FF1FF3
:105B84001305E55D02852A8309CA83830500230082
:105B940073007D16050385056DFA82802A8311C67C
:105BA4002300B3007D16050365FE8280B71700400D
:105BB40083C5870503C8970503C7970593F5F50FB4
:105BC4001378F80F13678700A38CE70403C79705BE
:105BD4001377B70FA38CE70403C7A7051367170050
:105BE400238DE704371700408347A705858BEDFF16
:105BF4000565C146371700409308F5FF0346A7051E
:105C040013661600230DC7040346A705058A6DFE17
:105C14000356C705FD16C2061346F6FF3376160172
:105C2400C182B297E1FEA1079183130505801D8D02
:105C3400A30C07054205230CB70441858280B717DE
:105C4400004003C777051A051377E70FA38BE70412
:105C540013974500598D136535001375F50FA38C03
:105C6400A70403C7A705C18991C513672700238D1E
:105C7400E70482801377D70FDDBFB717004003C74F
:105C840077051377E70FA38BE704130700F8A38DB9
:105C9400E7043D47238CE70413075003A38CE70470
:105CA40003C7A7051377D70F238DE704828037171F
:105CB40000408347A70593E71700230DF7048347A4
:105CC400A705858BEDFF371700408347A705E2073B
:105CD400E187E3CC07FE0355C70552055181828055
:105CE400B717004003C7E7040D8941111377C70FA5
:105CF400498F93068008F3B6068093F6860836C665
:105D04000F100000930670052380D704930680FAD1
:105D14002380D7040F1000002387E704238007049F
:105D2400B247F3A707800F10000041018280B71724
:105D3400004003C7E7020D8941111377C70F498F4C
:105D440093068008F3B6068093F6860836C60F10CD
:105D54000000930670052380D704930680FA2380FD
:105D6400D7040F1000002387E70223800704B247FB
:105D7400F3A707800F1000004101828041112A839C
:105D84000148930E407E130F0019930F4006931899
:105D9400030193D8080163EF1E0113030019337341
:105DA40065028542FD4363F0B20A8D4F214F930E85
:105DB400400689A87D13336EE3039308E016630E4F
:105DC4000E00336EF3039308D01663080E00937825
:105DD400330093B818009388D816C2981398080112
:105DE400135808016DB793F81500138EF5FF63710E
:105DF400BF04F908C2981398080193150E011358AB
:105E04000801C181E391F5FF8545630B0300B37875
:105E1400D5038145638608009375350093B5150055
:105E2400F105C29513980501135808018945D9BF96
:105E3400B3881341C2981398080193150E0113589F
:105E44000801C1818DB77D16329879463307C702A0
:105E540013D61700BE07420813580801329761464B
:105E6400B3F6C60213068070B386C6023697A166DF
:105E7400F58F4207D98FB716004003C7F602137790
:105E84000708A303E1000346710003C7F602137772
:105E94000708E314E6FE03477100B71600405DCF20
:105EA4001307800873370780137787083AC40F10E5
:105EB400000037170040930670052300D7049306AB
:105EC40080FA2300D7040F100000232A0703834617
:105ED400170393E60608A308D70223000704224702
:105EE400732707800F1000001166371700407D16D6
:105EF400545B4C5FAD8EF18EE5FE93068008F3B6DD
:105F0400068093F6860836C60F10000093067005C7
:105F14002300D704930680FA2300D7040F1000004F
:105F24005CDB8347170393E70704A308F702230006
:105F34000704B247F3A707800F10000041018280D5
:105F440003C7F60213770708A303E10003467100B1
:105F540003C7F60213770708E314E6FE034771004C
:105F640065D33DBF55714EDF86C7A2C5A6C3CAC15E
:105F740052DD56DB5AD95ED762D566D36AD16ECF6D
:105F8400AA8982C0EF00B06D93078008F3B7078039
:105F940093F78708BEC20F100000B717004013071D
:105FA40070052380E704130780FA2380E7040F10A9
:105FB400000003C7F7021377770FA387E70203C72D
:105FC400F70213678700A387E70223800704964735
:105FD400F3A707800F100000130B80C1334B650338
:105FE4009167938707E8130A30029546B347F50291
:105FF400330A4B033EC8FD873ED2BD67938707A68D
:10600400334AFA021357FA413ACA330740413AD4A1
:106014007D873ACC1307A0FB3307EB02B347F702A3
:10602400138729003ECEFD873ED68567938707FAFE
:106034003399E70063E4360133993701E1679387C5
:10604400076A3345F502930700103309A90233495F
:10605400F902930740063309F9029307D00733493D
:10606400F9029357F9413ED88547B3963701B39760
:10607400E7008D878D863EC436C6954763E9374B66
:10608400930750473687B307F7023D67130707A600
:10609400814A814B13048008371D0040930480FA21
:1060A400B3876703B307F040B3C7E7023ED0FD8769
:1060B4003EDA7337048013778708BAC40F100000E0
:1060C400130770052300ED04930D0D0423009D04B4
:1060D4000F10000003473D051377870FA309ED0454
:1060E40003473D0513671700A309ED0423000D04BE
:1060F4002647732707800F100000130C7005916C5E
:106104007337048013778708BAC60F10000093070B
:1061140070052380FD0023809D000F1000000347BD
:106124003D05A16613670702A309ED0403570D0596
:1061340033679701420741832318ED0403570D0584
:10614400558F2318ED0423800D00364773270780ED
:106154000F10000003473D0513770702630D073C4A
:1061640003473D05218B6DDF880097B0FF1FE78053
:10617400A0C37337048013778708BACA0F100000CE
:1061840023808D0123809D000F10000003473D05EF
:10619400A1661377F70DA309ED0403473D051367C3
:1061A4000702A309ED0403570D053367970142075E
:1061B40041832318ED0403570D05558F2318ED046F
:1061C40023800D005647732707800F1000000347F4
:1061D4003D05137707026307073803473D05218B05
:1061E4006DFF97A0FF1FE780A0022A873ADC97A0E3
:1061F400FF1FE780E0016257E30AE5FE03570D0540
:10620400064533679701420741832318ED0497B08D
:10621400FF1FE78020BB03473D05218B6DDF03573C
:106224000D0583462D0511667D16B386C602C24749
:10623400718F13D6F641BA96B388F640925733B7A6
:10624400E60032971D8FD247B3B61601158F63C689
:10625400E700631CF700637A1A01E247634BF732E5
:106264006395E700A25763E6F832894663F576330F
:106274007337048013778708BAD00F100000130710
:1062840070052300ED0423009D040F100000034754
:106294003D0593F6F90F1377870FA309ED04034720
:1062A4003D05558FA309ED0423000D0406577327FC
:1062B40007800F1000001306700503473D051D8B72
:1062C400631337377337048013778708BAD40F10F2
:1062D4000000130770052300ED0423009D040F1034
:1062E400000003473D0591661377F70DA309ED04FC
:1062F40003473D0513670702A309ED0403570D0582
:10630400558F2318ED0403570D05A166558F2318E7
:10631400ED0423000D042657732707800F10000097
:106324009306700503473D05137707026307073299
:1063340003473D05218B6DDF880097B0FF1FE78081
:10634400A0A67337048013778708BAD80F1000000B
:10635400130770052300ED0423009D040F100000B3
:1063640003473D0591661377F70DA309ED04034731
:106374003D0513670702A309ED0403570D05558F67
:106384002318ED0403570D05A166558F2318ED045A
:1063940023000D044657732707800F10000093064F
:1063A400700503473D05137707026303072E034770
:1063B4003D05218B6DFF97A0FF1FE78060E52A8CC8
:1063C40097A0FF1FE780C0E4E30C85FF03570D058A
:1063D40091660645558F2318ED0497B0FF1FE7809B
:1063E400609E03473D05218B6DDF7337048013776F
:1063F4008708BADC0F100000130770052300ED04B2
:1064040023009D040F10000003473D051377F70D8B
:10641400A309ED0423000D046657732707800F10AA
:10642400000003570D0583462D0511667D16B386BE
:10643400C602718FC25713D6F641BA9633B7E60037
:10644400329733882641B3B606011D8F158F6346F4
:10645400E000631A0726630808261305800C330737
:10646400E5020256D256B335050333050503BA9542
:10647400EFB0927A9306150033B5A6002E95135704
:10648400F501BA9633B7E6002A971316F701858209
:106494000587D18E6346E0006313072E6381062EC1
:1064A4000356CD021582B305D60033B6C500329724
:1064B4006348E000631607361307F00F6372B736BC
:1064C40009476373572793078008F3B7078093F747
:1064D4008708BEDE0F100000B717004013077005D1
:1064E4002380E704130780FA2380E7040F100000D9
:1064F40003D7C70289668116558F420741832396C5
:10650400E70223800704F657F3A707800F10000063
:10651400BE402E449E440E49FA596A5ADA5A4A5BDE
:10652400BA5B2A5C9A5C0A5DFA4D696182802247F3
:106534009307504789BE7337048013778708BAC816
:106544000F10000023808D0123809D000F10000098
:1065540003473D0513670702A309ED0423800D00DB
:106564004647EDB67337048013778708BACC0F100B
:10657400000023808D0123809D000F10000003473D
:106584003D0513670702A309ED0423800D00664748
:106594001DB9E39F0BCC7246B2569315170013D363
:1065A400F80113951800B365B3003ADE46DCEFB08A
:1065B400B2667257850B93FBFB0F6346E00031EF25
:1065C400E258638C08049306150033B5A600AA9517
:1065D40013D7F501BA9633B7E6002E9785827E0766
:1065E400558FF336048093F68608B6CE0F1000005C
:1065F40023808D0123809D000F1000008356CD025F
:106604003697420741832316ED0223800D00764717
:10661400732707800F100000E5B49306F5FF1335C8
:106624001500898D75B77337048013778708BAD23C
:106634000F1000002300CD0423009D040F10000060
:1066440003473D05558FA309ED0423000D04165798
:10665400732707800F1000008DB173370480137700
:106664008708BAD60F1000002300DD0423009D0420
:106674000F10000003473D0513670702A309ED044B
:1066840023000D043657732707800F10000059B9F3
:106694007337048013778708BADA0F1000002300D9
:1066A400DD0423009D040F10000003473D0513671C
:1066B4000702A309ED0423000D045657732707802E
:1066C4000F100000F9B99305800C3387E502338578
:1066D4000503B3B50503BA95154763733705A24798
:1066E400130750473387E702330660413306E60257
:1066F4003D67130707A63346E6029356F641EFB00B
:10670400B2511306F5FF13351500898D13D7F50122
:106714003A963337E6002E979316F70105828DBB20
:10672400B247130750477DBF1307800873370780AC
:10673400137787083AC10F100000B71600401307FB
:1067440070052380E604130780FA2380E6040F1003
:10675400000003D7C602056601161377F70F518FA1
:10676400420741832396E602238006040A477327DF
:1067740007800F100000850A93FAFA0F1DBA33E65A
:10678400E60059CE0356CD02B335D0003307E040BE
:106794000D8F3305D04015826345E00051E36371EA
:1067A400A60809476370570593078008F3B7078065
:1067B40093F787083EC30F100000B7170040130774
:1067C40070052380E704130780FA2380E7040F1081
:1067D400000003D7C7027D8B2396E70223800704BA
:1067E4009A471DB373370480137787083AC50F108F
:1067F4000000130770052300ED0423009D040F100F
:1068040000000357CD02856681161377F70F558F65
:10681400420741832316ED0223000D042A4781BF5A
:1068240093078008F3B7078093F787083EC70F10D4
:106834000000B7170040130770052380E70413070F
:1068440080FA2380E7040F10000003D7C7029606DE
:106854003697420741832396E70223800704BA4709
:1068640065B1411113078008F337078093F7870850
:106874003EC40F100000B717004093057005238035
:10688400B704130680FA2380C7040F10000083C6E0
:10689400170393F6860EA388D70223800704A24623
:1068A400F3A606800F10000073370780137787085C
:1068B4003AC60F1000002380B7042380C7040F10CA
:1068C400000003C71703498F136707011377F70FF6
:1068D400A388E70223800704B247F3A707800F10B9
:1068E400000041018280011122CC06CE2A8497A0A7
:1068F400FF1FE780E0912295B707C0A863F5A700C2
:10690400B70740573E9593078008F3B7078093F77E
:1069140087083EC60F100000B71700401307700524
:106924002380E704130780FA2380E7040F10000094
:10693400C8DB03C7170313670702A388E702238092
:106944000704B247F3A707800F100000F240624427
:106954000561828041111307000211C57D151335AD
:1069640015001317450093078008F3B7078093F7C2
:1069740087083EC60F100000B71700409306700545
:106984002380D704930680FA2380D7040F100000D5
:1069940083C617031347F7FF758FA388E702238085
:1069A4000704B247F3A707800F100000410182805B
:1069B400914763EAB70897D70200938767668A0509
:1069C400BE9598413E97B71700409387470B0287BF
:1069D40094431345F5FF37170040E98E94C393069B
:1069E400070B9C42E98F9CC29307070A9843798D51
:1069F40088C3828090439346F5FF37170040758E15
:106A040090C31306070B1C42C98F1CC29307070AC5
:106A14009843F98E94C38280944337170040C98EFB
:106A240094C39306070B9C421345F5FF65BF94433B
:106A34001347F5FF758F98C3B71700409387070A6C
:106A44009843498F98C382809843498FEDB7914703
:106A540063EAB70897D702009387C75D8A05BE9596
:106A640098413E97B71700409387470D0287944398
:106A74001345F5FF37170040E98E94C39306070DBD
:106A84009C42E98F9CC29307070C9843798D88C375
:106A9400828090439346F5FF37170040758E90C36C
:106AA4001306070D1C42C98F1CC29307070C984399
:106AB400F98E94C38280944337170040C98E94C3DF
:106AC4009306070D9C421345F5FF65BF9443134796
:106AD400F5FF758F98C3B71700409387070C984349
:106AE400498F98C382809843498FEDB73717004088
:106AF4008357870109C5CD8F231CF700828093C576
:106B0400F5FFED8FD5BF797122D43714004026D21A
:106B14004AD0035924028354040206D64209C2040B
:106B24004ECE52CC56CA13590901C1802DE11379B6
:106B3400F9F793F4F49F4209C20413590901C1807F
:106B440093078008F3B7078093F787083EC40F10B4
:106B54000000930770052300F404930780FA2300D0
:106B6400F4040F10000023112403231094022300C3
:106B74000404A247F3A707800F100000B250225468
:106B840092540259F249624AD24A45618280B7F569
:106B9400070081463000B105194597A0FF1FE78023
:106BA400007022478967F98FF1FB1369090893E4A0
:106BB400044093098008F3B7098093F787083EC01F
:106BC4000F100000930A700523005405130A80FA7D
:106BD400230044050F100000231124032310940202
:106BE400230004048247F3A707800F1000002945FF
:106BF40097A0FF1FE7804026F3B9098093F989081D
:106C04004EC20F10000023005405230044050F104A
:106C140000008357040293E707202310F4022300A3
:106C24000404924781BFB74700404147A381E7006E
:106C340009472380E70003C7070013674700238041
:106C4400E700130700FA2380E70003C71700136760
:106C54000701A380E70003C717001377E70FA3809A
:106C6400E7008280894737470040631DF50083476A
:106C7400170093E70704A300F700B7470040A38178
:106C8400A70082808347170093F7F70BEDB7894776
:106C94006308F50263E2A7021DE9B747004003C792
:106CA40007001377770F2380E70003C717001367E4
:106CB4000702A380E70082808D47630AF500828083
:106CC400B747004003C7070013678700E9BFB7470A
:106CD400004003C707001377770F2380E70003C73B
:106CE40017001377F70DF1B7B747004003C7070044
:106CF400B74600401377F70E2380E7002382A700EE
:106D040089679387177103C766001377070419E32C
:106D1400FD17F5FB8280B747004003C707009D4677
:106D2400374600401377F70E2380E7002396B70019
:106D3400AA950547C2052383E700C1813747004070
:106D440093170501C1836398B70037470040834711
:106D54007700F5FF828003487700E3E606FF834768
:106D6400050005052308F600E1BFB74700401147B9
:106D7400A381E74009472380E74003C7074013671F
:106D840047002380E740130700FA2380E74003C746
:106D9400174013670701A380E74003C71740137721
:106DA400E70FA380E740828089476305F50463E227
:106DB400A70205E5B747004003C707401377770FDD
:106DC4002380E74003C7174013670702A380E74007
:106DD40082808D476307F5028280B747004003C76E
:106DE40007401377770F2380E74003C717401377D3
:106DF400F70DE9BFB747004003C707401367870093
:106E0400C1B7B747004003C7074013678700E1BF16
:106E1400B747004003C707401377F70E2380E740C6
:106E24002382A740374700408347674093F707040E
:106E3400E5DF8280B747004003C707401377F70EAA
:106E44002380E7407D572382E7403747004083474C
:106E5400674093F70704E5DF034547408280B7178F
:106E6400004003D787009306000C1377070C630FC9
:106E7400D70403D78700137707101DC703D78700EC
:106E840083D787007D8B09EB93F70720A1C737557C
:106E9400E80113050580828037C59812FD8B130520
:106EA40005E03345F502828003D7870083D7870046
:106EB40013770720FD8B11C73755E80113050580AB
:106EC400CDB73725F40013050540E1BF216513054F
:106ED40005D082803725F400130505408280B7F77A
:106EE40000E088478280B717004083C767044111D8
:106EF40093F7F70F13F7D70F19C113E72700930779
:106F04008008F3B7078093F787083EC60F10000088
:106F1400B7170040930670052380D704930680FAC0
:106F24002380D7040F1000002383E7042380070481
:106F3400B247F3A707800F1000004101828041117E
:106F440093078008F3B7078093F787083EC60F10AE
:106F54000000B7170040130770052380E7041307E8
:106F640080FA2380E7040F10000003C76704136747
:106F740007012383E70423800704B247F3A70780AC
:106F84000F1000004101828032858147373700406D
:106F9400A14663C3A70082800346B700E30ED6FE72
:106FA4003386F5000346060085072304C700D5B7DA
:106FB40097E6FF1F9386460CAA878842178701200D
:106FC40013070772AA9763E9E7000A87130707FC08
:106FD4006364F7009CC282807D558280411122C483
:106FE40006C62A84AD3D2947B307E502B2408D8326
:106FF400B3D7870222449507B3D7E7023737004057
:10700400C207C1832316F7004101828071654111D3
:107014001305052006C6D937B7370040130770F8A3
:107024002381E7000D47A381E70013070004A38031
:10703400E70005472387E700B240410182803737E4
:107044000040834727001A0593F7F703C98F93F786
:10705400F70F2301F700828019CDB737004003C72B
:1070640017004D8FA380E70003C70700136787004D
:107074002380E7008280373700408347170093C599
:10708400F5FFED8FA300F7008280AA95C205C181A8
:1070940037370040A1463736004093170501C183B6
:1070A4006393B70082800348B700E30BD8FE83479D
:1070B400050005052304F600CDB7828017A3FF1F42
:1070C4006700E3DA15B1411193050010014506C6C6
:1070D400313C8D452965E93805658D458D3AA136E4
:1070E400B2400545410165B6411122C406C603C735
:1070F40005008947138581900544631CF702DC4130
:10710400294403C7070083C71700A207D98F416723
:10711400130717EE639FE7002300D500814793F61A
:10712400F60F938501BF1397070141836366D70266
:1071340001440346050001CE83A7C19089CBDC43FB
:1071440099C7938501BF0145829723840190B2407A
:1071540022852244410182803307F6000348070058
:107164003387B70085072300070175BF03C70500F0
:107174008947631FF704DC4103C7070083C717006F
:10718400A207D98F4167130717EE639FE702328581
:107194002390060003C6919021C241112390C6009A
:1071A400938581CE06C697A0FF1FE7808051A384F4
:1071B400019083A7C19089C79C4399C301458297D5
:1071C400B240014541018280239006002945828016
:1071D400239006000545828001458280058909CDFA
:1071E40097E6FF1F938686954146914517E5FF1F55
:1071F400130585956F00C13B0145828009C523A60F
:10720400A190014582804545828051476360C70251
:107214004111138581CE06C6A384C19097A0FF1F98
:10722400E780204AB2400145410182801305E00F06
:10723400828017D70200130727519377050F93769F
:10724400F500BA97B69783C507009357850093F660
:10725400F70093F7070FBA97B69783C607009357BB
:10726400050113F6F70093F7070FBA97B29783C790
:1072740007001356C501A206C207BE96120693570D
:107284008501BD8B32973E9703450700AE96620594
:10729400369582801D71A2CCA6CACAC82A84AE843F
:1072A400328997D502009385E5D01306C0034800C0
:1072B40086CECEC6D2C4D6C2DAC0EFE0DF8C930746
:1072C400000C6307F90A930700106306F90A930791
:1072D40000086315F9081149A94922850147834724
:1072E40005000346150093162700E2074206D18FD6
:1072F40003463500A6960507D18F034625001105E0
:107304002206D18F9CC2E31C27FD9317290085090F
:107314003384F4008A09B304F0404A8B194A914A31
:10732400B3672B030325C4FFB1EB93178500618179
:107334005D8D01379307FBFFB3C727038A07938744
:1073440007048A9783A747FC3D8DB30794009C43A9
:10735400050BA98F1CC01104E3143BFDF6406644E1
:10736400D6444649B649264A964A064B2561828048
:107374001949B1499DB72149B94985B7E3572AFD50
:10738400E39557FD7D35D1B79C418346050013D75E
:107394008701358F834645002300E50013D7070195
:1073A400358F834685002302E50013D78700358F88
:1073B4002304E5000347C50083461500B98F23065F
:1073C400F500DC4113D78701358F83465500A300B0
:1073D400E50013D70701358F83469500A302E50026
:1073E40013D78700358FA304E5000347D5008346F0
:1073F4002500B98FA306F5009C4513D78701358F67
:10740400834665002301E50013D70701358F8346C2
:10741400A5002303E50013D78700358F2305E50076
:107424000347E50083463500B98F2307F500DC45A3
:1074340013D78701358F83467500A301E50013D761
:107444000701358FA303E5008346B50013D78700F2
:10745400358FA305E5000347F500B98FA307F500B1
:1074640082800347050097D702009387E71D937630
:10747400F7001377070F3E9736970347070023005B
:10748400E500034715009376F7001377070F3E973F
:10749400369703470700A300E500034725009376CA
:1074A400F7001377070F3E9736970347070023012A
:1074B400E500034735009376F7001377070F3E97EF
:1074C400369703470700A301E50003474500937679
:1074D400F7001377070F3E973697034707002302F9
:1074E400E500034755009376F7001377070F3E979F
:1074F400369703470700A302E50003476500937628
:10750400F7001377070F3E973697034707002303C7
:10751400E500034775009376F7001377070F3E974E
:10752400369703470700A303E500034785009376D6
:10753400F7001377070F3E97369703470700230496
:10754400E500034795009376F7001377070F3E97FE
:10755400369703470700A304E5000347A500937685
:10756400F7001377070F3E97369703470700230565
:10757400E5000347B5009376F7001377070F3E97AE
:10758400369703470700A305E5000347C500937634
:10759400F7001377070F3E97369703470700230634
:1075A400E5000347D5009376F7001377070F3E975E
:1075B400369703470700A306E5000347E5009376E3
:1075C400F7001377070F3E97369703470700230703
:1075D400E5000347F5009376F7001377070FBA9792
:1075E400B69783C70700A307F500828003476500A9
:1075F40083477500A303E500034755002303E50013
:10760400034745002302F5008347B500A302E500C4
:1076140003479500A304F5008347A500A305E500EF
:10762400034785002304F5008347F5002305E5009F
:107634000347C500A307E5000347D5002306E5007B
:107644000347E5002307F500A306E500828083488D
:10765400050003484500194783458500B388E802BF
:107664008346C50097D702009387079E3308E80234
:10767400BE9803C65800B385E5023E98034338001C
:1076840033466600B386E602BE9503C3450033461F
:107694006600BE9603C32600334666002300C50079
:1076A4000343580003C628003346660003C335006D
:1076B4003346660003C34600334666002302C50012
:1076C4000343280003C648000348480033466600C5
:1076D40003C3550083C525003346660003C3360043
:1076E40083C65600334666002304C50003C638002B
:1076F4008348150033460601034855002D8EB38890
:10770400E80283459500B18E2306D5008346D50053
:107714003308E802BE9803C65800B385E5023E98D4
:107724000343380033466600B386E602BE9503C3BE
:10773400450033466600BE9603C326003346660002
:10774400A300C5000343580003C62800334666005F
:1077540003C335003346660003C346003346660060
:10776400A302C5000343280003C648000348480099
:107774003346660003C3550083C5250033466600BF
:1077840003C3360083C6560033466600A304C5000F
:1077940003C63800834825003346060103486500C4
:1077A4002D8EB388E8028345A500B18EA306D500CB
:1077B4008346E5003308E802BE9803C65800B38543
:1077C400E5023E980343380033466600B386E6027A
:1077D400BE9503C3450033466600BE9603C3260028
:1077E400334666002301C5000343580003C628003E
:1077F4003346660003C335003346660003C34600C0
:10780400334666002303C5000343280003C648002B
:107814003346660003C355003346660003C336008F
:107824000348480083C52500334666002305C50088
:1078340003C6380083C65600834835003346060124
:10784400034875002D8EB18EB388E8022307D50056
:107854008346B5008345F5003308E802BE9803C6A5
:107864005800B386E6023E98034338003346660068
:107874003387E502BE9603C3460033466600BA97D3
:1078840003C72700318FA301E5000346580003C74F
:107894002800318F03C63600318F03C64700318F6D
:1078A400A303E5000346280003C74800318F03C63D
:1078B400560083C62600318F03C6370083C757009E
:1078C400318FA305E5000346480003C73800318F14
:1078D400358FB98FA307F5008280797122D426D21F
:1078E4004AD006D64ECE834705002E84B2842300A8
:1078F400F100834715001309060A2302F1008347A8
:1079040025002304F100834735002306F100834753
:107914004500A300F10083475500A302F10083470B
:107924006500A304F10083477500A306F1008347B3
:1079340085002301F100834795002303F100834769
:10794400A5002305F1008347B5002307F100834711
:10795400C500A301F1008347D500A303F1008347C9
:10796400E500A305F1008347F500A307F1009307A1
:10797400000863DED71A9307000C9309060C63D43E
:10798400D71A9305060E0A8501340A8585310A85BE
:10799400C93C9385040D0A85C53A0A854D390A8583
:1079A400B1310A857D3C0A85CE85F93A0A8545318F
:1079B4000A852D390A8575349385040B0A85E932C5
:1079C4000A8571310A851D310A85613C0A85CA859B
:1079D400653A0A85AD390A8511390A855934938582
:1079E40004090A8555320A859D310A8501310A85C3
:1079F4008D3C938504080A85413A0A8589390A85AC
:107A0400F5360A85B93C938504070A85B53A0A8593
:107A14003D390A85E13E0A85A934938504060A8521
:107A2400A5320A852D310A85D1360A851D3C9385F8
:107A340004050A85913A0A8519390A85453E0A855D
:107A44000D34938504040A8581320A8509310A8537
:107A5400713E0A853934938504030A8535320A85D3
:107A6400FD360A8561360A85ED3A938504020A8556
:107A7400213A0A85E93E0A85953E0A85DD329385D9
:107A840004010A8511320A85D9360A8585360A85A4
:107A9400C93AA6850A85CD38834701002300F4003E
:107AA40083474100A300F400834781002301F400CD
:107AB4008347C100A301F400834711002302F400AB
:107AC40083475100A302F400834791002303F40089
:107AD4008347D100A303F400834721002304F40067
:107AE40083476100A304F4008347A1002305F40045
:107AF4008347E100A305F400834731002306F40023
:107B040083477100A306F4008347B1002307F40000
:107B14008347F100A307F400B2502254925402594F
:107B2400F24945618280CE850A85B93851B5CA8546
:107B34000A85EFF07F8545B52D71B7072000232610
:107B44003111232E1110232C8110232A9110232864
:107B540021112324411123225111232061119389DE
:107B6400F5FFF91763F6370301448320C111228519
:107B74000324811183244111032901118329C11094
:107B8400032A8110832A4110032B0110156182807E
:107B940093F7F500AE84E9FB2A8A79D53689E9D6CC
:107BA4000545B28A2E8BEFB0E2002A8455DD130618
:107BB400001081450A85EFD07FFE4A851306000830
:107BC4008A85EFF02FED0149B305240133052A011D
:107BD400930600080A8641090933E36799FEA299CE
:107BE40003C70900BD469307F7FF93F7F70F63E058
:107BF400F602B30794003E8683C6F7FF6399E60056
:107C0400FD17B306F640E3E9E6FE338BE44023A018
:107C14006A01A1BF411122C406C62A84EF60900400
:107C24001307F5FFF55763EBE700018D3335A0002B
:107C34003305A040B2402244410182800145DDBFAA
:107C4400397122DC26DA2E84AA84AA85414613855A
:107C540001E506DEEFD03FF31306B4FE938554012D
:107C640013848191080810C0EFD0FFF14D469D4563
:107C7400138501E6EF60E06A10400C08138501E605
:107C840032C6EFB0A232324601CD0C08138501E6AC
:107C9400EFD07FEF4D469D45138501E6EF60605FB1
:107CA4006254F250D254854717670120A30EF7A8F7
:107CB4000546E94517650120130515A921616F6083
:107CC400405D411122C441641305F4FF938501E131
:107CD40006C6EFF0F0171305F4FF938501E0EFF00B
:107CE40030171305F4FF938501DFEFF070169385C9
:107CF40001E21305F4FFEFF0B015171500001305AA
:107D0400C5C0EF1011012244B24097D6FF1F9386DD
:107D140066EB41469305100217D5FF1F130545EB8B
:107D240041016FF0F008797126D24ECE52CCB68460
:107D34002E8ABA8981460147ED4522D44AD006D617
:107D44002A8932842315C100EFC0505C2AC621CD94
:107D54002286D28597A0FF1FE780A096CE854A850C
:107D6400EFD010690589494415C1920497D7FF1FC4
:107D7400938707E6A69783D7A70001462C004A8578
:107D84002314F100EFE0F02C2A8409C5ED45280006
:107D9400EFD0E01BB2502285225492540259F2498A
:107DA400624A456182805544F5B7011122CC26CA46
:107DB4004AC84EC652C456C25AC006CEAA842E8998
:107DC400B2890D44138A01E1894A514B03D6090053
:107DD4005287A546CA852685B9370DC59307B5FED2
:107DE40093F7F70F63EEFA0005651305853897904E
:107DF400FF1FE78060067D141374F40F61F819A067
:107E0400E31B65FFF2406244D2444249B249224A2C
:107E1400924A024B056182800111054693051008C0
:107E2400680006CE22CC26CAEF60A04F17D4FF1FED
:107E34001304C4D79384019FEF40E068A301A40016
:107E440003C554001181EF3040732302A40003C51D
:107E540054003D89EF306072A302A40003C54400BE
:107E64001181EF3080712303A40003C544003D89D0
:107E7400EF30A070A303A40003C534001181EF30D8
:107E8400C06F2304A40003C534003D89EF30E06EC5
:107E9400A304A40003C524001181EF30006E230560
:107EA400A40003C524003D89EF30206DA305A40080
:107EB40003C514001181EF30406C2306A40003C5F0
:107EC40014003D89EF30606BA306A40003C50400D1
:107ED4001181EF30806A2307A40003C5040097646E
:107EE40001209384A4853D89EF30206983C7540120
:107EF400A307A400130661008583938717029305E3
:107F04005100130580252308F400EF30A06883474F
:107F140051008345C1000145A308F4008347610073
:107F24002309F40093070002A309F400EF30406B27
:107F340083C6E401230AA40005479307100463845D
:107F4400E60093072004A30AF40093075004230BCC
:107F5400F400EF6020517D15755793071003637487
:107F6400A70093070003A30BF400834714010946F9
:107F74009305F0072386F192834724012800A38503
:107F8400F192834724002385F192EF6080390347FF
:107F94008100830751006318F700034791008307AA
:107FA40061006307F7021306F00F9305F00F014514
:107FB400EF5040258347510009469305F0072304F9
:107FC400F100834761002800A304F100EF60602CF6
:107FD400854713067100854513055030A303F1004E
:107FE400EF60D25D17D6FF1F130646BCE1451305AB
:107FF4007030EF60B25C17D6FF1F1306A6B9D545E3
:1080040013056030EF60925BF2406244D244056134
:108014008280411106C60547AA85930700056304BB
:10802400E5009307000417D6FF1F130626B817555B
:10803400012003450572230AF600EF30605A17D673
:10804400FF1F1306A6B6230AA600B240E145130596
:10805400703041016F6092569757012083C7576F64
:10806400858317D6FF1F130666B493871702E1456D
:10807400130570302308F6006F605254828001119A
:10808400054668009305100806CEEF6080298345F5
:10809400C100175501200345C56BEF30605417D656
:1080A400FF1F1306A6B0230AA600E145130570308E
:1080B400EF60D250F2400561828039714ED65ECEB7
:1080C40006DE22DC26DA4AD852D456D25AD0AA8BFB
:1080D400AE89EF10204A51E9EF10004B59E583C7F0
:1080E4000B001307300493F6B70F6386E6001307FB
:1080F4005004639CE70603C71B0093070004631640
:10810400F70603C72B00930710026310F70603C793
:108114003B0093073002631AF704175B0120130B2B
:10812400EB6103470B0285476301F704834A0B00A5
:10813400639D0A02354693053008138501DEEF601E
:10814400401E05469305000913850191EF60601DEB
:10815400138A019183470A006399370D4E869385EC
:1081640001DE5E85EFA0B22669E1F2506254D2547A
:108174004259B259225A925A025BF24B21618280CF
:10818400B385FB0083C605006383E6188507E3E92E
:1081940037FF0145EFF01FA869F991449307500296
:1081A40063E93409CE84F114F9CC8547639BF40860
:1081B40003C44B0001491304F4FD1374F40F4E86F9
:1081C400DE85138501DEEFD01F9C3546930530080C
:1081D400138501DE23003A01EF60A00B05469305E9
:1081E400000913850191EF60C00A83C70B001307D0
:1081F40070046391E70A8D47E399F4F699472309DC
:10820400FB00930710066383FA0893072006638133
:10821400FA0893073004E39AFAF48D47A307FB00A6
:10822400230A8B00A3092B01B5A891471307500219
:10823400B9BF33879B0003470700E306F7F68504BD
:1082440085B78947639FF40003C44B0003C95B00EF
:108254001304F4FD1309F9FD1374F40F1379F90FE2
:10826400B9BF8D47E393F4F003C44B0003C95B002B
:1082740083CA6B001304F4FD1309F9FD1374F40F9E
:108284001379F90F2DBF0149014415BF854779B70B
:10829400894769B7130730046395E70495E48D476C
:1082A4002309FB006254F250D2544259B259225A63
:1082B400925A025BF24B03C5719E1306800C930520
:1082C400000221616F70006A85476398F40091474A
:1082D4002309FB00230A8B00F1B791472309FB0014
:1082E40081B713075004E39FE7FA91E497570120FD
:1082F400238F074445BF85476395F40023099B00FA
:10830400D1BF8947E393F4E623099B0011BF138788
:10831400F9FFB307F7401147E379F7E415468505FC
:108324002800EFD05F86014581479305D0041306EA
:10833400E004954638003E97030707001307F7FC4F
:108344001378F70FE3E305E33305C50285073A9590
:10835400E392D7FE81B5411106C622C426C2EF10AE
:108364006021631A0512EF10202263160512EF1024
:10837400E022175401201304643C03472401994765
:10838400631BF7049757012023A6073A930720108D
:108394008544231CF40023089400EF409033130514
:1083A40020039790FF1FE78020AB834534010345EA
:1083B40044010546EF50E00CFD576313F50C975745
:1083C4000120238D0736130520039790FF1FE780B4
:1083D400A0A8EF4050308347240181EF1306F00F2B
:1083E4009305F00F0145EF40F06197570120238773
:1083F40007340347240185476310F702834544018A
:108404001306F00F0545EF4030738345440113060E
:10841400F00F0545EF40105F0347240189476310BF
:10842400F70203463401834544010945EF40D07007
:1084340003463401834544010945EF40B05C0347DA
:1084440024018D476317F700014681450D45EF4030
:10845400B06E0347240191476319F7008345440133
:108464001306F00F1145EF40306D2244B2409244A0
:1084740003C5719E1306401FC14541016F70804EB4
:108484008347440103473401A3089400A309F4007B
:10849400230AE4000DBFB240224492444101828089
:1084A400411106C6EF10201FB2402384019223A27B
:1084B4000192238B0190A38A019041016F20E0690E
:1084C400011122CC26CA938701E406CE03C6E70035
:1084D40083C5F7008946AA84EF40B020FD572A845B
:1084E4006318F502A94705466C00138701E1A54608
:1084F40026852306F100EFF01F831306401FC145B4
:1085040003C5719E97570120238A0722EF70804587
:10851400F24022856244D2440561828001111757DA
:108524000120232F072022CC26CA975701209387A6
:10853400E72006CE05472398E7001307000598DBDC
:10854400175701202328071E175701202302071E4F
:10855400138401E40947975401209384641D98C44B
:10856400034704002AC6238CE700584098C797574E
:108574000120A381071E9757012023A5071EEF4062
:1085840050158347040032459DE303451400894593
:1085940071153335A0002380A400EF50105EEF4026
:1085A400B0420145F2406244D24405618280093FF1
:1085B400AA877D55E3C807FE2380F400CDB79D4705
:1085C40063EFC70085473396C7001375D60A930730
:1085D40010040DE1137626059307200401EE1755C8
:1085E4000120034595160946930710046314C5003A
:1085F4009307200419462310C7001307300423806F
:10860400E6001307F004A380E60013074004238167
:10861400E60013075004A381E6002382F600A38238
:10862400B600828083D7A50017C7FF1F0357E75AF8
:108634000111998FC20722CC26CA06CE4AC8C1832B
:108644006547B28436846380E706130700026386B5
:10865400E7065D476390E7049755012083C5150F2E
:10866400FD1513076100340003C611E493B515002A
:10867400231301000149A13781CC19C803596100B2
:10868400994763E027034A862C002685EFD0AFCFB5
:1086940023102401F2406244D24442490145056159
:1086A40082800149F5B79757012083A7270C2380BF
:1086B400F40085472310F400F1BF05469305100824
:1086C400280023040100EF50D04583478100FD17A3
:1086D40093B71700E9BF2390A192238FB190B2877B
:1086E40011E28547A38EF1908547238EF190828015
:1086F400797106D6231B010083C7C19199CB1387D7
:10870400D19183470700854663F8F600FD172300DF
:10871400F700B2504561828003D5019213076101CD
:10872400340803C6E19185452AC6238E0190A38EA1
:10873400019071353245130661012C08EFF0EFE624
:10874400C9BF238E0190A38E0190828093874191AB
:1087540003C7070035EB011106CE22CC0547238061
:10876400E7002A84F93FF14517C502001305052FD8
:1087740023130100EF60B060EF20203EA38A019034
:1087840097570120A38407FC9757012023AA07FACF
:108794009757012023A007FA238B0190A384019209
:1087A400EF406073130761003400228503C611E4AF
:1087B40091453135130661002C002285EFF0EFDE80
:1087C400F2406244056182808280797122D406D6A7
:1087D40026D24AD04ECE83C751912A849DE3D945EF
:1087E40017C5020013050526EF6070592285B93FAD
:1087F4007D59B25022549254F2494A850259456136
:1088040082802E8593150601C181EF20004D2A89AF
:1088140079F597540120938464F2DC40938901E450
:1088240003A749008507DCC0638AE700E373F7FC0C
:10883400F14517C502001305E51E7DB7EF208059E9
:1088440019C5E14517C502001305051C71BF238A2C
:1088540001909757012023A507EE854709479CC43B
:10886400975701209387C7EC98C703C7090009C726
:1088740003C50700EF40E06FA38A0190238B0190AA
:10888400A384019283C70900238CF400EF40A06401
:1088940083C519009757012023AE07E88547A388AD
:1088A400F4008D47638EF502914709466383F50012
:1088B400054622850D3585472384F19223A2019232
:1088C40083C71900856513064006F11793B717008F
:1088D4009385058003C5719EDCD4EF70A00811BF99
:1088E40099472313F100B7574445938737F43EC49F
:1088F40013066100930710142C0022852316F1003F
:10890400EFF0AFCAFDB5C167F9176300F506411171
:1089140006C622C48547639FF502253541641305C5
:10892400F4FF938501E1EFE0B0521305F4FF938562
:1089340001E0EFE0F0511305F4FF938501DFEFE070
:1089440030511305F4FF2244B240938501E2410102
:108954006FE0105089476396F5008545EF00514458
:108964004DDDB2402244410182808280011113070F
:108974006100340003C611E4894506CE22CC2313DA
:1089840001002A842D39130661002C002285EFF0A2
:10899400CFC113052003EFE06FF2130661002C0032
:1089A4002285EFF08FC013052003EFE02FF11306AB
:1089B40061002C002285EFF04FBFF2406244056154
:1089C40082801D7186CEA2CCA6CACAC8CEC6D2C425
:1089D400D6C2DAC05EDE62DC66DA83CA850093FA48
:1089E4000A0263950A0497590120938929D585477A
:1089F400A38DF90003D4A50097C7FF1F83D7E71DF4
:108A04002A8A1D8C83C7E9014204AE8BB28436895D
:108A14003A8B418091EFF94763E7870EB717884A8D
:108A240093870708B3D78700858B99C3A14AEDA81C
:108A3400CD4763EA870CB717080093870708B3D7B5
:108A44008700858BA5C39387119103C7070039EB72
:108A5400054789462286914517C502001305C5DEE0
:108A64002380E700EF60F031A1464A86914517C59F
:108A740002001305E5DDEF60D030EF00502F2A86A9
:108A84008946914517C50200130505DDEF60702F77
:108A9400894603C68192914517C50200130545DC3A
:108AA400EF60302EEF00102DEF00702C83C7819201
:108AB4005D8D1375F50F59CD31476305E4004D47BE
:108AC4006319E40A83A78180B9EF9387219103C7CF
:108AD400070031EB05472380E700EF0050292A8681
:108AE4008946A14517C50200130505D8EF60702912
:108AF400894603C68192A14517C50200130585D78F
:108B0400EF6030280DA0EF00F02659DD130794FE26
:108B140042074183A547E3E9E7F893075029B3D710
:108B2400E700858B85C3C54AF6406644D64446496A
:108B3400B649264A064BF25B625CD25C5685964A7D
:108B440025618280EF00B02283C781925D8D137509
:108B5400F50F35F5751442044180F547E3EE8706B9
:108B640017C70200130707DA0A043A941C40BA979D
:108B740082877514420441807547E36F870497C662
:108B840002009386A6DF0A043694184036970287BB
:108B94006644F640B649964A625CD25C5A87CA86F5
:108BA400064B46492686DE85D644F25B5285264A24
:108BB400854725616FD0C00817F6FFFF13068608A6
:108BC400CA85268597570120A38507B8EF20900909
:108BD400A1BFB14517C502001305C5F6238B01904B
:108BE400A389019023890190A3880190EF60301933
:108BF4004A86A6851385E1E7EFC0FFF835B781CF34
:108C0400138741921C4381CBFD171CC3E39E07F0DD
:108C1400238B019011BF938B319183C70B00E39594
:108C240007F0938C919203C70C0085476313F702F6
:108C3400938601E37008CA852685EFE0FFEF2A8456
:108C44001DE1CD4517C50200130585EEEF60301315
:108C5400F1BB4A85EF90B2764ACE2A847DD14A860A
:108C6400A685EFC05FF2138C619183470C007246B6
:108C740063920736BD47630FF60C8547B14517C5A8
:108C840002001305E5E92380FB00EF60500FA146C5
:108C94004A86AD4517C50200130585BEEF60700E08
:108CA4007246A146AD4517C50200130525BEEF6007
:108CB400500DA1465A86AD4517C502001305C5BD22
:108CC400EF60300C03C60C008946AD4517C50200A1
:108CD400130545BDEF60F00A724619C2034604004D
:108CE4008946A94517C50200130585BCEF607009C4
:108CF40072478547014663F4E7000346140089463A
:108D0400A94517C50200130565BBEF6090077247BC
:108D1400AD47014663F4E7000346B4008946AD4518
:108D240017C50200130545BAEF60B0057247BD4789
:108D3400014663F4E7000346F4008946AD4517C5D0
:108D44000200130525B9EF60D0032285EF90B267C6
:108D5400B54AD9BB83C7819203491400D9CB834751
:108D640024000347340093844192E2074207D98FD9
:108D740003475400E14517C502001305A5D8D98F50
:108D840003474400231C01002207D98F9CC0EF60D5
:108D9400007F9040A146D14517C50200130545B494
:108DA400EF60207E9C4038081410B337F0004A86E8
:108DB4008D4552852300FC00EFF07F8030080C10B5
:108DC4005285EFE09FFE13052003EFE02FAF30083C
:108DD4000C105285EFE07FFD13052003EFE00FAE8A
:108DE40030080C105285EFE05FFC2285EF90B25DF5
:108DF40025BB83470400938401E4A38024012380DA
:108E0400F400630709009307D9FF93F7D70FA9E785
:108E14008547A387F9008347240003473400034BA5
:108E2400B400E2074207D98F03475400D98F0347A0
:108E340044002207D98FDCC005476301EB04D14508
:108E440017C50200130585CAEF6060732285EF9091
:108E54009257930A0008C9B985476307F9009377C5
:108E6400D90F11476394E700894765B789476305BC
:108E7400F9009D47E311F9FA8D4761BF99E7E14590
:108E840017C502001305C5C4C1B70349640083476D
:108E94007400834CE4006209C2073369F900834714
:108EA40094003369F90083478400A2073369F90009
:108EB40023A42401EF50005B1307F5FFF55763FF6C
:108EC400E70663956C014A85EF5060568347A4001A
:108ED40013898180B1452386F4008347B40017C504
:108EE4000200130525BCA386F4008347C40023872E
:108EF400F4000347D400238AF90083A7C181232007
:108F0400F900A387E400A389E900EF604067034602
:108F140009008946A54517C502001305E59DEF60C4
:108F240040660329090063110906A389019083C7D8
:108F340004008DCB85472380FB0009BF6317A9007C
:108F4400E3960CF8EF50205551B7E14517C50200E0
:108F5400130545B6EF60A062528523006C01EFF063
:108F6400FFA061B583C514008947E3E5B7FCD4408D
:108F740003C6F9005285EF0020744DFDEF40C02474
:108F840085472300FC0095B58547E311F9ECEF0014
:108F9400E0605285EFF08FD8FD57631DF500D94589
:108FA40017C50200130585AEEF60605D2285EF9062
:108FB4009241ADBC1745012003458577238A019072
:108FC400EF10D03A09C55285EFF04FF8C5B7A38A20
:108FD40021917DB783A7818089EFC167E37CF6F493
:108FE40093150601C1812285EF00500CE30F05DEC5
:108FF40091B7A2855285EFF04FFDE30805DEB9B5C0
:10900400712B8547CA8526852387F900EF501020E8
:1090140021BE69239547138401E42300F400974794
:10902400012023A9077093071010054BCA852685D4
:10903400239CF90023886901EFE02F8803C704000B
:10904400AD47631EF70803C73400A9476314F7004C
:10905400A387690103C73400AD476315F700894747
:10906400A387F90003C73400B1476318F7008D479D
:10907400A387F9009D472300F400EF40E014EF308C
:109084005065130520039780FF1FE780E0DC83C54C
:10909400140003C524000546EF40A03EFD57631BA2
:1090A400F506854705460C10138701DFED4652850A
:1090B4002300F102EFE03FC71306401FC14503C57B
:1090C400719E97470120238B0766EF60B009130553
:1090D40020039780FF1FE78020D8EF30D05F03C7BD
:1090E4000400B147E312F7A485476319F902130694
:1090F400F00F9305F00F0145EF40C0109747012092
:10910400238E07621306401FC14503C5719EEF609D
:10911400700519BC8547A388F90055BF89476318B2
:10912400F90083C514001306F00F0545F1B78D4708
:10913400E316F9FC03C6240083C5140009456DBF7A
:10914400B129CA852685EFD05FF78D47A387F9003B
:1091540001468547814501452388F90017470120C9
:10916400232A075CA38CF900EF40A03175BAB757E6
:1091740044459387D7F43ECAB7574441938757046D
:109184003ECC95679387F7442316F10093070005B7
:109194002307F10091679387B7542318F1009307CD
:1091A40090052309F100B7574D459387479511461C
:1091B4004C0826853ECEEF90922151ED854723043D
:1091C400F100A14763F0270303C5540083C764007B
:1091D4006205C2075D8D83C784005D8D83C77400FB
:1091E400A2075D8DEFE01FA321C589472304F10089
:1091F400B75744459387D7F43ED0834781001387FC
:1092040001E289462302F10215460C105285EFE073
:109214009FB1130540069780FF1FE78040C51306E2
:10922400401F97470120238B075093050010F1BD81
:1092340083C7440081EF23040100EFE09FDD05466E
:10924400930510082800EF50C0045DB78547230438
:10925400F1000545DDB711462C082685EF9032173D
:109264004DE902D002D202D4231601029D4763F0D5
:10927400270303C5440083C754006205C2075D8DFC
:1092840083C774005D8D83C76400A2075D8DEFE022
:109294007F9811CDB7574441938757043ED08947EF
:1092A400A306F102138701E289463946B9BF054690
:1092B40093051008280023040100EF508006B757D7
:1092C4004441938757043ED083C7C1922302F102DD
:1092D40083C7B192A302F102834781002303F10201
:1092E400EF60E02F83C7A1922304F1028547A30412
:1092F400F10293070020A303A1022315F102EF500A
:1093040060167D151335E5FF2306A102A3060102AD
:1093140051BF0D466C002685EF90720B0DED03C70F
:109324003400930760041385440085456303F70004
:109334008145EF40E07595679387F7442310F10268
:10934400930700052301F102A301A102138701E29F
:10935400894611465DBD0D460C082685EF903207FF
:1093640015E98547B54517B5020013052571A38492
:10937400F1927519EF60A020938534004A86138515
:1093840001E3EFC05F809375F90F138501E3EF20CC
:10939400802941B511466C082685EF905203E31AE3
:1093A40005E6CA852685EFD05FD19147E3F327E729
:1093B40083C744000547E36EF7E41308F00F13076F
:1093C400F00F9306F00F1306F00F9305F00F13053B
:1093D400F00FEF50C00D35BDCA852685EFD0FFCD07
:1093E4006FF08FF403C581928280238B0190A38454
:1093F40001929747012023A507340111854706CE22
:1094040022CC26CA2313010017470120232CF7324C
:10941400A38A01901DE2C54517B502001305855DB9
:109424002384F19223A20192EF606015A388019036
:10943400F2406244D244056182809307F00F6318BE
:10944400F6006244F240D24405616FF08FAF2A8483
:10945400AE84EFF00FAF2686228513076100340037
:109464009145EFF0CF95130661002C002285EFE0C3
:10947400DF937DBF2167130707D0B377E502930617
:10948400803E3355E502B387D702B3D7E7023305ED
:10949400D5023E958280411122C406C62A84977063
:1094A400FF1FE780E0D663678500018DB240224448
:1094B40041018280B707C0A8818F3E95C5BF0111C5
:1094C40022CC06CE26CA4AC84EC652C4138401E929
:1094D4008347440491EB7D55F2406244D2444249AF
:1094E400B249224A056182802E89F5D5B28465D6B7
:1094F40083294401B299EF20707CE36E35FD8347E4
:10950400840497490120938969239DE38347640474
:10951400054A0545A387F900238849019747012097
:1095240023A20724A38C4901EF30E002230444055D
:1095340083476404A387F9009770FF1FE78040CD39
:10954400AA890146A6854A85EF30C062E34505F83D
:109554004E8591375C5823159400AA975CD85C48D3
:109564000145A6975CC81C4C85071CCCB5B703C540
:1095740041ED8280938701E903C5470483C79704BB
:109584005D8D3335A000828003C541ED828003C523
:10959400A1ED82808547A38DF1EC82804111A14524
:1095A40003C5418306C6EF60C064938701E9239431
:1095B40007042385070423820704B2404101828003
:1095C400011126CA06CE22CC4AC84EC652C4938480
:1095D40001E983C7940403CA440483C9840485EF5E
:1095E4002A842E8903C54183A145EF608060631CF2
:1095F4000A02238C01EC239A01EC23A801E823AA94
:1096040001E8638A09000145EF20F0748547174794
:109614000120230DF712F2406244D2444249B24978
:10962400224A05618280EF10C030238C01EC239A1A
:1096340001EC23A801E823AA01E8638A0900014593
:10964400EF2070718547174701202301F7109945D2
:1096540017B502001305055F894622869747012046
:10966400A386070EEF50F07103D5840083C57404FC
:10967400631409001304F00F22866244F240D244BA
:109684004249B249224A05616FF03FD6A38D01ECED
:1096940081450D4535B783C791ED91CFA38C01EC7E
:1096A400974701202384070AC14517B50200130513
:1096B40025736F50D06C8280011122CC4AC84EC6EB
:1096C40052C456C25AC006CE26CA138401E983473F
:1096D40044042A8BAE8A328AB68905499DE38347BE
:1096E4009404094999EFEFF0FFCF2A8945E163819A
:1096F400090A9307FAFF93F7F70F09476373F70013
:1097040015498344440483479404B334900099C3B3
:1097140093E42400EFF01FCD19C193E44400834780
:10972400840499C393E484006306090689464A863F
:10973400A14517B5020013056551EF5090648946A1
:109744002686A14517B5020013050551EF50706335
:10975400894652869D4517B502001305A550EF5062
:109764005062A1464E86954517B502001305055073
:10977400EF5030617D59F2406244D244B249224AEA
:10978400924A024B4A854249056182800D4995BF40
:10979400114985BF814517050000130585D2EF10D7
:1097A40020072A8915C189461D46A14517B502001F
:1097B4001305C549EF50F05C89462686A14517B5C7
:1097C4000200130565496DB74E86A146AD4517B530
:1097D40002001305254AEF50D05A239D01E823AA1D
:1097E40001E823A801E823A401EA23A201EA23A0B3
:1097F40001EA23A201EE23A001EE23AA01EE23A88D
:1098040001EE23A601EE23A401EE23A001F023AE72
:1098140001EE23AC01EE238C01EC238E01EC854791
:109824002305F4042312F40423146401A30354054C
:10983400230344052326340123AA01EA23AC01EAC5
:1098440023AE01EA23A001EC23A201EC23A401EC42
:1098540023A601EC23A801EC9770FF1FE780409B2F
:1098640017470120A30407EE17470120232C07EE16
:1098740017470120232607EC17470120232607EE6C
:1098840017470120231807EC97470120938707EB1C
:1098940048CC08D0130700050546A14503C54183FC
:1098A40023A4370198DBEF60E00BF1B5011122CC62
:1098B4004AC806CE26CA4EC652C456C2138401E90B
:1098C400834744042E89E9C72A8A630A05166388F4
:1098D4000516834754046396071683294400D56408
:1098E40093840440B387344163EFB7141C40CE978C
:1098F400B3F797029D8C63F39500AE8497CAFF1F5C
:10990400938ACAE73385FA002686D285EFC0AFA7CB
:1099140033069940B3059A005685EFC0CFA67C4C18
:10992400CA992322340163E237139770FF1FE7803B
:10993400208E1C48784848CC8507050778C81CC881
:109944000547639BE700A1464A86AD4517B502006B
:1099540013054536EF50F0421C48174701202321D8
:10996400F7DE5844639EE7008547A302F40497702A
:10997400FF1FE780E08948D00850EFF0DFB108D43A
:109984000546A14503C54183EF50D07D014579A823
:1099940005468347C404D9E385478946994517B5E5
:1099A40002001305E52D2306F404EF50903D5040CA
:1099B400A1469D4517B502001305052DEF50703CD7
:1099C400A1464A86994517B502001305652CEF5048
:1099D400503B1048A146954517B502001305C52B09
:1099E400EF50303A5044A146954517B5020013058F
:1099F400E527EF501039034654048946A14517B5AD
:109A040002001305E529EF50D037704CA1469D455F
:109A140017B5020013058529EF50B0368347440477
:109A240089C785450545EFF0BFB97D55F2406244CD
:109A3400D2444249B249224A924A05618280094687
:109A440089BF0D46B9B71146A9B7232E3405F1BD18
:109A54001D71A2CC86CE138401E9A6CACAC8CEC69B
:109A6400D2C4D6C2DAC05EDE62DC66DA6AD86ED6EA
:109A7400231F01009760FF1FE78080793C4C850716
:109A84003CCC8347440495C32A8A484CEFF0BFA0DA
:109A9400B7A70E009387076063F9A70283475404AE
:109AA4008DE785450D45EFF0BFB10145F6406644AD
:109AB400D6444649B649264A964A064BF25B625C4E
:109AC400D25C425DB25D25618280D569014D8144DD
:109AD40093890940C16A97CBFF1F938B2BCA094C0A
:109AE400854C0D4B1C405840B387F9406373F70015
:109AF400BA8763F1570793950701C181B1EF7C5091
:109B04005285EA977CD0EFF01F993C50AA973CD03D
:109B140063C1040E85476398F43A5C40F9EB8347CC
:109B240054044145C1D79760FF1FE780606EAA893E
:109B3400EF00B0592A894E85EFF0FF9508DC6309E0
:109B4400090E89461376F90F994517B502001305D6
:109B54002518C9A09385FAFF2EC69760FF1FE780DA
:109B6400206B3C48AA8D0840B24585071306E101E5
:109B74005E953CC803294403EF00105E3C54035730
:109B8400E101AA84BA973CD4631585017C54850706
:109B94007CD401E73C5885073CD86E85EFF0BF8F35
:109BA4005C545858AA975CD43C40B306274163F3ED
:109BB400A70028C06369D5001C583E993309E940C1
:109BC4002A99232824030357E1011C40050D137D22
:109BD400FD0FBA97B3F737031CC05C40998F5CC084
:109BE400E3CF04F0E38D94F119DB91D8E31C6DEF1E
:109BF40039B7894613F6F40F954517B502001305D6
:109C0400250CEF5010185040A1469D4517B5020091
:109C140013058507EF50F0165048A146994517B52E
:109C240002001305650AEF50D01585451145A5BD01
:109C340083294401EF209008E395A9F003476404C5
:109C4400238A01EC97470120938747AF0145A387F7
:109C5400E700A38C9700A3889700A3049404EF2043
:109C6400900F83457404035584000546EFE0BFA6B6
:109C74009760FF1FE780C0592AC6EF20102732459E
:109C8400EFF07F8148DCB14517B502001305451498
:109C9400EF50F00E89460146954517B502001305AD
:109CA400E5C5EF50100E034664048946954517B583
:109CB400020013056502EF50D00C0854EFF08FFB3F
:109CC4002A86A146954517B5020013056501EF5094
:109CD400500B4854EFF00FFA2A86A146A94517B550
:109CE400020013056500EF50D0090858EFF08FF813
:109CF4002A86A146A54517B502001305A5FFEF5016
:109D040050082840EFF00FF72A86A1469D4517B565
:109D140002001305E5FEEF50D006085CEFF08FF566
:109D24002A86A146A54517B502001305E5FDEF50A7
:109D340050054858EFF00FF42A86A146994517B507
:109D44000200130525FDEF50D003485CEFF08FF2BD
:109D54002A86A146994517B50200130525FCEF5044
:109D640050020850EFF02FF3EFF0CFF02A86A1460F
:109D74009D4517B502001305E5FAEF5090004850D1
:109D8400EFF06FF1EFF00FEF2A86A146A14517B56A
:109D940002001305A5F9EF50C07E3048A1469D4549
:109DA40017B50200130545F9EF50A07D3054A146C4
:109DB400994517B502001305A5F8EF50807C70543F
:109DC400A146994517B50200130505F8EF50607BCD
:109DD4003058A146994517B50200130565F7EF50B1
:109DE400407A7048A146994517B502001305C5F697
:109DF400EF502079304CA146994517B50200130560
:109E040025F6EF5000787050A146A14517B5020021
:109E1400130585F5EF50E076304C01C67C5033D6FF
:109E2400C702A146994517B502001305A5F4EF50E2
:109E34004075704CA1469D4517B50200130505F405
:109E4400EF5020742850EFF0EFE22A86A1469D459A
:109E540017B50200130505F3EF50A0720566A1467D
:109E64007D16A94517B50200130545F2EF50607140
:109E7400A94517B502001305E5F4EF504070104CE6
:109E8400A146994517B50200130505F1EF50606F1F
:109E94005048A146A94517B50200130565F0EF50D7
:109EA400406E0356A400A146A54517B5020013054C
:109EB400E5EFEF50006D83457404035584000146BB
:109EC400EFF0AFD2DDB685E0834754048DC35C4028
:109ED4000545E39D07BCA54517B502001305C5ED6F
:109EE400EF50E06999B389470545E381F4BC5C40D0
:109EF4004145E38D07BA054555BE171701201307E1
:109F0400E7C78347C70063F5A7000356470011E678
:109F140033B5A70013451500828014437D1693853D
:109F240016000CC383C606000C472312C700B39661
:109F3400F600CD8EA10714C72306F700D9B79717EB
:109F440001209387A7C3944733D7A60098C703C7B4
:109F5400C700098F2386E700FD57B397A70093C76F
:109F6400F7FF33F5D700828097370120938707C125
:109F740003D6670419EE97370120239407C40145DB
:109F8400828097370120239E07C20145B2404101D8
:109F9400828003A7877419E37D55828003A5C77463
:109FA400411106C6972501209385A5C1029771D951
:109FB4007D55E9BF97170120938747BCD45BB8430D
:109FC40063E4E6007D55828017260120130606BB54
:109FD400035746048506D4DBB385E700050752071B
:109FE40051832312E604D857C1662382A5042A9715
:109FF400C11663F5E600C176BD063697945BD8D7E3
:10A004003697C166C11663F5E600C176BD0636977C
:10A0140098DB8C5FD85FE3F7E5FA973601209386E7
:10A02400E6B503D7660485058CDF130617004206E0
:10A0340041822393C6043E97856636972303A7047B
:10A04400FD1601456313D60005B78280797126D2C7
:10A054004AD0B2842E891306002E814522D406D616
:10A064002A84EFB0BFB3814601473D46939706016A
:10A07400C18363E2970431C703562400894763E22E
:10A08400C704130524008A85814781463D488548D5
:10A094002310D5042391D500B296C2062310F502ED
:10A0A400C1826312070581461396060141826360EB
:10A0B4009606014501A8B307D90083C70700637951
:10A0C400F6007D55B2502254925402594561828063
:10A0D40089CB8607A29703D7070005072390E700DB
:10A0E4000547850661B70356050005073393E80065
:10A0F400B297C207C183035625008607C207C183EE
:10A10400338EC70009058905E374C3F95DBFB3073E
:10A11400D90003C7070015C306079307070233874F
:10A124002700835707FE9385170093870703860745
:10A13400A2972310B7FE2390C7008506B5B79737BB
:10A14400012083C727B8A1CF411126C2971401204B
:10A154009384C4A222C403D4440197350120938577
:10A1640065A6173501201305E5B9228606C6F93D13
:10A174000DE1973501209385E5A4A295224403D6E9
:10A184006401B2409244173501201305A5E541014D
:10A1940075BDB240224492447D55410182807D5573
:10A1A400828001114EC6AA893D454AC806CE22CCFA
:10A1B40026CA52C456C22E89EFF03FD421CD138A49
:10A1C400290085448147C14A860713940701054540
:10A1D400EFF0FFD64180B367A40083560A02C2079A
:10A1E400C18363E2D70403560A003387D740635C14
:10A1F400C702938404028604CE9403D70400054561
:10A20400BA97958F938707038607BE9983D709006A
:10A214002310F900F2406244D2444249B249224A2E
:10A22400924A056182808504090AE39F54F97D55A9
:10A23400D5B7397122DC4AD84ED652D456D206DE6E
:10A2440026DA5AD05ECE1389D19217140120130452
:10A25400E492138A0193B54A97B90200938989B9A4
:10A264008347090091C7185C83270A006377F722A4
:10A274008347D40063E3FA1C8A07CE979C43CE97A6
:10A2840082878564138B0193972B0120938B0B8F0B
:10A29400FD1483574402034709006395074C9D4707
:10A2A400D9A097B40200938424BC096B0357A4017A
:10A2B40083578401636FF7244D46973501209385B6
:10A2C4006590173501201305E5D1EFF03FD86316EB
:10A2D40005168357440103576401BA97231EF400FB
:10A2E400971701202399078A971701202397078A34
:10A2F400971701202385078A9947B5A09384019372
:10A304008357240103470900639407180347E400B3
:10A31400854731CBB14781A84145EFF01FBE19E114
:10A32400014529AA2145EFF09FC1AA84131B050109
:10A334002145EFF0DFC0135B0B01BD882147DA87AD
:10A34400639DE40E135B4B0011476318EB0E137708
:10A35400F50FA207BA977D47B3F7E7021375050215
:10A36400C98FE1EF8547A306F400DDBD0D45EFF08D
:10A37400DFB85DD50545EFF09FBC2307A400094570
:10A38400EFF0FFBB1375F50F11ED8347C4001844BC
:10A3940093F677003357D700E19B2306F40018C4E3
:10A3A4008947D1B785476316F50A13060009A14505
:10A3B4001735012013050581EFB04FFE1306000782
:10A3C400A545173501201305E588EFB02FFD61463B
:10A3D4009D45173501201305E58EEFB02FFCB71707
:10A3E4000808173701201307678F938787801306A0
:10A3F4000012972501209385E57C1735012013056C
:10A4040065901CC35CC3EFF07FC405E9130600022A
:10A414009545172501201305E57AEFB02FF81306AB
:10A424000002972501209385E5791735012013054E
:10A4340065BBEFF0BFC1E30405E67D55F2506254FD
:10A44400D2544259B259225A925A025BF24B2161B8
:10A4540082808947E313F5FE914731B71305000263
:10A46400EFF0BFA9E30E05EA4145EFF05FAD231914
:10A47400A4004145EFF0BFAC83572401420541815C
:10A4840093C7F7FFC207C183E319F5FA8D47E1BD0E
:10A4940019C7185C9C406364F700094545B721451A
:10A4A400EFF0BFA5E30E05E62145EFF05FA91375B4
:10A4B400F50FEFF03FB051F183572401FD17231935
:10A4C400F4003DBD3945EFF05FA3E30B05E415450A
:10A4D400EFF0FFA613051510231AA4001545EFF09D
:10A4E4001FA60505231BA4001145EFF05FA5110568
:10A4F400231CA4001306001481451725012013050D
:10A50400656CEFB0AFE9970701202396076895477C
:10A5140099BD0D45EFF07F9EE30405E00D45EFF096
:10A524001FA28357A40113871700A69783C70700A8
:10A53400231DE400A297DA972384A70485BB03456F
:10A5440024023DC5EFF07F9BE30C05DC03452402A8
:10A5540083540402EFF0BF9E0357A401B387A40001
:10A56400C2078356C401C183BA97E3E8F6EC834576
:10A574003402C207C183014609656390E70219C228
:10A58400231DF40097070120238B07608357A40140
:10A59400E398D7CCEFF0BFBA79BD13061700229722
:10A5A4002A972304B7041317060141830546F1B71C
:10A5B4009305E100173501201305C5A2EFF07FBE16
:10A5C400E30005D6E34B05E68357E1003D476366A8
:10A5D400F7020357A401231FF40093061700231D59
:10A5E400D4002297896636972304F7040357A401FD
:10A5F4008357C401E316F7C671BF41476391E7026D
:10A604008357A401E38B07E28D472310F4028947A3
:10A614002301F4028357E401A301F402C1BF4547B7
:10A624006397E700B70703008D071CD0C1B74947FC
:10A63400E395E7E0B7070700AD07C5BF9305E10061
:10A64400172501201305056CEFF0BFB5E30A05CC0F
:10A65400E34505DE0355E1009307F00F63E9A70026
:10A664001375F50FEFF01F95E30C05BEF9B39307CF
:10A674000010E30DF5C89307D011E3E0A7DC130540
:10A68400F5EF420541811317150097B70200938730
:10A69400A786BA9783D707002317A1002312F402D1
:10A6A40097B7020093874783AA9783C707002304B9
:10A6B400F402A1474DB90345840211CDEFF0FF83A5
:10A6C400E30005C603458402EFF07F878357440205
:10A6D400AA972312F402A54779B19305E10017352F
:10A6E400012013052590EFF0DFABE30B05C2E34631
:10A6F40005D40357E100F547E3E1E7D493161700C7
:10A7040097A7020093878779B69783D70700231307
:10A71400F40297A7020093876776BA9783C7070066
:10A72400A304F402A94781B10345940211CDEFF0CB
:10A73400CFFCE30705BE03459402EFF05F80835727
:10A744006402AA972313F4020357640285669307ED
:10A75400F7FFC207C183E3F2D7CE5C58E3EFE7CC3F
:10A76400AD4711B111C7185C83270B00E377F7D20B
:10A7740083D74B0403576402998FE58FC207C183C3
:10A78400A29703C54704EFF0FF82E31805CA835775
:10A794004402FD172312F402EDBC8347C40018449D
:10A7A4001305000293F677003357D700E19B18C4D2
:10A7B4002306F400EFF06FF4E30405B64145EFF02F
:10A7C4000FF8AA844145EFF08FF718585C54B70688
:10A7D40000014207938606F05D8F93978400F58FFE
:10A7E400931685004205C2044181C1802181A18064
:10A7F400C98EC58FC206C207C182D58FE31FF7C2B7
:10A80400B54795B683574400E39907C205453DB162
:10A81400411126C2AA844AC006C622C42E89EF105A
:10A82400F049A1C42A847D551DC897070120938748
:10A83400E73409661306067581453E85EFB00FB609
:10A84400A386019217270120130747332324977403
:10A8540023262775054758D540DD20C10145B24060
:10A86400224492440249410182807D55CDBF21CDCD
:10A87400B9C9411122C406C61704012013040430C7
:10A884008347D4000547CD1793F7F70F6378F70292
:10A8940008C02312B400EFF0DF996347050005C137
:10A8A40083574400014581CFC54517A50200130510
:10A8B400655AEF40D04CB947A306F4007D55B24029
:10A8C4002244410182807D558280411122C406C602
:10A8D400170401201304842A0347D400B947631AD8
:10A8E400F702105CA146C14517A5020013050554E3
:10A8F400EF40304917A5020013058554CD45EF40BC
:10A904001048B947A306F4007D55B24022444101E2
:10A914008280EFF01F928547E315F5FC034704019D
:10A924001C5C61F3585CE31EF7FAEFF0EFE371DDB2
:10A934004DBF9707012093876724096641111306C9
:10A94400067581453E8506C6EFB04FA53947A30677
:10A95400E500B2404101828051CA411122C44AC07B
:10A9640006C626C2AA872E84328919E17D55ADE92F
:10A97400970401209384842083C6D40039477D55ED
:10A984006380E6062310090085669CC01387F6FFE2
:10A994009727012083D7E72223928400B307F74047
:10A9A40063E3D700BA87985CBA9723A8F1928547E6
:10A9B400A386F192EFF0FF87A386019283D7440028
:10A9C4001D8C231089009707012023A9071A9707D4
:10A9D40001202397071A63550500B947A386F4009D
:10A9E400B240224492440249410182807D558280D2
:10A9F4002167130707D0B377E5029306803E3355EA
:10AA0400E502B387D702B3D7E7023305D5023E95F3
:10AA14008280411122C406C62A849750FF1FE78012
:10AA2400207F63678500018DB2402244410182800A
:10AA3400B707C0A8818F3E95C5BF4111C94517A569
:10AA440002001305656006C6EF407033A14603D6C5
:10AA54004193B14517A502001305C54DEF4070326F
:10AA6400B2401736012003266696A146AD4517A5C8
:10AA740002001305254D41016F40B030011122CC75
:10AA840026CA4EC606CE4AC82A849750FF1FE780BE
:10AA94002078AA8497390120938949833DC4937708
:10AAA400F400A5E79387C19498439306002F050704
:10AAB40098C383C78910B387D702A297A20723A29A
:10AAC400F19485466314D70023A4F1949750FF1F93
:10AAD400E78000742A8903C589101306C00BA28578
:10AAE400EF10205B19C9239A81927D55F24062448C
:10AAF400D2444249B249056182804A85EFF07FF130
:10AB04001387C1931C43AA971CC39750FF1FE78068
:10AB1400207083C589102A899306C00B22861725C5
:10AB240001201305A57AEF10405855FD4A85EFF032
:10AB34005FEE138781931C43AA9726851CC3EFF00D
:10AB44005FED138701961C43AA971CC31387C19515
:10AB54001C43014585071CC351BF972701209387D8
:10AB6400E776A3840710239207108280011106CE92
:10AB740022CC4EC626CA4AC852C42A849750FF1F04
:10AB8400E7800069AA89D13FB14517A502001305E2
:10AB94006552EF40D01ED14763FC8702C94517A513
:10ABA40002001305E54FEF40901DA1462286B145F2
:10ABB40017A502001305C539EF40B01C7D59F240BA
:10ABC4006244D244B249224A4A854249056182809C
:10ABD4009727012023AC077EC16797240120938423
:10ABE400E46E23A2F41023AE019423A0019623ACB7
:10ABF400019223AE019223A00194239A01928547E6
:10AC040023A6F194B7F70200B307F402138A8194E0
:10AC14002384841023A2F1942320FA009750FF1F69
:10AC2400E780005F2A891306C00B81452285EF1057
:10AC340040460DC1C94517A5020013052545EF403F
:10AC4400101403260A00A146C14517A502001305E6
:10AC540025319DB74A85EFF0DFDB23AEA192014693
:10AC6400A2852685EF20602701461307F00FC14710
:10AC7400B386C40083C606006399E6040506E31997
:10AC8400F6FE414401494E85EFF0BFD823A0A194BC
:10AC940063010904E14517A502001305653DEF4072
:10ACA400100EA1462286C14517A502001305852C66
:10ACB400EF40300D33868400034606008946C545BF
:10ACC40017A502001305452CC5BD1374F60F7D5955
:10ACD4005DBF8547A384F410DDB5011126CA06CEF5
:10ACE40022CC4AC84EC652C456C29724012093842B
:10ACF400E45D83C7941091CFAA8901CD2E8491C9B4
:10AD040003A70410B7F70200938707F0998F63F93C
:10AD1400B704C54517A5020013054534EF403006B6
:10AD240003C694108946B54517A5020013050527E7
:10AD3400EF40300503D66410A146B14517A50200C3
:10AD44001305451FEF40F003EFF03FE17D55F2405E
:10AD54006244D2444249B249224A924A05618280FD
:10AD64002E9723A0E410130A0010930A001003D5B1
:10AD74004410B307AA403E89C207C1836373F40039
:10AD84002289420913590901CE854A862695EFA0E6
:10AD94009FDF83D74410330424414204CA97C20777
:10ADA400C1832392F410CA9941806392570303D557
:10ADB4006410930715002393F410EFF03FCC01C502
:10ADC400EFF0BFC751B7972701202393076045F0E1
:10ADD4000145B5BF411122C406C626C24AC0172484
:10ADE40001201304A44E8347941091C70327041031
:10ADF400954763EBE700EFF05FD67D55B240224400
:10AE04009244024941018280035544100DC1130646
:10AE14000010098E9305F00F2295EFA03FD803553B
:10AE24006410EFF0BFC501C5EFF03FC1E9B7972447
:10AE3400012083A4A459EF1060682A891306000F27
:10AE44009305F00F1725012013054549EFA01FD5E1
:10AE5400B7675331938747A544C0014593C4F4FFB2
:10AE64001CC004C42326240197270120A384075669
:10AE7400EFF0DFC041D5EFF05FBC41B7797122D468
:10AE840006D626D24AD04ECE52CC56CA5AC85EC630
:10AE940062C466C223A8019423AA019423AC01943A
:10AEA40017240120130484428347941085C3FD545E
:10AEB400B25022540259F249624AD24A424BB24B2E
:10AEC400224C924C2685925445618280D1472A8A2D
:10AED400E3EFA7FCAE8A328B9750FF1FE780403325
:10AEE400AA840146D2852285EF10307F2685EFF0B3
:10AEF4005FB29389819583A7090013894195144012
:10AF0400AA9723A0F9008327090044401844850721
:10AF14002320F900B7675331938747A5832BC400D7
:10AF2400E397F6F893C7F4FFE393E7F8B7F7020063
:10AF34001387A4FF9387A7EFE3EBE7F6EF1000581E
:10AF4400E31775F7DA855685EFF09F8C2DF1854A66
:10AF5400930C0010138B0195A68B63F49C00930B48
:10AF640000109750FF1FE780A02A5686D2852A8CAE
:10AF74002285EF1090766285EFF0BFA983A70900C0
:10AF8400850AC20AAA9723A0F9008327090093DA45
:10AF94000A0185072320F9009750FF1FE780402707
:10AFA40093950B012A8CC1812285EFF05F8C01C53A
:10AFB400EFF03F98EDBD6285EFF0BFA583270B004E
:10AFC400B3847441AA972320FB00D9F4EFF0FF8FD8
:10AFD400AA84EFF01F96E39D04ECB14517A5020087
:10AFE40013058505EF40A05989460546A14517A5D7
:10AFF40002001305A5FBEF40C05803468410A14688
:10B004009D4517A50200130525FBEF408057A14677
:10B0140005469D4517A50200130585FAEF406056C5
:10B0240003468410B7F70200A1463306F6029D4595
:10B0340017A50200130545F913060610EF406054E6
:10B0440003A50196EFF0DF9A2A86A146954517A538
:10B0540002001305E5F7EF40C05203A50194EFF099
:10B064003F992A86A146954517A502001305C5F602
:10B07400EF40205103A5C193EFF09F972A86A14684
:10B08400994517A502001305A5F5EF40804F03A5C8
:10B094008193EFF0FF952A86A146954517A50200F6
:10B0A400130585F4EF40E04DA1460146954517A5EB
:10B0B40002001305E5F3EF40C04CA1460146954557
:10B0C40017A50200130545F3EF40A04BA14603A6C4
:10B0D400C195954517A50200130585F2EF40604A16
:10B0E400A14603A6C194954517A502001305C5F111
:10B0F400EF402049A14603A68194954517A5020077
:10B10400130505F1EF40E047A14603A64194954598
:10B1140017A50200130545F0EF40A04603A509005A
:10B12400EFF01F8D2A86A146954517A50200130549
:10B1340025EFEF40004503260900A146954517A5D4
:10B144000200130565EEEF40C04303250B00EFF04A
:10B154003F8A2A86A146954517A50200130545EDA9
:10B16400EF402042B1B383A7819689CB411106C633
:10B174008297B24023A2A196410182809387C1960F
:10B1840094431386160090C3972701209387C724FE
:10B19400B6972380A7008280011122CC26CA4AC810
:10B1A4004EC652C456C25AC006CE2A84AE84014941
:10B1B400138A81969389C196972A0120938ACA217A
:10B1C400138B4196631C9900F2406244D244424975
:10B1D400B249224A924A024B0561828083270A00BF
:10B1E40099C7228582972320AB000509E1BF83A775
:10B1F400090013871700D69723A0E900238087004E
:10B20400EDB7011122CC172401201304A4205C40C3
:10B21400184406CE26CA8907636FF70444440347DB
:10B2240014019D478504BA9463CC970483470400B2
:10B23400898B99CFA1479306F00F858FB397F600BA
:10B24400B3D6E64003470401F58FD98F2308F400F1
:10B25400A3089400034704009347F7FF898B659B79
:10B26400D98F2300F4009727012023A7071A9727D3
:10B27400012023A5071AF2406244D244056182806A
:10B2840093D534400DEF85476394F50603450400D8
:10B294007A057D851375F50FEFF0FFEC9D88A30803
:10B2A400940083470400B1CC898BA1CF2147058F3B
:10B2B4009307F00FB397E7002308F40061BF8347B7
:10B2C4000400FD15898B91CB9307F00FB3D7E740AA
:10B2D40003470401D98F2308F400034504012EC653
:10B2E400EFF07FE8B2458547E382F5FAE3D8B7FA91
:10B2F400034504007A057D851375F50FEFF0DFE94A
:10B3040071BF97270120238F0710A9B79727012022
:10B314009387471003C707009376170091EA060541
:10B32400098913651500719B598D2380A7008280BC
:10B33400937647001DE191EA136747002380E700F5
:10B344009727012023AE070C82809847050798C7EA
:10B35400D8470607D8C76FF0DFEA89E6D843050760
:10B36400D8C382809847050798C7D847060713674C
:10B374001700CDB7011126CA4AC84EC606CE22CC44
:10B3840052C4AA892E89814463CA2401F2406244CA
:10B39400D2444249B249224A05618280B387990066
:10B3A40003CA0700850413557A0013148A016184C3
:10B3B400EFF0DFF5135564400589EFF03FF51355C1
:10B3C40054400589EFF09FF4135544400589EFF08C
:10B3D400FFF3135534400589EFF05FF31355244010
:10B3E4000589EFF0BFF2058413751400EFF01FF226
:10B3F40013751A00EFF09FF141BF411122C406C634
:10B4040017240120130404018347140189C7034549
:10B414000401EFF05FD583470400B240E19B2300B1
:10B42400F40022449727012023A807FE9727012030
:10B4340023A607FE97270120239607FE4101828059
:10B4440063C3C5008280B307C5003307B50003C8D2
:10B454000700834607008505230007012380D700E2
:10B464007D16F9BF79714AD04ECE5AC82E89AA8961
:10B47400328B81451306C003172501201305C5F53A
:10B4840022D406D626D252CC56CA5EC662C4EFA0D7
:10B49400EFF023A6019623A4019689471304F9FF2C
:10B4A40063CF27034A86CE85172501201305C5F2ED
:10B4B400EFA06FED22868145172501201305C5F104
:10B4C400EFF01FF8B250225492540259F249624AE2
:10B4D400D24A424BB24B224C014545618280B3872C
:10B4E4008900228503CA0700EF70626D2286CE852B
:10B4F400AA84EFA04FE91306FAFF81452685EFF0F1
:10B504003FF41306E9FFD2852685EFF07FF3A947C0
:10B51400B34AF402B367F40291C3850A0149938BD9
:10B52400FAFF294C631F59012685EF70C269EFF0B9
:10B53400DFEC83A5C196172501201305E5E9029BDD
:10B5440051B7228A63832B01294A5285EF702267FF
:10B55400AA89528663530A000146B30589034E85BE
:10B5640005095914A695EFA00FE2D2854E85EFF098
:10B574007FE04E85EF70226575B725479377F50F09
:10B584006347A700138507036205618582801385DD
:10B594007703DDBF13074006B367E5029306300661
:10B5A4003345E5021307F0031305050362056185BE
:10B5B40063EDF600138767FF9306900563ECE600DE
:10B5C400938777051397870161872380A50023005C
:10B5D400E600828013070003EDDB93870703DDB7E2
:10B5E4000547AA876399E50013050005639BB70027
:10B5F400130580058280130500046394E700130596
:10B6040080048280930755001307250003C60700B2
:10B6140083460500FD172300C500A380D700050558
:10B62400E396E7FE82808147FD1563C3B7008280FD
:10B634003307B500B306F5000348070003C6060048
:10B644008507238006012300C700F9BF411122C4E6
:10B6540003C4850006C6137404022DEC83CE0500D2
:10B664000948639B0E0703A84500834E080003485E
:10B67400180022083368D801C16E137FD8FF851ED5
:10B68400630EDF018D679387279029446314F802C2
:10B694002244B240854741016FA0805A21E3054707
:10B6A4006390E604D845834606002300D70003A729
:10B6B400019811E7B2402285224441018280184357
:10B6C40075DBC8459387F1971D8D3335A0000605BA
:10B6D4000297CDB72144F9BF0544E9BF2D44D9BF32
:10B6E4003544C9BF411106C622C403C4850041883C
:10B6F40035EC3DEF03C7050089476315F706DC41C8
:10B70400328503C7070083C71700A207D98F416793
:10B71400130647FE638AC7006365F602FD07C20786
:10B72400C18305476362F70285472390F600DC4531
:10B7340083C707002300F500B2402285224441015B
:10B74400828015176386E700239006002944EDB72D
:10B75400CC4595472390F60015469760FF1FE78078
:10B7640040F6D9BF239006000544F9B72144E9B750
:10B774002D44D9B7C167F917630CF502411122C4EE
:10B7840006C685472A84639AF50022852244B2407E
:10B794009385819741016FB0B06B89476396F5003B
:10B7A4008545EFD0F05F75D1B240224441018280DB
:10B7B4008280411122C42A844165938581977D1535
:10B7C40006C6EFB0F068170500001305E5FA058812
:10B7D400EFD0305405C02244B2409796FF1F9386A1
:10B7E40026604146C5451795FF1F13052560410195
:10B7F4006FB0105CB240224401454101828009C50A
:10B8040023A0A19801458280454582801147636346
:10B81400A70897A602009386E68A0A05369518417A
:10B82400AE87B28536970287054761456397E7007F
:10B8340083470600A38FF196014582800547614541
:10B84400E39DE7FE83470600238FF196F5B705478E
:10B854006145E394E7FE83470600A38EF196E9BFB2
:10B8640005476145E39BE7FC83470600238EF19679
:10B87400E1B715476145E392E7FC41111385019750
:10B88400154606C69760FF1FE780A0E3B240014556
:10B8940041018280094582801147AA876368A70411
:10B8A40017A70200130747838A07BA979C432E857C
:10B8B400BA97828783C7F1972300F50001458280F8
:10B8C40083C7E197D5BF83C7D197FDB783C7C19716
:10B8D400E5B7411115469385019706C69760FF1F8A
:10B8E400E78020DEB2400145410182800945828023
:10B8F40011456FA02FE7411193962500AA852D4588
:10B9040006C69760FF1FE7808099B2400145410158
:10B914008280011122CC06CE3714004026CA4AC8C0
:10B924004EC652C483447405034AB405834984054E
:10B9340003499405EFA06FB48347A40593F4F40F6F
:10B94400137AFA0F93E71700230DF40493F9F90F10
:10B954001379F90FB717004003C7A705058B6DFFCF
:10B9640003D5C705A38D4705238C3705A38C27056D
:10B97400A38B9704F2406244D2444249B249224A1A
:10B984000561828041119397050122C406C626C22F
:10B99400C1872E8463D007029760FF1FE78060C9C8
:10B9A40019C1EF30F0542165218DB24022449244F4
:10B9B4004101828093F7150013C51500FDF78964D2
:10B9C400B3F795009DC3EFE0E11CEFF07FF237F68B
:10B9D4000200130606E0896503C58198EF3090786C
:10B9E400258C131504014181C9B7916733F5F5001E
:10B9F4004DDD33C4F500F5B72D71232A9110FD7484
:10BA0400E98C232C811023282111232631112A8427
:10BA1400AE893289930600100A86A6852D45232E09
:10BA240011109760FF1FE780808713154401498137
:10BA340013962900CA850A959760FF1FE78060C89E
:10BA4400A6858566014625459760FF1FE78020850A
:10BA54000A86A6859306001029459760FF1FE78094
:10BA640000848320C11103248111832441110329FB
:10BA740001118329C11015618280011183A70190EE
:10BA840006CE22CC26CABD8B2147639AE700EFF08D
:10BA9400BFF6F2406244D244014505618280B7F7A3
:10BAA4000700DC532A84B284BD8B939625006397E8
:10BAB400E7008567FD17F58F91C301A0A2850146B4
:10BAC400254536C69750FF1FE780607DB24626861F
:10BAD400A28529459750FF1FE780607C5DBF1D71DB
:10BAE4004946979502009385656017A502001305E2
:10BAF400E51F86CEA2CC9760FF1FE78020CE01E928
:10BB0400179502001305C55FEF70224701A0B7F730
:10BB140000E023A40700795798CB3D4798C30564F8
:10BB2400B7E700E023A087180F1000001777FF1F66
:10BB3400130707FB23A2E198130700F8A38AE74041
:10BB44001306C003814548089760FF1FE780E0BDE6
:10BB540097270120938787C23ECA89679387078006
:10BB6400231CF1009D673ECEB7070105938707109C
:10BB74003ED09307B00F2312F10285472303F1024D
:10BB840097070000938767D7BEC497070000938781
:10BB940007EFBEC69307B4D22314F10297B7FFFF91
:10BBA400938727343EDA970700009387C7D63EDE93
:10BBB400B7F50700970700009387C7D38146BEC037
:10BBC40070009757FF1F9387073AE10519453EDC3C
:10BBD4009750FF1FE780A06C19466C001305E10223
:10BBE400EF907FFA19466C001385019FEF90BFF91F
:10BBF400D24789C78357810163F3870001A04808AE
:10BC0400EF40402DAA8501C9179502001305855000
:10BC1400EF70022201A0F640664425618280411142
:10BC240017050000130545D606C622C4EF40E027D9
:10BC3400138481982300A4003128CD2803450400EF
:10BC44002244B24037F60200130606E0896541013A
:10BC54006F305051397106DE13078008F3370780BF
:10BC640093F787083EC20F100000B71700409305F2
:10BC740070052380B704130680FA2380C7040F10CD
:10BC8400000083C6F70293F6A60FA387D70223808A
:10BC940007049246F3A606800F100000733707804E
:10BCA400137787083AC40F1000002380B704238059
:10BCB400C7040F10000003C7F70213672700A38708
:10BCC400E70223800704A247F3A707800F100000B0
:10BCD4000545EFA0CF85EFF0BFC1814701478146FD
:10BCE400054685451305407EEFA04F89680013067D
:10BCF400400281459760FF1FE78020A3B707C0A8D3
:10BD04003ECAB787E803938707D03ECC9757FF1FF7
:10BD14009387671D3EC668009757FF1F9387271EAA
:10BD24003EC8EF40C047F2502161828001110545B1
:10BD340006CEEFA03FC213070003B71700402388C5
:10BD4400E70223A6019813078008F336078093F6C9
:10BD5400860836C40F100000930570052380B704CD
:10BD6400130680FA2380C7040F10000083C6E7007F
:10BD740093E686002387D70023800704A246F3A610
:10BD840006800F10000073370780137787083AC6C0
:10BD94000F1000002380B7042380C7040F10000095
:10BDA40003C7170313670702A388E7022380070466
:10BDB400B247F3A707800F100000F240B7E700E096
:10BDC4003707001023A0E71005618280411122C4C7
:10BDD40006C62A849740FF1FE78080436367850077
:10BDE400018DB240224441018280B707C0A8818FEF
:10BDF4003E95C5BF41118D451D4506C6EFA05FBBED
:10BE0400EFA0BFF60545EFA03FFAB2408D450565AA
:10BE140041016FA0DFC3411122C43714004026C280
:10BE240006C69307C40C856484C31945EFA05FFE5E
:10BE34001304840D04C0B240224492444101828020
:10BE4400411122C43714004006C626C29307C40C0D
:10BE5400856484C31545EFA0BFFBEFA0BFFD1304A9
:10BE6400840D04C0B24022449244410182800111F5
:10BE740022CC21644AC8130404D02A8933048902D9
:10BE840026CA52C456C206CE4EC65AC09740FF1F99
:10BE9400E78000389307803EAA8A1304743E335423
:10BEA400F402014AB7140040A3810404EFF05FF9DF
:10BEB400137B1500AA89050A63110B029384840D70
:10BEC40085679CC0F2406244D2444249B249224A46
:10BED400924A5A85024B056182805685EFF01FEF26
:10BEE400E36485FC85679384840D9CC0D1451795D4
:10BEF40002001305652CEF3080684E868946B545EF
:10BF04001795020013050523EF30A0675286A1465A
:10BF1400B145179502001305E522EF308066A1466E
:10BF24004A86B145179502001305C522EF306065B6
:10BF340051BF011106CE22CC26CA2A844AC8EFF08A
:10BF44009FEDEFF0FFEF93772500A9CBB7140040E6
:10BF54009387C40C056923A0270113050002EFA0F1
:10BF64003FEB135504011375F50FEFA07FEA13554A
:10BF740084001375F50FEFA0BFE91375F40FEFA05C
:10BF84003FE99384840D624423A02401F240D24407
:10BF940042491305803E05616FF07FED2AC6C14515
:10BFA400179502001305C522EF30605D32461795E0
:10BFB40002001305251B8946A545EF30805CF2403D
:10BFC4006244D24442490545056182804111B71754
:10BFD400004006C6056722C426C223A6E70C2A84AD
:10BFE40013050009EFA0DFE2135504011375F50FE3
:10BFF400EFA01FE2135584001375F50FEFA05FE166
:10C004001375F40FEFA0DFE085476317F402EFA088
:10C014007FE2AA84EFA01FE22A84220433659400FD
:10C02400B2402244B7170040056723ACE70C420531
:10C034009244418141018280EFA0DFDF2A84EFA096
:10C044007FDFAA84D9BF01114AC83719004006CE40
:10C0540022CC26CA4EC69307C90C856923A0370192
:10C064001305F009EFA0DFDAEFA0DFDC2A84EFA0EC
:10C074007FDCAA84A2044204EFA0DFDB458CF240FB
:10C08400418D6244232C390DD2444249B2490561A1
:10C09400828083C7019981EB3305A6020A052E9598
:10C0A40022056FF01FE90545828083C70199A5EB3E
:10C0B400411122C43384B60206C626C2AA840A04E5
:10C0C4003294EFF05FD5B7170040056723A6E70C5D
:10C0D40009452204EFA0DFD3135504011375F50FAE
:10C0E400EFA01FD321801375F40FEFA07FD2014579
:10C0F400EFA01FD21384041003C504008504EFA02D
:10C104003FD1E39B84FE2244B2409244B7170040DF
:10C11400056723ACE70C514541016FF05FD5054538
:10C124008280B386B602411106C6B7170040056780
:10C1340022C426C24AC023A6E70CAA848A06B29661
:10C144000D4513948600EFA0BFCC1355040113755D
:10C15400F50FEFA0FFCB21801375F40FEFA05FCB99
:10C164000145EFA0FFCA014413090010EFA09FCCC2
:10C17400B38784002380A7000504E31924FFB24099
:10C184002244B7170040056723ACE70C92440249E8
:10C1940041018280411191451305000406C6EFA0B8
:10C1A4003F81B71700409386870A9842B24093872D
:10C1B400870D1367070498C2056798C341018280FD
:10C1C400011106CE4EC622CC26CA4AC852C456C253
:10C1D40093891199EFF01FFCEFF0DFC183C70900C9
:10C1E400639C070C2945EFA07FEDA1462946B9457C
:10C1F400179502001305C5F7EF30A0389740FF1FCD
:10C20400E780000137298500096A2A845909B71A89
:10C214000040130AFA8FEFF01FE3AA84631E250B74
:10C224008547A1464A86B14517950200130545F591
:10C234002380F90023880198EF30A0342285EFF0A1
:10C24400FFB89307803E3306F502A167938707D0B2
:10C25400A146B94517950200130585F33356F60236
:10C26400EF30203283C70900A1EB8547D5451795E8
:10C2740002001305E5F22388F198EF304030A1461F
:10C284002686B14517950200130585EFEF30602F20
:10C294002285EFF0BFB39307803E3306F502A16712
:10C2A400938707D0A146B94517950200130545EEBB
:10C2B4003356F602EF30E02C0145EFF03FD1B717CB
:10C2C4000040A3810704F2406244D2444249B24987
:10C2D400224A924A05618280A3810A042285EFF0F2
:10C2E400FFAEE37AAAF2BDBFB7170040A3810704EB
:10C2F40005679387870D98C301456FF03FCD4206CC
:10C304009306C00B41826FF0DFE10145828015C5C1
:10C31400414718C51307002018C937070303854789
:10C32400130727102310F5002302F5002306F50058
:10C3340058C9230CF5000545828001458280896532
:10C34400938505711305800C6F0050284111130566
:10C35400A00A06C6A52A13059004492A1305500508
:10C364007122130500025922214549222545BD2A7F
:10C374006145AD2A0545992A1305F003852A01452F
:10C38400B1221305F0059D221305900685220D4563
:10C39400352A0145A12A13054005892A0145B922F8
:10C3A40013054004A12215451522130500043D2A56
:10C3B4007D452D2A7D451D2A1305C002052A1945F0
:10C3C40031221305F0061D227D450D225D45392AD3
:10C3D40013059004212A2145D5281305F006392296
:10C3E4007D4529227D4519221305200201221305CA
:10C3F4000003E9282145DD2813050005C12813059C
:10C40400F003ED2013050006D1200945C5200145A0
:10C41400F128130510065D280D45C92813050002EF
:10C42400F1200545E1201305000EC920130540083D
:10C434007128054565281305300E49281305F002B7
:10C444007520B2401145410151A0411106C6552A3B
:10C45400EFF0DFEFB24041016FF07FEE011149458B
:10C4640006CEAD2001455920EF00F0082800EF006A
:10C47400501485476309F500CD451795020013054F
:10C4840065D6EF30C00FF24005618280411141450D
:10C4940006C62D28B71700409386870A98429387CB
:10C4A400870CB2401367070298C29843A166558F60
:10C4B40098C34101828013051004828037F502007D
:10C4C400130505E082801305B0078280B71700408A
:10C4D4009386C70A98429387C70C1367070298C2CA
:10C4E4009843A166558F98C36FA0DFBDB71700406E
:10C4F4009386870A98429387870C1367070298C22A
:10C504009843A166558F98C36FA0DFBB21671307BB
:10C5140007D0B377E5029306803E3355E502B3872F
:10C52400D702B3D7E7023305D5023E958280411185
:10C5340022C406C62A849740FF1FE78060CD636744
:10C544008500018DB240224441018280B707C0A812
:10C55400818F3E95C5BFA382A19A8280411122C4D6
:10C56400371400409307C40A984326C206C61367CB
:10C57400870098C39843856493840480458F98C347
:10C5840009459750FF1FE780808E9307840A9843DC
:10C59400B24022441367870098C39843458F98C3D9
:10C5A4009244410182809717012083C7171A0547D7
:10C5B4006391E702B71700409386870A984205669D
:10C5C4009387C70C518F98C298439166558F98C32F
:10C5D40082800947639FE700B71700409386870C62
:10C5E400984211669387C70A518F98C2984385660B
:10C5F400F1BF0D47E39EE7FCB71700409386C70CD5
:10C60400C5B76FF0BFF54111854706C6171701205E
:10C614002306F712EF20204FEFA0FFAAB717004020
:10C624009386870A984205669387870C518F98C230
:10C634009843B2409166558F98C34101828041115D
:10C6440022C48D452A841305000406C6EFA04FB604
:10C654008547631EF400B71700409387870A984301
:10C66400B24022441367070498C341018280B7177C
:10C6740000409387C70AE5B7411106C622C4974014
:10C68400FF1FE780E0B82A840545EFF05FFB2285B1
:10C69400EFF0FFE9EFF09FE72A86A1461795020025
:10C6A400130585B5B145EF20D06D2244B24029452C
:10C6B40041011743FF1F6700837B4111054506C6EF
:10C6C400EFF0FFF7B71700409386870A9842056694
:10C6D4009387870C518F98C298439166558F98C35E
:10C6E400EFF07FECB2404101828083C7519ABDE3F1
:10C6F400411106C622C4EFF07FD6B71700409386D7
:10C70400870A984205669387870C518F98C298438D
:10C7140091661384719E558F98C3EFB07FFD0345D6
:10C72400040093050010EF30C04C17170120034795
:10C7340077028547631CF700034504002244B24096
:10C74400C14541011773FF1F6700A30AB240224489
:10C75400410182808280011106CE22CC26CA4AC8B9
:10C764001389819923000900EFF01FF19740FF1FFF
:10C77400E78000AA2A84EFF01FE92285EFF03FDB6F
:10C78400EFF0DFD82A86A146AD45179502001305C0
:10C79400A5A7EF20105F8D4797140120938404FA16
:10C7A400A387F4009740FF1FE78080A62A84EFF058
:10C7B400DFF02285EFF0BFD7EFF05FD52A86A146E0
:10C7C400A945179502001305E5A4EF20905B974057
:10C7D400FF1FE780E0A32AC6EFF03FC73245EFF022
:10C7E4001FD5EFF0BFD22A86A14617950200130584
:10C7F40025A3AD45EF20F058EFF05FC9B71700400F
:10C804009386870A984205669387870C518F98C24E
:10C81400984391660545558F98C389472300F900CD
:10C8240023880400F2406244D24442490561828074
:10C83400238C01988280397126DAAA844AD852D48A
:10C8440006DE22DC4ED656D25AD05ECE62CC66CA02
:10C854002E8A3289EFF09FC66386041863040A188F
:10C86400AA896371A9183304254163738A00528429
:10C8740017170120034787ED8547B30B2401631283
:10C88400F706A1462286A94517850200130505501F
:10C89400EF20304F138A81999717012023A407ECC6
:10C8A40083470A009DEBEFF03FDD83470A0095E7DD
:10C8B4009740FF1FE780C0952A8AEFF0DFD45285A6
:10C8C400EFF0FFC6EFF09FC42A86A146AD45179549
:10C8D400020013056593EF20D04A971701202387A0
:10C8E40007E6631209089740FF1FE78060922A89D0
:10C8F400EFF0BFDC4A85EFF09FC3EFF03FC12A861B
:10C90400A146A945179502001305C590EF2070476D
:10C914009740FF1FE780C08FEFF07FC1EFF01FBF8C
:10C924002A86A146A5451795020013052590EF20F8
:10C93400504583C7819995E79740FF1FE780408D55
:10C944002AC6EFF09FB03245EFF07FBEEFF01FBC78
:10C954002A86A146AD45179502001305658CEF2084
:10C964005042EFF0BFB2B747004003CB370003C9D2
:10C97400170083C7419A137BFB0F1379090481C7FE
:10C984001945EFA02FAE056C930CFCFF374A00400D
:10C99400A28A63638401E68A93950A01C18126858C
:10C9A400EFA06FB783476A0093F70704E5DF33040A
:10C9B4005441D69471FCA3016A0183471A0093F78A
:10C9C400F70B3369F900A3002A01639D7901A94596
:10C9D4001795020013054587EF20703AEFF0FFD05A
:10C9E40023AE0198F2506254D2544259B259225A99
:10C9F400925A025BF24B624CD24C2161828001114B
:10CA040052C4171A0120130A6AD322CC26CA4AC870
:10CA140056C203248A0206CE4EC6AA8A2E89EFF095
:10CA2400FFA903470A018547AA84631DF7000DC9BE
:10CA340063080902AA896373A900CA8923AA019811
:10CA440001443DA06374A400631E09002285F240E2
:10CA54006244D2444249B249224A924A05618280E0
:10CA64000144EDB7B309854063733901CA8979D4A8
:10CA740085472286CE8556852382F19A138941996A
:10CA8400EFF07FDB2382019A832709004E9423244D
:10CA94008A0285072320F90063169404B14517859B
:10CAA400020013056579EF20902D03260900A146A5
:10CAB4009945178502001305252EEF20902C032697
:10CAC4008A02A146A945178502001305652DEF20AA
:10CAD400502BA1464E86A545178502001305052D4A
:10CAE400EF20302A03258A029DB7411123A0D19A51
:10CAF40006C622C49717012083A7C7C699E323AEAD
:10CB0400019885471384C1996306F60001C563C380
:10CB1400050081EAFD571CC07D55B2402244410105
:10CB2400828099E10840D5BF829608C0FDB7011103
:10CB340022CC26CA06CE97170120938727C00D471B
:10CB44002306A100A387E700A38CB700EFF01F978B
:10CB5400AA84014463479400F2406244D2440561CC
:10CB64008280228685456800EFF0FFCC0504DDB79E
:10CB74006FF07F94970600009386A6E86FF0FFF6A7
:10CB8400AA872E8589CD05476395E70085456F9073
:10CB94003FE209476395E70085456F905FEB82802C
:10CBA400411122C406C6930700102310F500B707ED
:10CBB4000303938717205CC923020500232405007F
:10CBC4002306050023280500230C05002A84EFF022
:10CBD4000FF48547631BF500034504007D151335E9
:10CBE4001500B2402244410182800145DDBF630249
:10CBF4000510797122D42A84480026D206D6AE8440
:10CC0400EFF01FFA85476308F50223000400A30030
:10CC1400040023010400A301040023020400A3026E
:10CC2400040023030400A30304000145B25022546A
:10CC3400925445618280B2472300A400A30094006B
:10CC440083468100014799CB6393A60837170040B8
:10CC54000327470A7D8F1D8F13371700D246230100
:10CC6400E40003460101814781CE8547631AF60635
:10CC7400B717004083A7470AF58F958F93B717001E
:10CC840083465100A301F40089E61347170093C7B4
:10CC94001700B3369000A303D4002302E400A302D8
:10CCA400F4002303040093F6140081CA8546631636
:10CCB400D7002303E400A30304008988A5D805470B
:10CCC400E396E7F62303F400A303040085B70946BB
:10CCD4000147E395C6F8371700400327470C9DBF6B
:10CCE40089458147E31EB6F8B717004083A7470C70
:10CCF40061B7014582807971480006D6EFF05FEA9A
:10CD040085476311F502B24503458100EFF05FE703
:10CD140003450101D245EFF0BFE629459740FF1FC7
:10CD2400E7808013B250456182807971480006D64D
:10CD3400EFF01FE7AA8705470145639AE700171735
:10CD44000120034797A06317F70003458101B25000
:10CD54004561828089476315F70003459101C5BF8A
:10CD64008D47E316F7FE0345A101D5B77971480055
:10CD740006D6EFF0FFE2AA8705470145639BE7006B
:10CD8400171701201307879B54576397F600034531
:10CD9400B101B250456182800347F70089476317A8
:10CDA400F7009717012083C7A798F5D3EFF0FFF793
:10CDB400CDB7411122C406C62A84EFF03FFBAA85F1
:10CDC40022852244B24041016FF07FE2797106D698
:10CDD40022D44AD026D24ECE52CC2A842E89EFF0C9
:10CDE4009FF1EFF09FF411E90545B250225492549B
:10CDF4000259F249624A456182808547AA8493595F
:10CE0400190063E78702054463E327018549014963
:10CE1400054AA6852800EFF09FDD630D4501F14525
:10CE2400178502001305054AEF206075014575BF9B
:10CE34000580D9BF8347E100638D47010509420995
:10CE4400135909019740FF1FE7806002E31389FC2F
:10CE540061BF01440549A6852800EFF05FD9630846
:10CE64002501F145178502001305C54375BF8347A6
:10CE7400F100E38B27F70504420441809740FF1F2C
:10CE8400E780E0FEE31934FDE14517850200130550
:10CE9400A53FEF20C06E26868946C545178502004A
:10CEA4001305453BEF20E06D0346A1008946BD45CF
:10CEB400178502001305453BEF20A06C0346B10023
:10CEC4008946BD45178502001305053BEF20606BBD
:10CED400B1BF6FF0EFAE6FF02FC16FF04FC2554589
:10CEE4008280757126C34AC1AE843289ED4513062A
:10CEF4004006680006C7CEDE22C5B689EF10604240
:10CF04004A86A68568007922FD57631AF5007D5587
:10CF1400BA402A449A440A49F65949618280094729
:10CF24002A849307A0FA6393E900814713F5F70F66
:10CF340001477C00D546631CE40023808700A3805E
:10CF4400970023812701A381A700238237010507C6
:10CF54009507E312D7FE680013064006ED45EF106F
:10CF640040331375F40FEFF04FBA55F11305240055
:10CF740045B71971A2DC1304E5FF86DE1374F40FC0
:10CF8400D14763E9870213064006ED456800EF10B8
:10CF9400403995473304F40213064006ED45680012
:10CFA40093070407338427009307A0FAA30FF4F828
:10CFB400EF10202EF650665409618280411122C47C
:10CFC40006C62A849730FF1FE780802463678500A4
:10CFD400018DB240224441018280B707C0A8818FED
:10CFE4003E95C5BF411106C622C426C24AC032843A
:10CFF400AE849730FF1FE780A0212A89A2850146CD
:10D004002685EFF03FB7AA844A85EFF03FFB1387EC
:10D01400019B1C43B2400249AA971CC31387C19ABF
:10D024001C4313D5F441924485071CC31387819A8A
:10D034001C43A29722441CC341018280011122CCCB
:10D0440026CA4AC84EC652C406CEAE892A840149AD
:10D05400014AFD54EFF0BFE8636BA900F24062445B
:10D06400D2444249B2495285224A056182808347AB
:10D074002400638F370123009400A300940023014C
:10D084009400A30194002302940005091504D9B760
:10D09400054AE5BF011152C42E8AB28522CC26CAA4
:10D0A4004EC606CE4AC8AA84B289EFF03FF9854736
:10D0B40001446312F502138914000144EFF03FE2C6
:10D0C4006364A4028D0401441309A00AEFF03FE154
:10D0D4006367A4027D54F24022856244D2444249EB
:10D0E400B249224A05618280834709006396470159
:10D0F40083471900E38137FF05041509C1B783C7C6
:10D1040004009504E39927FD0504C9B7011122CC55
:10D1140026CA4AC84EC652C406CEAA84AE89328AEA
:10D12400130915000144EFF09FDB6364A4007D54F0
:10D134001DA083470900639937038347190063954A
:10D1440047039547B307F402BE9483C74400170707
:10D1540001202323F75EF24022856244D2444249EF
:10D16400B249224A05618280050415096DBF7571B3
:10D17400130640068145680006C722C526C34AC176
:10D18400CEDEEF80BFA113064006ED456800EF1028
:10D1940040196000014981449309A00AEFF03FD48B
:10D1A400636CA900EFF0BFD3BA402A440A49F65988
:10D1B400058D9A4449618280834734006393370123
:10D1C400850405091504D9BF7971FD573ECA3ECCC3
:10D1D400230EF100B7474646938767643EC80808A4
:10D1E400914735469305300806D62306F100EF1023
:10D1F400400A6800054693050009EF108009B25003
:10D2040045618280757106C722C526C34AC1CEDE38
:10D21400D2DC0DE5130640069305F00F6800EF809D
:10D22400FF9713064006ED456800EF108006EFF007
:10D234001FF41375F50FEFA07FE4ADA88547AE8901
:10D244006311F5061306400681456800EF801F95BB
:10D2540013064006ED456800EF10A00C6000014A7B
:10D264000149FD54EFF0BFC7636BAA0013064006E3
:10D27400ED456800EF10E001630E09024DBF8347DE
:10D284002400639D370123009400A300940023012C
:10D294009400A3019400230294000549050A15048F
:10D2A400D1B789476308F50213064006ED456800C7
:10D2B400EF00307E600081441309A00AEFF03FC202
:10D2C40063E5A406BA402A449A440A49F659665AC0
:10D2D400496182808145328A680013064006EF80E6
:10D2E400FF8B13064006ED456800EF1080036000D5
:10D2F40081440149EFF0BFBEE3FAA4F6834724005A
:10D304006392370383471400639E4701FD5723004C
:10D31400F400A300F4002301F400A301F4002302A9
:10D32400F400054985041504F1B783473400150456
:10D33400E38A27F9850459B7757106C722C526C340
:10D344004AC1CEDE8D476313F50405448545454542
:10D3540097070120238C873EEFF06FFDA38A81821B
:10D3640005489307F00F1307F00F9306F00F130609
:10D37400F00F9305F00F1305F00FEF104013BA40B0
:10D384002A449A440A49F659496182809147AE84F5
:10D394006305F5008547631BF502130640068145C6
:10D3A4006800EF80AFFF13064006ED456800EF000C
:10D3B400507760000149EFF09FB2E372A9FC834704
:10D3C40024001504E38397F80509F5B78947E318A2
:10D3D400F5FA8145B289680013064006EF800FFC18
:10D3E40013064006ED456800EF00B0736000014984
:10D3F400EFF0FFAEE375A9F8834724006396970026
:10D4040083471400E38337F505091504D5B70111E3
:10D4140022CC26CA2A848544054693051008280090
:10D4240006CE4AC82304010023069100EF00706F62
:10D4340083478100638B87021379F40F05469305B4
:10D444001008680023062101EF00B0644A85EFA0AC
:10D454005FBC9387719E6310940203C50700056641
:10D46400130606C88965EF20E04FF2406244D244B7
:10D4740042490561828003C507008965EF20607712
:10D48400EDB7757122C54AC1CEDED2DC06C726C30C
:10D49400D6DA2A8AAE8932849730FF1FE78040D7D4
:10D4A4002A8913050010EF50827115E1F94517859B
:10D4B4000200130565EDEF20800C7D55BA402A4427
:10D4C4009A440A49F659665AD65A49618280854770
:10D4D400AA846318F422970A0120938A2A2683C710
:10D4E4008A01C9E7170401201304842403450400B6
:10D4F400EF00D06C9307F00F6303F50008C4170422
:10D5040001201304E422184489476310F71C0545DD
:10D5140023A4019A23A6019A23A8019AEFF0AF83CA
:10D52400034504000146970500009385E5ABEFD061
:10D53400FF942A840145EFF00F825DC4F9451785F5
:10D5440002001305A5E0EF208003EFB08F9FEFF0FA
:10D554002FAE970701202383071E85470145239893
:10D56400FA00EFF0CF8DEFA0BFF3A5A0130640069D
:10D57400ED456800EF00F05A4E86D2856800EFF062
:10D58400FFB87D57630EE50015473307E50213071F
:10D5940007070A978346F7F91307A00A638FE60281
:10D5A400ED4517850200130565DCEF10507D8946B3
:10D5B4005286C145178502001305C5D2EF10707C51
:10D5C40089464E86BD45178502001305E5D2EF1046
:10D5D400507B2685EF50225FCDB5930725001707B2
:10D5E40001202307F71421BF9730FF1FE78040C2B3
:10D5F4002A84EFF08F8FB14517850200130505D4F7
:10D60400EF10F07722852164130404D0EFF01F9B00
:10D61400B37785029309803EA14699453356850226
:10D6240017850200130545CEB3873703B3D78702A6
:10D63400330636033E96EF10D0744A85EFF01F98F8
:10D6440033768502A1469945335585023306360360
:10D6540033568602330535032A96178502001305CF
:10D6640025CBEF10107283A7019B33F68702A146E6
:10D67400A14517850200130525CAB3D787023306CF
:10D68400360333568602B38737033E96EF10706F26
:10D69400A14603A6C19AA14517850200130585C8B2
:10D6A400EF10306EA14603A6819AA14517850200AA
:10D6B400130505C8EF10F06C9707012023AC07068B
:10D6C4002685EF5042500145D5BB13060010814515
:10D6D4002685EF80AFCC5040834504002685EFF0CB
:10D6E400CFFF5C4003468400930500108507268520
:10D6F4005CC0EFF02FC82A89EFE05FDCE367A9FC88
:10D7040065BF5DFCEFF05FAC85454545EFF02FC28A
:10D7140045BF41118D451305000206C6EF902FB396
:10D72400B71700409387C70C9843B24013670702AA
:10D7340098C341018280011122CC3714004026CACB
:10D744004AC84EC606CE9307840D13070006AA895D
:10D754002E8998C38D4513050006B284EF902FAF30
:10D76400638E09021304C40C8D4563010902130579
:10D774000004EF90CFAD1C4093E707041CC0F240B7
:10D784006244D2444249B2490561828013050002D1
:10D79400EF90EFAB1C4093E70702CDB7A947E3E056
:10D7A40097FE6244F240D2444249B24905616FF0A7
:10D7B4005FF6411122C426C206C6BD440144EF10DF
:10D7C4001062FD142A94E5FCBD473355F402B240BF
:10D7D4002244924441011375F50F8280B71700402B
:10D7E40003A5470C35810589828003C7419B9307B4
:10D7F400A7FB93F7F70FF94663EEF600130540060F
:10D80400198D930780073305F50295476356F50292
:10D814001545828003C7C19B930767FA93F7F70FF7
:10D82400A94663E8F60013055006198D93076009AD
:10D83400D9BF09651305C5D4828001118547230624
:10D84400F10006CE22CC26CA4AC89704012093844C
:10D85400E4EEEFF0BFF81389E19B2A84238A019A4E
:10D86400238BA4002300A900EFF0BFF4A38AA40033
:10D874000145EFA06FFE0546930520086800EF0000
:10D88400502A03C654018347C10003450900933558
:10D89400460693C51500238EF19AA38EB19AEFF034
:10D8A4009FE919E883C754010546930520086800D9
:10D8B4002306F100EF00F01DF2406244D2444249D5
:10D8C4000561828079714AD006D622D426D24ECE02
:10D8D40052CC56CAEFF09FF085471709012013096F
:10D8E400E9E5631BF50C938AE19BAA84EF10304FA2
:10D8F40003CA0A00230B99002A849389D19B6311DC
:10D904000A0883C7C19B238AF19A23AC019A93071F
:10D91400300663F2A70683C709006390970405469F
:10D92400930520086800EF00D01F8347C100238EB1
:10D93400F19A834769012380FA00EFA04FF422860D
:10D94400225483C50900B25092540259F249624AE2
:10D95400D24A054545616FF01FDEA30AA90023AC36
:10D96400919AEFF09FE8E3ECA4FA85472380F9004D
:10D9740023AC019A0DA8A30AA900A38E019A45B766
:10D9840083C7090063819702A30AA900930730069D
:10D9940063FFA7009387819B8443850484C3EFF0CE
:10D9A400DFE4E3F4A4FC8547E30BFAF88DBF23AC72
:10D9B400019AA38E019AC5BF034769016312F70652
:10D9C400EFF03FDFA30AA9002A840145970701204D
:10D9D400238107D8238F019A238A019AEFA0CFE7E6
:10D9E400EFA0EFE99307300663E48700A38E019A62
:10D9F400054693052008680023068100EF0070099E
:10DA0400B71700401307000623ACE70C8D45130538
:10DA14000006EF90CF83A94763E48700EFF07FCF40
:10DA2400B250225492540259F249624AD24A456190
:10DA3400828041118A871387F500BE8883460700D8
:10DA44008507A38FD7FEBA867D17E399D5FE814754
:10DA5400C1463307F500034707003388F80003483D
:10DA640008003117B305F600334707012380E500AA
:10DA74008507E390D7FE410182802A869775FF1FB0
:10DA84009385054E1775FF1F1305854E6FF07FFABA
:10DA94000111854706CE2306F100639DF50041463A
:10DAA40081454D2368000546C145692B0545F24073
:10DAB4000561828017070120034737CAE311F7FE87
:10DAC4000145F5B7397126DAAA84080806DE22DC96
:10DAD400EFF0BFFA41468145081059250546C14576
:10DAE4000A85BD2D8347010005476396E7001707A4
:10DAF4000120A304F7C614085000C1450810EFA084
:10DB0400AF832A8421C51946A6852800EF80AF87F4
:10DB14002800EFD03FAF1946A2852800EF50220B12
:10DB240019ED85472285170701202308F7C2EF5016
:10DB340082090545F2506254D254216182802285C3
:10DB440097070120238B07C0EF50E2070145DDB79B
:10DB540082808547A38FF19A82808280411122C4FA
:10DB640006C62E84EF103048B7470F00938707246A
:10DB74003376F50222852244B240814541016FF09B
:10DB8400916B797122D4B717004006D626D24AD0B9
:10DB94004ECE52CCA381070493970501C1872E84EE
:10DBA40063D2070403C5719C9740FF1FE78060A8F8
:10DBB400AA8419CD034705009307000B6317F700E8
:10DBC400834545002105EF7080382685EF105032DB
:10DBD4002165218DB250225492540259F249624A6D
:10DBE4004561828093F7150085C31776FF1F1306DE
:10DBF400E6399775FF1F9385A53803C5719CEFE03F
:10DC0400D14C13451400F9B793F7050881CB41654E
:10DC14007D15EF10C243134504086DBF93F78500CB
:10DC240085CB81572312F10041652390019C2391F8
:10DC3400019C2392019C854783C6719C09464C0034
:10DC440079152383F19CEF7020021345840059B7A2
:10DC540093F7050191CF416513078025814613068B
:10DC64004006D1457915EF10023E134504019DB7D6
:10DC740093F70502D5CB1389F19B83470900ADEBDC
:10DC84009384518203C7040083D7019C35CB416A36
:10DC94002312F1000147854781460546C94513050E
:10DCA400EAFF231601002313F100EF6030662AC453
:10DCB40021C19389719C03C609009307A005230021
:10DCC400F5004C001305EAFFEF60705D0DE5854734
:10DCD4002300F90083C7040003C509001306006488
:10DCE40093B71700930500022380F400EF109047C8
:10DCF40013450402C5B5C9454800EF704025CDBFA2
:10DD0400416503C6719C4C0079152312F100EF6044
:10DD1400D05879FD85472300F90083C7040093B7E1
:10DD240017002380F400E9B713F50504E30405EABA
:10DD340041657915EF10E2300566130606969305E2
:10DD4400000403C5719CEF10F0411345040459B558
:10DD540003472500B5476314F70601114AC84EC6A8
:10DD64000349C5008329050122CC52C406CE26CA24
:10DD74000144254A636A2401F2406244D244424980
:10DD8400B249224A05618280B387890083C40700AF
:10DD9400E5D433079400E341E9FE83C71700639B8E
:10DDA40047019385F4FF1305240093F5F50F4E9571
:10DDB400EFA0AFB0850426944204418065BF828001
:10DDC400011117050000130505DC06CE22CCEF2057
:10DDD400C00D1384719C85652300A400938505966A
:10DDE4000945EF30904DD1451D45EF30104D930559
:10DDF40040062145EF30704C930540063545EF3021
:10DE0400D04B177602001306265AD5450145EF601C
:10DE1400A04785470D47700091451305F040230442
:10DE2400F100A304F1002305E100A305F10002C6FB
:10DE3400EFF011673000854513058040EFF051661F
:10DE440013069100854513059040EFF071651306A4
:10DE5400A10085451305A040EFF091641306B100BD
:10DE640085451305D040EFF0B163EF70903803455A
:10DE74000400EF7060674D45EF60205E4D45EF9004
:10DE8400007A034504006244F24085450561176346
:10DE9400FF1F670003966FE0712A014685450D4513
:10DEA4006FE0112882808280011106CE22CC26CA1E
:10DEB4008D476302F50A63EBA7007D15854763F779
:10DEC400A704F2406244D24405618280914763040E
:10DED400F5049947E317F5FEEFB04FFBC5451775F9
:10DEE40002001305E5519707012023860786EF10EA
:10DEF40000696244F240D24489461946D5451775F3
:10DF040002001305E54B05616F10A0679707012018
:10DF1400238307847DB7854783D4E500A384F19CDC
:10DF2400170701202309F7822E84EFB0AFE6930789
:10DF34004006E3F897F80355A4006244F240D24443
:10DF440083C741831307400681461306400699455B
:10DF540005616F001237EFB06FF303C7919C8547DB
:10DF64006314F700A384019C85441306F1008545DE
:10DF740013055030A307910017F400201304047C08
:10DF8400EF00D2638347E400639A970013054006C9
:10DF9400EF90CF929730FF1FE78080DB8347040028
:10DFA40003471401D98FE39E07F005661306062C78
:10DFB400C14503C5719EEF10F01A21B7854717F7C5
:10DFC4000020A30AF7782384C19CB7170040A381DB
:10DFD400070417F500201305E5451733FF1F6700F5
:10DFE400436E011106CE19C509476305E500F240E9
:10DFF400056182809305F100EFD01F8ACDBF17F72A
:10E004000020034767748547631DF702011106CE9C
:10E01400EF10E20305C52AC6F9451775020013057A
:10E02400653FEF10C0553246F2408946C545177525
:10E0340002001305653A05616F10A054F2400561B2
:10E044008280828001114AC82E899D6522CC26CA0D
:10E0540093060010AA8432849385052017F60020C5
:10E064001306064D2D4506CE4EC69730FF1FE7809A
:10E074000023814797F600209386864B63CA870066
:10E08400B7F70700DC532147BD8B639EE70001A06F
:10E094003387F400034607003307F900369723005B
:10E0A400C7008507E1BF9D6993060010014693856B
:10E0B400092025459730FF1FE780601E9306001056
:10E0C40017F600201306C646938509202945973084
:10E0D400FF1FE780C01C9306001017F600201306EC
:10E0E4002645938509102D459730FF1FE780201B97
:10E0F400814797F600209386A64363CA8700B7F743
:10E104000700DC532147BD8B639EE70001A03387E2
:10E11400F400034607003307F90036972300C700CD
:10E124008507E1BF1D6493050410930600100146A2
:10E1340025459730FF1FE78080169305041062443D
:10E14400F240D2444249B2499306001017F6002027
:10E154001306063E294505611733FF1F6700231484
:10E164002D71232C81102E849D65232A9110232840
:10E174002111930600102A89B2849385052017F68D
:10E1840000201306E63A2D4523263111232E1110C3
:10E194009730FF1FE780A0108147854997F600203C
:10E1A400938606391306F00F63C897066387090C34
:10E1B4001306001097F50020938585370A85EF70C4
:10E1C4009F9C9D659306001017F6002013064636A3
:10E1D400938505102D459730FF1FE780400C81473C
:10E1E400814617F600201306A6349305F00F63C387
:10E1F4009704C1C697F50020938585332686A2959A
:10E2040033058100EF703F98B7F70700DC532147CF
:10E21400BD8B639FE70201A03307F40036970347E1
:10E224000700B305F9002380E5006303C7008149B3
:10E2340085079DBF3307F400329703470700330572
:10E24400F9002300E5006303B700CE86850745B7D0
:10E254001D6493060010014693050420254597305C
:10E26400FF1FE780C003930600100A86930504206D
:10E2740029459730FF1FE78080028320C1110324C2
:10E28400811183244111032901118329C1101561CE
:10E294008280411122C426C24AC093060010AA8477
:10E2A4002E8932849D6517F60020130666382D45A5
:10E2B40006C69730FF1FE78080FE814797F600204F
:10E2C4009386063763CA8700B7F70700DC532147F4
:10E2D400BD8B639EE70001A03387F400034607006B
:10E2E4003307F90036972300C7008507E1BF93067B
:10E2F400001001469D6525459730FF1FE78020FAF1
:10E304002244B240924402499306001017F60020BA
:10E31400130606329D65294541011733FF1F670027
:10E3240003F8411122C426C24AC093060010AA84ED
:10E334002E8932849D6517F600201306662F2D451D
:10E3440006C69730FF1FE78080F5814797F60020C7
:10E354009386062E63C88700B24022449244024941
:10E36400410182803307F90036970346070033875B
:10E37400F40085072300C700F1BF854763EFA702B8
:10E38400011122CC26CA2A84AE846800094693056A
:10E39400900906CEEFF0FFF89307040133842700B9
:10E3A4006800094693059009230E94FEEFF07FEE72
:10E3B400F2406244D244056182808280854763F5DD
:10E3C400A7001305F00F8280011122CC09462A848C
:10E3D40093059009680006CEEFF0BFF4930704019B
:10E3E400338427000345C4FF894763F4A70013055A
:10E3F400F00FF24062440561828001112306A100FE
:10E40400054668009305400906CEEFF09FE8F24008
:10E41400056182800111680005469305400906CE16
:10E42400EFF03FF0F2400345C10005618280011125
:10E43400935785012306F10093570501A306F100C4
:10E4440093178500420541812181C98F11466800D7
:10E454009305500906CE2317F100EFF09FE3F24035
:10E46400056182800111680011469305500906CEAA
:10E47400EFF03FEB8347C1000347D1000345E100C0
:10E48400E2074207D98F0347F100F2402205D98FF2
:10E494005D8D056182800111680011469305500964
:10E4A40006CE02C6EFF0FFDEF2400561828079718C
:10E4B40022D426D256CAAE84AA8A3284930510097D
:10E4C4000D4668004AD04ECE52CC5AC806D63E8B72
:10E4D400368ABA894289EFF0DFE48347D1000346E4
:10E4E400C1007D8E8347E1007D8E9307F00F631694
:10E4F400F60023160100230701009307F00F0343DE
:10E50400C10093781B006314FB00937813009307F6
:10E51400F00F13FE3A006396FA00135E1300137EA5
:10E524003E009307F00F13753A006315FA00135574
:10E5340033000D891307F00F93F719006395E90071
:10E5440093575300858B9306F00F137719006316C6
:10E55400D90013536300137713009306F00F6394E9
:10E56400D4008344D1009306F00F6314D400034411
:10E57400E100060EB3E8C8010E05B3E8A80096074B
:10E58400B3E8F8001A07B3E8E80068000D469305FD
:10E594001009A30691002307810023061101EFF05F
:10E5A4005FCFB250225492540259F249624AD24A7D
:10E5B400424B45618280011122CC26CA2E84AA8452
:10E5C4000D4693051009680006CEEFF09FD58347EA
:10E5D400C1000347D1008346E1007D8F758F930608
:10E5E400F00F630FD70013F717009983858B2380EF
:10E5F400E4002300F400F2406244D24405618280C6
:10E6040001478147EDB7797122D44AD04ECE2A848E
:10E61400AE893289930510090D46680026D252CC82
:10E62400BA84368A06D6EFF0DFCF8347C1000346AB
:10E63400D1008346E1009305F00F33F7C700758FCF
:10E64400631EB70223000A00FD572300F400894724
:10E654002380F400238009002300090097F7002099
:10E6640023AC070C97F7002023A00710B2502254C4
:10E6740092540259F249624A4561828013F71700A5
:10E684002300EA0013D717000D8B2300E40013D7EF
:10E6940037000D8B2380E4002380C9009583230079
:10E6A400D900858B17F60020130686081CC683C67E
:10E6B4000400054797F70020938747086383E60221
:10E6C4008D456385B60285E2A387E70097F70020AE
:10E6D40023AC07088347040091EF85472300F60025
:10E6E40071B70947D5B7A387B700CDB7D8D7A387E4
:10E6F400E700CDB70547E39BE7F697F700202389AA
:10E704000702ADB701111306F1008545130550301A
:10E7140006CEA3070100EF00626AF2400561828021
:10E72400011185471306F10085451305503006CEC7
:10E73400A307F100EF008268F240056182807971DD
:10E74400170500001305E51706D622D426D2EF10CC
:10E75400C075938441832380A400EF90EFEB177678
:10E76400FF1F13062684D5450145EF50F03193056C
:10E7740000320D45EF306034930500321145EF301F
:10E78400C033930500641545EF3020339305003200
:10E794001945EF3080320544300891451305704027
:10E7A400A3068100230781002308810002CCA3076C
:10E7B4000100EFF0E14E1306D1008545130500403A
:10E7C400EFF0014E1306E100854513051040EFF00C
:10E7D400214D1306F100854513052040EFF0414C0F
:10E7E4001008854513055040EFF0814B4D45EF501F
:10E7F400D0464D45EF80B062EF90AFCC4D45EFC0B1
:10E804005FFB4D45EF809F9D89472307F1008D47AE
:10E81400A307F100B7373233938707133ECCB737DA
:10E824003637938747533ECEB707030493871720A1
:10E834003EC81306D100954785450145230AF100DA
:10E84400A3068100EFC09FFC1306E1008545054542
:10E85400EFC0DFFB1306F10085450945EFC01FFB40
:10E864003008A1450D45EFC07FFA100895451145C4
:10E87400EFC0DFF913850183EFC07FF81385818230
:10E88400EF80DF97225403C50400B25092548545AB
:10E8940045611753FF1F6700C3F52E86AA850145FE
:10E8A4006F80BF9601112306A1008945680006CE3A
:10E8B400A3060100EFF07FFEF240056182800111A2
:10E8C4009397050122CC06CE26CA4AC84EC6C187F4
:10E8D4002E8463D4070203C541839730FF1FE7806A
:10E8E40040D519C1EF00D0602165218DF24062440A
:10E8F400D2444249B2490561828093F7850089CFA9
:10E90400EFB00F952A8611C5A14503C54183EF10C9
:10E91400600513458400D9BF93F7150085C31766B6
:10E92400FF1F1306666797F500209385E5AF03C5BF
:10E934004183EF00821F134514004DBF93F7250058
:10E9440013C52500C5F713F545004DD19389419DA5
:10E9540083A709001389019D83250900850763ECBA
:10E96400F50093074005014517F700202320F7E041
:10E97400EFF05FF395A083A7819DB20585660146FC
:10E98400BE9505459730FF1FE7806091AA841375F3
:10E99400F50F31C5EFF01FF193075005C545177505
:10E9A4000200130525A917F700202321F7DCEF0047
:10E9B400103D894613F6F40FC5451775020013057B
:10E9C400E5A2EF00103C29459720FF1FE780204A6D
:10E9D4009720FF1FE780C0371345440001BF93868B
:10E9E400C19C9842832709000507850798C2232004
:10E9F400F900A54663F5E60093076005ADB703A7E4
:10EA040009000507E3FFE7F42285CDB5411122C4CF
:10EA14002E862E84AA8517F500201305A5A106C607
:10EA24009730FF1FE780E0C9B2402384819C2244D1
:10EA34004101828083D7819E9DC35D473E86637377
:10EA4400F7005D464206B7E75700418293870740C7
:10EA54003306F602894503C5719E6F00B07082804B
:10EA64004111014506C622C426C2EFD05FBD13057D
:10EA7400401F9720FF1FE780803F81457D55EF7041
:10EA84003FF381457D55EF709FFC37140040130719
:10EA9400000E9307840D98C38D451305000EEF7087
:10EAA4001FFB9304C40A85679CC08D450565EF7000
:10EAB4003FF095671304C40C1CC08D451565EF70B9
:10EAC4001FF9894513050021EF709FEE89450965FB
:10EAD400EF70FFF70D651305958288C08D45EF70C3
:10EAE4003FED216581451105EF709FEC814521655E
:10EAF400EF70FFF52244B2409244854513050008A7
:10EB040041016F70FFEA196541118D45130505E355
:10EB140006C6EF70FFE9814513050010EF705FE949
:10EB240015658545130585CCEF709FE88D457165A6
:10EB3400EF70FFF13725600085457D15EF703FF1DB
:10EB440089450965EF70BFF0B71700409386870ABF
:10EB5400984205669387870C518F98C298439166B3
:10EB6400B240558F98C341016F00F017411106C69A
:10EB740022C426C2EFA0BFA12DE517F40020130480
:10EB8400E4BB0346140185476318F6049384C19DCE
:10EB940083C60400B9E617F70020130767B9834753
:10EBA4000700A9C78347F4006386C70089466393B7
:10EBB400D70085468347840185EF03478700A38AEE
:10EBC400018201489307F00F014681450145EFF0AA
:10EBD4001F8E85472380F4008347140199E3238E15
:10EBE400019CB24022449244410182808D46D9B7AF
:10EBF400FD1793F7F70F0546E36DF6FCA38A018230
:10EC040003478700034644018345340101489307C1
:10EC1400F00F05456DBF011122CC2A84680006CE91
:10EC24009720FF1FE7804018B7E700E03707001080
:10EC340023A0E7180F1000001305607E81470147E9
:10EC4400814639468D45EF706F93014521C0994740
:10EC540063E187027D141374F40F954763E587021B
:10EC6400176702001307477E0A043A941C40BA97B8
:10EC740082879307700C630AF4029307200D37050B
:10EC840005006306F4021D4511A00545EF707FBD24
:10EC9400F24062440545056182800945C5BF0D45C2
:10ECA400F5B71545E5B71945D5B7370510007D15F6
:10ECB400EF707FC3F1BF797106D622D426D24AD031
:10ECC4004ECE52CCEFA05F8C41ED1384019E83475E
:10ECD400040099E7238F019CA38E019CEFE0AF8190
:10ECE4002800EFE00F8D0349810085479384F19D4F
:10ECF4009389719E6310F9048347910085CF83C77C
:10ED04000400CDE3034A0400EFD09FE60347E1008B
:10ED14009387E19D631E27052380E700A38E019C52
:10ED2400637C4507E1451765020013056573EF0031
:10ED3400100511A883C70400B5E703490400EFD008
:10ED44003FE3637B2505EF90AFF585472380F4000F
:10ED5400130600649305000403C50900EF00904006
:10ED6400B250225492540259F249624A4561828057
:10ED740083C70700E39627FB0347F100E312F7FA82
:10ED84009386D19D83C70600850793F7F70F2380E9
:10ED9400F600E36AF7FA69B783470400850723009E
:10EDA400F4007DB797F70020238A0798854717F763
:10EDB40000202305F79A1306401F2380019EA38F8A
:10EDC400019C238F019CA38E019CC14571B717F749
:10EDD40000200347A79685476314F7006FF0BFED43
:10EDE4003D654111130505A606C6EF00A077EFF0B7
:10EDF4003FC70145EFF03FE201459720FF1FE78041
:10EE040000900545EF701FB5B717004013070003C6
:10EE14002388E702B24023A6019841011723FF1F6C
:10EE2400670003F379719397050126D206D622D49D
:10EE34004AD04ECEC187AE8463DC07009720FF1F03
:10EE4400E780207F19C1EF00B00A2165258DB5A2A6
:10EE540093D7B500858B638B070EEFA0AFF101C983
:10EE6400056513050580258D42054181B9A217F476
:10EE740000201304A48CEFA06FF28329C4028547F9
:10EE84006391F90AEFD03F8D2A8963093501EF9028
:10EE94005F8B97F700202383078AD9B72308A40040
:10EEA400A307A40097F700202384A788054681457B
:10EEB400014597F7002023A7078A97F70020A38B23
:10EEC4000788FD59EFE0EFDB631B350197F700205E
:10EED40023860786EFD0DF95EF90BF8651B7894729
:10EEE400054681450145A307F400A30C240123082A
:10EEF400240197F7002023AF078297F7002023A16E
:10EF0400078497F7002023AF078497F70020238115
:10EF14000782EFE00FD7E30B35FB8547A308F40026
:10EF240081B783454401034534010546A30CF4002D
:10EF340017F70020232A0782EFE0AFD4FD57E31E22
:10EF4400F5FC97E70020238B077E79B793F715002C
:10EF5400A5CF17E400200344C47FEFE03F880547B2
:10EF64006304E5006317E4002382019E2391019E5C
:10EF740011A89386419E83C706006368F70085073E
:10EF84002380F600EFE01F9439A89386219E83D74F
:10EF9400060015671307F7458507C207C183E367B2
:10EFA400F7FC2390F6000566130606C8854503C5DD
:10EFB400719EEF00301B13C51400B25022549254BA
:10EFC4000259F2494561828093F70510C1C397E75E
:10EFD40000209387A77603C7070083C6170113840D
:10EFE400719E03450400558F11EF83C687010547C1
:10EFF400636AD70083C6B701639BE60097E70020E6
:10F00400A38B077497E70020A385077419A803C787
:10F014007701F94605071377F70F63EFE600A38B33
:10F02400E700034504001306006493050010EF0095
:10F03400701313C5041051B71306401FC14597E759
:10F044000020A3880770EF00F011E1BF93F70501DA
:10F054009DC3EFA06FD301C513C50401B9BFEFF081
:10F06400FFB017E700200347476E8547E306F7FE26
:10F07400EFF0FFD5D5B793F72500638E0716EFA001
:10F084006FCF19C913060064894503C5719EEF004B
:10F09400700D13C5240015B7EFA00FCF65F5938944
:10F0A400C19E83A70900F5D71389819E8357090060
:10F0B40099CFDD463E8763F3F6005D47998FC2071B
:10F0C400C1832310F90081C7EFF0DF96D9B7EFA011
:10F0D400EFCC9306E1001307F1001306D1006C0096
:10F0E4001305B100EFF02FD217E700201307476490
:10F0F40097E6002023A8066697E6002023AC066264
:10F104008346870097E7002023AC0762C16714C7D2
:10F114008346B10017E4002013044462FD171CC4A5
:10F12400930700051CD81387F6FF8547A30CF4004A
:10F134002318F4001377F70F1306D00F6373E60850
:10F144000347F10097E70020238607608D47631289
:10F15400F704EFD01FD829459720FF1FE780C0CFC1
:10F164008565130640069385058003C5719EEF00EF
:10F17400607F29459720FF1FE78000CEEFD0BFD5E1
:10F18400B7A7987B23A0F900930780162310F900F2
:10F1940025BFEFD01FD429459720FF1FE780C0CBA0
:10F1A400054681450145EFE0CFADFD576317F500F6
:10F1B40097E70020238407586DBF8547A308F40010
:10F1C4004DBFE39FF6FA8947230CF4008347C1003F
:10F1D400A309F4008347D100230AF400EFD07FCFC2
:10F1E40029459720FF1FE78020C783454401034535
:10F1F400340105464DBF93F7050491C7EFF0BFAB4B
:10F2040013C504045DBB0564B3F7850099CB1306ED
:10F214000064856503C5719EEF00C07433C5840026
:10F22400A1B193F7850095CF9387619E03C707002B
:10F234001384719E05E305472380E700EFF04FCE6A
:10F244001306400603450400A145EF00A07113C551
:10F254008400A5B32383019EEFF0CFCA1306803E3A
:10F26400D5B78967ED8F95CF9387519E03C7070064
:10F274001384719E19EF05472380E700EFE0FFC177
:10F2840013064006034504008965EF00A06D096577
:10F2940075BEA382019EEFE01FC00566130606C873
:10F2A400D5B713F50502E30A05D0EF90CF8A13C54D
:10F2B400040221B32547AA876367A70093070503C0
:10F2C40013F5F70F8280130765FF1377F70F954641
:10F2D4001305F00FE3E8E6FE93877703D5B7011132
:10F2E40022CC26CA4EC652C406CE4AC897E4002091
:10F2F400938404480144138A019F9949B307440144
:10F3040003C907000504890413554900EFF09FFA67
:10F31400238FA4FE1375F900EFF0DFF9A38FA4FE89
:10F32400E31E34FDF2406244D2444249B249224AC7
:10F3340005618280411106C6EFF0CF8D9307600608
:10F344006301F50213056006EFF02F8BB240054808
:10F3540085470547894601468145014541016FF0CE
:10F364000F95B2404101828001119305F10013050C
:10F37400E10006CEEFF02FA40347F1008546A38AEF
:10F38400E1828347E100639ED700630CF700B7A7CF
:10F39400987B23A6F19E930780162394F19EEFF0A9
:10F3A4006FE9F240056182807971054506D626D25F
:10F3B40022D44AD04ECEEF700FF513055034971077
:10F3C400FF1FE7806075B717004083C44704EFF060
:10F3D4002FE98922EFC0AFF0EFC07F84EFF03FF058
:10F3E40099451385019FEFE0EFEDEFF0B1489D885B
:10F3F4008D476392F4020145EFE06F811305F00F2E
:10F40400EFE0BFFF1306F00F9305F00F0145EFD0B7
:10F414007FDFEFF04F8817E900201309293285496F
:10F4240023223903EFF01FF1EFF06FB1EFF0914BAE
:10F43400EFE01F99170500001305059FEF00F02664
:10F444001384719E2300A400014597E70020238EB6
:10F45400072E97E7002023830730EFD04F9EEFE07D
:10F46400CFBD8D47639FF400854545452308390189
:10F47400EFD0EFEB03450400C1459740FF1FE78041
:10F484004037034504008564138604C885452382F8
:10F49400019E2391019EF921EF707FAA0145EF702F
:10F4A4009FA42383019EEFE01F9F05469305100848
:10F4B4006800EFE01FE70347C10085476318F700C2
:10F4C40003450400138604C889656929EFF0DFE960
:10F4D400EFE05FF9854513050008EF706FCD9720C5
:10F4E400FF1FE78060BF4111C145014506C6EF70AB
:10F4F400EFDFB7170040130700088545414523ACEB
:10F50400E70CEF70CFD4B2408D45130500084101DC
:10F514006F70EFD3411106C6EFF0FFFCA38C019E80
:10F52400238C019E239B019EEF705FAE71651305D2
:10F534000520EF70BFAA0145EF707FB095450545E2
:10F54400EF709FB1B7E700E0238D0740B240370763
:10F55400000423A0E7104101828001C599C16F70A6
:10F56400DFB282803737004011C58347570093F7D5
:10F57400070491C382807D1542054181F5B76FF080
:10F58400DFFD011122CCB687368406CE97660200D1
:10F594009386C6EE8DE7930704018A973547238A3D
:10F5A400E7FE2947A38AE7FEEFF03FFB930524001B
:10F5B4004800EFF09FFAF240624405618280FD1733
:10F5C40093F7F70F13870701330827001377F60023
:10F5D4003697034707001182230AE8FE65BF4111ED
:10F5E40022C426C206C64AC04144EF600FE9938490
:10F5F400C19F23AE019EEF608FEB9C407D1413747A
:10F60400F40F3E9588C065F8118188C081451305C3
:10F614000008EF70EFB989450945EF604FE2EF60EC
:10F62400EFD8B71700402D47238CE7042A8923AE6F
:10F63400019E4144EF60AFE79840B30725017D1474
:10F64400BA979CC01374F40F75F413074006B3D72C
:10F65400E7029306C0157D5513085006B387E702E9
:10F6640091839CC0B387D70293061066B3D7D702A1
:10F67400976602009386C6E1B387E702014783D504
:10F6840006003386F54063E4B7003386B7406374FD
:10F69400A6003A84328505071377F70F8906E3102D
:10F6A40007FFB7170040A38D0704238D0704130534
:10F6B4000008A38C07048545EF708FAF130540063F
:10F6C400B240018D2244924402491375F50F410161
:10F6D4008280184183A785FF6319B7001CC1FD57B9
:10F6E40023AC05FE238FF5FE8280232CF6FEC5BFD6
:10F6F400411122C437E400E026C204403707200049
:10F7040006C6F98C2320E4180F10000009E9232011
:10F7140094101545B240224492444101828003472B
:10F72400E5FF9307F00F6306F700232094101145BB
:10F73400D5B79740FF1FE78080A801452320941088
:10F74400D1BF41114AC037E900E022C403240900B3
:10F75400B707200006C626C27D8C2320F9180F1097
:10F76400000089E52320891015451DA0AA84970768
:10F77400012083C7B7902E8563F5F400894763EFB2
:10F784009700EFF0FFF6B7E700E023A087100D45E0
:10F79400B2402244924402494101828083A785FFFA
:10F7A40099E703C7E5FF9307F00F6309F700EFF04C
:10F7B4003FF4B7E700E023A087107DB7238F95FEC1
:10F7C400138501A09720FF1FE780E0DEA165268551
:10F7D4009740FF1FE780E0010145232089104DBFBA
:10F7E40023A001A082804111B7E700E026C2844330
:10F7F4003707200006C622C4F98C23A0E7180F108F
:10F8040000009707012083A7E78B1384818391C7A6
:10F8140082971C40AA971CC021A083A701A1EDFBDD
:10F824000840B74703009387D73F3305F502B7A7CE
:10F834002600938737ECB2403E9508C02244B7E7D0
:10F8440000E023A09710924441018280B7E700E0D2
:10F854009843B706200023A0D718758F0F10000017
:10F864009706012083C69681637ED50083A6C1A135
:10F874003325D5201621B3F5B6400EA123A0E710F9
:10F884000145828023A0E7100D4582807971B7E796
:10F8940000E026D284433707200006D622D44AD07B
:10F8A4004ECE52CCF98C23A0E7180F10000093071A
:10F8B40005FF93F7F70F7D476360F70A3147330776
:10F8C400E50283A701A2BA979C43D9C71354450004
:10F8D4003D893315A028AE89B345050822852EC677
:10F8E4009740FF1FE78040DF2A8931C9B24522854E
:10F8F400170A0120130A0A80EFF05FF583A701A11C
:10F9040082978357CA002A848146338737031306B4
:10F914000064B3B7370313050732B335E500BE956A
:10F92400EF20526EB307850083268A003E8763E486
:10F93400A70063E4D7003387D7402324E900B7E75F
:10F9440000E023A097100145B2502254925402596A
:10F95400F249624A45618280B7E700E023A097102C
:10F964000945DDB7797122D437E400E04AD0032990
:10F974000400B707200006D626D24ECE52CC56CA73
:10F984005AC85EC63379F9002320F4180F1000001A
:10F9940097F7002083C7976E6376F50083AB01A1C8
:10F9A40063970B00B7E700E023A0271199A097FA0B
:10F9B4000020938A2A7403AB8A00B74736FE9387E4
:10F9C40007C83E9B83D7CA002E8AAA84B385C70280
:10F9D400B2898146B3B7C70213850532B335B50082
:10F9E40013060064BE95EF20F2616370AB0223201E
:10F9F40024110145B250225492540259F249624AE8
:10FA0400D24A424BB24B45618280829B83D7CA0063
:10FA14002A8413060064B38537038146B3B73703DA
:10FA240013850532B335B500BE95EF20B25DB3073B
:10FA3400850003A78A003E8463E4A70063E4E7002B
:10FA44003384E740D28526859740FF1FE780C0C8EE
:10FA540001C900C5B7E700E023A02711054559BF38
:10FA640093E504F04145B3C505089730FF1FE780CF
:10FA7400A06811E997F7002083A7C76585D7A685F5
:10FA84001145829705B7138781A11C4389EF08C3E9
:10FA940085472326050000C52311450104A11CB197
:10FAA4002322050045BF3E87DC47F5FF48C7CDB795
:10FAB4007971B7E700E026D284433707200006D6E1
:10FAC40022D44AD04ECE52CC56CA5AC85EC662C45C
:10FAD40066C2F98C23A0E7180F1000002DC12A89F3
:10FAE4002E8AB28AB6894144B14C138B01A2130CFD
:10FAF4000003B30B940383270B00DE979C43A5E319
:10FB0400135544409375F40056861375F50FB315D9
:10FB1400B028B3C50508EFF0FFE431C183270B001B
:10FB2400DE9723A0270123A24701638409002380D1
:10FB34008900B7E700E023A09710014521A023A086
:10FB440097100945B250225492540259F249624A1C
:10FB5400D24A424BB24B224C924C456182800504FE
:10FB6400E31984F9B7E700E023A097102145D9BF32
:10FB7400011122CC37E400E026CA04404AC84EC62C
:10FB840052C406CEB70720002A892E8AB289FD8C7A
:10FB94002320F4180F100000EFF0DFDCD2854A8533
:10FBA4009740FF1FE78040B301ED232094102145C7
:10FBB400F2406244D2444249B249224A05618280F9
:10FBC40097F7002083D7C753B38537032A891306D1
:10FBD40000648146B3B7370313850532B335B500E6
:10FBE400BE95EF2032422322A90023209410014520
:10FBF400C1B7011126CAB7E400E04AC803A904004A
:10FC040022CC4EC6B707200006CE52C4AA892E8441
:10FC14003379F90023A0F4180F1000009740FF1F58
:10FC2400E78080AB17FA0020130A4A4505E5A28550
:10FC34004E85EFF0BFC183470A006381370523A0D7
:10FC440024111945F2406244D2444249B249224A3D
:10FC54000561828023110500A2854E85EFF01FBF48
:10FC640083470A006386370123A024110145D9BFC5
:10FC74001387A1A01E23C18F1EA3FDB79387A1A044
:10FC84009A23598C82A365BF01114AC837E900E061
:10FC940022CC03240900B707200006CE26CA4EC68C
:10FCA4007D8C2320F9180F1000009307F00263E6FF
:10FCB400A704B144B3049502938901A283A7090060
:10FCC400A6979C439DCB9375F5001181B315B0287D
:10FCD400B3C50508EFF0FFF183A709000145A69716
:10FCE40023A0070023A2070023208910F2406244C6
:10FCF400D2444249B24905618280B7E700E023A0BB
:10FD040087100945E5B74111B7E700E026C28443EF
:10FD140006C622C437072000F98C23A0E7180F1069
:10FD240000009740FF1FE780209B19E90145B2407E
:10FD34002244B7E700E023A0971092444101828057
:10FD4400004583A701A1829797F700209387873AFC
:10FD54006367A4029847B74636FE938606C8330500
:10FD6400A4403697E374E5FC13070064B335E50259
:10FD7400D22781463305E502EF20D2284DBF9847AC
:10FD84003A94C9BF411106C623A6A1A00295B24068
:10FD940097F7002023A0A73001454101828041113B
:10FDA4005146814517F500201305853306C622C444
:10FDB40026C223AC01A023A601A023A801A023846A
:10FDC40001A023A201A09720FF1FE780009613063D
:10FDD4008002814517F500201305452A9720FF1F4F
:10FDE400E780A094EFF0E13997F700209387872B01
:10FDF400E82BFC3B17F400201304442885453E956A
:10FE04008D473305F50293070004938401A2390555
:10FE14001375F50F3375F50A994728A03305F502D4
:10FE240013050524334505089730FF1FE780C02CD0
:10FE340088C03DC53020994781453306F602130634
:10FE440006249720FF1FE780408E9C40382093842F
:10FE540041A1938707249CC0B347F72023AEF1A0A8
:10FE6400EFF01F9831291C3094401736FF1F1306FA
:10FE7400C67E33C7D72010C3138717001377F70F35
:10FE84001736FF1F130646773347D72010C313874F
:10FE94003700890718B093F7F70FB3C7D72090C37B
:10FEA400B240224492444101828097F60020938616
:10FEB400E61C2A87BC228832637BF50013061500F2
:10FEC40083A741A190B2B347F52098C3828013055C
:10FED400F00F82801C41FDC7370700F07D8FB70605
:10FEE400002089476311D70E5A21411122C406C646
:10FEF4002A8461C719469305F00F69059720FF1FEF
:10FF0400E780E09505478D476309E50A1C4491C7DE
:10FF1400585899475DC3185C4DC31306C003814507
:10FF240017F50020130505189710FF1FE780E07FE1
:10FF34001306C003A28517F500201305A516971014
:10FF4400FF1FE780007897F700209387A715DA272B
:10FF540001E713070010DAA7F82719E30547F8A704
:10FF64009A2B19E36D479AABF83719E31547F8B79D
:10FF7400B82B19E30547B8ABB83B19E3F837B8BB5E
:10FF8400D83B11C7937637000983F4ABF8BBD82B61
:10FF940019E35547D8AB182C01E71307C00398AFF2
:10FFA4009C5791C7829797F70020239DA70CFD5774
:10FFB400238EF1BAEFF0BFDE8147B24022443E8582
:10FFC4004101828089473E85828079714ECE97F9BE
:10FFD40000209389291283A7090006D622D426D2A9
:10FFE4004AD052CC829713090064B335250303D653
:0CFFF400C900814617FA0020130A4A08D1
:020000021000EC
:1000000032C633052503EF20320083248A012A8477
:1000100001456386840232463305944063EF8400D1
:1000200003A589008146B335A9023305A902EF2053
:10003000A27DB307954033858700232C8A00B250F8
:10004000225492540259F249624A45618280011158
:1000500022CC0A852E84414697450200938585F976
:1000600006CEEF509FB218083324E420035704FF54
:10007000F240624497F7002083D7E70837450F0026
:10008000BA97130505243355F5020561828097F769
:10009000002083D7470751471D45637CF702794706
:1000A00019456378F7021307200315456373F702B8
:1000B0001307B0041145637EF700130740060D4592
:1000C0006379F7001307600909456374F70013B5F6
:1000D000B70F8280411122C426C22E84AA8406C68C
:1000E000058CEFF08FF0B327A402B2402244338591
:1000F00097001375F50F924441018280411122C48B
:1001000026C22E84AA8406C6058CEFF00FEEB32714
:10011000A402B24022443385970033450508924437
:1001200041018280411122C426C22E84AA8406C6BF
:10013000058CEFF08FEB3335A402B24022442695B4
:1001400092444101828041114AC017F900201309ED
:10015000A9F58327890206C622C426C28DCF8297BD
:1001600097F400209384C4F19E242A848DC733F72A
:10017000A70A33470708B3D7A70AB3C70708B307C7
:10018000F74051476359F7008327C90291C382970B
:10019000EF90912082A4B24022449244024941014E
:1001A0008280011122CC23A201A217F400201304A3
:1001B000A4EF5C5406CEAA8581C72AC68297B245B1
:1001C000C9C59C410545B5CF9C45A5CFDE25B5CB1E
:1001D000FE25A5CB9C2981CB7C287838BA97634231
:1001E000F506DC41B9CF1306400217F500201305D0
:1001F000A5F09710FF1FE780004D97F70020938729
:10020000A7EF984323A8E1A0183C19EFCA2793074A
:10021000805737460F003305F50213060624814642
:100220008145EF20625E08BC183C9D4763E4E7000F
:10023000A1471CBC170500001305A5D9EFF0DFB4DA
:100240000145F24062440561828097F7002023A7B0
:1002500007E497F70020938727EA1727FF1F130764
:1002600067AC98C337873200FD56130727A194C7A0
:10027000D8C797F70020238907E8B7C7004023A411
:10028000D726A5BF011122CC17F400201304C4E126
:10029000084406CE26CA4AC801E90545F240624430
:1002A000D2444249056182805C58E5DB185C75D711
:1002B0007000854582971844B247E300F7FE4A2450
:1002C0009305E00417F90020130989DB9730FF1F1D
:1002D000E780C0E22320A90269D152249305F00FE0
:1002E00081449710FF1FE78080447C240326090285
:1002F00063C1F40232859730FF1FE78080EC01452F
:1003000097F7002023AE07D897F7002023AC07D833
:1003100071B74E241844B3879502898185043385CB
:10032000E7001C5C08C28297C9B7011122CC17F400
:100330000020130464D71C4426CA4EC656C206CEFB
:100340004AC852C45AC0AA84AE89B28A6388071ABE
:10035000585839CB1307F01F6366A71017FA00200F
:10036000130A0AD203290A02631209044A24956572
:10037000938515E09730FF1FE78040D82320AA021D
:100380002A861DC14E245C580844898182971C44EA
:1003900003290A022322FA028947639EF402C14715
:1003A0009305090C6381F9042945BDA003274A027E
:1003B000E384E7FE4A249565938525E09730FF1F87
:1003C000E780C0D32A896DD14E242A865C58084420
:1003D00089818297D1B78D47639AF404C147930509
:1003E000490DE393F9FCB8219307A0056312F706C2
:1003F0009E21639F97044E86910556859710FF1F97
:10040000E780602C83270A02638727014A8597309B
:10041000FF1FE78000DB0145F2406244D2444249BD
:10042000B249224A924A024B056182809147639702
:10043000F4009305890EE39999F675B793070010B8
:10044000E394F4F6A147E3E137F79305090F61BFA1
:1004500083270A02E38A27F54A859730FF1FE78042
:1004600040D699B71D67637FE506130705E09946F7
:100470003347D702562417FB0020130B6BC03307FA
:10048000D702330AF70083274B02639647010329FB
:100490000B02631109024A249305E0049730FF1F01
:1004A000E780C0C52A8909D14E245C582A868981F3
:1004B0005285829791451307A00593F5C50FB307A1
:1004C000B900B4236399E6029623639496029105DA
:1004D0004E86CA9556859710FF1FE780C01E83275A
:1004E0000B021DB7A166F916E3E0A6EC3307E54061
:1004F00051B7AC33D9B783270B02A9BF97F50020BA
:1005000083A505BAE38205EA91479306A00593F710
:10051000C70F3387F5003023E318D6E81223631B97
:10052000960091074E86BE9556859710FF1FE7806F
:100530008019D5B53C33E1BF97F700209387C7B644
:10054000984721C7985F31C385466310D504411190
:1005500022C417F400201304A4B2105006C615C21A
:10056000CE2748508981029708509730FF1FE780B7
:1005700040C597F7002023A507B297F7002023A3D3
:1005800007B2B240224441018280828001114AC8F0
:1005900017F90020130949B14EC68329890022CCDE
:1005A00026CA52C406CE56C2AA842E84328A638DCD
:1005B000091A8327890399EB2945F2406244D24402
:1005C0004249B249224A924A0561828083274903FF
:1005D000E5D79307F01F63E0A70C97F900209389F4
:1005E00029AA83A7090295CF0325890083A7490279
:1005F0006395A7048947639FF404C147E31EF4FA97
:1006000003A509021305050C9307A0053CA106A14B
:100610002286D28511059710FF1FE780C00A014589
:1006200069BF0355C9009305E0049730FF1FE780B9
:10063000E0AC23A0A9024DF941B78355C900832737
:10064000490303A60902898182978327890023A28F
:10065000F9024DB78D47639AF400C147E31EF4F4E5
:1006600003A509021305450D45B791476399F400A9
:10067000E31494F403A509021305850E71B79307DB
:100680000010E39BF4F2A147E3E887F203A5090217
:100690001305050F95BF9D676373F506930705E086
:1006A0001947B3C7E7020357C90097FA0020938A96
:1006B0002A9DB387E702BE9983A70A02A1CB83A72D
:1006C0004A026391370703A50A0291479305A005E3
:1006D0001308F00F13F7C70FB306E500B02263133A
:1006E000B60683D80600B032639C9804B307F64080
:1006F00063C6870411072286D2853A9529BF2167F0
:100700007917E36BA7EAB307F54071BF0355C9003A
:100710009305E0049730FF1FE780409E23A0AA02C4
:1007200059FD59BD8355C9008327490303A60A0211
:1007300089814E85829723A23A0371B723900601DF
:10074000B28749BF3386870011061308F00B637424
:10075000C8002D459DB5ACA213063400719A110650
:10076000B29786A2BCB279B797F9002093894991D4
:1007700083A709029DCB03A5090291471308A00591
:100780009305F00F13F7C70FB306E500B02263100F
:10079000060583D80600B03263979800B307F64089
:1007A000E3DA87F48EA2B287F1BF8347E9000355ED
:1007B000C9009305E0043305F50233450508973079
:1007C000FF1FE780A09323A0A90255F5F5B30356B8
:1007D000C9008345E900B385C50233868700110649
:1007E000E3E9C5F62381060185BF01458280011139
:1007F00006CE2EC6EF80704919C5B245F2402A21B7
:1008000005616FC0106AF240494505618280A38886
:1008100001A4238801A423A601A423A401A423A244
:1008200001A423A001A423A601A223A401A297F757
:1008300000209387A78E3706840390D33707B40030
:1008400037C6070098C3130606B83747A000D8C3B9
:10085000D0D33707100041669306070AB70550004A
:100860009308060194C723A41703938605019308F0
:1008700016F8D4C723A61703B706D007B7087F001A
:100880001308070513850601410723A81703B0C302
:10089000930816009386060513861500D8CBF8C377
:1008A00023A8070188CF23AE070023AA170323AC90
:1008B000070223AE070223A40704F0C7B4CB23AA80
:1008C0000704ACCF23AE0705B8D33707A000F8D78D
:1008D0001307000AB8DB1307C01CF8DB3707140046
:1008E000B8DF0547F8DFE8D323A40706930710F81D
:1008F00017F700202324F78A8280011152C42A8A24
:10090000214522CC26CA4AC84EC606CE2E84B289BC
:100910003689BA849710FF1FE780C0CB05C99307BB
:1009200000FD1CA19947A30045013CA1230325011B
:1009300064B123123501AA8522856244F240D24473
:100940004249B249224A05616FE0FFDFF24062444A
:10095000D2444249B249224A0561828023A6A1A419
:10096000828023A4A1A4828023A2A1A4828023A0A8
:10097000A1A48280011122CC26CA4AC806CE4EC646
:100980002A89AE840144B309890063699400F24066
:100990006244D2444249B24905618280EFE0FFE4FB
:1009A000B3470508A1832380F9009307140093F748
:1009B000F70F850963F89700CA97090488A3137491
:1009C000F40FD1B73E84D1B7411122C417E40020FF
:1009D0001304047D6A20C16706C6FD17630CF50089
:1009E00017F600200346C69D938501A3EF80700B88
:1009F000FD577EA0B24022444101828009C92515DD
:100A00001375F50F1335850E1345150082800145CA
:100A1000828023900500D1C2797122D426D252CC93
:100A200056CA5AC806D64AD04ECE5EC62A8B2E8AE1
:100A3000B28A3684814463F05407B307940083C9B3
:100A40000700138914003349090863860904B38732
:100A5000290163C2FA04B307240183CB07005E8532
:100A6000EFF0DFF90DC99387F9FF2310FA006390C7
:100A70006B03050933052401B250225492540259E4
:100A8000F249624AD24A424BB24B45618280CE94CF
:100A9000B3C404084DB70145C5B7014582800111B3
:100AA00022CC26CA4AC84EC606CE97E400209384BC
:100AB000246F2E89D0C88CC8C8C42A8441469305A7
:100AC000F00F4A859710FF1FE780A0D98549631B67
:100AD00035038848C145EFF0FFE941469305F00F23
:100AE00022859710FF1FE780C0D7054963162503AD
:100AF0006244C844F240D2444249B249C14505610A
:100B00006FF05FE7414681454A859710FF1FE780F8
:100B100040D5E31435FD75BF4146814522859710C8
:100B2000FF1FE78000D4E30525FDF2406244D24474
:100B30004249B24905618280411122C426C22E84F5
:100B4000AA8413060002814517E5002013054565B8
:100B500006C64AC09710FF1FE78060BD17E9002056
:100B60001309096497F70020238E8784A301990055
:100B7000EFC07035854719C1814749452300F90009
:100B8000B240224492440249410182809DC91DC95C
:100B900085476318F500DC3193E707FCDCB10545B8
:100BA000828089476316F500DC3193F7F703FDB7C0
:100BB0008D47E316F5FEDC3193F7F70393E707045F
:100BC000F1BF014582808DC10DC1DC311307000CDE
:100BD000054593F7070C638AE700130700040945EE
:100BE0006395E7000D45828001458280411122C452
:100BF000005D06C626C21DC8AA84085009C59720F4
:100C0000FF1FE780005C485009C59720FF1FE78061
:100C1000405B085409C59720FF1FE780805A228552
:100C20009720FF1FE780E05923AC0402B240224422
:100C300092444101828009ED97E7002083C76756FF
:100C400017E500201305455781CB138581A38280CA
:100C500017E5002013054556828017E5002003455F
:100C60004554828017E5002003254554828017E50E
:100C700000200325E553828097E7002083A7875350
:100C80008843828017E7002013078751544B9C420A
:100C900085079CC228339307F00F6307F500916521
:100CA0001733FF1F670023B58280011122CC06CEC7
:100CB0002E8432C6EF80700D9147B245631CF5005B
:100CC00083A701A489CF9C4399CB22856244F2403B
:100CD0000561828783A781A499C3DC43F5B7F240FD
:100CE0006244054505618280797122D42A844A21B3
:100CF0004ECE06D626D24AD09730FF1FE78020C5B9
:100D0000938901A531E583C409009307F00F639A25
:100D1000F40083C511A52685EFF07FAD19E1238886
:100D200001A44A20EF8070069147631CF50097E705
:100D300000209387E7465620FA236394E6007D5708
:100D4000FAA3B250225492540259F249456182806A
:100D5000582504212A893AC6EFF05FE94A85EF80D9
:100D600010404A20EF80A07D83C70900324799C315
:100D7000E38197FA9307F00F5220E384F4FA74208A
:100D80002820A685EFF07FB769BF79715AC82A8BF2
:100D90002E854ECE52CC56CA06D622D426D24AD062
:100DA0005EC62E8AB28AB6899730FF1FE78020BAC6
:100DB0007DC5045D2A89E5C49C501305400391E379
:100DC00061459C5489C79307450133C5070863866D
:100DD00009009307C50133C50708DC5089C793078D
:100DE000750133C507089700FF1FE780A07E2A849E
:100DF0005DC5614681459710FF1FE780409397EBE3
:100E0000002083CBAB3463940B00834B0900930722
:100E100000FD1CA0A947A30064013CA023035401CA
:100E20008C50231244011305840191C908C47146F2
:100E3000130A44039710FF1FE780E08852858C5403
:100E400091C948C45146130A45019710FF1FE78016
:100E500080875285638C090008C87146CE85130AC5
:100E6000C5019710FF1FE78000865285CC5099C5B9
:100E700048C85D469710FF1FE780E084A2855E8525
:100E8000EFE07F8C2254B2509254F249624AD24A27
:100E9000424BB24B4A85025945616FF03FD5B25083
:100EA000225492540259F249624AD24A424BB24BFE
:100EB0004561828001114EC6AA892E8526CA06CEBA
:100EC00022CC4AC8AE849730FF1FE78040A821C9D2
:100ED00017E9002003498927631409000349050025
:100EE00019459700FF1FE780E06E2A840DC98145F0
:100EF00019469710FF1FE7808083930700FD1CA011
:100F0000B947A30034013CA046A0A2856244F24048
:100F1000D244B2494A85424905616FE0DF82F2401E
:100F20006244D2444249B24905618280797162C407
:100F30002A8C2E8526D24ECE52CC56CA5AC85EC6B0
:100F400006D622D44AD0AE84B28B368BBA8A3E8A79
:100F5000C2899730FF1FE780809F35C52A894145A8
:100F60009700FF1FE78000672A8431CD4146814505
:100F70009700FF1FE780A07B17E500200345051DB4
:100F800019E103450900930700FD1CA0BD47A3001C
:100F900084013CA023047401A304640123055401CB
:100FA000A305440146A023263401A2852254B25051
:100FB00092540259F249624AD24A424BB24B224CF5
:100FC00045616FE04FF8B250225492540259F249F1
:100FD000624AD24A424BB24B224C45618280011197
:100FE00026CAAA8439454AC84EC652C406CE22CC67
:100FF0002E8AB28936899700FF1FE780A05D15CD44
:101000009307000D1EA1B1472A84231245013CA17C
:10101000CE85190519469700FF1FE780C06A230691
:101020002401A2856244F2404249B249224A13F5A2
:10103000F40FD24405616FE00FF1F2406244D244F4
:101040004249B249224A05618280411126C206C640
:1010500022C44AC097E4002093848414B8309307D4
:10106000F00F6308F7042A8939459700FF1FE780CE
:1010700060562A841DCD930700FD1CA1A300250105
:101080002301050097E50020938505130D051946FA
:101090009700FF1FE78020639E24A285A8303EA40E
:1010A0009C305CA42244B2409244024941016FE06A
:1010B0008FE9B240224492440249410182800111E9
:1010C00056C2AA8A314526CA4AC84EC652C406CE5E
:1010D00022CC5AC0AE84328AB6893A899700FF1F63
:1010E000E780404F3DC92A8426859730FF1FE7805F
:1010F000008609C55825A1476311F70417EB0020A6
:10110000034B3B0A930700FD1CA09D47A30054011D
:101110003CA046A0231344012314340123152401C9
:10112000A2856244F240D2444249B249224A924ADC
:101130005A85024B05616FE00FE117EB0020034B6E
:101140007B28E3910AFC83A7C1B89C47C5DFCA8608
:101150004E86D2852685829775B7F2406244D24486
:101160004249B249224A924A024B056182804111AA
:1011700026C2AA84214522C406C62E849700FF1FDA
:10118000E780404515C5930700FD1CA1C5473CA15C
:101190003C30AA853CB15E205EA17C207CA17C30E5
:1011A0007CB12244B2402685924441016FE0AFD920
:1011B000B240224492444101828041114AC02A89AE
:1011C000714526C206C622C4AE849700FF1FE78081
:1011D00060403DC5930700FD1CA1F5473CA1BC3014
:1011E0002A849385C4003CB1DE2031051946231CB6
:1011F000F5FEFE20231DF5FE9E24231EF5FEBC24D5
:10120000230FF5FEBC34A30FF5FE9700FF1FE78008
:10121000804BBC28A2854A853CA8DE285EA8FC2815
:101220007CA8FC387CB89C2C1CAC9C3C1CBCBC2C0A
:101230003CAC2244B2409244024941016FE0AFD03D
:10124000B2402244924402494101828001114AC8BD
:101250002A89614526CA4EC606CE22CCAE89B28402
:101260009700FF1FE780003725C1930700FD1CA1F1
:10127000BC302A84938584001CB195473CA1FC3086
:1012800011051946A30FF5FE9700FF1FE780A04345
:10129000DE2023063401A2853EA4BE2C4A857EA40E
:1012A000DE2C1EA8FE2C3EA883C704025CA883C7C0
:1012B00014025CB8BE30F240D2447EA86244424977
:1012C000B24905616FE02FC8F2406244D2444249FE
:1012D000B24905618280411122C406C617E400208C
:1012E000130404EC3C208DC7AA851946138581A3FD
:1012F0009700FF1FE780203D2820938581A3EFF012
:10130000FF882244B240138581A341016FC0603C35
:10131000B2402244014541018280411126C206C6E5
:1013200022C44AC097E40020938484E7B83093072E
:10133000F00F6300F7042A8929459700FF1FE78013
:1013400060292A841DC5930700FD1CA1A147A300A5
:1013500025013CA1BC20938581A31105A30FF5FEB7
:1013600019469700FF1FE7800036A830A285EFE0FE
:101370008FBDB8208D47631DF70083A741A489CB9B
:101380009C4799C72244B240924402494101828756
:10139000B24022449244024941018280797122D4B0
:1013A00006D626D24AD04ECE52CC56CA09444DCD8E
:1013B0002A890A212E8A51449720FF1FE78020594D
:1013C000AA845DC197EA0020938A8AFF83C74A00F6
:1013D00005474944FD1793F7F70F6377F70858253A
:1013E000A1476314F70063110A089C5C4544ADEF04
:1013F0009165938545711305C0029720FF1FE78013
:10140000E0CF88DCAA894D4425C11306C00281457E
:101410009700FF1FE780A03183570900938649009A
:1014200036852391F90071469305490036C6970029
:10143000FF1FE780402989472380F900DC24B2465A
:101440000356090083C50A00E11713B51700EF80A2
:10145000707B2A8463060A00D2852685EF80807E11
:1014600001C42685EFF08FF8B250228522549254A1
:101470000259F249624AD24A4561828097E70020C8
:1014800083C747F4FD1793F7F70F05476377F7080E
:1014900001114AC806CE22CC26CA4EC652C4328991
:1014A00089472DC22A8AAE8936849720FF1FE7809C
:1014B000004AAA84D14739C5485509C59720FF1F5E
:1014C000E78020D0F1454A859700FF1FE780402C38
:1014D000C8D4AA85CD471DC5D824A147631DF702EE
:1014E00009C8382D1229930625015285EF80A07B6B
:1014F0002A84D820936747006384090093676700B4
:10150000DCA0A287F2406244D2444249B249224A56
:101510003E85056182800144E9BFC9473E858280DE
:101520009307000463EAA70097E70020938707BFAB
:101530003325F5200A21828041657D1582800111C5
:1015400022CC2A842E8526CA06CEAE849720FF1F81
:10155000E780E03F0DCDB7470F009387F72309459C
:1015600063E2870281450A8541469700FF1FE780B5
:10157000001CA68560800A8541804081A30101008E
:10158000EF805054F2406244D24405618280494564
:10159000D5BF97E700202386A7E282806F80F060A6
:1015A000797152CC2A8A328526D24AD04ECE56CA7A
:1015B0005AC85EC662C406D622D42E8CB28A368B36
:1015C000BA8B3E89C289C6849720FF1FE7802038E6
:1015D00005C92A84631A0A1893774B000343450010
:1015E00085CF1363230163940B1663100914639F63
:1015F000090885E81C5C1373B3FF23026400C5EB84
:10160000B250225492540259F249624AD24A424B91
:10161000B24B224C456182801373D3FF13630301E5
:10162000D9B713634300230264009C484146A68552
:101630001CD4130584019700FF1FE780C0086313C3
:101640000C12638C0B0A485409C59720FF1FE780D2
:1016500040B7F1455E859700FF1FE780601348D4CF
:10166000005C59DC1C5091EB916593853571714597
:101670009720FF1FE78080A808D008500DC1714651
:10168000DE859700FF1FE780000411A81363430065
:1016900023026400D9F8005C630C0C0235D0639A15
:1016A0000902A5E029A0005C21DC63940902225410
:1016B000B2509254F249B24B224CCA865A86025911
:1016C000424BD6855285D24A624A45616FF0EFEBB4
:1016D00005D85C5091EB9165938525715D45972008
:1016E000FF1FE780A0A148D0485045DD5D46CE856C
:1016F0009700FF1FE78020FD6DB7005C11D0E39AD3
:1017000009FC1C5491EB9165938515715145972007
:10171000FF1FE780A09E08D4085451D95146A685E2
:101720009700FF1FE78020FA59B713634300230295
:101730006400E39C04EEE3080CF6485405EDF14523
:101740004A859700FF1FE780A00448D431A813639F
:10175000430023026400E39A04ECE3060CEEE31E6C
:1017600009FCFDBDE31B09FC005CE30B04E8E39B03
:101770000BEE35B79720FF1FE780A0A4C9B7011172
:1017800026CA52C406CE22CC4AC84EC62A8AAE8485
:101790009720FF1FE780A01B35C12A893945970094
:1017A000FF1FE78020E32A8431C997E9002083C91D
:1017B000E99963940900834909009307000D1EA06D
:1017C000AD473CA093056900130534001946970006
:1017D000FF1FE78040EF93F714005CA493D41448F4
:1017E00044B423154401A2856244F240D2444249E4
:1017F000224A4E85B24905616FD0FFF4F24062443F
:10180000D2444249B249224A0561828001114EC642
:1018100052C456C206CE22CC26CA4AC8AA8A2E8AEA
:10182000B2899720FF1FE780801235CDAA84130567
:10183000C0029700FF1FE780E0D92A842DC517E971
:1018400000200349A9906314090003C90400930709
:10185000000D1EA0E9473CA09385640013053400E9
:1018600019469700FF1FE78000E6D2852315540133
:101870001305C40041469700FF1FE780C0E4CE85F2
:101880001305C40141469700FF1FE780C0E3A2850E
:101890006244F240D244B249224A924A4A854249BD
:1018A00005616FD05FEAF2406244D2444249B249D6
:1018B000224A924A0561828003A581A201CD41118D
:1018C00006C69720FF1FE780C08FB24023A401A265
:1018D000410182808280411122C406C626C24AC0CC
:1018E0002E849720FF1FE780800629CD00D517E9B9
:1018F00000200349A985AA8463140900034905004F
:1019000041459700FF1FE780E0CC2A8405CD93076F
:10191000000D1EA1A5473CA1DC3093856400110594
:10192000A30FF5FE19469700FF1FE780C0D99C540E
:10193000A285B2405CC4224492444A8502494101D6
:101940006FD07FE0B240224492440249410182803C
:101950005D71A2C4A6C286C6AA842E849720FF1FEA
:10196000E780E0FE0DC954251147AA874945639FCA
:10197000E6009C5F91C3E02B97A600009386E69556
:101980000A86894526854080EF80C022B6402644DD
:101990009644616182805145D5BF97E7002083C797
:1019A00067A2FD1793F7F70F0547637AF704411114
:1019B00026C206C622C44AC0B284894715CA2E89E7
:1019C0009720FF1FE780A0F82A84D14715C163063E
:1019D00009005C2193E727005CA14146A685130519
:1019E00084019700FF1FE78000CE9C481CD48147EC
:1019F000B2402244924402493E8541018280C94757
:101A00003E858280011122CC26CA06CE2A84AE846D
:101A10009720FF1FE780A0F319C96C002285448638
:101A2000EF80E01EF2406244D2440561828051455D
:101A3000D5BF6F70D02AC1671387E7FF6391E502B6
:101A400083A781A491EB494582804945B240224455
:101A500092440249410182809C43F5D7828741111B
:101A600022C426C24AC006C6FD172A892E84B28423
:101A70006394F50283A781A489C79C4399C3829785
:101A800011C5A6854A85EFE09FD669F1238821A577
:101A9000A38891A401455DBF2E859720FF1FE78095
:101AA00000EB45D51C210D45E39227FB22852244FE
:101AB000B2400249A685924441016FB0903E93071F
:101AC000000463E1A7064111C16722C426C206C60D
:101AD000FD172A84AE8409456380F502C547631269
:101AE000F4022E85EFB0504397D700209387076309
:101AF0003324F420014506A0B2402244924441011F
:101B000082809307A0036316F4002E85EFB0303A6D
:101B1000E1BF9307B003E319F4FC13F5F50FEFB041
:101B20005039D9B709458280011106CE2AC6EFE0A7
:101B30001FCEEF103076EF104055EFD02114324514
:101B400097D700209387C765130700F0BAA32382B5
:101B500007007D5797E7002093878786B8A388A35F
:101B6000F240954505616F608047757126C306C7D1
:101B700022C54AC1CEDED2DCD6DADAD8DED6E2D44D
:101B8000E6D2EAD0EECEAE849397556063D9075281
:101B900017EA0020130ACA8203450A00130B200A21
:101BA000930BF00F9700FF1FE780E0A8C167FD17B8
:101BB0002A84130C1009954C394D97DD0020938D24
:101BC0002D5E3ECC15E01395F468BA402A449A4441
:101BD0000A49F659665AD65A465BB65B265C965C4D
:101BE000065DF64D496182801C20639A670103C936
:101BF0003D00E2452A202286EFF02F8BD1A0034939
:101C00002A00639A87091C30639097032285EFF0BE
:101C1000AF8D2285EFD01FAE03450A009700FF1F4E
:101C2000E78060A12A8479BF6393A7194A2085675A
:101C3000A507631AF5040C4497D9002093894956E7
:101C4000882115E51946850517D500201305C556C9
:101C50009700FF1FE78020A703C709008547631C83
:101C6000F70289472380F900EFB070265DB703C7FC
:101C7000090085476311F70297D700202382075296
:101C8000EFF0AFBC79B709679307C70063EDA7040E
:101C900005076369A702E30E79F7A2854A85EFD0AD
:101CA0009FAA9DBF370700181307F770B357F7486F
:101CB000F5C383A741A4B1DF9C43A1DF22858297AE
:101CC00029F9D1BFF977F917AA972947B3C70708A8
:101CD0006362F70C1747020013078788B3C7E72032
:101CE0009C43BA978287F9779387A7FCAA97F14616
:101CF000B3C70708E3F8F6FA3907E31EE5F883A748
:101D000081A4E38807F0DC43E38507F00965A28539
:101D1000390595A883298400E38F09F603C70900D4
:101D200097D700209387C74719EB03C7290083C6BD
:101D300019002207558F9AA703C7390098B3942337
:101D40000947E39AE6F403C7090001CB97D70020BF
:101D50002388074403C5090025B78C338A270D471C
:101D600098A3EF60602AFDB71C448823EFF0EFDAF8
:101D70004DB583A7C1A4E38E07E89C43E38B07E836
:101D80000965A2852D05829725BF1C449C23E394F9
:101D900007F041B5896793871704E31EF5EE83A723
:101DA000C1A4E38807E69C43A285F1FF9DB53D47AA
:101DB000639EE7044A2089671387D7006306E5001E
:101DC000138797016318E50083A781A4E38307E4E1
:101DD000DC43D9BFCD07E310F5ECC16717D700206E
:101DE0000357673CFD17631DF70083A781A4E382B7
:101DF00007E2DC43E38F07E00965A2854D0561B783
:101E000083A701A4E38707E09C43EDB71307E00332
:101E1000E393E7E83C200547639EE7107C20938A24
:101E200081A2639A070E83A70A006381070E83C904
:101E300007002149683093078400BE853ECEEFE05D
:101E40009FD868B013064002814568109700FF1FB5
:101E5000E780E08D3C30194693058400A307F1022A
:101E60007C304818A309F1029700FF1FE780A08586
:101E70005E207010CA852318F1027E244E8523133C
:101E8000F1041E282314F1043E282315F1045C28D4
:101E90002306F104FD57A306F1042317F104EFF024
:101EA000EFBA3C309DE3DD47835804010358E4005A
:101EB00074304E203EC23E28130784003EC0CA87BD
:101EC00005464E85EF70F00228B083A70A0081C74F
:101ED0001145EFF07F9E938901A503C50900E30A30
:101EE00005D283C511A5EFE09F90E30405D23430FD
:101EF000930710036389F600522083C509004A87BF
:101F00003685EFE09F9F238801A421B397D9002055
:101F100083C9392939BF83A741A497D9002083C930
:101F2000592899C3DC4399E3114929B781450145F3
:101F30008297DDBFF91793F7F70F13077002E36C71
:101F4000F7D41737020013076764B3C7E7209C4331
:101F5000BA9782877C20938A81A2A9EB83A70A0083
:101F6000A9C383C907002149683093772500B1CF01
:101F700005891307440168B02286CA854E853ACE8A
:101F8000EFF0CFAC3C307247A9F3DD478358C40172
:101F90000358A40174304E203EC27E2C3EC0CA8736
:101FA00005B797D9002083C9D91F75BF83A741A45E
:101FB00097D9002083C9F91E99C3DC4399E31149DD
:101FC00065B7814501458297DDBF13078400BA8557
:101FD0003ACEEFE05FBF724779BF83A7C1A4E38A1F
:101FE00007C2DC43E38707C2228582971DB183A71E
:101FF000C1A4E38007C29C47F5B722868D454A20DD
:10200000E5BE9305A10213051031EFC0514C6C10D1
:1020100013052031EFC0B14B72208357C1024A2013
:1020200063E7C70016240357A10263F7E600930590
:102030000002EFB0606DF1BE6373E6007AA063F357
:10204000D7001EA45A24362412246E20014881474A
:10205000EFB0406B7DBE2286B14555B783A7C1A4C2
:10206000E38907BADC47BDBF2285EF00E07655B6AD
:1020700083A7C1A4E38F07B89C4BADB72285EF00BF
:10208000A07F41BE0145EF00700E61B683A741A459
:10209000E38307C0DC43E38007C0814505458297A1
:1020A000DDBE83A741A4E38807BEDC43E38507BE0A
:1020B000A2850945EDB722869305600289B793F79B
:1020C000150099CB83A7C1A489C7DC4399C30145F7
:1020D000829713C51400D5BC93F7250081CF83A741
:1020E00041A491C7DC4381C781450545829713C54B
:1020F0002400E1BC13F54500E30905AC83A7C1A2A8
:1021000017D400201304C40999CB85475CA083A78A
:1021100041A491C7DC4381C7814505458297484466
:102120006C10EF80A0066810EFF0EF9A97D70020B0
:1021300083D7E70081CF130600643386C702914539
:1021400017D500200345C527EFD01F8213C54400D3
:10215000ADBC011122CC2A84554506CE26CAEFF02B
:102160002FBCAA8413054002EFF08FBB2AC61305CB
:102170005002EFF0EFBAAA86228562443246F2405E
:10218000B3359000D24405616FB0A05F397122DC95
:1021900006DE0D472E84631AE500BA259625F22146
:1021A0002830CE21EFE0BFF189A809679306D70058
:1021B000AA876319D504BC21A9C3138481A20C404A
:1021C0008DCDDC87BC31194691054808A309F10083
:1021D00097F0FE1FE780204F930700F03ED61C408B
:1021E000231801002313010202D4882370008145C3
:1021F000EFF0CF850545EFF02FEC0545F250625426
:10220000216182809306E700E309D5FE930637013A
:102210006319D500A82175D1014781460146814542
:1022200051B76507E30BE5FC31476319E50017D5A6
:102230000020034515F7EFE09FF3C1B713076002D5
:102240006319E50017D500200345B5F5EFE0FFF66B
:102250006DB741677D170145E392E7FAD831C94769
:10226000E31DF7F8F625D2250A24AE25EFB060521B
:10227000854711C55D45EFF0AFAAB337A0004C20EC
:102280002A2030007C84EF7020033C84BDF7930546
:10229000A10013051031EFC091236C00130520310C
:1022A000EFC0F1223C851A246373F7001EA43C861C
:1022B0003A2463F3E7003EA41E243A246373F70034
:1022C0003EA42A20EF00C1517A24562432240E2441
:1022D0002A2001488147EFB0004105B741114AC0AB
:1022E00006C622C426C217D900201309690D034768
:1022F00079009307F00F6302F706AA8439CD6825A9
:10230000510597F0FE1FE780E02C2A8439C593071A
:10231000000D1EA1D9473CA1DE205EA1FC207CA1BE
:10232000FC307CB19C241CA5DC345CB5F02470A589
:1023300015C28C48510508C897F0FE1FE780A038E9
:10234000A285224403457900B240924402494101EA
:102350006FD06FBF23280500E5B7B24022449244F6
:10236000024941018280C1679386E7FF2A87639B08
:10237000D50083A781A299CF9C230D45639DE700DB
:102380006FB0A035FD1749456397F50083A781A27B
:10239000E5FB828049458280397122DC06DE26DA3F
:1023A0004AD84ED652D456D25AD0182185472A84BC
:1023B000630BF7001025930695009305E101054591
:1023C000EFE02FE51DE98147014514201147638D9A
:1023D000E60203A7C1A518338D466307D7028DC750
:1023E00005C711ED0145F2506254D2544259B25919
:1023F000225A925A025B216182801C21F9B78546DC
:10240000631DD7028D8BF9DF0830930524002EC69B
:10241000EFE06FFB08B0138901A683270900AA89A2
:1024200081448DC3B245138A41A6130BF00F834735
:102430000A0063EBF400814481A08946E314D7FAD3
:10244000858BD1B7054545B783270900939A44008A
:10245000D6979823630C6705983363193705194697
:10246000138527002EC697F0FE1FE7806037B24520
:1024700015CD83240900D69418209147C1E8E303C1
:10248000F7F683240900B9DC83460A008147130666
:10249000F00FE389F6F403C8040013850401630B0D
:1024A000C800850793F7F70FAA84E5B7850493F46E
:1024B000F40FB5BF98A01C301385240019469CB0BA
:1024C00097F0FE1FE7802020082491659385F57121
:1024D00005059710FF1FE78060C205C118209147CE
:1024E0006314F702C8C41024930594000505A30FD4
:1024F000C5FE97F0FE1FE780001D1C24A1F70820F1
:102500007D1513351500C5B588C4F1BF6311F706F5
:10251000C8441C2405C11021630DF60418209147FE
:102520006317F706C84419C59710FF1FE78060C9F5
:1025300023A60400082491659385E571050597108D
:10254000FF1FE780A0BB05C118209147631AF7045D
:10255000C8C41024930594000505A30FC5FE97F089
:10256000FE1FE780401608243335A000ADBD884427
:102570004DB793059400050597F0FE1FE7804026B0
:102580008547E31DF5F85545EFE09FF99DBF884469
:1025900055D19710FF1FE780C0C223A4040059BF84
:1025A00088C445BF397122DC4AD84ED652D406DEE3
:1025B00026DA56D25AD05ECE2A8413092500083175
:1025C000CA85138AC1A5EFE00FE008B083270A008F
:1025D0000D47AA899C33639DE700138A01A68327D0
:1025E0000A008144938A41A6639F070E05452DA0EA
:1025F000EDD7144C70389305E1000545EFE06FC14D
:10260000AA841DC903270A0085461C2118336310BC
:10261000D7028D8BF9F30145F2506254D2544259DE
:10262000B259225A925A025BF24B2161828089464A
:10263000858BE314D7FAF9BF1C2011476385E700A7
:102640002D47E39AE7FC938A01A683A70A00014A73
:10265000938B41A6E9D303C70B00B3470A0863E491
:10266000E700A5FC4DBF03A50A00131B4A001C2070
:102670005A9518216310F7021C31639D37011946E2
:10268000CA85090597F0FE1FE780801501C583A460
:102690000A00DA94050AC1B783A9840059A80C4C32
:1026A0001385190097F0FE1FE78080138547631795
:1026B000F5085545EFE0DFE64DC1B1BF1C201147DD
:1026C0006385E7002D47639DE700C8C470380505A2
:1026D000A30FC5FE0C4C97F0FE1FE780C0FEB5A807
:1026E00088C4EDB7850403C70A00B3C7040863F8BC
:1026F000E70603250A00139B44001C205A95182165
:10270000E312F7FE1C31E39F37FD1946CA85090520
:1027100097F0FE1FE780C00C71D583240A001C20AF
:102720001147DA946385E7002D47E397E7F683A91D
:10273000C4007C3803C60900E303F6F64E85971003
:10274000FF1FE78000A8683891659385E57105054E
:102750009710FF1FE780809A35F1E39904E803C7DB
:102760000A0083240A0081479306F00FE3F0E7E8AC
:102770008C20138604016387D5008507B284B3C714
:102780000708EDB7E38404E61C20CA8513852400FE
:102790009CA01C3019469CB097F0FE1FE780A0F269
:1027A000683891659385F57105059710FF1FE780DF
:1027B000E094E30D05E218209147631DF700C8C4BB
:1027C00070380505A30FC5FE0C4C97F0FE1FE7807F
:1027D00080EF29BD88C4EDB701114AC806CE22CCCE
:1027E00026CA17D900201309A9BD0347790093070A
:1027F000F00F630DF706AA8435C9614597F0FE1FF7
:10280000E78040DD2A843DC19307000D1EA1D54716
:102810003CA1BC30938584002EC63CB1DE205EA175
:10282000FC207CA1E830EFE00FBAB24568B0194651
:102830001305840097F0FE1FE780E0E8FC24A285E2
:10284000034579007CA49E281EA8BC283CA8BC385F
:102850003CB8DC285CA8DC385CB8FC287CA8624466
:10286000F240D244424905616FC0FFEDF24062443C
:10287000D244424905618280411126C206C622C463
:1028800097D400209384C4B3F8309307F00F630902
:10289000F7022A8415C5194597F0FE1FE78080D3FB
:1028A000AA8519CD9307000D1EA1DD473CA15E202E
:1028B0002244B2405EA1E830924441016FC0BFE8BB
:1028C000B2402244924441018280011126CA93847D
:1028D00001A69C4006CE22CC4AC84EC652C48DC327
:1028E0002A89AE89131A45000144884063124403C3
:1028F000638A09049710FF1FE780A08C23A001A61C
:10290000F2406244D2444249B249224A056182807F
:10291000B3078500884709C99710FF1FE780608AC1
:102920009C40A29723A407009C40A297C84709C9CE
:102930009710FF1FE780E0889C40A29723A607001E
:10294000410465B755DD2286814597F0FE1FE7807B
:1029500000DE944081477D5613F7F70FE37227FBA3
:1029600013974700369710A38507FDB7797152CCAE
:10297000138AC1A583270A0006D622D426D24AD0BC
:102980004ECE56CA5AC85EC6D5CF2A89938A41A66A
:10299000814409ED83A601A691CA03C60A008147B6
:1029A0009305F00F13F7F70F6369C702139534000F
:1029B000210597F0FE1FE780E0C12A8415E9214533
:1029C00097F0FE1FE78000C12A8425C1C567938761
:1029D000073D1CC12322040099A013974700369796
:1029E00018236305B700850493F4F40F85075DBFD2
:1029F000930700FD1CA18547A30025013CA124B13C
:102A0000F1D813098500232225018149138B01A6E2
:102A1000930BF00F83C70A0063F3F9009DEC832743
:102A20000A00A2858823EFC01FD203C50A00814592
:102A3000EFF0BFE903250A009700FF1FE7806078E9
:102A400023AE01A4B250225492540259F249624A70
:102A5000D24A424BB24B4561828083250B0093974B
:102A60004900BE959C21638377032300F9009C31C4
:102A700013052900FD14A300F9001946890593F4F4
:102A8000F40F97F0FE1FE78000C42109850993F930
:102A9000F90F49B783A7C1A5B1C7411122C406C622
:102AA0002A8415E10945EFE0BFA72A8601C98545BB
:102AB00017D500200345C590EFC01FEB0545EFF08B
:102AC0004FE92A8419C9854517D500200345458F4C
:102AD000EFD06F922285EFF07FE9B24022440545A6
:102AE000410182800145828089679386B700631621
:102AF000D5009C4588236FF0FFF99386C7006317C4
:102B0000D5009C458546882319C9F5B793861704D7
:102B1000E301D5FE938727048146E304F5FE36855D
:102B20008280011106CE22CC26CA4AC84EC652C4A3
:102B300056C255CD3C312A8999CF444189CC59455B
:102B4000EFE01F9E8149938AC1A5131A4560834710
:102B5000390063EBF900F2406244D2444249B24981
:102B6000224A924A056182808387840263C84707AC
:102B700083A70A00A5C72685EFF01F8225C18824F8
:102B8000510597F0FE1FE780E0A42A8421C993072E
:102B9000000D1EA1B5473CA19C2019469385240039
:102BA0003CB18387840215057CA19C30A30FF5FE00
:102BB00097F0FE1FE78020B1902450A415C613059E
:102BC000440108C89385940097F0FE1FE780A0AFEA
:102BD00083A70A00A2858823EFC0FFB685099384E6
:102BE000940293F9F90FA5B723280400D5B783A75A
:102BF000C1A5B5D3EFF09FD76244F240D244424919
:102C0000B249224A924A014505616FF08FD4797129
:102C100006D622D426D24AD04ECE52CC56CA5AC854
:102C20005EC645CD3C312A899DC344418DC059457E
:102C3000EFE01F8F89048149938AC1A5130B00FD22
:102C4000C14B131A45608347390063EDF900B25058
:102C5000225492540259F249624AD24A424BB24B30
:102C6000456182808387D40063C4470783A70A0035
:102C7000A5C3514597F0FE1FE780C0952A8429C956
:102C800023006501A30005002301750183C7E4FF4C
:102C90001946A6853CB18387D40015055CB583C76A
:102CA000F4FFA30FF5FE97F0FE1FE780C0A1FC2004
:102CB000938574001305C4003CB4194697F0FE1FB9
:102CC000E78060A083A70A00A2858823EFC0BFA782
:102CD000850993F9F90FC104BDB783A7C1A5A5DB89
:102CE000EFF0DFC82254B25092540259F249624ABE
:102CF000D24A424BB24B014545616FF08FC57971A5
:102D000006D622D426D24AD04ECE52CC56CA5AC863
:102D10005EC662C466C2630A05223C312A8995C731
:102D2000404105C45945EFE0AFFF09048149138ACA
:102D3000C1A5914B354C173B0200130B2B8F931AF7
:102D400045608347390063EFF900B2502254925432
:102D50000259F249624AD24A424BB24B224C924C3F
:102D6000456182808307A40063CA571583270A0040
:102D700063860714834CE4FF93F70C01CDC7938758
:102D80000CFF93F7F70F6369FC00B3C767219C43FF
:102D9000DA978287230F04FE1305E4FFEFF09F808C
:102DA000630E05108347E4FF63EFFB10054763984C
:102DB000E70A514597F0FE1FE780C081AA84630FA0
:102DC000050E930700FD1CA1C147A30005003CA10F
:102DD0008347E4FF1946A2853CB18307A40015058B
:102DE0005CB58347F4FFA30FF5FE97F0FE1FE78065
:102DF000808D7C2419469305F400BCB41385C4006F
:102E000097F0FE1FE780208C65A08547230FF4FE16
:102E1000A30A040051B78947230FF4FEB5BF8D47BD
:102E2000E5BF9147D5BF93F78C0099C3AD47EDB788
:102E300013F71C0093F74C0011C799C39547F9B7D6
:102E4000A147D9BF13F72C0011C799C3A5477DBF70
:102E50009947D9B799C3A947C1B79D4775BF4838A6
:102E6000510597E0FE1FE780E076AA8421C9930709
:102E7000000D1EA1B5473CA18347E4FF1946A2857A
:102E80003CB18307A40015057CA18347F4FFA30F81
:102E9000F5FE97F0FE1FE78000835038D0A419C6D6
:102EA0001385440188C88325640199BF23A80400C1
:102EB00083270A00A6858823EFC0FF88850993F938
:102EC000F90F7104BDBD48381305050297E0FE1FD8
:102ED000E7804070AA847DD19307000D1EA1C947E9
:102EE0003CA18347E4FF93FC0C061946B3E7970126
:102EF0003CB18347F4FFA2851505A30FF5FE97E0CB
:102F0000FE1FE780407C7C2019469305F400BCB48A
:102F10007C3013853401DCA41C24DCB41C34FCA4F8
:102F20008307A400FCB45E249EA87C24BCA897E080
:102F3000FE1FE7804079503890BC09C61385040213
:102F4000C8CC95B723AE0400A5B783A7C1A5E38E6F
:102F500007DEEFF0BFA12254B25092540259F24959
:102F6000624AD24A424BB24B224C924C01454561D7
:102F70006FF02F9E03A7C1A505CB1823AA870D4587
:102F80006315F7024111854517C5002003454543E8
:102F900006C6EFC05FC613050003EFF03F9DB240C9
:102FA000014541016FF0EF9A4945828079714AD01D
:102FB0001389C1A58327090006D622D426D2CDEBDA
:102FC00017C400201304C43F5820C947298B51CB94
:102FD0009165AA849385D57111459700FF1FE780FD
:102FE000E0112320A900CD472DCD78309307F00FB5
:102FF0006314F7009C207CB01146A68597E0FE1F65
:10300000E780606C930531011305F041EFA0415C4E
:1030100097C700209387C718A02303473101333493
:10302000800011C3090413051002EFE06FCF13767F
:10303000F50F0589E14715C5154532C6EFE04FCEBE
:10304000BC20E8841945230AF100EFE06FCD324639
:10305000AC30E8867C08380854082285EFA020723E
:10306000AA87B2502254925402593E85456182800B
:10307000C547C5BF97C7002083C7C734A18B138539
:1030800041A591E301456FD0DF8D238201A6FD5755
:1030900017C70020A309F73223A001A623AE01A47D
:1030A00097C700209387C71117070000130707A4CD
:1030B00098C317070000130707A7D8C31707000016
:1030C000130727B598C717070000130787C3D8C78A
:1030D00017F7FFFF1307C72098CB938741A517F772
:1030E000FFFF1307872898C317F7FFFF1307470A47
:1030F000D8C38280411122C426C206C6138441A6C9
:10310000AA8408208545EFF04FFC97C7002083C7AD
:10311000672BA98BADC717C500201305650A04A04E
:10312000EFD0DF83938401A69C4099C74D45B24000
:103130002244924441018280082019E10145C5BF23
:1031400091659385B57112059700FF1FE78000FB1D
:1031500088C069DD10208145120697E0FE1FE780D8
:10316000005D142090408147FD5513F7F70FE3777A
:10317000D7FC1397470032970CA38507FDB701458D
:10318000238201A6EFD08FFD55BF03A5C1A201CDBB
:10319000411106C69700FF1FE780A002B24023A698
:1031A00001A241018280828001111305700306CEC5
:1031B000EFE00FB72AC613058003EFE06FB62AC40D
:1031C00013059003EFE0CFB52246B245F240AA8640
:1031D000054505616FA0E0595D711305D00386C6F2
:1031E000A2C4A6C2CAC0EFE0AFB32A841305C003CD
:1031F000EFE00FB3AA841305E003EFE06FB22A8972
:103200001305F003EFE0CFB18A871377F50F9376BC
:10321000F90F13F6F40F9375F40F0545EFA0A056C0
:10322000B64026449644064961618280011122CC51
:1032300006CE26CA0D472E846317E504B831E94748
:10324000CA2197C400209384A4F56315F700FE20DB
:103250006387A7049700FF1FE780606F722011C18A
:1032600072A53A2416244E202830EFD05FE55A206C
:10327000FE206314F700FD57FEA00545F2406244AE
:10328000D2440561828009674D07AA87631CE50067
:10329000BC2131476385E7004547E390E7FEEFD067
:1032A000AFF2E1BF31476319E50017C500200345C0
:1032B0007511EFD0DFEBD1B7130760026319E5009A
:1032C00017C5002003451510EFD03FEF7DB74167CC
:1032D0007D170145E394E7FAD831C947E310F7FABF
:1032E000CC212A20300023140100EF50F07771B771
:1032F0001971A2DC1384C1A21C4086DEA6DACAD8EA
:10330000CED6D2D4D6D2DAD00545638A070C93053F
:10331000F1051305F041EFA0A12B9305F10513056D
:10332000F041EFA0E12A97C70020938767E7BC230D
:103330000347F105B337F00011C389071840BEC633
:10334000283393054700EFD07F841840AAC40D4569
:103350002C23AEC2EFE0CF9CAAC01145EFE04F9CFA
:10336000832A04002ADE654503C7AA0003CBBA00FE
:103370003ADCEFE0EF9A2A846945EFE06F9AAA847D
:103380007145EFE0EF992A896D45EFE06F99AA89C1
:103390007545EFE0EF982A8A7945EFE06F98264867
:1033A000B6476257F256064696451375F50F137ADF
:1033B000FA0F93F9F90F1379F90F93F4F40F2ACC5C
:1033C0001314446002D002CE52CA4EC84AC626C464
:1033D00022C25AC093884A000545EFA06034F650D7
:1033E0006654D6544659B659265A965A065B096110
:1033F0008280411122C44AC006C626C21389D1A7C1
:10340000834709001307E00F2E846382E704130744
:10341000F00F6385E702114597E0FE1FE780801BF0
:10342000AA8509CD930700FD1CA189473CA18547CA
:1034300000B13CB103450900EFC0EFB0F9572300DC
:10344000F900B24022449244024941018280AA8498
:10345000114597E0FE1FE780E017AA857DD193070D
:1034600000FD1CA1894700B13CA124B12244B24017
:103470009244024903C5C1A741016FC0CFAC797125
:103480004AD01389C1A28327090022D406D626D2A6
:103490004ECE52CC4544D5E797C40020938444F2E5
:1034A000DC204944958BD1CF2E8A9165238EA1A62D
:1034B000AA899385757131459700FF1FE78000C485
:1034C0002320A9004D4435CD23003501A30005007C
:1034D0002946D285090597E0FE1FE780C01E032715
:1034E000090091463C2363E7F606CD4691CF054699
:1034F000F546638BC7000946C9466387C7000D467A
:10350000C1466383C700D54634A3930571001305F4
:10351000F041EFA0E10B9C83C5E317C700200347F0
:1035200047C88D47631AF708EFD0CFF32C00EF6040
:10353000F0452800EFD03FDA4545EFD07FFE25E586
:103540000144B2502285225492540259F249624AEF
:1035500045618280ED1793F7F70F95460544E3E246
:10356000F6FE972602009386E60FB3C7D7209C434A
:10357000B697828789473CA319A0230107006545B8
:10358000EFD01FFA9307F007E301F5F803270900CE
:103590003C2393E707043CA38DBF8547E9BF9947C8
:1035A000D9BF9147C9BF130600643306C5028820FE
:1035B0009145EFC06FBB69B7EFF09FD32A8449D123
:1035C000EFF0BFBCBDBF011126CA9384C1A29C40CD
:1035D00022CC06CE4AC84944B1C39C230D44639F04
:1035E000A70217C900201309A9DD03450900894571
:1035F000EFC06FE0034509009145239C01A6EFC091
:103600008FDF9C400147814680B31306F100854758
:1036100085450145DC87EFA080152A84F24022858C
:103620006244D244424905618280011106CE22CC17
:1036300026CA4AC84EC685476319F506138481A772
:103640001E20A1CB17C700200347C7B539E31307D6
:10365000B003636CF70297C40020938464D688207B
:103660008945EFC04FD912209307006488203306A4
:10367000F6028945EFC04FAF239C01A6F240624499
:10368000D2444249B24905618280938747FC1EA01B
:10369000F5B783A7C1A2FDD36244F240D2444249A8
:1036A000B249882305616FF01FF29389C1A283A7F5
:1036B0000900E9D717C90020130989D083474900B9
:1036C000918BCDDF89476311F5062D45AE8497E0D8
:1036D000FE1FE78020F02A8455D1930700FD1CA12E
:1036E000E547A30005003CA1BC3015051946230F92
:1036F000F5FEDC2093855400A30FF5FE97E0FE1F36
:10370000E78060FC034559009307F00F6315F5004F
:1037100083A709008823A2856244F240D24442492B
:10372000B24905616FC02F82034509008945EFC08A
:103730008FCC6244F240D2444249B249239C01A654
:1037400005616FF09FA497C7002083C7A7C7958B1B
:1037500089CB83A7C1A681CB8547A38DF1A66FF046
:10376000BFA44945828041458280A38D01A685453D
:1037700001456FA0800097C7002083C7A7C4958B21
:1037800091C78547238DF1A66FF01FA5494582801B
:10379000238D01A6814505456F90307F9307C01C9E
:1037A00063FCA700094582800945F2406244D24487
:1037B0004249B24905618280011122CC06CE26CA57
:1037C0004AC84EC62A8431CDAE89916521059385BC
:1037D0006571334505089700FF1FE7802092AA8492
:1037E00061D5138941A70325090009C59700FF1F6B
:1037F000E780209D1385840088C022868145232090
:10380000990097E0FE1FE78080F283270900228657
:10381000CE85884397E0FE1FE780E0EA8327090012
:10382000C2A383A7C1A295CB97C7002083C787B93E
:10383000958B95C783A741A791CF9843D623624420
:10384000F240D2444249B24905468D4505450561DD
:103850006F90707101478146DDB70145B9B74945A1
:10386000A9B79307C01C63FCA700094582800945DE
:10387000F2406244D2444249B2490561828001115A
:1038800022CC06CE26CA4AC84EC62A8431CDAE897D
:103890009165210593855571334505089700FF1FF4
:1038A000E780C085AA8461D5138901A70325090093
:1038B00009C59700FF1FE780C0901385840088C06A
:1038C000228681452320990097E0FE1FE78020E6AD
:1038D000832709002286CE85884397E0FE1FE78074
:1038E00080DE83270900C2A383A7C1A295CB97C717
:1038F000002083C727AD958B95C783A701A791CFDC
:103900009843D6236244F240D2444249B249054624
:103910008D45054505616F90506501478146DDB7CE
:103920000145B9B74945A9B79307C01C63F4A7007F
:1039300009458280797122D406D626D24AD04ECE4D
:103940002A8439CDAE8991652105938575713345FA
:10395000050897F0FE1FE780607AAA840945A9C48C
:103960001389C1A60325090009C59700FF1FE78039
:1039700040851385840088C02286814523209900D4
:1039800097E0FE1FE780A0DA832709002286CE8514
:10399000884397E0FE1FE78000D383270900C2A376
:1039A00083A7C1A289EB0145B25022549254025917
:1039B000F2494561828097C7002083C7A7A0958BF5
:1039C0004945FDD36C001305D030EFB04130B2470C
:1039D00093F7070FE9DB83A7C1A69443D2238D4554
:1039E0000545EF905059C9B783A741A789CFD22386
:1039F0008C43411106C697E0FE1FE780C0CCB24061
:103A00000145410182800945828083A741A795C372
:103A100003A701A7894719CF52230C43411106C6BA
:103A200097E0FE1FE78020CAB24081473E854101F2
:103A3000828089473E85828083A741A795C303A7DB
:103A4000C1A6894719CF52230C43411106C697E0FE
:103A5000FE1FE78040C7B24081473E85410182801A
:103A600089473E85828097C7002083C7A795918BA1
:103A700099CF4111138581A606C6EFC05FEFB24012
:103A8000FD5717B700202310F772410182800145CE
:103A90006FC0FFEDFD57238EF1A6F957A38EF1A657
:103AA000A38D01A6238D01A6239C01A623AA01A60E
:103AB00023A801A623A601A697B7002093878771A4
:103AC000170700001307471F98C3170700001307C5
:103AD00007B6D8C3170700001307C78198C717F7A1
:103AE000FFFF1307A76CD8C717F7FFFF1307076F70
:103AF00098CB97F7FFFF9387A77323A4F1A6828043
:103B0000411126C29384C1A29C4006C622C495CB13
:103B10002A840D4597E0FE1FE780C0ABAA8519C92E
:103B2000930700FD1CA18D4700B13CA19C40882358
:103B3000EFB07FC119C42244B240924441016FF0FA
:103B4000CFE4B240224492444101828079714AD04C
:103B50001389C1A28327090006D622D426D24ECECD
:103B60006380070E98338547AA8497B9002093890C
:103B700029636301F70483C749008DE70D4597E08A
:103B8000FE1FE78020A5AA8501CD930700FD1CA19B
:103B9000914704B13CA1832709008823EFB0BFBA45
:103BA000EFF0AFDE0545B250225492540259F2496B
:103BB0004561828083A741A789CB9443D223930593
:103BC000E1000545EFC0FFE411ED0145EFD05F9541
:103BD0002A8631C2894517B500200345657EEFB0BE
:103BE000BFD815A81C21858BEDD30545EFD05F9379
:103BF0009307B0032A8463F0A7045D66130606707A
:103C0000894517B500200345A57B130444FCEFB09C
:103C10007FF6239C81A683270900094798B383C7B1
:103C2000490091C797B70020238E0756A5BF268568
:103C3000EFF01FED85BF930700643306F50251BF17
:103C4000014595B7411122C42A840D4506C697E067
:103C5000FE1FE780209819CD930700FD1CA1CD47DA
:103C600000B13CA12244B240AA8503C5C1A74101CD
:103C70006FB07FADB240224441018280411122C425
:103C80002A840D4506C697E0FE1FE780A09419CD53
:103C9000930700FD1CA1ED4700B13CA12244B240B6
:103CA000AA8503C5C1A741016FB0FFA9B240224454
:103CB000410182805A210111896606CE22CC26CA92
:103CC00013866600AA876316C7009C4701458C23AC
:103CD00051A8138606046365E60413865603636FD2
:103CE000E600138696006307C7081386A6006303E1
:103CF000C712A1066305D706014585A8F976938604
:103D0000A6FC3697A94633470708E3E7E6FE972661
:103D100002009386A6963347D7201843369702872A
:103D200013861605630AC71693862605E316D7FC85
:103D30001C45802383C7A1A72285639207160D45E2
:103D400097E0FE1FE7800089AA8519CD930700FD43
:103D50001CA1F14700B13CA103C5C1A705AA9C471E
:103D600005458C23EFF0EFE80545F2406244D2446C
:103D70000561828003A7C1A2014565DB9C478823BA
:103D800059E585471CB30545EF90F014F1BF1C457C
:103D90009384D1A71307E00F80239C20638BE70255
:103DA0001307F00F6384E702114597E0FE1FE780D9
:103DB0006082AA8501CD930700FD1CA1894700B14F
:103DC0003CA1A30105008820EFB0FF97F9579CA004
:103DD00061BF9384C1A29C400145C1DB05E8054455
:103DE0007D454085EFD0CFF3688613050002EFD004
:103DF0002FF39C40C8851307B10080B374001306ED
:103E0000A10085450545EF909016B9BF2285EFF0DA
:103E10003FCF99BF9C476244F240D244882305615A
:103E20006FF0DFD21C4509458C232DBF1C4588232C
:103E30002DE16C001305D030EFA07169B247414706
:103E400093F7070FE382E7F29305B10013056031A2
:103E5000EFA0F16788858545EF90301231B71C459A
:103E6000802383C7B1A722858DE70D4597D0FE1F1C
:103E7000E7804076AA85E30905EE930700FD1CA1C3
:103E8000D14700B13CA183A7C1A28823EFB0BF8B6B
:103E9000E1BDEFF03FDBC9BD1C45882301C5EFF054
:103EA000FFDDD9B585450545EF90300E75BD411153
:103EB00022C417B400200344E45006C6158809CC78
:103EC00017B5002013050531EFC01FAA4D44B240BD
:103ED00022852244410182800145EFC0FFA8C5BF71
:103EE0009821937625009377D70F99C2936727007F
:103EF00093F6F707131745606354070093E6070826
:103F00001378850093F7760F6304080093E7860023
:103F10009376050299CE93E707029CA163570700A9
:103F20001C2293E7C7001CA282801375A5026DF9BD
:103F3000828093F7F7FD9CA1E34407FE9377A502E7
:103F4000E5F37DF11C22CD9BF9BF2D45631C0710C5
:103F5000011126CA4AC84EC606CE22CC9821BE8977
:103F600089472E89B684631EF704DC413284983376
:103F700094232207558F8D66938746A013165760AA
:103F800063C9C7029386F69F63DDC602F577938700
:103F9000F75F3E978D47C8453347070863E7E70259
:103FA00097160200938646703347D7201C43B69776
:103FB0008287938766AA630EF608938686B8630F96
:103FC000D60823900400054525A097D0FE1FE78062
:103FD0002079334605083356360B92A08325C90055
:103FE0001DA01E2109479AA01CA0A1831CB0014559
:103FF000F2406244D2444249B24905618280994705
:104000009EA01946AA85228597D0FE1FE780A06B47
:10401000F9BF85479EA01C211CA0D1BF05C9A1479F
:104020009EA01E211CA01E21A1831CB03E213CA0ED
:104030003E21A1833CB05E215CA05E21A1835CB0E7
:104040007E217CA07E21A1837CB055B72390040003
:1040500079BF85479EA0DC459C237DBFE1479EA09C
:104060006146ADBF8280797122D44AD006D626D26D
:104070004ECE52CC56CA3A89982189472E84631D68
:10408000F7025C40B684B28503C8170094238D679D
:1040900022083368D800938627A01318586063015C
:1040A000D8102A8A63CC0601938607A0630BD80236
:1040B000938717A0630CF808854711A8138737A0CA
:1040C0006309E80A138767AA8D47E317E8FEB25031
:1040D000225492540259F249624AD24A3E854561BD
:1040E0008280484432C697D0FE1FE78060679D47B4
:1040F00033450508E36D25FD938A01A983C70A00AE
:10410000B3099900B24563D43701B547C9B74844EC
:104110002686B3C909084A9597D0FE1FE780A05AA2
:1041200003C60A00484481450506330636414E95CC
:1041300097D0FE1FE780A05F83A741A999E381473D
:1041400079B79C438145E5DF528515A0AD47E31063
:1041500009F8E39CE4FA1C321822A207D98F5844CC
:104160001EA383A741A9E1DF9C438545E9DB829734
:10417000F9B703C7B1A88D4739DBAD47E31909F497
:104180009947E394F4F84844194697D0FE1FE78016
:10419000805383A741A9C5D79C43D5D38D456DB71F
:1041A00003C7E184218B8D471DD3AD47E31109F28D
:1041B0008547E39CF4F4182293070008E3E9E4F050
:1041C0005C4498A3ADBF411122C40944A3888184F3
:1041D000A38781842387818423AA01A8238F01A632
:1041E000238801A8239701A8A38501A8A147194600
:1041F0008145138541A806C6A386F18497D0FE1F8A
:10420000E780E05223868184B707A00013874184AA
:10421000938707051CC3B707E8035CC32380818429
:1042200085476146814517B500201305E50EA38F2C
:10423000F182238F8182A38E8182238001A897D06F
:10424000FE1FE780C04E13060013814517B50020FE
:10425000130585F9238E8182A38F01A697D0FE1FB7
:10426000E780E04C9717FF1F938787D5B240224421
:10427000170700001307A7CD98C3170700001307FF
:10428000C7DED8C323A4070041018280797122D4FC
:1042900026D206D64AD04ECE52CCA1472E84B28426
:1042A00063EBA70017170200130707413345E5200A
:1042B0001C41BA97828793071008630CF51863ECCA
:1042C000A70093072004630AF51493070008630D01
:1042D000F514094581A093072008E31CF5FE8547E6
:1042E0006399F50208229377250085E783C7A1A883
:1042F0001387F7FF97B50020938505EF1207920704
:104300002E97A1075047BE9591A29307800F63FB9C
:10431000B7006145B250225492540259F249624AA0
:1043200045618280138A018583470A0017B90020FE
:10433000130989EB9207CA97C84719C597F0FE1F62
:10434000E78020E8238801A8130614001376F60FEF
:10435000916593850571328583490A0032C697F0CD
:10436000FE1FE780A0D983470A009209CA999207E5
:1043700023A6A900CA97C84749DD3246814597D090
:10438000FE1FE780C03A83470A002286A68592076F
:104390003E990325C90097D0FE1FE780C0322388CD
:1043A00081A8014585BF8947E395F5F61E2223972D
:1043B000F1A8C5BF8547E39EF5F41C22A385F1A8AB
:1043C000CDB79947E397F5F41946A685138541A81B
:1043D00097D0FE1FE780202FE9B7A147E39BF5F2B6
:1043E0002146A68513854184E5B78547E393F5F219
:1043F0001C22A38FF18275B7E147E39CF5F061467B
:10440000A68517B50020130525F1D9B78547E39296
:10441000F5F01C22A38FF1A669B78547E39BF5EE63
:104420001C222387F184B5BF8547E394F5EE83C74B
:1044300001851387F7FF97B500209385E5DA12070A
:104440002E97920750478820A107BE95EFF05FA9ED
:1044500089BF8547E39FF5EA83C7C1A8D9BF630F2A
:10446000052E9387E1A79823631A072E054798A383
:1044700097B70020938747D7894698A717B700209A
:10448000231907D61387C18A94A39386C18ED8C7F0
:10449000D4C37D576302E52C1377150085450DCFF6
:1044A00017B60020231F06D409479386018E138672
:1044B000118598ABD4CBD0CF85462388E184238067
:1044C000E7021387418DD8D394AF2384D70217B75F
:1044D0000020231007D48D451377250031C713978B
:1044E00045003E979386018E094654C31388F18494
:1044F000854610A314A72326070123150700138759
:104500001500334707082386E1A812073E9710A33A
:1045100014A71386018D9386E1A8890550C323153E
:10452000070054C7B3C505081377450031C7139773
:1045300045003E979386018E094654C31388E18453
:10454000854610A314A72326070123150700138708
:104550001500334707082385E1A812073E9710A3EB
:1045600014A71386C18C9386B1A8890550C323155F
:10457000070054C7B3C505081377850021C71397F3
:1045800045003E971386018E50C30546894610A705
:104590001386D18414A32315070050C71387150071
:1045A0003347070812073E9714A39386818C54C3A0
:1045B000A14614A7938641A889052315070054C76F
:1045C000B3C505081377050121C7139745003E972A
:1045D0009386018E094654C31388C184854610A36F
:1045E00014A7231507002326070113871500334757
:1045F000070812073E9710A314A71386418C9386D1
:104600004184890550C32315070054C7B3C5050865
:104610001377050221C7139745003E979386018EB5
:10462000094654C313880184854610A314A7231593
:1046300007002326070113871500334707081207D1
:104640003E9710A314A71386C18B9386F183890527
:1046500050C32315070054C7B3C5050813770504D5
:1046600021C7139745003E979386018E094654C390
:104670001388E183854610A314A72315070023267A
:104680000701138715003347070812073E9710A349
:1046900014A71386018C938601A8890550C323159E
:1046A000070054C7B3C505081377050831C713972A
:1046B00045003E971386018E50C35146894610A788
:1046C0001386D18314A32315070050C71387150041
:1046D0003347070812073E9714A39386818B54C370
:1046E000854614A797B60020938606C3890523152F
:1046F000070054C7B3C505081375051039C11397D2
:1047000045003E979386018E54C30946854613851E
:10471000C18310A314A72315070048C713871500EA
:10472000334707081207BA971387818BD8C31387BB
:10473000F1A7890590A394A723950700D8C7B3C50F
:1047400005089716FF1F9386A687414617B50020D8
:10475000130585A96F2010664D4599B301458280E8
:104760000111FD1522CC06CE328426CA3E864AC8E7
:1047700013F8F50FAD4763E8070B3A8917170200E6
:104780001307C7F53348E82083270800B684BA9793
:1047900082878545EFC04FBA01E5EFF04FF1014543
:1047A000F2406244D2444249056182808945EFC0AB
:1047B000AFB87DF52285EFE0FF93D5B7914532C6BE
:1047C000EFC08FB7324669FDCA852685EFC02FAD91
:1047D000EFF0EFEDEFF02FA9EF505076C9B7A145FC
:1047E00032C6EFC06FB5324645FDCA852685EFC09B
:1047F0000FAB2285EFE01F90EFE0DF87EF503072C4
:1048000079BFB14532C6EFC02FB3324651F9CA85E0
:104810002685EFC0CFA82285EFE0DF8DEFE09F85F2
:10482000EF50F06F75B70945A5BF79714ECEAE89CF
:104830006C0022D426D24AD006D62A89B284EF0050
:10484000B0292A840DE1CE854A85EFA051622A84E1
:1048500019E93245268797B601009386C6E02D46B2
:104860008145EF009041B250228522549254025962
:10487000F249456182807547AA876365B70211478F
:1048800001456378B702ED1593F5F50F6147636154
:10489000B70297160200938666E7B3C5D520984104
:1048A0003697028793F5F50713072005638AE5001D
:1048B00001458280C8478280884382808847828001
:1048C000C84382809307F00F630FF506011126CAD3
:1048D000AA841305000222CC4AC84EC652C456C24E
:1048E00006CE2E8AB28AB6893A8997D0FE1FE78013
:1048F00060CE2A844D450DC8930700FB1CA0A30081
:10490000540123114401230234011305840061463C
:1049100063050902CA8597D0FE1FE780C0DAA28529
:104920002685EFA05FE20145F2406244D24442494D
:10493000B249224A924A05618280814597D0FE1F82
:10494000E780E0DEE9BF09458280011122CC06CE76
:104950002A844C86D08697F0FE1FE78040FF0DC169
:104960005425214797B70020938787A5639EE600CB
:10497000E82378009306E0070146A285EFF09FF454
:10498000F240624405618280C83378009306E007F4
:104990000146A285E5B7930700643306F6026FB0BF
:1049A0006F9115C1411122C406C62A8408219307BC
:1049B000D00F63E6A700EFB06FADFD571CA0B2406B
:1049C0002244410182808280797122D406D626D287
:1049D0004AD04ECE9E2509448DEBAE846C00AA8948
:1049E0003289EF00700F2A840DE1A6854E85EFA075
:1049F000114D2A8419E932454A8797B601009386FA
:104A0000C6CB4D468145EF005027B2502285225437
:104A100092540259F249456182801A219307000B92
:104A20006310F7025C214947639AE700183985470C
:104A30006398E7002A2185456F3000526D47CDBF4E
:104A40008280011122CC26CA4AC806CE2A84AE84AE
:104A5000328936C697F0FE1FE78060EF15C95025F2
:104A6000A146324797B7002093878795631DD600EC
:104A7000E823CA862686A2856244F240D24442498F
:104A800005616FF03FE4C833CA862686A285EDB77C
:104A9000F2406244D24442490545056182806FF08C
:104AA000DFD8239405006FF03FF223AEA1A88280E7
:104AB00023ACA1A88280011122CC26CA06CE2A846A
:104AC000AE8497F0FE1FE78080E8A6852285EFA0E0
:104AD000110A05E92285648697F0FE1FE78020E72A
:104AE0000DC15425214797B700209387678D639F99
:104AF000E600E82378009306F0070146A285EFF070
:104B00007FDCF2406244D24405618280C833DDB765
:104B1000797122D44AD0AE8706D6BA8526D24ECE37
:104B20007547328436896364F7042147636CF70064
:104B300015476388E7021947638DE708C167FD17CA
:104B400085441DA037061400DD1713060620B31791
:104B5000F0287D8E49EE19677D8F25EB93F71710AE
:104B6000F1DFC167FD1789446316F40221A813F72A
:104B7000F70793062005E313D7FC41677D17631EF3
:104B8000E6048D442EC6EFA05102B2453304954091
:104B9000334404083385840033450508EF3040482A
:104BA000AA87B3C9040821C9630409002310890036
:104BB0002254B25092540259B3053041F2493E8515
:104BC000456117E3FE1F6700036CC167FD1795443D
:104BD00061BFC167FD179D4441BF1307200D8D4480
:104BE000E39AE7FA1304C6003344040865B7C167C3
:104BF000FD178D4495BFB250225492540259F24988
:104C000045618280011122CC26CA06CED0212E8495
:104C10001307000281469945AA84EFF07FEF2AC668
:104C200021C51E205020930554007C803E207C81AD
:104C300089477C82930780025C8397D0FE1FE780C0
:104C400080A85C208A8526857C84EFA0511B2A845D
:104C500011C5324597E0FE1FE780A056F24022853D
:104C60006244D244056182804D44CDBF397122DC5B
:104C700026DA4AD806DE89472A84AE843689630656
:104C8000F600C14709456315F60432C6A9C04C08B1
:104C90002285992532460DEDC1778507A685130536
:104CA000D1013ECC230EC10097D0FE1FE780A0A10A
:104CB0002C082285EFF01FF501ED52454A8797B683
:104CC0000100938666921D462C08EF00007B01458B
:104CD000F2506254D254425921618280397126DAED
:104CE0004AD84ED63289AE893686BA8481461307B1
:104CF0001002D94522DC06DE2A8432C6EFF05FE1DD
:104D00002ACE1DCD3246A685231A3101F084231BFD
:104D1000210197D0FE1FE780009B22854C08EFA061
:104D2000B1202A8411C5724597E0FE1FE7806049D3
:104D3000F25022856254D2544259B2592161828084
:104D40004D44FDB7011122CC06CE26CADD472A8488
:104D50006390F50A5439B1441C49B38696023287F0
:104D6000B697904314436306D6020A202306010037
:104D70006C00EFA0311F0824B165938505B8EFA042
:104D80003FB1E5473CA097B701009387679D5CC0A2
:104D900099A85623D223E31AD6FC88470C4797D00C
:104DA000FE1FE780E0A3AA870A2089E72306010007
:104DB0006C00C1B75C385828850793F7F70F5CB8CB
:104DC00063F5E702B38797021848BA979847D62346
:104DD000B2238E23EFF09FF049F90824B165938543
:104DE00005B8EFA0FFAAD94431A87C285C86C9B7D2
:104DF0000A21AE846C0023060100EFA0B11685479E
:104E0000E39BF4F6F24062442685D2440561828039
:104E1000011122CC06CE26CADD472A840A216398D6
:104E2000F508EFA08158522C3E284E286D162A9680
:104E3000334606083307F64052ACAA8633470708C4
:104E40000A206372B7061388C6FFB388E54063D4AF
:104E50000803AE97918FB3C607081C4C0E283E97E7
:104E6000EFF0DFE709ED0824B165938505B8EFA001
:104E70003FA2D944B1A0ED16B3C60608F9BF0A2077
:104E8000230601006C00EFA0F10D0824B1659385A5
:104E900005B8EFA0FF9FE5473CA097B701009387B7
:104EA000278C5CC0F9B785475C866C00E9BFAE848F
:104EB0006C0023060100EFA0F10A8547E397F4FC9C
:104EC000F24062442685D2440561828079714ECEDB
:104ED000AE89C16526D20147AA8489461386418BD3
:104EE000FD15054522D406D64AD0EF10E06C0544E6
:104EF00029C92A891307300281461146F5452685BE
:104F0000EFF01FC12AC655440DCD0357A900CE8628
:104F10000146788411477885054718A1B2472C00CF
:104F20002685A38007003247FD573CA332473CB398
:104F3000EF10C05D2A8411C5324597E0FE1FE7805F
:104F40004028B2502285225492540259F2494561B8
:104F50008280411106C6EFF01F9219C5B24041018F
:104F600017E3FE1F6700E325B24041018280011173
:104F700006CE2AC6EFA0612A3245914523AE01A88C
:104F800023AC01A897A70020A38CA742EF302005EF
:104F9000F24005616F20407579714AD006D622D45F
:104FA00026D201499397556063D8070417A50020BE
:104FB000034515412E8997C0FE1FE780C0672A84EC
:104FC0004DC518219307000A631EF70885474C0852
:104FD000DC85EFA04131AA841DC59C8599C7084492
:104FE00009C597E0FE1FE780C01D2A208545EF20F8
:104FF000B076CD476398F406B250225492544A8555
:105000000259456182808347610191CF7147636195
:10501000F7064D476376F7069386C7FE13073014ED
:105020003357D74831CF03A781A901C7034751019F
:105030003DC79C8599C7084409C597E0FE1FE780D6
:1050400040185247B7070001938707F07D8FB707D5
:105050001200938707106307F70003476101ED47CC
:10506000630EF7082285EFA0EFE81319F96869B716
:10507000138717FE1377F70F93060002E3F5E6FA9E
:10508000858B8DCB83A7C1A9B5C32A201306B10098
:105090004C0882979C85AA84BDE7C5D4B9B75C86C5
:1050A00099472308F1002A206C0023170100EFA084
:1050B000414341B783A781A985CB2A201306B100BC
:1050C0004C088297AA8435D583475101E39707F0AE
:1050D00023089100834761012A206C005C86231716
:1050E0000100EFA00140D5BD9944F9BF9C8599C747
:1050F000084409C597E0FE1FE780A00C2A208545DB
:10510000EF20906585B7084449D997E0FE1FE780F6
:10511000400B61B75D71A2C4A6C286C6CAC04EDE8E
:1051200052DC56DA5AD85ED6A5472A84B2846392F6
:10513000F50E834745021A22322285072302F50223
:105140009307F7FFB307F602D440B3C70708B69733
:10515000542503CB070003C917008547638BF6046A
:1051600093178900B3E7670141677D17638AE70AF0
:105170001A2863F7E70A50248507B3C7070885464E
:105180007EA40A209305E400631BD6007C84930769
:1051900020307C869307800278855C872C00EFA006
:1051A000014A0824B165938505B8EFA06FEE594513
:1051B0008DA83307C702239004008149014A930B4D
:1051C0003501B34A0708E3FD59F9B620DC402C2825
:1051D00013865900ED163E965E85B3C60608EFA00D
:1051E00041081DC1630B3A01C840B220B305350127
:1051F000529597C0FE1FE780004DBE203E9A9E202C
:10520000334A0A0885079EA0BE20BE99B3C9090883
:105210005DBF5822A9476311F7028347450289CF32
:105220000145B640264496440649F259625AD25A7C
:10523000425BB25B616182803428130934014A8683
:1052400089451385C18EEFA0C10129E934284A861A
:1052500089451385818EEFA0C10029E134284A8653
:1052600089451385418EEF90D17F0DE934284A8618
:1052700089451385018EEF90D17E0DE1DC20094731
:105280006380E702ED1793F7F70F29476368F7008C
:1052900013079048B357F700858B99E3054551B73D
:1052A0008347440285072302F402BE2075BD4111E5
:1052B00022C406C62E8497E0FE1FE780C05F09C99E
:1052C0003C25138717006315E40093F707F83CA506
:1052D000B240224441018280411122C406C62E847C
:1052E00097E0FE1FE780205D1DC111C008C01C258E
:1052F0001307E00F5D456388E7001307F00F59457A
:105300006393E7000145B240224441018280094590
:10531000DDBF411122C42A84210526C206C64AC027
:10532000EFF02FE82420A51493F4D40F81E858243B
:105330008547631DF7041C483149A1E3FD5723014C
:1053400004001CB4230204021305C4002244B2402A
:105350009244024961468145410117C3FE1F67001F
:10536000033DB38724033E95084509C597E0FE1F1A
:10537000E78020E5850493F4F40F5C280848E3E215
:10538000F4FE97E0FE1FE780C0E34DBF084C75F9BF
:1053900075B7411122C4416406C626C29307E4FFD3
:1053A0006301F502AA849DE197E0FE1FE780A0500B
:1053B00009E91305F4FF97E0FE1FE780C04F11C114
:1053C00006A1B24022449244410182808547639203
:1053D000F50497E0FE1FE780004E2A847DD1FD573B
:1053E0001EA11C241307F00F6382E7021307E00FCE
:1053F0006389E7003420083401475146A685EFF061
:105400006FCC2285EFF0FFF0FD571CA423050400AC
:105410004DBF8947E397F5FA8545EF40A01855F150
:10542000268597E0FE1FE78000492A845DF951BF79
:1054300021C5011122CC06CE18259307F00F2A842E
:105440006308F70234210E21083501475D46EFF06D
:105450006FC73820E1476318F7000A206C00230665
:105460000100EFA02130F9571CA42285EFF07FEA5C
:10547000F24062440561828082809307F00F6306E8
:10548000F706011122CC26CA2A844AC84EC652C445
:10549000B689328A3A8993068500AE847946AA8510
:1054A00017050000130505F906CEEFF0CFCEA304D3
:1054B0002401230144012322340185C01305C400C3
:1054C0006244F2404249B249224AA685D24461462A
:1054D000056117C3FE1F6700031FF2406244D244F8
:1054E0004249B249224A0561828082802382A1AA70
:1054F0008280411122C406C695472A846391F5062D
:1055000083474502854685072302F5021E2258423D
:105510003022FD17B3C70708631ED602B3C7E720C2
:1055200098239C330145A207D98F7A2463F0E702C0
:105530000A2085075EA49305C400EFA08109082412
:10554000B165938505B8EFA0AFB45945B240224488
:1055500041018280C946B387D702BA97D1B7582292
:10556000A9470545E314F7FE03454402133515002A
:10557000F1BF411122C406C69D472A846396F504F3
:105580008347450285072302F5021E225842FD1774
:10559000B3C7E72098239C33A207D98F7A2501450A
:1055A00063F0E7020A2085075EA49305C400EFF0CC
:1055B0006FE50824B165938505B8EFA06FAD594537
:1055C000B2402244410182805822A9470545E3198F
:1055D000F7FE0345440213351500DDB7411122C41F
:1055E00026C206C6B5472A84B2846394F50483476D
:1055F000450285072302F5020A21EF90115B9E20E8
:105600001307F5FF014563C1E7027A240A209305D9
:10561000C400BA977EA4EFA0A1060824B1659385C3
:1056200005B8EFA0EFA65945B2402244924441018B
:10563000828058229D470545E318F7FE0345440242
:1056400013351500D5B7411122C406C6C5472A84B3
:105650006390F5061E223A22FD17B387E70203473F
:10566000450205072302E5025842B3C707083E97E3
:105670003C333823A207D98F41677D176397E70032
:105680000145B240224441018280138717005AA588
:105690007A25E3F7E7FE9305C5000A21EF90717FB5
:1056A0000824B165938505B8EFA08F9E5945D1BFF9
:1056B0005822A9470545E316F7FC03454402133574
:1056C0001500C1B7011126CA4AC84EC656C206CE39
:1056D00022CC52C4BC211547AA8A2E89B289B6842D
:1056E000639EE7023686CE854A85EFF09FE02A84E6
:1056F000631E05108547034599006393F910D82070
:10570000A9476319F70C054A834629000345990008
:1057100001476946D685EFF0EF9AF9A83547638CC3
:10572000E7086361F7041D47638BE7062547638E2F
:10573000E706A547638FF90A0544034599002687C4
:10574000CE860146D685EFF0EF97054A19E5CE855E
:105750002685EFF04F92133A15005DD4D9476306C2
:10576000F40259A84547638EE7045D47E393E7FCDD
:10577000D82585473686CE854A85631AF704EFF02B
:105780006FDC8547054AE306F5FAF2406244D244ED
:105790004249B249924A5285224A05618280368640
:1057A000CE854A85EFF0FFDC99B73686CE854A85EF
:1057B000EFF05F962DBF3686CE854A85EFF01FE26B
:1057C0003DB73686CE854A85EFF0FFE70DB7EFF09F
:1057D0002FE445BF268785460146D685EFF08F8E9C
:1057E000E31305F285452685EFF0EF88133A15009F
:1057F00021BF9E20B1F3054A4A85EFF09FB171B7F2
:10580000A547E39CF9F29E208DFBF5BDA547E396E5
:10581000F9F29E20E39307F2054A89B79E21639926
:10582000071C397126DA4ED652D406DE22DC4AD85D
:10583000A021ED47AA89AE84328A6313F40203C71C
:1058400041AA9307F00F0144631DF7049947F250F2
:105850006254D2544259B259225A3E852161828003
:10586000F547631DF40683C641AA1307F00F994755
:10587000E38FE6FC97E0FE1FE780E0032A8415C172
:10588000302505C29317466063D407008147C1B72E
:10589000F5454E85EFF06F8B3C2493E707F83CA469
:1058A000F5B7D62090448C3088203800EF90B16C4A
:1058B000AA8751FDB42038000146CE8503C541AA10
:1058C000EFF04F80AA8741F5B24799C323000A0041
:1058D000BC207547E39CE7FA79F04DBF97E0FE1FC7
:1058E000E78060FD2A895DD185476317F404CE20E7
:1058F00088443000EF90512DAA8731F98347290061
:1059000015476382E702E51793F7F70FC14663E196
:10591000F6043317F0281377574411E7639AD70238
:105920008327090195C7B0203400CA854E85EFF062
:105930007FD92300AA0099BF38219147E31987F046
:105940005841E30607F0CE208844300002976DB737
:105950000345990097A7002083C797A66381A702F4
:10596000B42038000146CE85EFE0DFF52A8409E94E
:10597000AC202800EFE03FF019C123000A000144E9
:10598000034729008D476318F7043C840357C90077
:1059900063F4E7002316F9008355C9004E85EFF044
:1059A0008F911797002003572771ED4763F5E702A2
:1059B0008357C900DD4663F0F6029386370063D152
:1059C000E60211669385470013060629B3C505084C
:1059D0004E85EF70904D4A85EFF0BF93A28785BD4D
:1059E00011669305B00F13060629B355B70ACDB754
:1059F00099473E858280011106CE26CA4AC822CC2C
:105A00004EC652C497A400209384849B8824930795
:105A1000800291653305F50293856570138901AAAB
:105A20003345050897D0FE1FE780406D902493070B
:105A3000800281453306F6022320A90097C0FE1F8D
:105A4000E780E0CE832709004D459DCB0144130A32
:105A50008002FD599C24636DF402170500001305B4
:105A600025DCEFF08F841705000013058584EF9087
:105A7000D1061705000013050592EF30D029014526
:105A8000F2406244D2444249B249224A05618280CE
:105A9000B3074403032509006146814505041374D7
:105AA000F40F3E9523103501230105002314350121
:105AB0002305050023020502310597C0FE1FE7807C
:105AC00000C749BF0145828017A700200347D78F31
:105AD000814763E4E7000145828092219386450077
:105AE0006314A6002E8582808507B685DDB71DC5A7
:105AF000411122C406C638219307D00F2A8463EBD4
:105B0000E7000E2128310147F9465D46EFE09FDBB3
:105B1000F9573EA0B240224441018280828017A7FB
:105B200000200347778A8147FD5663E3E7008280C0
:105B300016A12301050085071105C5BF0145828017
:105B4000938511869307000285469CA1FD5723800B
:105B5000F186A38FF184238FF184239ED184239037
:105B600001AC23AE01AA23AC01AA23AA01AA138681
:105B700041859387018F5CC2A38201AA97F7FE1F1C
:105B800093878745094718A298A398AB2380E7021B
:105B90002388E7021387818D94A7D0C794AFD8DB01
:105BA0001385C18E0D471386018E9386418B238CFE
:105BB000E702C8C323950700D0CB239D0700CCCFB5
:105BC000D4D3238407022395070223A60702239D2B
:105BD000070203A781AAD8DF97F7FE1F9387073F25
:105BE000170700001307870B23A00700D8C323A4BF
:105BF00007008280411106C6EFF01FED09C528217C
:105C0000B240410182800145E5BF411122C426C254
:105C10004AC006C6AA842E893284EFF0FFEAAA871A
:105C200011E94165CA857D15EFF01FEAAA87454550
:105C300081C786A3A0A30145B240224492440249F1
:105C40004101828021E309483547639E0603011123
:105C500006CE22CC182210322206598E32C6B377D5
:105C6000F64085E7CC452A842EC4EFF0BFF83246D3
:105C70000147630EC50022856244A245F2400561DA
:105C80006FF0BFF82D473A85828013070008F24075
:105C900062443A850561828083C8050009486391A2
:105CA0000803DC4103C807009C33A207B3E70701E0
:105CB0000D68130828906395070189476FF09FF8D6
:105CC0000545828001114EC606CE22CC26CA4AC89E
:105CD0009389F18503C709009307F00F630FF7025B
:105CE0002A892945AE84328497C0FE1FE780808EC2
:105CF000AA8505C59307100B1EA12302050002A566
:105D000062442311250166A1F24003C50900D24473
:105D10004249B24905616F901FA3F2406244D244E8
:105D20004249B24905618280411126C2AE8483A5F1
:105D300081AA22C406C62A84EFF0DFEB098909C9CB
:105D400022852244B240A685924441016FF00F980B
:105D5000B24022449244054541018280411122C44F
:105D600026C24AC006C6AA84130445001309850B3F
:105D70001E209DC3084409C597D0FE1FE7806044DC
:105D800022853146814597C0FE1FE780409A310445
:105D9000231A04FEE31E24FDB2402244FD579EA0B8
:105DA00002499244410182809796002083C6D661C1
:105DB00083A701AB01476394E600014582808E23EF
:105DC0001386870B6394A5003E85828005071377B1
:105DD000F70FB287CDB7AA8703A581AB01C95A21B6
:105DE0006314F700084582800841CDBF82804111CD
:105DF00006C6EFF05FFE09C50845B240410182804A
:105E00000145E5BF797122D41384450026D24AD0DA
:105E100052CC5AC82E8A06D64ECE56CA5EC62289A3
:105E20002287014B814481468147BD45122345CAE3
:105E3000B5EE46233E23B286A697B3C70708050BE7
:105E40003107E315BBFEADC491659385457026858A
:105E500097D0FE1FE780802AAA8B39C90C44D1C98C
:105E6000814A8149522033853B0197C0FE1FE7805C
:105E700080855E200844BE99B3C9090897D0FE1FEB
:105E8000E780203463980A003109854A8325890018
:105E90004A84E9F9314681452285850A97C0FE1F6B
:105EA000E780E08863826A053109CDB7630ED600CA
:105EB0000145B250225492540259F249624AD24AE0
:105EC000424BB24B456182803223E313F6FE5223EC
:105ED000B294B297B3C40408B3C707088DB7854717
:105EE000E3E367F70545F1B723267A0123149A0007
:105EF000D5BF1309C400854A814949BFAA8703A5B4
:105F000041AB11E1828018453A276314F70011056F
:105F100082800841FDB7411106C6EFF03FFE09C57A
:105F20000A21B240410182800145E5BF411106C608
:105F3000EFF0DFFC09C52821B240410182804145D4
:105F4000E5BF411122C42A84090506C6EFE07FA5FA
:105F5000FD573CB0B240224441018280411122C42D
:105F6000416406C626C29307E4FF6301F502AA84D2
:105F70009DE197E0FE1FE780E09609E91305F4FF35
:105F800097E0FE1FE780009611C106A1B2402244AF
:105F900092444101828085476392F50497E0FE1F99
:105FA000E78040942A847DD1FD571EA13C20130731
:105FB000F00F6382E7021307E00F6389E7002830E0
:105FC0000147F9465146A685EFE0DF8F2285EFF0C5
:105FD0005FF7FD573CA0230204004DBF8947E397BC
:105FE000F5FA8545EF30005C55F1268597E0FE1FF8
:105FF000E780408F2A845DF951BF5D71A2C4CAC099
:1060000086C6A6C24EDE52DC56DA5AD82E84AC21A1
:10601000F9472A896392F50497E0FE1FE780808C98
:106020002A8405C138219307D00F63ECE70028319B
:106030000147F9460146CA85EFE0DF882285EFF087
:106040005FF00145B640264496440649F259625A2B
:10605000D25A425B61618280832A0400B707000143
:10606000938707F037071200B3F7FA0013070710FA
:10607000B28981446388E7022EC697E0FE1FE7805D
:106080006086B245AA8419CD502109CE9317466087
:10609000E3C907FA4A85EFE05F8BDC2093E707F856
:1060A000DCA045B7138A018603470A009307F00F67
:1060B0001945E309F7F8E147E3E6B7F893D7150088
:1060C000FD1717F7010013076770B3E7E72003A870
:1060D0000700E30908F603AB4700E3050BF6B3CA74
:1060E0000A0863850A00C947E39EF5F45620104468
:1060F0000C3008203808029831F52C084A85029B9C
:106100001DCD183021F33820230AA100B9472308F8
:10611000E1006314F702E24798239C33A207D98F6A
:106120000C084A85FC81EF90C13B01DD140805464F
:10613000D9454A85EFE0FF9031B7BC84D5B734200C
:106140009147E380F6F003450A0038080146CA8506
:10615000EFE04FF7E31805EE2C202808EFE0AFF151
:1061600019C1238009001840B7070001938707F081
:106170007D8FB707120093870710E304F7ECE382E3
:1061800004EC3C2031BF411122C406C62E8497D0B6
:10619000FE1FE780207509C95C211387170063156E
:1061A000E40093F707F85CA1B240224441018280E9
:1061B000397152D42E8A4ED69305E100AA895285B0
:1061C00022DC4AD856D25AD05ECE06DE26DA328992
:1061D000368BBA8BBE8A97D0FE1FE780E0720544EB
:1061E00025C1AA8428873944EFF0FFBE31C90328AE
:1061F000450063070804D6875E87DA864A86A68547
:106200004E8502982A840DED9307E00F638AFA0207
:10621000982089476316F702DC4098239C33A20735
:10622000D98F0D6713072790639CE70083471900F8
:1062300003460900D285A2075D8E4E85EFF09FA828
:10624000F25022856254D2544259B259225A925A7B
:10625000025BF24B21618280797122D422214ECEE1
:10626000AA89228556CA06D626D24AD052CC5AC806
:106270005EC662C4AE8AEFF03FB305E52285EF90BB
:10628000D115594411E10144B2502285225492544F
:106290000259F249624AD24A424BB24B224C456102
:1062A000828003C7890085476307F700EFF01FABC3
:1062B00003D52900E9B7AA85AA8413858900EFF0E0
:1062C0007FB42A8415CDFA209624D044CE2003D55D
:1062D0002900E147EFF0DFEDD9472A846318F50084
:1062E00023A604002685EFF07FA771BF19E126855C
:1062F00075BFDE2026852390FA00EFF03FA669B730
:1063000013894400014AB94B594C3D4B8355090050
:1063100085CDE14763077A010357C900D94711E3E7
:10632000E14703572900835649000326890003D516
:106330002900EFF0FFE72A84631085032324090076
:10634000050A3109E3146AFD2685EFF03FA12DD03F
:10635000D947E31BF4F205BF65D5835709002390A5
:10636000FA00F9BF011170879307E00F1306E100EF
:106370000147894606CEEFF0BFE3F2400561828017
:1063800079714AD00359850022D426D22A84AE845A
:106390004A859305210106D697D0FE1FE780C05697
:1063A00079C51C252AC693F707029DC7A881EFF07F
:1063B0001FA4B245AA8711E9239024013945B250A0
:1063C000225492540259456182802A20494682977C
:1063D00001C51E249EA0E5B7035924004A85EFF0AD
:1063E000BF9C01ED41657D15EFF01F9C09E51E2462
:1063F00025459EA0E9B723102501130745008147D5
:10640000BD46122339EE3147B387E7029305840076
:1064100031462EC691073E9597B0FE1FE780A02A11
:10642000B2453146480897B0FE1FE780C029522484
:106430002A2041478146DD45EFE08FED2ACE09E570
:106440001E2445459EA0A5BF0C48522497B0FE1FB0
:10645000E78060272A204C08EF90E1732DD1594541
:10646000B9BF85073107E39ED7F825459DB7054598
:106470008DB7797122D42A840A254AD02E899305B2
:10648000E1004ECE06D626D2B28997D0FE1FE78015
:10649000A0472DC91C25AA8493F707028DEF183851
:1064A0009307200511E35C20362450440E242A2053
:1064B0000147EFF0FFCF21E11C38B9E32A20EF902C
:1064C000C169AA8759458DCFB250225492540259BE
:1064D000F249456182802887EFF07F91AA870DC538
:1064E0002A204946A68582975DD91E242310F900EB
:1064F0001C3899E7D1BFD947E319F5FE238009007D
:106500000145D9B70545D5B73945C5B7797122D405
:106510004AD04ECE52CC56CA06D626D2AA892E8A48
:10652000B28A368997D0FE1FE780C03B09440DC56B
:106530003C211307E00FAA845D44638FE700130733
:10654000F00F5944639AE70063920A02D2854E85A0
:10655000EF90A16C2A8421C1B2502285225492541A
:106560000259F249624AD24A4561828003550A00C3
:106570009305E1002317010097D0FE1FE780C03884
:106580002887EFF0BF9AAA8505464E85EF209061D7
:106590002A844DDDD1B79307F00FE30FF9FA938604
:1065A00024007946A68517F5FFFF13058554EFE013
:1065B0008FBEA38124014DB7797126D24ECE52CC25
:1065C00056CA5AC85EC606D622D44AD062C466C22B
:1065D000AA8A2E8BB28B368ABA8983A441ABB9C002
:1065E000804483DC44000149035CA40063149901E6
:1065F0008440F5B73E2463F7570105094104334948
:106600000908EDB7E36BFBFE63090A000C20484064
:10661000D2865E86EF80F1446DD1638409002390B9
:106620008901A284B25022540259F249624AD24AE4
:10663000424BB24B224C924C26859254456182804B
:106640009A21B621854763E1E6041DCFD4210111CB
:106650001386550022CC1385C18E2E84894506CE23
:1066600032C6EF801140C14719C9542032462E204E
:106670000A200147EFF05FF4A94711C18147F240BA
:1066800062443E85056182803E8582802E860A2294
:10669000AE21854763E1A50219CD5422411101477E
:1066A000150606C6EFF05FF1A94711C18147B24058
:1066B0003E85410182803E8582802E860A22AE215F
:1066C000854763E1A50219CD542241110147150602
:1066D00006C6EFF07FEEA94711C18147B2403E8563
:1066E000410182803E85828039714ED6BE2183D998
:1066F000050006DE22DC26DA4AD852D456D25AD019
:106700005ECE62CC66CA63E437152A8A0545638388
:106710000912416BAE8A2314010002C601440149EB
:106720007D1B894B054CC94C83D52A000147814606
:1067300001464E8523130100EFF01FE8AA8471C5BE
:1067400009EC13072002930661005A86954552858D
:10675000EFE00FBC2A84630E050E38849C2025C709
:1067600018856301870541476394E70ABE244146C3
:10677000130524001CA0BE24A1831CB0CC4097B0FC
:10678000FE1FE78040F449043C848507B3C707082F
:106790007C8463FC2707BE24638967078509B3C926
:1067A000090859B763967707BE24094613052400E4
:1067B0001CA0BE24A1831CB0CC4097B0FE1FE78074
:1067C00080F01104D1B722C603596100B824130523
:1067D0002400638F7701335999032305710118A0B1
:1067E000BE244146A1831CB0CC401379F90F41BFB0
:1067F0002305810118A0BE24135929001379F90F2C
:10680000A1831CB0CC4009464DBF3C8429459DC3A3
:106810002C005285EF90810709CD34001546D945EB
:106820005285EFE00FA211C5324597D0FE1FE780D9
:1068300040990145F2506254D2544259B259225AF9
:10684000925A025BF24B624CD24C21618280054528
:10685000D5B74545C5B703C7C1AD854763F7E7065B
:10686000011122CC26CA4AC806CE2A84AE843289B7
:1068700097D0FE1FE780000711C538219307E00F6E
:106880006307F704631B090022856244F240424912
:10689000A685D24405616F9001358A209305E100F9
:1068A0002317010097D0FE1FE78000062887EFF02E
:1068B000EFE7AA8505462285EF20D02E71D5F2405C
:1068C0006244D244424905618280594582805D45D7
:1068D000FDB7411122C406C626C293F705022A84D9
:1068E000328585C3EFF08FE4AA8505462285EF2027
:1068F000702B95476305F500BD476315F5022145EB
:1069000015A093F78500B6849DC3EFF02FE2AA850A
:1069100005462285EF20102909C59C3481C79C2497
:1069200091C30145B2402244924441018280939731
:10693000456063D70700EFF06FDFAA850146D1BF3E
:1069400089890D45F9FDF9BF7971AE8622D42A8473
:106950008A229305E10106D636C697D0FE1FE7804E
:10696000A0FA11C90C2522852254B246B087B25034
:1069700045616FF01FF6B250225405454561828093
:10698000411122C406C693F705022A8432858DC3BD
:10699000EFF0CFD9AA8505462285EF20B020154714
:1069A000AA876305E5003D47631DE502A14715A8D9
:1069B00093F7850099CBEFF06FD7AA85054622851E
:1069C0002244B24041016F20F01D13974560635788
:1069D0000700EFF0AFD5AA850146D5B7898991E1C7
:1069E0008D47B24022443E85410182807971AE8656
:1069F00022D42A848A229305E10136C606D697D08E
:106A0000FE1FE78060F0B24609C90C25228522549A
:106A1000B087B25045616FF0BFF6B25022540545C1
:106A2000456182803E257971416722D426D24AD0C1
:106A30004ECE06D6231701007D17AA8432843689EC
:106A40008149638DE7009420D04013851700130718
:106A5000E10033450508EFF03FB6AA899420D04005
:106A600089451385C18EEF80C17F15C5A22422857B
:106A7000EFF06FCA09C57D142A94334404086304F7
:106A8000090023108900B2502254925402594E85B5
:106A9000F249456182809420D04089451385818EDA
:106AA000EF80217C61F59420D04089451385018ECB
:106AB000EF80217B11C9E38C09FA3C87E39987FABF
:106AC00003D4A9007D1455BFA22455BF397122DC1F
:106AD00026DA4AD84ED652D456D25AD05ECE06DEE8
:106AE000BE8B9C252A8AAE84C18BB28A36843A89B1
:106AF000C289468B9DEF942089476383F6065685AD
:106B0000EFF06FAD05CD832805006389080222866A
:106B10006254F250925A5A88CE87025BB2595E870D
:106B2000CA86F24B4259A6855285D254225A216117
:106B300082883285EFF0AFABAA8709ED3945F25074
:106B40006254D2544259B259225A925A025BF24BC1
:106B5000216182802946A6855285829749DDC5B785
:106B6000DC4003C3170098238D6722033363E300DF
:106B70001386479013175360E343E6F81386F78FA5
:106B8000634BE60293862780630FD70863C8E60449
:106B9000F977938707803E93854733430308E3E003
:106BA00067F62D45E39D0BF8DC449023CC4323107E
:106BB000C90022850DA2F5779387F76F3E938D4725
:106BC0003343030863EE671017F70100130747BA52
:106BD0003343E32083270300BA9782879387378064
:106BE000E31FF7F02D45E39C0BF485472310F900D4
:106BF000DC4481459C231CA0AA24050533450508D7
:106C000097D0FE1FE78040D0835709005DE59107CC
:106C10002310F900114681451305140097B0FE1F9B
:106C2000E780E0B071A02D45E39B0BF0DC446C00E5
:106C300083C917009823A209B3E9E900114723107B
:106C4000E9009C234E851CA0DC449C331CB097D0EB
:106C5000FE1FE78060CBAA8431CD3086C1659306E4
:106C6000E100FD158329C500EFF0DFDB19E9942071
:106C7000D04089451385818EEF80A15E19E1FD57D3
:106C80007C8703C7090089476310F70283A5490081
:106C900009461305440097B0FE1FE780C0A2835742
:106CA000090089072310F9003C873CA0A1833CB070
:106CB000014571B523173101C5BF18218907BA975E
:106CC0002310F9003E251CB03E25A1833CA01021D5
:106CD0004C411305340097B0FE1FE780C09EC9BF2A
:106CE0002D45E39E0BE42310D900DC449C231CA01B
:106CF000DC449C331CB06DBFC84497B0FE1FE780D6
:106D000020A6334705081D45E36B77E36380EB025C
:106D1000B386790163C6E60033077741B3490708B4
:106D2000CC44231039014E86DE9561B58149CDBF33
:106D30002D45E3960BE0CC445285EFE0BFEB89474D
:106D40002310F90008A0218108B09DB72D45E398D4
:106D50000BDE89472310F90049BF2D45E3910BDE77
:106D6000DC441D472310E900982318A0983318B07D
:106D7000BA2338A0BA23218338B0D82358A0FA23E5
:106D800058B0FE23A1837CA025B75D71A6C2AA845A
:106D90002A214EDE52DC56DA5AD85ED662D466D24A
:106DA0006AD06ECE86C6A2C4CAC0AE8AC16BEF805E
:106DB000C15F130CF5FF2A8A8149978D0020938DBE
:106DC0002D57938CC1AB138B01ACFD1B334D0C08BD
:106DD000DE2463F6F90083D70D0063CD8701AA2076
:106DE000978500209385C554EF80514C2A841DCD92
:106DF00059442DA89C449305E100B3A7F92003C989
:106E000017009C2322093369F9004A8597D0FE1F99
:106E1000E78080AFAA851DE923902A0103A54D00D4
:106E200009C597C0FE1FE780C0390544B6402285DA
:106E3000264496440649F259625AD25A425BB25BE2
:106E4000225C925C025DF24D6161828083C84400E5
:106E500083A60C003087AA206A8881475A87EFF002
:106E6000FFC62A8419C923902A0103A54D005DDDC0
:106E700097C0FE1FE780E03455BF83A74D0099EF10
:106E8000AA20514781465E86BD45EFD07FC823A228
:106E9000AD0009E523902A01454449BF83D70D0081
:106EA00003570B003E97634747013307FA407D17AE
:106EB0002310EB0003A54D0003560B0083A50C0027
:106EC0003E95850997A0FE1FE780E07F83D70D00E0
:106ED00003570B00B3C90908BA972390FD00CDBD35
:106EE000397126DAAA842A214ED65AD006DE22DC4F
:106EF0004AD852D456D25ECE62CC66CA6AC82E8BAD
:106F0000EF80A14AAA89D424AE248A24780013866B
:106F1000D400EFF06FEA05C1938BB9FF2A84E5191D
:106F20000149138CC1AB938C01AC33CA0908634986
:106F30007901631B09109E2429452310FB009DA89D
:106F4000035DC10083C8440083260C00AA20528838
:106F5000814766876A86A285EFF05FB719C9AE24BC
:106F600022859306E1006A86EFF0DFAB2A8461F0A8
:106F7000C9B783D70C009228E313F6FE83250C00D3
:106F8000C84897B0FE1FE780A08571D99789002077
:106F90009389093A83A7490095EFAA20416645479E
:106FA00081467D169D45EFD0BFB61DE19E24454527
:106FB0002310FB00F2506254D2544259B259225A63
:106FC000925A025BF24B624CD24C424D216182805C
:106FD00023A2A900AE24835AA40022859306E100CF
:106FE0006A86EFF03FA42A84E3830AF883A7490066
:106FF0001307190033470708CA972380570183A74F
:10700000490093DA8A0093062900BA972380570132
:1070100013073900110983A74900B3C6060833478F
:1070200007083349090811C93087B69790A383A789
:1070300049002182BA9790A3DDBDB697FD5694A36F
:1070400083A74900BA9794A3AA2097850020938527
:10705000252E1359290023902501EF80B10E39D92F
:10706000594589BF411122C406C693F705012A84F8
:10707000328585C3EFE09FEBAA8505462285EF2088
:10708000603295476305F500BD47631DF502214554
:1070900015A893F7450099CBEFE05FE9AA8505466F
:1070A00022852244B24041016F20C02F93F705048E
:1070B00091C7EFE0BFE7AA850146DDB713C5F5FF2D
:1070C00005890605B240224441018280797122D4AB
:1070D00026D252CC06D64AD04ECE56CA5AC82A8A92
:1070E000AE840144DE206364F400014581A083AADC
:1070F00004009319140013891900B327542103CBFA
:107100000700B3872A0188239305E1002205336530
:10711000650197C0FE1FE780207F1DE123806A0183
:107120009C4005453E990347090098B3B25022544C
:1071300092540259F249624AD24A424B45618280D6
:107140000C2530875285EFF0FFF101CD9C40BE99B0
:1071500003C7090098A39C403E990347090098B3D0
:10716000F1B7050433440408B5BF0111AE8722CC42
:107170002A848A239305E10006CE97C0FE1FE7808C
:10718000A07809C90C25228562443087F240056148
:107190006FF05FEDF2406244054505618280397110
:1071A0005AD02A8B2A2126DA4AD806DE22DC4ED68D
:1071B00052D456D25ECE62CC66CAAE84EF80E11E57
:1071C0002A898346CB008355AB0003558B0078009A
:1071D0001306DB00EFF04FBE630B0514C16A130A00
:1071E000A9FFAA8B01449389C1AB978C0020938C93
:1071F0002C14FD1A6D19334A0A08035CC10083C5BB
:107200008B0003552B006286EFF0DFE56310051459
:1072100083484B0083A6090003552B005288814701
:10722000138701AC6286DE85EFF05F8A631005127A
:1072300015C883D72C0003D701AC11076395E7006D
:10724000A29763C22707978500209385650EBE210C
:1072500003552B003354F40282A1EF80F10815C1CD
:10726000594505A003552B00494781465686C5451B
:10727000EFD01F8A23A2AC0015E183D7AB004545B0
:107280009EA0F2506254D2544259B259225A925A94
:10729000025BF24B624CD24C2161828083D701ACFD
:1072A00091072391FC0083A74C0003D7AB006286B3
:1072B000A29798A383A74C0013071400334707082D
:1072C000BA9703D7AB009306E1005E85218398A3AC
:1072D0008355AB00138C01ACEFF0CFF403A74C0047
:1072E0003C87130624003346060832971CA303A7E5
:1072F0004C0093063400A183B3C6060836971CA33E
:10730000AA8B03A54C0011043344040803560C0057
:1073100083A50900229563910B0297A0FE1FE780C9
:10732000803A83570C00A29733C4070809FC83579F
:107330008B0029459EA0B1B797A0FE1FE780A0381B
:1073400083570C003E943344040845BD83D7AB00FB
:107350009EA0E31A04EE83578B009EA01DB71D71FB
:10736000A6CACAC8AA84035985002A21A2CCCEC6BF
:10737000D2C4D6C2DAC05EDE62DC6AD886CE66DAF5
:107380006ED6AE8AEF806102130BD5FF01447115F2
:10739000138CD400938BC1AB138A01AC178D0020E2
:1073A000130D0DF9B3490508635D6411D424AE24AF
:1073B0001307E10162864A85EFF00FA0AA8C6302F1
:1073C00005100359A500B0870C25AA2032C6EFF09E
:1073D0007FC9631D050E83C8440083A60B00324697
:1073E000AA204E8881475287E685EFF02FEE79ED8F
:1073F00015C483570A0003572D0089076302F70657
:10740000978500209385C5F2BE21AA20B357F402C8
:107410009EA1EF80C15B0DC1594539A8AA204166E4
:107420004D4781467D16A545EFD08FEE2322AD0056
:107430001DE123902A014545F6406644D64446495D
:10744000B649264A964A064BF25B625CD25C425DC4
:10745000B25D2561828083570A0089072311FD00F0
:1074600083570A00A29763DE670583274D0003D781
:10747000AC00930D2400A29798A383274D0003D757
:10748000AC000504334404082183A29798A3032584
:107490004D0003560A0083A50B00B3CD0D086E9571
:1074A00097A0FE1FE780202283570A00BE9DC16778
:1074B000FD1733C40D08E309F9EE0509334909083E
:1074C000E5B5294515FC23902A01BDB76DDC0DBF3C
:1074D0001E21411126C206C622C44AC0444189EB7E
:1074E0008947B2402244924402493E85410182804C
:1074F0009420D0402A8489451385C18EEF7071563F
:1075000011C93C202547E51793F7F70F637DF70076
:10751000E147C1BF9420D04089451385818EEF702B
:10752000515465F175BF1389C1858356090085479C
:10753000CDDA1A203697C166E3C5E6FA91659385E0
:107540002570314597C0FE1FE78040BBAA84CD4718
:1075500049D93146814597A0FE1FE780401D1A207A
:107560008355090001468147B386F500B3C6060876
:1075700063E7E70201C62E972310E90023A0040069
:107580002146A2851385440097A0FE1FE780A01323
:10759000138741AB1C4381CF3E879C43EDBF5040D6
:1075A0001395470085072A9636A6054675BF04C37E
:1075B000814705BF011106CE22CC26CA4AC809E977
:1075C0000944F24022856244D244424905618280E6
:1075D0002AC6AA84280036896C845085EFF05FEFB4
:1075E0002A8465F1E30F09FCBE24F9DB91659385DC
:1075F0005570314597C0FE1FE78040B0AA8705C18E
:10760000BA24938681AB232005005AA198422324F3
:10761000250101C7BA861843EDBF9CC25DB74D4432
:107620004DB7938751AA98230DE3054798A3058981
:1076300009CD97E6FE1F938666994146914517E569
:10764000FE1F130565996FF0FFF601458280A38F39
:10765000A184828041677D176315E5002E856FE068
:107660000FCC411106C6EFE02FC609C5FD571EA17C
:1076700023010500B24041018280011126CA06CED5
:1076800022CC4AC88547AA846390F5042685EFE09A
:10769000AFF121E941699305F9FF1307E10089463C
:1076A0001386818D0545EFE03FF12A847D1905C4DD
:1076B0004C442685EFF01FFA308722858146CA8523
:1076C000EFF04FB62A84E5B789476396F500854504
:1076D000EF10506D45DDF2406244D24442490561ED
:1076E0008280EFE0AFE77DB7411122C406C626C213
:1076F000178400201304C4CC083423A801AA23A6AD
:1077000001AA23A401AA49C19307200C3305F5025D
:10771000916593851570938401AB19053345050870
:1077200097C0FE1FE780809D10349307200C814591
:107730003306F60288C0190697A0FE1FE78020FFD7
:107740009C4018348145938647007D5563E6E506E5
:107750009306800BB306D70201460507FD55B69781
:1077600023A6F1AABE868EA2ACB2ACA223820600EA
:1077700005069906E369E6FEF95696A3994633078E
:10778000D702BA9723A4F1AA17F5FFFF130525879F
:10779000EFD00FB217F5FFFF1305259FEF7051349F
:1077A00017E5FFFF1305C57BEF10F056B2402244EA
:1077B0009244014541018280239EA6FE36861388AD
:1077C000460B23100600232406003106E31B06FFA8
:1077D00085059386860B9DBF411106C622C42A8467
:1077E000EFC07F9EEFE0CFB503A581AA238F8184F0
:1077F000EFE0EFB2238081862244B24017050000FB
:107800001305E5E741016F1010519397556063D759
:10781000072E797103C5E18522D44AD006D626D237
:107820004ECE2E8997A0FE1FE780E0E02A8451C942
:1078300018219307000B6313F70885479384C1ABA6
:10784000DC849C402315010081EFEF00807091657E
:107850009385357097C0FE1FE780408A88C031C984
:107860006146814517850020130585AC97A0FE1F52
:10787000E780E0EB8349440089476393F908D12D01
:10788000978400209384C4AA8AA02A20A685EF703A
:10789000317CAA869E202A201A248DEE6363F7008D
:1078A0001EA40E24EFD02FA12285EFD00F979C8429
:1078B00091C74C2013058400EFD0AFE92285EF700B
:1078C0007FE3B25022549254F2491315F9680259D9
:1078D000456182806363F7001EA41E24D945978604
:1078E00000209386E6A40D469EA0EFD08F958D458F
:1078F00045DD178500201305A5A3EFD08FE56DB7F3
:107900009387A9FF93F7F70F4947E36FF7F817E756
:1079100001001307E7E6B3C7E7209C43BA978287C5
:107920009305A1002285EFF0AFDBAA8435DDD947AE
:107930006394F40A85092A2093F9F90F97860020A9
:107940009386069F4E86D945EFD0AF8F31DDCE8529
:107950004DB79305A1002285EFF07FA0F9B78359B9
:1079600084006C004E8597C0FE1FE780E0F9AA8472
:107970002DC12A2041669306E10055477D16AD458D
:10798000EFD00F99978900209389899A23A2A900A3
:10799000AA8655CD834844000358E10030862A204A
:1079A000A68581474E87EFF06F92AA846312050E79
:1079B0002A20CE85EF804107E30805EE2A20D9452D
:1079C000CE862D46EFD0EF87AD45E30F05EC4E8513
:1079D0002DB72315310185441830D147E306F7EC64
:1079E0005C20978900209389A9942A202380F9009C
:1079F0003C85CE85238299002391F900EF70712E8A
:107A0000E30405EA2A20CE860546D945EFD06F83E8
:107A1000E30C05E8854565BF835984006C004E85FD
:107A200097C0FE1FE78040EEAA8445D52A20416614
:107A30009306E10059477D16B545EFD06F8D9789C4
:107A400000209389E98E23A2A900AA8609E51E24B5
:107A5000C5447C8551B7834844000358E1003E2467
:107A600030862A20A6854E87EFF04F86AA840DE146
:107A70002A20CE85EF70D17EE30805E22A20D94581
:107A8000CE863546EFC0FFFBB545E30F05E081B775
:107A9000D94703A549006397F40097B0FE1FE7801C
:107AA000407219B597B0FE1FE780A0711E247C8537
:107AB00025B79305A1002285EFF02FADBDB5930545
:107AC000A1002285EFF0AFED8DB51306910093056F
:107AD000A1002285EFE0FF9989BD9305A1002285D1
:107AE000EFE01F8AAA84E31405E4A30401006DBB40
:107AF0009305A1002285EFE02FF605BD01458280A8
:107B0000F1C6011156C2AE8A854526CA4EC652C478
:107B100006CE22CC4AC82A8AB284B689EF109028B1
:107B2000D1470DC103C7D1AD83C791AD014999E0DC
:107B30003E89BA871317490003A4C1AC3A94636D18
:107B4000F900D547F2406244D2444249B249224A40
:107B5000924A3E850561828036201307040191C652
:107B600005091379F90F3A84D9BFA1C895659385A2
:107B700025C01305000297B0FE1FE780205848C4B7
:107B800069D11306000281451309090497A0FE1F5D
:107B9000E780E0B9230004002311240123134401EA
:107BA0009C3403A701AD998C1CA45C449184918002
:107BB000C4AF23A08900814771B7232604002300A6
:107BC00004002313440123045401E5B785473E858F
:107BD0008280AA8683C5D1AD03A7C1AC81476394D7
:107BE000F5000145828032233A8519C2E30CD6FEA6
:107BF000850793F7F70F4107DDB7AA8603C6D1AD16
:107C000003A7C1AC81476314F600014582802E238F
:107C10003A8581C54C23E38BD5FE850793F7F70F93
:107C20004107D5B7AA8683C5A1AD03A701AD81479A
:107C30006394F5000145828012233A8519C2E30C52
:107C4000D6FE850793F7F70F4107DDB7AA8603C86D
:107C500091AD83A7C1AC01476314E8000145828060
:107C6000B2233E8509CAF2236317D600D04701C666
:107C70003222E306B6FE05071377F70FC107E9BF07
:107C8000411126C2444522C406C62A8495C0C84470
:107C900009C597B0FE1FE780C052C84809C597B014
:107CA000FE1FE7800052268597B0FE1FE7806051D7
:107CB00022854146814597A0FE1FE78040A7FD57DA
:107CC0001CB4B2402244924441018280011122CC72
:107CD0002A842A2106CE2EC6EF10205A324622854B
:107CE0008145EF00104E22856244F24005616FF03D
:107CF0003FF905C53E21411122C406C62A8491CB15
:107D0000DD45EF00104F22852244B24041016FF063
:107D10003FF7B2402244410182808280411122C457
:107D2000B1471304C5FFB307F40226C297740020BD
:107D30009384846106C6A697BA276315B702C84321
:107D400015C19307F00F6305F6001C21639CC70063
:107D500097B0FE1FE780E046B1473304F402A294D7
:107D600023A20400B2402244924441018280411186
:107D700022C42E8426C24946AA848145228506C68D
:107D800097A0FE1FE780A09A8DC8D82C83A701ADCD
:107D90001207BA979A231AA0BA23FE233AA003D750
:107DA00041AD5AA09A207AA0BA201AA4DA203AA4A7
:107DB000FA205AA49A241EA87AA4B24022449244DB
:107DC000410182802A8683C5D1AD03A801AD83A677
:107DD000C1AC014701456393E50082809C2281CFBD
:107DE000DC4691CBDC2F9207C2976316F60093070F
:107DF000150013F5F70F05071377F70FC106E1BF5D
:107E0000130600643386C50293069500AA851705FC
:107E10000000130545EE6F70FFC9411122C406C66C
:107E20002A840835EF709FE6FD571CB4B240224407
:107E300041018280011122CC4AC84EC652C456C2AA
:107E40005AC006CE26CA2A89AE890144138A91AD4A
:107E5000938AC1AC1D4B83470A006365F4046399A0
:107E600009029389D1AD138AC1AC930AF00F83C77D
:107E700009006364F4061144A14422851306F00F3F
:107E8000CA850504EFF09FE933440408E31794FE24
:107E9000F2406244D2444249B249224A924A024BD9
:107EA0000561828083A40A0093174400BE949C203D
:107EB0008DC3FE20639F270163956901AA20EF10FF
:107EC000C03B26854E868145EF00B02F2685EFF01A
:107ED0003FDB05041374F40FBDBF83240A0093171E
:107EE0004400BE949C208DC39C34638F5701FE20B8
:107EF000639C27012685EFF05FF22685D145EF00D0
:107F0000502F2685EFF0DFD705041374F40F85B7E3
:107F1000C167F917630BF502411122C406C68547F4
:107F20002A846399F50022852244B24081454101AB
:107F30006FF05FF089476396F5008545EF10806626
:107F40007DD1B24022444101828082809D456FF004
:107F50007FEE03D541AD8280011106CE68876C8625
:107F600003C781AD85476318F70070009305E100F2
:107F70000545EF504074F24005618280A947631DBA
:107F8000F6029C319821A207D98F1EA1BC31B821DD
:107F9000A207D98F3EA1DC31D821A207D98F5EA1DB
:107FA000FC31F821A207D98F7EA19C359825A20724
:107FB000D98F1EA501458280054582809147631EA9
:107FC000F6009C319821A207D98F1EA1BC31B8219F
:107FD000A207D98F3EA10145828005458280938703
:107FE000C5FF0D47B3C60708636ED7003147338717
:107FF000E7029777002093872735BA97A8A38EA327
:108000000145828009458280930740203355F50A57
:108010007115239AA1AC238EB1ACA38DB1AC828033
:10802000956541111905938535C006C63345050888
:1080300097B0FE1FE780800C01C9B240E9554101AD
:1080400017B3FE1F67002324B24041018280A38E34
:1080500001AC238E01AC238D01ACA38C01AC238C2D
:1080600001AC85474111A38BF1AC06C622C426C2E0
:108070002A84238B01AC239A01AC23A601ACEF1018
:10808000A028177500201305252C13060003814531
:10809000238F81AC9790FE1FE7806069138441AC09
:1080A0000820938491AD1DC59565938545C0120543
:1080B00097B0FE1FE780800423A8A1AC01CD1C303F
:1080C000102081459CA0238DC1AC12069790FE1F05
:1080D000E780E0659C20177500200345E52E13849A
:1080E000D1AD3E951375F50F956508A0938555C0E4
:1080F000120597B0FE1FE78060009384C1AC88C072
:1081000025CD1020814512069790FE1FE780206242
:1081100098401420814725077D566399F604EF1097
:10812000E03EB1473305F5029565938565C033455B
:10813000050897B0FE1FE78060FC23A4A1AC2A8449
:1081400001CDEF10A03C31463306C50281452285A2
:108150009790FE1FE780A05D2244B240924417052D
:108160000000130525DB41016F10E03A850710A3DD
:1081700093F7F70F410755B7A38E01ACA38C01AC61
:1081800079BF411126C206C622C44AC0AE84939765
:10819000556063D707081389E1AD0345090097903F
:1081A000FE1FE78040492A8431C518219307000942
:1081B000631FF7021831CD476312F7069386C1ADEE
:1081C00028219C22177800200348F8EE130664004B
:1081D000814501476318E50291C19CA29C2281CB95
:1081E00003450900854597B0FE1FE780C0602285E2
:1081F000EF704FD01395F468B24022449244024984
:10820000410182800E2205071377F70FAE9793F78F
:10821000F70F09068545B3D7070B6DBFC529C1BF49
:1082200013F5150071D9EF00904E19C983C7C1AD80
:1082300081CB854503C5E1AD97B0FE1FE780A05B0C
:1082400013C5140055BF0547637EC7029C319421B6
:10825000A207D58F1EA16399E700BC31B821A20700
:10826000D98F3EA1014582800947E39DE7FEBC31DD
:10827000B821A207D98F3EA1DC31D821A207D98F1E
:108280005EA1CDB7054582809147631EF6009C3103
:108290009821A207D98F1EA1BC31B821A207D98F7E
:1082A0003EA101458280054582809147631EF6000C
:1082B0009C319821A207D98F1EA1BC31B821A207F9
:1082C000D98F3EA10145828005458280A147631870
:1082D000F6029C319821A207D98F1EA1BC31B8218A
:1082E000A207D98F3EA1DC31D821A207D98F5EA188
:1082F000FC31F821A207D98F7EA101458280054576
:10830000828089476319F6009C319821A207D98F92
:108310001EA101458280054582803E2279714ECEA4
:1083200006D622D426D24AD01307F007AE8963714D
:10833000F70209473AC47C86300093F5F50FEF0049
:10834000B072B250225492540259F249456182806F
:108350005A22D9462A89328463F7E6007E2263F4E2
:10836000F6006379F70023140100300093F5F90F4C
:108370004A85F1B70A2202C4EFF0DF8AAA8435C524
:10838000EFF05FA49C246369F5001146A246CE85F8
:108390004A85EF00B06475B7340026869305F00F68
:1083A0004A85EFF0EFF575F1A2471A24DC479AA34E
:1083B0003A20BAA35A20DAA37A20FAA3DA209AA79D
:1083C000DC4495C793F4F90F2286A6854A858297E7
:1083D000C167FD172A86E31BF5FA22459947F9453F
:1083E0001CA144A1EFF0DFA1A9BF094645B7014692
:1083F00071BFA947631DF6029C319821A207D98F4E
:108400001EA1BC31B821A207D98F3EA1DC31D821F1
:10841000A207D98F5EA1FC31F821A207D98F7EA1D6
:108420009C359825A207D98F1EA501458280054558
:1084300082809C211CA19C311CB1BC31B821A207B7
:10844000D98F3EA1828023220500D8218947630469
:10845000F70005458280F62101114EC606CE22CCDA
:1084600026CA4AC80D47AE896379D7049C45843330
:108470009023A033A204D18CB0232204938744001C
:10848000518C639CD7029307C4FF2A89B3C707089E
:108490006361F70203A58900231199002310890065
:1084A000F15597B0FE1FE78000DE2322A9000145A9
:1084B00031A02285EFF0EFF171FD0545F2406244F5
:1084C000D2444249B24905618280797122D426D2D0
:1084D0002E8406D64AD01C201947AA84B285639000
:1084E000E70630202800EFF03FDA0DE92884EFF0AE
:1084F0004FEE0C302A890DC92E861717000013077E
:10850000A7CC34009D452685EF00102C4A850946EE
:10851000814545294A85EFF0AFF60145B250225416
:10852000925402594561828089477C803C840A8646
:108530007C813C857C822685EF001053F9BF49473A
:108540006395E70232202800EFF05FD861F91775D4
:108550000020130565DF5E25E9D3183068253C004F
:10856000C9460146A685FD244DBF5147639DE700DE
:1085700032202800EFF09FA055F10C303000268506
:10858000EFF0BFD959BF59476398E704322028005C
:10859000EFF0DFA241F52C842685EFF02FEB15C517
:1085A000584534851E23B697B3C707081EA3B5D711
:1085B0005C47A5D783C7C1ADADD3854503C5E1AD44
:1085C00097B0FE1FE780202389BF89473EC03C84C7
:1085D0000C300A867C8285B70C30231001000A8695
:1085E000A1BF5D71A2C456DA86C6A6C2CAC04EDE5D
:1085F00052DCAA8A88312E8432C6EFF00FE0B245F1
:1086000001ED0144B6402285264496440649F259BC
:10861000625AD25A6161828023020500231105004B
:10862000834904008547AA846399F900302028080B
:10863000EFF07FC12A8405491DA09D476391F9048D
:1086400018218D47E31FF7FA302028080549EFF07D
:10865000DFC52A8409E50546814526859D262685B0
:10866000EFF0AFFB88243C080147CE862286D685F2
:10867000D522E30909F82685EFF08FE061B7CD47F1
:10868000639BF90018219147E31DF7F63020280875
:10869000EFF03FC745B7D547E395F9F6034A050024
:1086A0008947E310FAF6302028080549EFF07FD417
:1086B0002A8455F583570102A1EBB8841306F00311
:1086C000DC44930607FCB3C60608636AD600B0858F
:1086D000D94663F6C600B486D94563EDD500BAA382
:1086E0000145EF009039054903560102D2852685E0
:1086F0008D2CB5B7AC87BAA3D2A38EA3F6A38547BA
:108700009CA0014A0149CDB7014AF9BF7971AA85F8
:1087100022D426D22221AA84280806D64AD0EFF0F5
:108720009FD2F24599E53DE185452285EFF0DF8254
:1087300075A0BC8415476395E706B8858D4763F738
:10874000E7046800EFF0FFCE0359E100DD4763FB6B
:1087500027018C86B70717008507100822853EC8B9
:10876000EF009030BC851109638527012285EFF069
:10877000EFFD1C8672466C00858B1106228591CF19
:10878000EFF03FE601C52285EFF04FFC884449DD5C
:1087900097B0FE1FE780E0A241BFEFF01FD3DDB727
:1087A00011476389E7001387A7FF8546334707080A
:1087B00063ECE6023147F117B387E7021777002031
:1087C000130787B8BA979A2371D3A8233008A285D4
:1087D0000D204DFDB8849147E318F7F4B2502254B0
:1087E00092540259456182802C082285012E59FD40
:1087F000F5B701114AC82A89314526CA4EC606CEA8
:1088000022CCAE89B2849790FE1FE780A0DC29C1FC
:108810009307000A231135011EA12A842146110560
:1088200095C0A6859790FE1FE780E0E9A2854A855E
:10883000EF607FF10145F2406244D2444249B249BF
:108840000561828081459790FE1FE78040EEF9BF69
:108850000545D5B701114AC82A891305000226CA61
:108860004EC652C456C25AC006CE22CCAE8A328BF5
:10887000B6893A8ABE849790FE1FE780A0D521C9A9
:10888000930720FA1CA1A3006501231155012302BF
:108890004501A30235012A84614621059DC0A685B4
:1088A0009790FE1FE78020E2A2856244F240D24406
:1088B000B249224A924A024B4A85424905616F6099
:1088C0009FE881459790FE1FE78060E6F1BFF24088
:1088D0006244D2444249B249224A924A024B05615B
:1088E00082805C45797122D406D62A84AE86A5C3DF
:1088F000BA23F885130720066394E504FA2303D608
:1089000041AD3357C70AB22B9E2B1377F70F918FC8
:1089100093F7F70F01E6890793F7F70FBA97FD175B
:10892000B3C7E702FC863E206E200824FC84014782
:108930003C080146EFF01FF2B2502254456182809C
:10894000D82F83A701AD1207BA97FE23E1BF2EC629
:108950001946814528089790FE1FE78040DDB24602
:10896000D9B7797122D406D626D22A8491CD08248B
:108970002E866E202254B2509254814701479306AE
:10898000000645616FF01FEDB284280059469790AC
:10899000FE1FE780C0D9648499E43E2048446C00FF
:1089A0007C85EFF0CFBC6E2008243C000147930685
:1089B00000060146EFF01FEAB2502254925445617E
:1089C0008280797106D6814799E53E2170867C8444
:1089D0005C4589EF3C002E866E21082501479306F1
:1089E0000006EFF03FE7B25045618280BE237C85F0
:1089F000D5B7411122C406C61C2111472A846392AF
:108A0000E7022E866E21082581470147CD46EFF00B
:108A10007FE449466E202244B240154541016FF083
:108A2000EFAF13F7B70F89466317D7000146EFF092
:108A30005FF35146C5B70D476398E7002244B24043
:108A4000014641016FF0FFF7B240224441018280AC
:108A50009A21B14771173307F70297770020938760
:108A6000A78EBA97D84301EBD841AAA70145D8C32E
:108A7000BA219AA7828059458280797126D24445CD
:108A800022D44AD006D62A842E89B1C4C84419C536
:108A900097A0FE1FE780E07223A604009E206E20B0
:108AA00008247C85BE200147930640067C869E24D0
:108AB0004A867C879C483EC83E207C843C00EFF080
:108AC0007FD9A38E240123A80400B25022549254CB
:108AD0000259456182802800314681459790FE1FEA
:108AE000E780E0C43E206E2008247C8401473C00DF
:108AF000930640064A86EFF0FFD5C1BF797152CC8C
:108B00002A8A8A2126D206D622D44AD04ECE56CAE6
:108B1000AE84EFF00F8C6300051240452A89630C88
:108B200004107E21639947111E2463880710542C7A
:108B3000938A01AD03A70A009206FD1736977A23A0
:108B4000B3C707081EA46316F70093053006EFF0BD
:108B50005FD95C48B5EBC840834915001C21A209C8
:108B6000B3E9F900BE2013872900631AF702F9550B
:108B700097A0FE1FE7802071C8C0239134010345F0
:108B800089002686D285EFF0DFC61DEDB250225453
:108B900092540259F249624AD24A456182809565EF
:108BA000938515C04E8597A0FE1FE780205548C8C5
:108BB000C840231C3401F95597A0FE1FE780A06C24
:108BC000BE20C8C0F917BEA048482DCDB220362C13
:108BD0001E2C3308D60063C90707582C83A70A0048
:108BE00095451207BA97BE2363CA0705CC40369550
:108BF0009790FE1FE78020AD3A2CBE20BA971A2C22
:108C0000B3C707083EAC6398E70203572900034542
:108C10008900300078845848D2857C853AC6EFF0C8
:108C20005FBD11C5484897A0FE1FE7808059232AE1
:108C30000400232C0400054591BF99454A85EFF0B7
:108C4000EF88D5BFA545DDBF9145CDBFBE21CDCFB6
:108C5000011126CA06CE22CC03D741ADAA846D45A8
:108C6000636FF7082E844840914597A0FE1FE78068
:108C700080613E20AA861CA13E20A1831CB11E203B
:108C80003CA11E20A1833CB13220C167F917110617
:108C900033460608639DF4022AC4314532C69790D4
:108CA000FE1FE7802093AA854D45B1C9930700F9BF
:108CB0003246A2469CA1F957BEA18947DCA1F2A188
:108CC00094C503C5E1ADEF601FA801450DA881451E
:108CD0002685EF40D02B01E91387C1AD1C23F5D7C2
:108CE000FD171CA3DDB789476302F5029D476301A9
:108CF000F502C9476300F502FD47E30FF5FCF240BA
:108D00006244D244056182806D4582805145C5BF71
:108D10001145F5B70945E5B7011122CC4AC83144E0
:108D20001309C5FF3304890226CA9764002093847F
:108D3000A46106CE26945C409DCF03C7C1AD0DC78C
:108D400068843EC62A241E242C007C85EFF01FF088
:108D500011C5484097A0FE1FE780A046B1473309E0
:108D6000F902CA9423A204000545F2406244D244A9
:108D70004249056182800145CDBF797126D24445C3
:108D80004ECE52CCFE20BA2883D941AD06D622D48D
:108D90004AD056CAB3D9F90A2A8A9E282DCF998F6C
:108DA0004E8463D4370133C4070889452285EFF028
:108DB0002FA72A89CD4A31C5BE202AC660857C846A
:108DC000BE2899EB9E28130925001CA19E28A1838B
:108DD0001CB1637434058228BE28CC4422864A859F
:108DE000BE959790FE1FE780008E03556A002C0009
:108DF000EFF0DFE5AA8A15C54A8597A0FE1FE78038
:108E0000403CB250225492540259F249624A56856B
:108E1000D24A45618280890761B7791433440408D6
:108E200065BFBA289E203A949A28FD17B3C7070851
:108E3000334404089EA0A2A86376E400F9F3FD572A
:108E4000DCBCC1B781455285EFF03FC35DBF79718E
:108E500022D44ECE56CA5AC85EC662C406D626D2A0
:108E60004AD052CC938961AD03CA0900938AC1AC40
:108E7000054B5284930BF00F138C91AD83A40A0021
:108E800093174400BE9403C9040063176907DC44C8
:108E9000A5C7D84735C39A2329C783C7C1AD89CF92
:108EA0002685EFF09FEDAA8505E9050483C791ADFE
:108EB0006351F40223808900B25022549254F24943
:108EC000624AD24A424BB24B224C4A850259456112
:108ED0008280238B01ACCDB72685EFF01FBA014904
:108EE000E1BFDC3F639A7701930520062685EFF00A
:108EF0005F9FDC44A38E070083470C0005041374B6
:108F0000F40F6363F4000144E31A44F7C9BF41114D
:108F1000154506C6EFF05FE009C50545B2404101C1
:108F200082801945EFF05FDF6DF91145EFF0DFDE6C
:108F30006DF51D45EFF05FDE6DF103C591AD79DD97
:108F4000B24041016FF0BFF09E210D47F117B3C74A
:108F50000708636FF704DC41411122C406C626C22C
:108F60002E84A9CB8545AA84352D39C92685992B10
:108F7000C167F917638DF40019E93E2089CB1620EB
:108F800019476391E60403D741AD63FDE70283C748
:108F9000C1ADA285268599C72244B24092444101C1
:108FA0006FF0DFCA2244B240924441016FF05FAAE1
:108FB000094582800945B2402244924441018280A1
:108FC0005145D5BF6D45C5BF797126D252CCAA8413
:108FD0002E8A5D4589454AD04ECE56CA06D622D441
:108FE000B289B68A3A89EFF0AF8335C12A84014548
:108FF00063060900D685130544000299935785003E
:109000003CB093074500230044017C85954728A088
:109010007C84A300340122C683C7C1AD2C00268501
:1090200085C7EFF0BFC2AA8411C5228597A0FE1F95
:10903000E7802019B25022540259F249624AD24ABA
:109040002685925445618280EFF09FA0E9BFCD4410
:10905000D5B7797126D24AD052CC56CA2E8906D6B7
:10906000BE8522D44ECE9947B284368ABA8A63121C
:10907000F9062A220944EFE0DFB52AC635C15C456E
:1090800083596500BE239EA0B24715472380570130
:10909000BAA3138771AD10239305160093F5F50F4E
:1090A0000CA3D0A399E1854614A351476317E900A7
:1090B0001547BAA0DC479A249AA75287A686CA8584
:1090C0004E85EFF07FF02A8432450DC4EFE05FBBA0
:1090D00001A842867400AA89EFE09FA22A844DD598
:1090E000B2502285225492540259F249624AD24A1D
:1090F00045618280F945EFE0BFD0DDB79E211CA11C
:109100009E21A1831CB1BE213CA1BE21A1833CB103
:10911000114582809E211CA19E21A1831CB1BE21EC
:109120003CA1BE21A1833CB1DE215CA1DE21A18353
:109130005CB1FE217CA1FE21A1837CB1214582800E
:109140009E211CA19E21A1831CB1094582809E21E4
:109150001CA19E21A1831CB1BE213CA1BE21A183E3
:109160003CB1DE215CA1DE21A1835CB1FE217CA1AA
:10917000FE21A1837CB19E251CA59E25A1831CB543
:10918000294582809A218546AA8718A19A212183A0
:1091900018B19A216319D700BA2138A1BA212183C5
:1091A00038B1114582800945631DA700BA211945D0
:1091B000B8A3BA212183B8B3DA21D8A3DA21218355
:1091C000D8B382809E211CA19E21A1831CB1BE2107
:1091D0003CA1BE21A1833CB111458280797126D288
:1091E0004AD04ECEB2842A89AE89294681454800AC
:1091F00022D406D636849780FE1FE78040536486CB
:109200008DE03E207C8283D741AD7C845C4491CB51
:10921000D42F03A701AD9E27920636973A237C856B
:1092200078834A85170700001307A7F2540013F646
:10923000F90FD545EFF05FD92A8911C195E085472F
:109240001CA023020400014681452285EFF06FF146
:10925000B25022549254F2494A85025945618280A3
:109260002285EFE0FFA1EDB7B286170700001307D4
:10927000A7F12E8685456FF03FD5011168874165BE
:10928000700001489307F00F0D4797060000938682
:1092900026E799457D1506CEEFF0BFDBF24005616C
:1092A0008280B28701482E86114797060000938678
:1092B000A6E6C9456FF0FFD9B2861707000013076D
:1092C00067E82E86CD456FF03FD0011122CC26CA2B
:1092D0004AC84EC606CEAA842E89176400201304FD
:1092E000A409976900209389290C1C4081C7CA856D
:1092F000268582971104E31A34FFF2406244D24477
:109300004249B24905618280411122C406C626C283
:1093100017670020130747D97C2B783B1764002080
:109320001304040A1CB4BA9793F7F70F1CA4B5C72B
:109330001305C0033385A702A5658505938401AE97
:1093400097A0FE1FE78080DB10249307C0038145B0
:109350003306F60288C09780FE1FE780403D142444
:109360009C4001477D566341D7022244B24092445B
:10937000130600038145176500201305E5FF410131
:109380001783FE1F6700A33AB2A32382070023A618
:10939000070205079387C703F9B7B24022449244F6
:1093A00041018280411122C426C24AC006C62A89D0
:1093B0002E84B28497A0FE1FE780605909EDC16733
:1093C000F91751456313F9000145B2402244924414
:1093D00002494101828054555C2195C213F727014F
:1093E0004146630BC700C18B3D45E5D3BC2E01450B
:1093F000E3FD87FC3145D1BF1545F5D4F9B7C18BE5
:109400000145E1F71545D1B779714AD0416922D4B8
:1094100026D24ECE52CC56CA5AC806D6AA84014489
:10942000976900209389C9F9138A01AE930AC00392
:109430007D19054B83C789006364F400014525A8A5
:109440003307540383270A00BA97BA236316270108
:1094500005041374F40FF9BFC83330009385670017
:10946000EF4021311946A68528009780FE1FE7802E
:109470002037E31F65FDB250225492540259F2493D
:10948000624AD24A424B456182804166AA8697650C
:10949000002083C565F303A701AE81477D16639461
:1094A000F50001458280035827003A856306C8000D
:1094B00003480700E308D8FE850793F7F70F130763
:1094C000C703F1BF411106C697A0FE1FE7802048E1
:1094D00009C54A29B240410182800145E5BF03A781
:1094E00001AE9766002083C626EE1107814701452D
:1094F0006393F6008280102301C605051375F50FEE
:10950000850793F7F70F1307C703DDB7176500202B
:10951000034585EB8280176700201307E7E5814745
:109520003A86B1460C4391E5B3C7C72088C30145CD
:10953000828085071107E397D7FE4D458280411150
:1095400006C622C497A0FE1FE78060400DCD2A8486
:109550002A218545EFF07FD7485409C597A0FE1F03
:10956000E78020C622851306C00381459780FE1F31
:10957000E780E01BFD573EA0230204000145B240F6
:109580002244410182800945DDBF411106C697A0F2
:10959000FE1FE780C03B09C54825B24041018280DB
:1095A0000145E5BFC167F9176305F502411122C402
:1095B00006C62E8497A0FE1FE7806039AA87014562
:1095C00089C7DC237D8C33358000B24022444101C1
:1095D000828005458280411122C406C62E8497A050
:1095E000FE1FE780C03601CD5A29AA8705456304CE
:1095F0008700C2AB0145B24022444101828005454B
:10960000DDBF29CD01114AC8416922CC26CA4EC608
:1096100052C456C206CEAA84014497690020938999
:1096200029DA138A01AE930AC0037D1983C7890022
:10963000634BF400F2406244D2444249B249224AA8
:10964000924A05618280B307540303250A003E95C0
:109650003E216383270182940504C9BF828083A7CA
:1096600001AEC16617660020034606D6890701458C
:109670000147FD1691456313E600828003D8070079
:109680006309D80003C8A7006315B8000505137562
:10969000F50F05071377F70F9387C703E9BF83A675
:1096A00001AE17660020034626D291060147814786
:1096B000631FE600858393C7F7FF0545B3C7070817
:1096C0006361E5023315A0283345050882808C22AA
:1096D00099C1CE36CD8F05071377F70F9386C60352
:1096E000C1BF93F61700F9FE050585831375F50FC5
:1096F000C1BF797156CAAA8A2E8526D24AD04ECECB
:1097000052CC5AC85EC662C406D622D4AE84328B0E
:10971000368CBA8B3E8AC289468997A0FE1FE780A5
:1097200000233DED41657D1597A0FE1FE7802022B7
:109730002A84554531C81946DE8513056400A30205
:1097400084019780FE1FE78000F88357010326A05D
:10975000230264013EA883574103230054012326BA
:1097600004025EA8230644012317340123182401B0
:10977000EFF0FFF20AB8232A04022685232C040204
:109780008145EFF09FB40145B250225492540259E2
:10979000F249624AD24A424BB24B224C4561828026
:1097A0004545DDB79766002083C606C203A701AE14
:1097B00081476395F60041657D1582800E3B130657
:1097C000C7036394A5002A238280850793F7F70FC8
:1097D0003287C5B74166176800200348E8BE83A6F4
:1097E00001AE01477D16954811436314E800014519
:1097F0008280BE223685638EC702CC5A9DC9BC3199
:10980000AC2189CD938597FD93F5F50FE372B3FEF7
:109810009387D7FA93F7D70F89EF82809385F7FD67
:1098200093F5F50FE3F6B8FC9387D7FA93F7D70FC4
:10983000E1D305071377F70F9386C6037DB741661B
:109840009765002083C545B803A701AE81477D1603
:1098500025486394F5000145828036233A85638B61
:10986000C600545B81CAB4329386E6FD93F6F60FC8
:10987000E374D8FE850793F7F70F1307C703D1BF2B
:10988000011122CC2A84494506CEEF707FC91DC143
:109890002AC6228597A0FE1FE780600B01CD624497
:1098A00032460E39F24017650020034595B1056137
:1098B0006F608F8BF24062440561828079714ECE79
:1098C00052CCAE892A8A93053005414526D24AD02A
:1098D00056CA5AC806D622D4328B3689BA8A97A07D
:1098E000FE1FE780A081CD4429C92A848944638171
:1098F000090441468145231261019780FE1FE780DC
:1099000000E35686CE8522859780FE1FE780A0DB88
:109910002146630F0902CA8528009780FE1FE78051
:1099200080DAA28650002C005285EF30505CAA8469
:10993000228597A0FE1FE780C088B25022540259AA
:10994000F249624AD24A424B26859254456182804E
:10995000814528009780FE1FE78060DDD9B741115F
:1099600022C4405926C206C6AA8429CC085409C577
:1099700097A0FE1FE780E084285809C597A0FE1F26
:10998000E7802084685809C597A0FE1FE7806083A0
:10999000285C09C597A0FE1FE780A082685C09C506
:1099A00097A0FE1FE780E0810325040809C597A062
:1099B000FE1FE7800081228597A0FE1FE780608060
:1099C00023AA040222448E38B24092441765002034
:1099D0000345359F41016F600FA2411126C206C6A3
:1099E00022C4AE8497A0FE1FE78060F631C903232E
:1099F00045032A84630603048328C30703288307D7
:109A000083274307032703078346630003560300A6
:109A1000834523002685EF70BFB82285EFF03FF421
:109A2000EFF0FFE111CD2244B240924417650020CF
:109A3000034535998545410117A3FE1F6700A3DB48
:109A4000B2402244924441018280411122C426C284
:109A500006C6AA842E8497A0FE1FE78040EF5C59BB
:109A600089CF9E23639B970085476318F4002244A7
:109A7000B240924441016FF09FEEB24022449244C2
:109A800041018280411106C622C426C2EFF09FD454
:109A90000DCD44592A8495C8BC208DC783A781AEBB
:109AA00089C7DC4399C326858297B8309307F002B3
:109AB000631DF7002A202244B240924481454101AF
:109AC0006FF0BFF183A741AEE1BFB24022449244A0
:109AD00041018280411126C24AC006C622C4AA841E
:109AE0002E8997A0FE1FE78080E605CD405955C01E
:109AF0001E206390970A3C30130710026391E70819
:109B00003C20BDCB7C5403270408DE2B15E313F760
:109B1000170019CF18545A23058B19CB930720022D
:109B20003CB0B24022449244024905454101828042
:109B300013F7270001CB18545A23098B01C7930749
:109B40004002F9BF918B81CB1C54DE23918B81C7DE
:109B500093076002F1B783A781AEE1D7DC43F1D36D
:109B60002285829738309307F0028145E31BF7FA8C
:109B70002685EFF09FE675B783A741AEF9BF1307BF
:109B8000A0026398E7006304090013092003CA8553
:109B9000C5B7631C0900268597A0FE1FE78020DB60
:109BA00009C55C2193E707015CA1A6854A85EF7092
:109BB0006FB085BF011126CA99476C85AA842E858E
:109BC0008D4522CC4AC806CE328936847C84EFE0AB
:109BD0002FC52AC61DC9AA854A8502942A8419E57B
:109BE0002C002685EFF04FB62A8411C53245979098
:109BF000FE1FE780005D2685EFF09FC8F2402285BA
:109C00006244D2444249056182804D44EDB741111E
:109C100022C42E862E84971600009386A66A894554
:109C200006C626C24AC02A89EFF0DFF80C20AA84B3
:109C30004A85EFF09FDAB2402244024926859244D9
:109C40004101828083A741AE85CB9C4395C71D719E
:109C5000A2CC86CE984110082A843AC8D8418545BE
:109C60003ACA829711C548862A206C00EFF03FFA65
:109C7000F6406644256182808280AA872E8591CF36
:109C8000FC5781CF982398A1983398B1B82BB8A1ED
:109C9000982FDC4BB8B1DCC18280414681451783E7
:109CA000FE1F6700C3A883A781AE81C79C4791C3ED
:109CB00082870945828003A7C1B41DC75843AA877C
:109CC00005450DC703A50708411106C69306050201
:109CD0001306050C93050506130505040297B2400B
:109CE0001375F50F410182800545828082804DC940
:109CF000357122CD2A840A2126CB52C556C35AC1BA
:109D000006CF4AC94EC7DEDE2E8AB28A368B97A0AE
:109D1000FE1FE780C0C3AA8431C50C182285EFF06E
:109D2000DFF53C20938B6400A9CBEF601FF32A89F9
:109D3000014583C95400EF601FF0AA840C10081875
:109D4000EF10803A08542C10EF10A03ADE88A68B52
:109D50005AC04E88DE874A8714103010D685528547
:109D6000EF208062FA406A44DA444A49BA492A4AF2
:109D70009A4A0A4BF65B0D618280EF601FEEAA895A
:109D8000014503C95400EF601FEB2ACE08540C10A4
:109D9000EF1080352C100818EF10A035F2484DBF99
:109DA0008280AA8701CD1855414511CBFC5781CB44
:109DB00028333D476375A700882F82804145828004
:109DC0006DC5411122C406C626C2AA872E84094544
:109DD000E1C998337D761306F67F98A1B8234D45E7
:109DE00098B1B833B8A1D823B8B1D433DA21858A71
:109DF000A2061377F7EF558FDAA1D433334707085C
:109E00001377F7DF93D61648A606558FDAA1D43319
:109E1000334707081377F7BF93D62648AA06558F0E
:109E2000DAA1D43333470708718F93D63648AE068C
:109E3000558FDAA1F42333470708799B858A558F1C
:109E4000DAA1F42333470708759B898A558FDAA175
:109E5000F423334707086D9B918A558FDAA1F823C5
:109E6000DE21218BDD9BD98FDEA1EF706FEBAA8401
:109E70005145EF70EFEA383093F4F40FAA87494563
:109E80006360970293F7F70F63ECE70018209147A0
:109E9000614563E7E7001830854763E3E700014564
:109EA000B24022449244410182800945828015C516
:109EB0002A87AE87094585C5411106C61433138527
:109EC0001700194694A1930527009770FE1FE7809D
:109ED000807FB240014541018280094582808280B5
:109EE0000DC9AA872E8709459DC5411106C6B42311
:109EF000903313052700A206D18E96A121469385A3
:109F000037009770FE1FE780007CB2400145410199
:109F100082800945828082801DC12A87AE870945DB
:109F20008DC141113E8541469305170006C69770C5
:109F3000FE1FE7804079B24001454101828009451A
:109F400082808280AA87094591CB89C99C333D478D
:109F500061456365F7009CA101458280828005C54B
:109F60002A87AE87094595C141113E851306000435
:109F70009305170006C69770FE1FE780C074B240B5
:109F80000145410182800945828082801D71A2CCF9
:109F90002A84084586CEA6CA230601000421354737
:109FA0009387F4FF93F7F70F6360F70A17C7010071
:109FB0001307C787B3C7E7209C43BA9782870C086B
:109FC000EFF01FE0C947631AF50499475C862A2021
:109FD0006C00EFF0DFC3F6406644D6442561828012
:109FE0000C08EFF03FF60DED2A2097A0FE1FE7804A
:109FF0000096A14711CD5825631AF70403A781AE37
:10A000009D4719C7184309C71008A6850297AA8754
:10A010005C8629A00C08EFF0BFEC79D51C86C5FB47
:10A020002A20EFF0FF8545BF0C08EFF05FE8F5B799
:10A030001C312308F1004DBF0C08EFF05FF2F1BFB7
:10A040000C08EFF07FEDD1BF9D4749B703A741AEA4
:10A0500045BF411122C406C626C24AC01821930733
:10A0600020092A846314F7101C3139476391E70AE9
:10A0700056210967610781476394E6089384C1AE5E
:10A0800088403DCD0C4403C90500631D09001C2117
:10A0900085052146A9CB29059770FE1FE780A062A0
:10A0A0009C40B1CF49459770FE1FE780A0522A849B
:10A0B0001DC1930710FC1CA1A30025018C400905BC
:10A0C000414689059770FE1FE780E05F9C40A285AE
:10A0D0008833EF504FE788409790FE1FE780600E6F
:10A0E00023A601AE29A809059770FE1FE780A05D91
:10A0F000EF30A05F05494DF59C402380270185473F
:10A10000B2402244924402493E85410182801307B5
:10A11000E003639BE706382195476317F7024A215E
:10A12000EFF0AFC69147E31CF5FC83A741AEE1DB3E
:10A130009C47F1D772244A20930564002244B24020
:10A140009244024941018287A147631BF7006C20BA
:10A150004A202244B2409244024941016FF09F9745
:10A16000930600038147E31DD7F8D5B79306000A8D
:10A170008147E317D7F8EFF07FE1084449D1979082
:10A18000FE1FE7800004A5BF81479DBF011122CCBF
:10A1900006CE26CA4AC8094415CDAE8409449DC9D5
:10A1A0002A898D456800EF60EFFC1C8726866C00CD
:10A1B00093F7F70393E707044A855C87EF20C01302
:10A1C0002A8409E90D466C00138534009770FE1F40
:10A1D000E780604FF24022856244D24442490561E3
:10A1E00082805D714EDE86C6A2C4A6C2CAC052DCA1
:10A1F00056DA5AD85ED6894955C9328989495DC629
:10A20000138B45002A8AAE8A334B0B089305300521
:10A210005A859790FE1FE78060EE2A84CD4959C584
:10A22000EF609FA5AA845686D28593DA840013DA5C
:10A23000040193FBF40F1305440093FAFA0F137A09
:10A24000FA0FE1809770FE1FE780405EA301740162
:10A2500023015401A300440104A0EF605FA1AA857B
:10A26000414608089770FE1FE780405C2147340094
:10A270005A86A2850808EF20A02EAA891DE1214652
:10A280002C0023007901A300590123014901A301F6
:10A290009900130549009770FE1FE7802059EF6071
:10A2A0007F9E22859790FE1FE780A0F1B64026444E
:10A2B00096440649625AD25A425BB25B4E85F259C5
:10A2C00061618280411126C2AA842E854AC006C6D9
:10A2D00022C42E899790FE1FE780606779C140599C
:10A2E00079C05C30094793F6B70F6387E6001147E2
:10A2F0001305E00F6393E7081E200945639F2707B6
:10A30000130984004146A6854A859770FE1FE780A1
:10A31000803B4146A685130584019770FE1FE780A8
:10A32000803A383085469307F7FE93F7F70F63ECD2
:10A33000F6049304C40383A7C1B4C14526858DC721
:10A340009C4F9DC382979306C4022686CA852285A8
:10A35000EFF0FF993C2081CF22852244B240924405
:10A36000024941016F00507EEF60CFE0E9BF383015
:10A37000C947E303F7FE3CB00145B2402244924492
:10A3800002494101828093071005E317F7FE3C2044
:10A39000E5D722852244B2409244024941016F1020
:10A3A000E0000945D9BF4945C9BF39C9011122CCCF
:10A3B00026CA06CEAA842E84094595CD0D468D0564
:10A3C00028009770FE1FE78000301C8570002C006D
:10A3D00093F7F70393E7070426855C85EF10D071A8
:10A3E00019E90D46A28568009770FE1FE780403F7F
:10A3F0007D153335A000F2406244D244056182806D
:10A4000009458280011152C42A8A32854EC656C23D
:10A410005AC006CE22CC26CA4AC82E8BB28AB6892A
:10A420009790FE1FE780A05209ED8944F2406244F4
:10A430004249B249224A924A024B2685D2440561DA
:10A4400082805C592A89C544F5F34D45EF704F8DE4
:10A450001374F50F5145EF70AF8CE38809FC03C707
:10A460008901E36487FC9377F50FE3E0E7FC93054C
:10A470003005130540089790FE1FE78020C8232A67
:10A48000A9022A84CD445DD1130640088145977006
:10A49000FE1FE780C029A301040023014401230219
:10A4A0006401231054012326340723240402A30249
:10A4B000040063070A002285EF005063AA8419E1B3
:10A4C0008144ADB74A85EFF08FC98DB7397122DC71
:10A4D00006DE26DA4AD84ED652D456D25AD05ECEAE
:10A4E00062CC66CA0944630A0610BA84094463064A
:10A4F0000710AA8B2E89328B368C9790FE1FE7802F
:10A500000045AA8A514475C9930530054145979085
:10A51000FE1FE780A0BEAA894D4465C198309C20EB
:10A5200003CA340022075D8FBC20620AC207D98F9C
:10A53000336AFA0083A78A0263E647017D5709441C
:10A540006398E70A6307090083C74A000544898BBB
:10A55000C5C3214681450A859770FE1FE780201DEF
:10A56000930C4C0093053005B3CC0C08668597908E
:10A57000FE1FE780A0B82A894D443DC96286DA856E
:10A5800011059770FE1FE780602A1146A6854A854F
:10A590009770FE1FE7808029414693858A014E858A
:10A5A0009770FE1FE780802821478A866686CA85C5
:10A5B0004E85EF10F07A2A841DE521468A85280011
:10A5C0009770FE1FE780802621469385440028006F
:10A5D0009770FE1FE780C0208547631EF502D28575
:10A5E0005E85EF704FAF4A859790FE1FE78060BD94
:10A5F0004E859790FE1FE780C0BCF25022856254C2
:10A60000D2544259B259225A925A025BF24B624CCE
:10A61000D24C216182800544F9B7797122D406D6E3
:10A6200026D24AD04ECE2E849397556063D6070427
:10A63000975400209384C4D8A8309770FE1FE780F9
:10A6400080FF2AC609CDEFF0DFA0B24511E5A820B2
:10A650009307F00F631FF5002E85EF50AF89131994
:10A66000F468B25022549254F2494A850259456125
:10A670008280EF504F8DE5B713F91500630709008D
:10A68000EFF04FC013491400E9BFE1DD854421A07C
:10A69000850493F4F40FEFE07FE7E3F4A4FCB31731
:10A6A0009028B3C90708E18FE5D74E85EFF08F8F6B
:10A6B000C167FD176305F500DD45EFF00FB23349C3
:10A6C000340145B723A601AE23A401AE23A201AEF7
:10A6D00097570020938707CE170700001307075DE1
:10A6E00098C3170700001307472ED8C317F7FFFFBB
:10A6F0001307071D98C7975700209387E7CA1717B6
:10A7000000001307874298C317170000130707FDBF
:10A71000D8C3171700001307872798C78280975759
:10A72000002083C727CAA18B014789C7175700207C
:10A73000130747C823A4E1AE014582809757002044
:10A7400083C747C8918B014789C717570020130754
:10A75000A7C523A2E1AE01458280011106CE2AC61B
:10A76000EFF05FF63245994597570020A38BA7C4B9
:10A77000EFD0FF86F24017F5FFFF1305452D056169
:10A780006FE07FD91C5599C321458280411122C4B5
:10A7900026C22A84AE84130500049305300506C63C
:10A7A0004AC09790FE1FE780609508D479C51306CC
:10A7B0000004A6859770FE1FE780E0F07454B82A65
:10A7C00093778700EDCB1C54BC23A18BEDC7832767
:10A7D0000408C5E793053005130500109790FE1F88
:10A7E000E780C091AA872320A4080D45C1CB7454EB
:10A7F0009C309832D1CB3337E0000E0793670701C6
:10A800006C545CB0B829058B19CB18548546382395
:10A810000D8B6316D70078201367170078A00327E5
:10A82000040809C778201367870078A00547639D4F
:10A83000E70C13098400414681454A859770FE1F45
:10A84000E780E0EE81451305840141469770FE1FC5
:10A85000E780E0ED9304C40383A7C1B4C145268516
:10A86000B5CF9C4FA5CF829783270408BDCB228507
:10A87000EF00D0339307000549C12145B24022447F
:10A880009244024941018280A1473DFBBC20918B4B
:10A8900091E7BC2A918B99E385479DB79820942234
:10A8A00095473307F70297B701009387A7FBBA973D
:10A8B000B6979C23B1B79C3081C79032E14729F20B
:10A8C000BC205D8F118B69DB98209547942233075C
:10A8D000F70297B701009387A7FAD1BFEF608F897E
:10A8E00061B722859306C4022686CA85EFF02FC081
:10A8F0002285EF00702551F1C1470A203CB0814507
:10A90000EF60FFE701459DBF13F7870141C7C18B8A
:10A91000930484004146A1CB890526859770FE1FCC
:10A92000E78060DA81451305840141469770FE1F78
:10A93000E780E0DF7C201309C403C14593E74700AB
:10A940007CA083A7C1B44A8595C79C4F85C78297D1
:10A95000832704089DC32285EF00502519FD930726
:10A9600020053CB045B7814526859770FE1FE780DE
:10A9700000DC4DBFEF600F80E1BF9306C4024A8642
:10A98000A6852285EFF0AFB62285EF00F01BCD47FC
:10A9900069D9E5B5094785456388E70093F7D70F7F
:10A9A00011476396E70089450A20EF605FDD7C2050
:10A9B00093E747007CA08327040881C7930710050D
:10A9C0004DB7C54779BF3C2163830726397122DC27
:10A9D00006DE26DA4AD84ED652D43C31130750054B
:10A9E0002A846395E70803497500138AC1B4930963
:10A9F000C50393573900AA97842783270A00C145C6
:10AA00004E85B5C39C4FA5C3829783270A00A1C773
:10AA10009C47B1C30325040813797900B3D62441B8
:10AA2000858A93050504180893E606084E861305E3
:10AA3000050882971375F50F19ED41460C081305AB
:10AA4000C4029770FE1FE78000C82285EF00D00F78
:10AA5000930760053CB0F2506254D2544259B25947
:10AA6000225A21618280EF50FFF045B71307100290
:10AA70006392E7021C5503270508DE2361EB13F7F9
:10AA8000071069C778555A2B1377071061C39307CE
:10AA900070023CB03C3013077002639FE70C3C58D7
:10AAA00085E39305300571459780FE1FE7800065BB
:10AAB00028D819C5714681459770FE1FE78020C7C9
:10AAC0002458A1C8BC2C89E72285EFF08FADA8AC33
:10AAD0002858814541469770FE1FE78040C5285899
:10AAE0003D472C2D9387F5FF93F7F70F6364F7002D
:10AAF000EF505FE8EF407FCF3C58A1458AAB13850C
:10AB00002701EF503FE72C580A20EF003033631A3B
:10AB10000510930780023CB00A209790FE1FE78043
:10AB200000E3414609C57E2513D617003E966254C0
:10AB3000F250D2544259B259225A175500200345B7
:10AB400055880606854521616F401FE213F70720EF
:10AB500009CB78545A2B1377072001C7930790022B
:10AB60000DBF93F707409DD77C54DE2B93F707402A
:10AB700095D39307B00231BF130780026397E702B2
:10AB80003C5899C78E2B0A2013862701EF0070309E
:10AB90001C54DE2313F7072029CF78545A2B137740
:10ABA000072021CB93079002BDB713079002639B48
:10ABB000E700EF602F8BAA850A20EF00902C930707
:10ABC000A00291BF1307A0026390E704EF60EF8833
:10ABD000AA85854701456384F500814505452EC654
:10ABE000EF606F852A86B2450A20EF0030261C549C
:10ABF000DE2393F707409DC37C54DE2B93F7074079
:10AC000091CF9307B00201BF1307B0026398E7002A
:10AC1000EF60EF85AA850A20EF00102B9307F00262
:10AC200015BD38309307F002E318F7EE2DB582809A
:10AC3000411122C4405926C206C67C54AA84DE2B88
:10AC400013F7071011C718545A23137707100DE391
:10AC500013F7072011C718545A231377072009EB5D
:10AC600093F707408DCB1C54DE2393F7074085C72D
:10AC7000930710023CB02285EFF0FFD438309307E1
:10AC8000F002631EF7002244AA20B240924481459C
:10AC900041016FE09FD49307F0023CB0EDB7B240A2
:10ACA0002244924441018280397122DC405926DAE3
:10ACB0004AD84ED606DE2A89AE84B28963020438A9
:10ACC0002A211E20639FA7103C20638607389387A4
:10ACD000E5FF93F7F70F2D47636FF73617B70100BE
:10ACE0001307C7BBB3C7E7209C43BA978287228567
:10ACF0006254F250D2544259B259B28521616FF078
:10AD00007FA84146CE851305C4049770FE1FE780D7
:10AD1000809B22859D25383093074005631AF700F4
:10AD2000930790053335A000931435003CB05DA81F
:10AD300093066005D147E317D7FE9307A005DDB75B
:10AD40001309C4054A854146CE859770FE1FE780EA
:10AD50008097032504084DC53C3013079005639781
:10AD6000E700228555259307E00595A81307A00560
:10AD70006392E7087C3013D73700229714279D8B06
:10AD8000B3D6F640858A83A7C1B493E60608B1CB53
:10AD90009C47A1CB9305050818084A8613050504AE
:10ADA00082971375F50F15ED41460C081305C40481
:10ADB0009770FE1FE780C0A27C304D47850793F750
:10ADC000F70F7CB0E36FF7F8854517450020034582
:10ADD000555F9790FE1FE78000A2930750053CB097
:10ADE00031A8A144F25062544259B2592685D25436
:10ADF000216182801307C005E385E7F68144DDB752
:10AE0000930984004A86CE8522851408EFE03FEE40
:10AE100041469305C40408089770FE1FE780409CD4
:10AE200071D18A861306C403CA854E85EF10E06986
:10AE3000A1440DE12285EFE0DFF62A870A2097473B
:10AE4000002083A7A757814601468A858297B3349D
:10AE5000A0008E0493072002D1BD0C22EFE0FFB7C3
:10AE600071BF3830930720026317F71E7C5889EBB7
:10AE70009305300571459780FE1FE780202868D82C
:10AE80006858630A051C4146CE859770FE1FE7800F
:10AE9000808364582285EFE0DFF0A8AC930730028E
:10AEA0003DBF3830930730026317F71A1E226858E7
:10AEB0002146938529001EA949059770FE1FE7804A
:10AEC00080807C54DE2B13F727002DC718545A239B
:10AED000098B2DC39307400219B7383093074002FE
:10AEE000631BF7163C5C81EB85455D459780FE1F33
:10AEF000E780C02028DC285CE30205F083C7090056
:10AF00004146CE857CA99760FE1FE780C07B9307F2
:10AF10005002F1B5383093075002631EF712285CD7
:10AF200019469385190041059760FE1FE780A079B7
:10AF30007C54DE2B918B95CF1C54DE23918B95CBCB
:10AF40009307600269BD7C5C89EB93053005514530
:10AF50009780FE1FE780801A68DC685CE30305E8E1
:10AF60004146CE859760FE1FE780E0757C5C7D578B
:10AF700098CB4A85EFF0DFCB51B5032504081306C3
:10AF80000004CE85130505049760FE1FE780A073BB
:10AF90002285EFE05FD23C30130700056395E700A0
:10AFA000930740052DBD13071005E38FE7E0130756
:10AFB0002005E395E7E483A7C1B4E38407E29C4757
:10AFC000E38107E28325040893048400180893852D
:10AFD0000508814626862E8582970A201008A685B8
:10AFE000EF60DF829307B005DDBB38309307E005E3
:10AFF0006313F7068325040841464E859760FE1FBC
:10B00000E780007EAD44E30F05DC032504084146DC
:10B01000CE859760FE1FE780006B2285EFE07FD82A
:10B020002A872C580A209747002083A72739814672
:10B0300001468297B334A0008E0493071002FDB13D
:10B04000AD47E39DF5DA14222E2113066500082191
:10B05000EF50FFF865B39D4471B3AA87094541C617
:10B06000D9C11CA29C211CB29C313CA2BC213CB287
:10B07000BC31A30206005CA2DE2193D787485CB2F4
:10B08000DA211377072001C793E727005CB2DE219E
:10B0900093F7074089C75C3293E747005CB2DE2133
:10B0A0001317B028F98F89C75C3293E787005CB229
:10B0B00023030600DE21858B7CA2DA21098B01C7E0
:10B0C00093E727007CA2DE21918B89C77C2293E73E
:10B0D00047007CA2DE21A18B89C77C2293E78700F1
:10B0E0007CA20145828082802E86AA8505456FF06C
:10B0F000DFF62E86AA8509456FF03FF68DC52A87B3
:10B10000094505C7411106C6AE878D4694A1138532
:10B1100017004146BA859760FE1FE780C05AB240CB
:10B120000145410182800945828082808DC52A8740
:10B13000094505C7411106C6AE87914694A11385FE
:10B1400017004146BA859760FE1FE780C057B2409E
:10B150000145410182800945828082808DC52A8710
:10B16000094505C7411106C6AE87994694A11385C6
:10B1700017004146BA859760FE1FE780C054B24071
:10B180000145410182800945828082809DC92A87CC
:10B19000094515CB411106C69D4694A11623AE87DD
:10B1A0001385370094B116232146A182B4A19305DB
:10B1B00027009760FE1FE7800051B2400145410122
:10B1C00082800945828082808DC52A87094505C70E
:10B1D000411106C6AE87A14694A1138517004146CA
:10B1E000BA859760FE1FE780004EB24001454101DD
:10B1F000828009458280828085C92A8709451DC7CA
:10B20000411106C6A54694A11423AE8713852700D5
:10B2100094B11946930517009760FE1FE780A04A76
:10B22000B2400145410182800945828082808DC5FE
:10B230002A87094505C7411106C6AE87A94694A1CC
:10B24000138517004146BA859760FE1FE780A04727
:10B25000B24001454101828009458280828095C5C6
:10B260002A8709450DC7411106C6AE87B14694A18C
:10B270001385170013060004BA859760FE1FE78048
:10B280008044B2400145410182800945828082802C
:10B290008DC52A87094505C7411106C6AE87B54643
:10B2A00094A1138517004146BA859760FE1FE78079
:10B2B0008041B240014541018280094582808280FF
:10B2C000AA87094581C999C7154798A19C230145BB
:10B2D0009CB182808280AA87094581C999C72D4780
:10B2E00098A19C2301459CB1828082800DC55D712F
:10B2F0008A8586C6A2C42A84EFE03F980A200A867F
:10B3000097060000938686DE9D45EFE0BF8AB64033
:10B31000264461618280054582800DC55D718A8504
:10B3200086C6A2C42A84EFE05F950A200A869706A3
:10B330000000938646DC9D45EFE0DF87B64026445B
:10B3400061618280054582805D71A2C49305C5025A
:10B350002A8441460A8586C69760FE1FE780A0368C
:10B360000A200A8697060000938686D9C545EFE035
:10B370007F84B6402644616182805D71A2C49305DA
:10B38000C5032A8441460A8586C69760FE1FE7806A
:10B3900080330A200A8697060000938666D9C54541
:10B3A000EFE05F81B64026446161828083A7C1B42B
:10B3B000A9CB9C435D71A2C486C62A841305E00F05
:10B3C0008DCF032504089305050C13050508829706
:10B3D00083250408130600040A85938505089760F1
:10B3E000FE1FE780402E0A2097060000938666E73E
:10B3F0000A8693051004EFE0EFFBB6402644616136
:10B4000082801305E00F8280317122DD2A840A21B7
:10B4100026DB06DF4AD94ED752D556D35AD15ECF56
:10B4200062CD66CB9780FE1FE78060523C58AA84AD
:10B4300089EB9305300571459780FE1FE78000CCAE
:10B4400028D82858CD4705C9714681459760FE1F09
:10B45000E780E02D032904072285EFE09F94230D68
:10B46000A9003C201389C1B4638207128327090015
:10B470008DE39307E00FFA506A54DA544A59BA59E7
:10B480002A5A9A5A0A5BFA4B6A4CDA4C3E85296171
:10B49000828003AC0701E30E0CFC032B0408EF5081
:10B4A000CFFBAA8B0145EF500FF9DC303458130B5A
:10B4B0000B029309C403130AC405938A64002A8704
:10B4C00036C0B337F000930801045688B3367001D4
:10B4D0005286CE855A85029C1C54B8232307E1026C
:10B4E0009833A306E1029C232306F1028327090077
:10B4F000C9D383AB4701E38E0BF6DC30B337F000E2
:10B500003ECEEF508FF52A8B0145EF50CFF2032747
:10B510000408F2472AC03AC2B3386001568878104E
:10B52000930684004E86D2858800829B7C54B82B7B
:10B530002305E1029833A304E1029C232304F102D2
:10B540008327090003AB4701EF502FF12A890145FA
:10B55000EF506FEE83C854009C082A883EC2B3386F
:10B560001001B33720013810930684015286CE852E
:10B5700056C08800029B0A2097060000938686D159
:10B580009008C545EFE00FE3AA87F5B5D4308327CF
:10B590000900032B0408B336D00083AC070136CE74
:10B5A000EF50AFEBAA8B0145EF50EFE83C58F24665
:10B5B000130B0B02130AC4059309C403938A640096
:10B5C0002A88930801044E86D2853EC05687B33739
:10B5D00070015A85829C1C54930B0103B8232307E6
:10B5E000E1029833A306E1029C232306F10283279C
:10B5F000090083AC4701DC30B337F0003ECEEF509A
:10B60000CFE52A8B0145EF500FE3F2472AC0B3384C
:10B61000600156887810930684004E86D2855EC2FB
:10B620008800829C8325040841465E859760FE1F42
:10B63000E780001BAD47E31B05EE35BD2E86970660
:10B6400000009386E6B1C5456FE0CFD65D71B28745
:10B65000A2C44C802A84BE8513051100194686C6F3
:10B660009760FE1FE78020060A8622859706000065
:10B670009386C6B8A145EFE0EFD3B640264461619A
:10B6800082802E8697060000938646B4C5456FE0FB
:10B690006FD25D71B287A2C46C802A84BE85130507
:10B6A0002100214686C69760FE1FE780C0010A86FA
:10B6B0002285970600009386A6ADAD45EFE08FCFBB
:10B6C000B6402644616182802E86970600009386EC
:10B6D00046B6C5456FE00FCE797122D406D626D284
:10B6E0004AD03C31130730052A846385E7081307E5
:10B6F00050056396E708034975009307A0053CB120
:10B7000093573900AA97842783A7C1B41305C503AB
:10B71000C145B1CF9C4FA1CF829713797900B3D6A1
:10B720002441858A93E6060883A7C1B49DCB9C4734
:10B730008DCB0325040818081306C40393050504DC
:10B740001305050882971375F50F01ED1305C40263
:10B7500041460C089760FE1FE780E0F62285EFF077
:10B76000BFBEB25022549254025945618280EF50BC
:10B770006FA065B7930790053CB1814675B7130775
:10B7800010026391E7027C5503270508DE2B79EF51
:10B7900013F7170061CF18555A23058B61CB930718
:10B7A00020023CB03C30130720026398E70E3C585F
:10B7B00089EB9305300571459780FE1FE780009463
:10B7C00028D82458A5CC2285EFE0AFDDA8AC2858B6
:10B7D000814541469760FE1FE78060F528583D4748
:10B7E0002C2D9387F5FF93F7F70F636BF70283C751
:10B7F00081B5CDC34146814508089760FE1FE780AB
:10B8000000F31946974500209385059B080897602B
:10B81000FE1FE78040EB30580C082E85EFD0B04378
:10B82000EF30BFFC3C58A1458AAB13852701EF5090
:10B830006F942C580A20EFF07FE001E59307300267
:10B840003CB00A209780FE1FE7806010414611C17E
:10B8500072252254B25092540259174500200345D4
:10B8600055B60606854545616F400F9013F72700D2
:10B8700001CB18545A23098B01C79307400215B70F
:10B88000918B8DD31C54DE23918BE38D07F09307AE
:10B89000600201BFEF500F8E61B71307300263964D
:10B8A000E7023C5899C78E2B0A2013862701EFF038
:10B8B0005FDE7C54DE2B13F7270039CB18545A2354
:10B8C000098B39C793074002A5BF13074002639C49
:10B8D000E700EF502FB9AA850A20EFF09FDA93070F
:10B8E000500239DDB9BF13075002639CE702EF50E5
:10B8F000CFB6AA85054599C1854501452EC6EF50AD
:10B900008FB32A86B2450A20EFF05FD47C54DE2B39
:10B91000918B95C31C54DE23918B91CF93076002CA
:10B9200005B7130760026398E700EF504FB4AA858C
:10B930000A20EFF07FD97C5403270408DE2B09EF9F
:10B9400013F7071011CB18545A231377071009C7A0
:10B95000930770023CB031B513F7072009CB185498
:10B960005A231377072001C793079002E5B793F78F
:10B97000074089CB1C54DE2393F7074081C7930708
:10B98000B002C9BF9307F002F1B7397122DC26DAA1
:10B990004AD84ED606DE52D42E89B289AA84978020
:10B9A000FE1FE780C0FA4059414681450A859760ED
:10B9B000FE1FE780C0D735C4035A040063139A06FC
:10B9C000383093071002631FF7028327040899CFCA
:10B9D0002C58A1C95285EF1070520545F25062549F
:10B9E000D2544259B259225A216182808A86130662
:10B9F000C4059305C40313058400EF00102D15E161
:10BA00008A85C9BF2C5891CD9E29639C3701214658
:10BA1000C9054A859760FE1FE78080DC19C12C5854
:10BA200055BF26859780FE1FE78060F22A8455D592
:10BA30004C55B9C19E29639137052146C9054A85F0
:10BA40009760FE1FE780C0D985476317F50283C75B
:10BA5000318689C74C54BC3D6392A70CBD452685F1
:10BA6000EF1070449737002083A7076781C7894587
:10BA70001D45829701459DB7138971B5834709001C
:10BA80009739002093894962858B8DCF583083C7C1
:10BA900001B56319F7021946938511B513056400C2
:10BAA0009760FE1FE780C0D38547631DF50083A71D
:10BAB000090381C791451D458297BD452685EF1035
:10BAC000903E21BF03C781B583A7090331CB03474C
:10BAD0000900098B09CB81C795451D4582972685AD
:10BAE000EF101042DDBD81C78D451D45829741464F
:10BAF000814508089760FE1FE78060C319469735A7
:10BB000000209385656B08089760FE1FE780A0BB47
:10BB10000C082E850A86EFD010148A85268565BD0F
:10BB20008545C5FF6DBF797122D4405926D24AD0D0
:10BB30004ECE06D6AA892E89B284630404622A21D5
:10BB40001E20638BA7002149B25022549254F2491F
:10BB50004A850259456182803C206392076293873F
:10BB6000F5FF93F7F70F3147636BF76017A70100F5
:10BB70001307C7D5B3C7E7209C43BA9782871C54E5
:10BB8000F9F393053005130500049770FE1FE78055
:10BB9000E05608D44DD99820914763F4E7000D4949
:10BBA00065B798308547E3ECE7FE13060004A685E9
:10BBB0009760FE1FE78020B118547C54A302040054
:10BBC0005443D04BFD75858A758ED62B9385F57FB2
:10BBD000F99AD18ED6ABD04B5443758ED62B098AA9
:10BBE000F59AD18ED6ABD04B5443758ED62B118A95
:10BBF000ED9AD18ED6ABD04B5443758ED62B218A7D
:10BC0000DD9AD18ED6ABD04B5443758ED62B13769E
:10BC1000061093F6F6EFD18ED6ABD04B5443758E0B
:10BC2000D62B1376062093F6F6DFD18ED6ABD04B0B
:10BC30005443758ED62B1376064093F6F6BFD18EFD
:10BC4000D6ABD44B5043F18ED22B93D6B648AE062A
:10BC50006D8ED18ED6ABBC2B03250408A18BEDC70E
:10BC60003C23A18BF5C3E31005EE930530051305C6
:10BC700000109770FE1FE78060482320A40805D1BC
:10BC80007C54A30204009830943399E649CB5C308D
:10BC900093E707015CB021A0A1475CB06DFB228552
:10BCA000EFF0AFE76C54BC29858B89CB1C54BC23C7
:10BCB0008D8B89C77C2093E717007CA0832704081D
:10BCC00089C77C2093E787007CA05C300547639E92
:10BCD000E70A41468145130584009760FE1FE7800F
:10BCE00000A581451305840141469760FE1FE7804A
:10BCF00000A483A7C1B41305C403C145C1C79C4FA9
:10BD0000D1C3829703270408C14719C393070005CD
:10BD10000A203CB08145EF509FA6014935B5B82BAC
:10BD2000118B11E7B820118B19E38547A5B798232C
:10BD3000942095473307F70297A70100938787B2AE
:10BD4000BA97B6979C23B9B719C59770FE1FE780BD
:10BD50004047232004087C54983309C7983019C3FE
:10BD6000E1470DBFB82B118B01E7B820118B55DFD0
:10BD70009823954794203307F70297A701009387EC
:10BD800027B07DBFEF401FBFB5BF13F7870135C395
:10BD9000C18B130584004146B1C389059760FE1F1E
:10BDA000E780609281451305840141469760FE1F3C
:10BDB000E780E0977C201305C403C14593E7470063
:10BDC0007CA083A7C1B48DC39C4F99CF8297832752
:10BDD000040891CF930720053CB081B78145976057
:10BDE000FE1FE780C0947DBFEF40DFB8CDB7CD47E1
:10BDF000E5B7094789456386E70011476397E70080
:10BE000085450A20EF50BF9721A01947E38AE7FE36
:10BE10007C2093E747007CA08327040881C7930711
:10BE200010055DBFC5474DBF4146A6851305C40437
:10BE30009760FE1FE78020893C3013076005639EF2
:10BE4000E7008545173500200345B5579780FE1F4D
:10BE5000E780609A9307500541B745476384E7023E
:10BE60009306C4021306C403930584002285EFD011
:10BE70001FE82285EFF04FCD3339A0000E09D147DE
:10BE80003CB0D9B1C94789BF9309C4054E85414625
:10BE9000A6859760FE1FE78000830325040879C10B
:10BEA0003830930690056318D7002285EFF0EFCC69
:10BEB0009307E00515B79306A0056318D7067830F9
:10BEC00003A6C1B493563700A29694266309062AA6
:10BED000032886006305082A1D8BB3D6E640858AB1
:10BEE0000A8793E60608930505084E8613050504A0
:10BEF000029841468A851305C4049760FE1FE780B7
:10BF0000208E133915002285EFF02FC77C30CD46E7
:10BF10000A09850793F7F70F7CB01307600563F4F0
:10BF2000F6001307E00538B005B19306C005E31627
:10BF3000D7DE03A7C1B46304072403288700630086
:10BF4000082493050508930484000A878146268601
:10BF50002E8502980A200A86A685EF503F8B93070C
:10BF6000B0059DBD8A864E86930584002285EFD05C
:10BF70001FD841469305C4040A859760FE1FE780D9
:10BF800020868547E312F5BC2285EFF00FBF9307AB
:10BF90001002E30305E445BE3830930770026310D6
:10BFA000F71E7C5889EB9305300571459770FE1F8D
:10BFB000E780C01468D868586303051CA68541460D
:10BFC0009750FE1FE780207064582285EFD07FDDF8
:10BFD000A8AC9307800209B538309307800263103C
:10BFE000F71A1E2268582146938524001EA9490588
:10BFF0009750FE1FE780206D7C54DE2B13F707203F
:10C0000035C718545A23137707202DC3930790027E
:10C01000E1B33830930790026313F7163C5C89EB69
:10C02000930530055D459770FE1FE780200D28DCE5
:10C03000285C630605144146A6859750FE1FE780DD
:10C0400080689307A00249BB38309307A0026318A9
:10C05000F7121C22285C1946938514007CA941051F
:10C060009750FE1FE78020667C54DE2B93F7074035
:10C07000A1C71C54DE2393F707409DCF9307B0025E
:10C08000A1BB38309307B002631BF70E7C5C89EBD1
:10C090009305300551459770FE1FE780200668DC48
:10C0A000685CE30205AA4146A6859750FE1FE7801B
:10C0B00080617C5C7D5798CB03D529008145EFD00A
:10C0C000DF91A1B938309307F004E3FEE7A603251A
:10C0D0000408E30A05A613060004A6851305050453
:10C0E0009750FE1FE780205E2285EFF02FAC2A8953
:10C0F0002285EFD05FBC3C3013070005639FE7004B
:10C1000003D6E9008545173500200345952B060623
:10C11000EF309F8593073005A5B31307100563958E
:10C12000E70093076005A9BB13072005E39EE7A07E
:10C130009307C005B1B338309307E005E315F7A0C6
:10C14000032504084146A6859750FE1FE780A057A7
:10C150002285EFF06FAB2A899307100215B30C22EA
:10C16000B9BF8547E39BF5BA032846003C32382225
:10C1700014322E2110220145EF405FDB79BE1D49AC
:10C18000E1B28147C1463307F500B388F5001823B3
:10C1900083C808003308F6008507334717012300DA
:10C1A000E800E392D7FE82803D4781477D58330601
:10C1B000E5001422B388E5007D178606D58F23801D
:10C1C000F8001C229D83E31407FF82800147C146CB
:10C1D0009377F70F63FDC700B307E5009C2333880F
:10C1E000E5002300F8000507E314D7FE8280918F55
:10C1F00093B717009E07E5B701114AC84EC62E89AE
:10C20000AA8993053005414506CE22CC26CA52C4E0
:10C21000328A9770FE1FE78060EE2A84930530050E
:10C2200041459770FE1FE78060EDAA845DC059C14B
:10C23000414681459750FE1FE780604F4E8522861C
:10C24000A685EFD04021AA8929E18307040063D99C
:10C250000704A6852285EFF03FF54A8697950100F1
:10C260009385056A2685EFF0DFF18307090063DE19
:10C270000702A6854A85EFF03FF3528697950100A5
:10C28000938505682685EFF0DFEF22859770FE1F06
:10C29000E78020F326859770FE1FE78080F20DA0CF
:10C2A000CA852285EFF05FF0C9B7D2854A85EFF0E5
:10C2B000BFEFE1BF22859770FE1FE78080F0CD4978
:10C2C000F2406244D2444249224A4E85B249056155
:10C2D000828075D5CD497DBF81474146B306F500C3
:10C2E0003387F500182303C8060085073347070185
:10C2F00098A2E395C7FE8280011126CA4EC6AE847D
:10C30000AA8993053005130500034AC806CE22CC3E
:10C3100032899770FE1FE78060DE2DC5130600038B
:10C3200081452A849750FE1FE78060404146CE85B4
:10C3300022859750FE1FE780604FA6850D461305A6
:10C34000D4019750FE1FE780604E13060402930548
:10C3500004012285EFD02010AA840D469305D40253
:10C360004A859750FE1FE780604C22859770FE1F1C
:10C37000E78020E5F24062444249B2492685D24432
:10C3800005618280CD44FDB75D7152DC62D42E8A96
:10C390002A8C9305300513050003A6C2CAC04EDEE1
:10C3A00056DA5AD85ED686C6A2C4B28B368BBA8409
:10C3B000BE8A4289C6899770FE1FE78020D4630435
:10C3C00005101306000381452A849750FE1FE7805D
:10C3D00000364146E28522859750FE1FE7800045E2
:10C3E000414681450A859750FE1FE78040341D462F
:10C3F000DE850A859750FE1FE78040431D46DA859B
:10C40000130571009750FE1FE78040423339200129
:10C41000B334900041468145080823072101C487B1
:10C420009750FE1FE780A0301946D68548089750E0
:10C43000FE1FE780A03FCE8519461305A101975046
:10C44000FE1FE780A03E130904014146D2854A85BC
:10C450009750FE1FE780803D8A854A85EFF0DFE731
:10C46000930904024E86CA852285EFC0D07EAA8435
:10C470000DE94146CE854A859750FE1FE780A024EE
:10C480000C084A85EFF05FE54E86CA852285EFC02D
:10C49000907CAA8446454146CE859750FE1FE78092
:10C4A000E03822859770FE1FE780A0D1B640264471
:10C4B0000649F259625AD25A425BB25B225C268527
:10C4C000964461618280CD44D5B701114EC652C4F5
:10C4D000AE892A8A930530051305000326CA4AC887
:10C4E00006CE22CCB28436899770FE1FE78000C149
:10C4F00035C52A84D28541469750FE1FE780003318
:10C50000130A0401CE85214652859750FE1FE7800D
:10C51000E031A6852146130584019750FE1FE78070
:10C52000E030930904024E86D2852285EFC0B072B6
:10C53000AA844146CE854A859750FE1FE780002F8A
:10C5400022859770FE1FE780C0C7F24062444249CF
:10C55000B249224A2685D24405618280CD44F5B78E
:10C5600039715ECE62CCAA8B2E8C41459305300585
:10C5700006DE4ED652D45AD066CA6AC8B289B68C84
:10C580003A8D22DC26DA4AD856D29770FE1FE78011
:10C59000E0B62A8A9305300541459770FE1FE78073
:10C5A000E0B52A8B63040A1415E552859770FE1FC7
:10C5B000E78020C14D44F25022856254D254425942
:10C5C000B259225A925A025BF24B624CD24C424D03
:10C5D000216182802A86D2855E85EFF0FFC12A84A0
:10C5E00001CD52859770FE1FE780A0BD5A859770D8
:10C5F000FE1FE78000BDC1B7930530054145977028
:10C60000FE1FE780A0AFAA849305300541459770CF
:10C61000FE1FE780A0AEAA8AF9C409ED26859770AF
:10C62000FE1FE78000BA52859770FE1FE78060B951
:10C630004D446DBF1389F9001359494013F6F900B1
:10C64000630509047D193349090829E213154900D6
:10C650005686D2856295EFF0DFB241468145268548
:10C660009750FE1FE780A00C8149B3C7090863F803
:10C6700027051DC426859770FE1FE78080B4568568
:10C680009770FE1FE780E0B3A9BF01491315490069
:10C690008A856295EFF09FB35686DA850A8565BF75
:10C6A000939549000A86E2952685EFF09FAD268690
:10C6B0008A855E85EFC0305A2A8485097DB75DF88A
:10C6C0000A86D6852685EFF0DFAB26868A855E85CD
:10C6D000EFC070582A846A86A68566859750FE1F2B
:10C6E000E78060FE41BF21D14D4451BFE30405EC1A
:10C6F00081B739715ECEAA8B594526DA4AD84ED613
:10C7000052D456D25AD062CC06DE22DC034C01044D
:10C710002E8BB28A368A3AC6BE894289C684975021
:10C72000FE1FE78020EB25CD9167938717E91EA1B7
:10C7300085473CA12A84B2452105638A0B049307EF
:10C7400010033CB0194681459750FE1FE78020FE3C
:10C7500023035401A3034401230A84012312640127
:10C76000231734012318240126A8A2856254F2500D
:10C77000D2544259B259225A925A025BF24B624C3D
:10C78000173500200345C5C321616F20DFFBA301DE
:10C79000040019469750FE1FE780E0F255BFF250A3
:10C7A0006254D2544259B259225A925A025BF24B05
:10C7B000624C2161828001115AC02A8B130510033B
:10C7C00026CA4AC84EC652C456C206CE22CCAE8A2B
:10C7D000328AB684BA893E899750FE1FE78080DF8F
:10C7E00025C1B7470201938717E91CC1930785004C
:10C7F0002A8423046501A30455015CC1D28519462E
:10C8000029059750FE1FE78000ECCE8504A813058C
:10C81000140126869750FE1FE780E0EA23082403D0
:10C82000A2856244F240D2444249B249224A924A25
:10C83000024B173500200345A5B805616F20BFF0F6
:10C84000F2406244D2444249B249224A924A024BDF
:10C8500005618280011152C42A8A314522CC26CA40
:10C860004AC84EC606CEAE893289B6843A849750FD
:10C87000FE1FE78020D60DCD9167938717E91EA193
:10C880008D473CA1A301450122A562442312350135
:10C890002313250106A5F240D2444249B249224A57
:10C8A000AA85173500200345A5B105616F20BFE9B2
:10C8B000F2406244D2444249B249224A0561828030
:10C8C00001114EC6AA89394526CA4AC806CE22CCCD
:10C8D0002E89B2849750FE1FE780C0CF21C1916797
:10C8E000938727E91EA19147A30135012312250152
:10C8F0002A843CA1A685190521469750FE1FE78092
:10C9000080DCA2856244F240D2444249B2491735E4
:10C9100000200345E5AA05616F20FFE2F240624472
:10C92000D2444249B2490561828001114AC82A892C
:10C93000414526CA06CE22CC2EC6B2849750FE1F91
:10C94000E78040C915CD9167B245938727E91EA1BD
:10C9500095472A84231225013CA1214619059750A9
:10C96000FE1FE78040D6A28566A46244F240D2440E
:10C970004249173500200345D5A405616F20BFDC6F
:10C98000F2406244D244424905618280011152C49E
:10C990002A8A394522CC26CA4AC84EC606CEAE8956
:10C9A0003289B6843A849750FE1FE780A0C20DCD2D
:10C9B0009167938717E91EA199473CA142A562445C
:10C9C00023124501231335012314250126A5F24026
:10C9D000D2444249B249224AAA851735002003456C
:10C9E000259E05616F203FD6F2406244D244424901
:10C9F000B249224A05618280797122D426D24AD076
:10CA00004ECE52CC06D62A842E8AB2893689BA8472
:10CA10009770FE1FE780A0F311CD1306F00F2C00D6
:10CA20002285231441012315310123162101648736
:10CA3000EFC03F87B250225492540259F249624AE1
:10CA400045618280011152C42A8A394522CC26CA06
:10CA50004AC84EC606CEAE893289B6843A8497500B
:10CA6000FE1FE78020B70DCD9167938717E91EA1C0
:10CA70009D473CA142A56244231245012313350181
:10CA80002314250126A5F240D2444249B249224A44
:10CA9000AA85173500200345A59205616F20BFCAFE
:10CAA000F2406244D2444249B249224A056182803E
:10CAB0005D715AD82A8B13054002A2C4A6C2CAC00F
:10CAC0004EDE56DA62D466D26AD06ECE86C652DCAC
:10CAD0005ED6835D0105035D4105834C8105034CF2
:10CAE000C105835A0106AE893289B6843AC43EC074
:10CAF00042C246849750FE1FE780C0AD69C91167E6
:10CB00002A8A130717E91AA193074A01130790020B
:10CB100038A13EC6A2452105930BEA0063020B082B
:10CB200013071003A301EA00194681459750FE1F21
:10CB3000E780E0BF194681455E859750FE1FE7807C
:10CB400000BF1946814513054A019750FE1FE78033
:10CB500000BE23032A01A3039A0023009A03A30023
:10CB60008A03231D8A00264423123A01231EBA0198
:10CB7000231FAA0123115A03B64096440649F259CD
:10CB8000D25A425BB25B225C925C025DF24DD2856E
:10CB9000625A173500200345A58261616F20BFBA34
:10CBA000A3010A0019469750FE1FE780C0B18245D5
:10CBB0005E8519469750FE1FE780E0B09245194602
:10CBC00013054A019750FE1FE780E0AF59B7B64002
:10CBD000264496440649F259625AD25A425BB25BE5
:10CBE000225C925C025DF24D6161828079714ECE71
:10CBF000AA89614552CC56CA5AC85EC662C406D6D6
:10CC000022D426D24AD02E8AB28A368BBA8B3E8C58
:10CC10009750FE1FE780009C35CDB7470B019387E7
:10CC200017E91CC1930785002A845CC19304A50001
:10CC300001493C306364F902A2852254B2509254F7
:10CC40000259F249624AD24A424BB24B224C172552
:10CC500000200345E57645616F20FFAE2685238FD2
:10CC600034FFA38F44FF1946D6859750FE1FE780F7
:10CC700080A513857400238364011946DE850509A8
:10CC80009750FE1FE78020A41379F90FA386840133
:10CC9000C10445B7B250225492540259F249624A33
:10CCA000D24A424BB24B224C4561828001114EC6A2
:10CCB000AA89214522CC26CA4AC806CE2E89B2842A
:10CCC00036849750FE1FE780E09015C991679387DF
:10CCD00017E91EA1B1473CA1A301350164A160B1D0
:10CCE000624423122501F240D2444249B249AA8546
:10CCF000172500200345C56C05616F20DFA4F240B5
:10CD00006244D2444249B249056182805D71A6C243
:10CD10008344C10552DC3E8A86575ED6AA8B1385B2
:10CD20004402CAC04EDE56DA5AD862D466D26AD0FD
:10CD30006ECE86C6A2C4035D0105834C4105664CD8
:10CD40002EC6B28D368BBA8AC28946893EC49750A8
:10CD5000FE1FE780208851C9B245B7470D01938770
:10CD600017E91CC1930785002A845CC1230475015F
:10CD70000CB51946EE8529059750FE1FE780A09453
:10CD8000E28523086401A308540123094401A3098F
:10CD90003401230A2401231BA401230C940113054D
:10CDA000940119469750FE1FE780E091A2451305B4
:10CDB000440264BC08D026869750FE1FE780A090EE
:10CDC000A2852644B64096440649F259625AD25A80
:10CDD000425BB25B225C925C025DF24D1725002043
:10CDE0000345055E61616F201F96B6402644964458
:10CDF0000649F259625AD25A425BB25B225C925C9B
:10CE0000025DF24D61618280411126C2AA846145B2
:10CE100006C622C49740FE1FE780C07B3DC99167CC
:10CE2000938717E91EA1930740023CA19C302A84F6
:10CE3000938564003CB1BC30B8202105A207D98F8E
:10CE4000231EF5FEDC201946230FF5FEDC30A30F70
:10CE5000F5FE9750FE1FE7800087DC24A28517258A
:10CE600000200345E5557CA4FC24D834A207D98FC3
:10CE70001EA8FC343CA89C283CB89C385CA8BC2864
:10CE80005CB8BC387CA82244B240924441016F2077
:10CE90009F8BB2402244924441018280411122C4BE
:10CEA0002A84194506C69740FE1FE780A07215C167
:10CEB0009167938717E91EA1C1473CA142A1224473
:10CEC000B240AA85172500200345854F41016F20F8
:10CED0009F87B24022444101828041110D4506C620
:10CEE0009740FE1FE780006F15C1930710F91CA142
:10CEF0009307E0031CB1C5473CA1B240AA851725A2
:10CF000000200345E54B41016F20FF83B240410102
:10CF1000828001114EC6AA89294522CC26CA4AC858
:10CF200006CE2E89B28436849740FE1FE780806A41
:10CF300015C99167938717E91EA1C9473CA1A301B1
:10CF400035012302250100A5624466A1F240D244C6
:10CF50004249B249AA851725002003456546056167
:10CF60006F206FFEF2406244D2444249B2490561EB
:10CF7000828001114EC6AA892D4526CA4AC806CE0E
:10CF800022CC2E89B2849740FE1FE780A06431C175
:10CF9000930710F91CA19307E0031CB1CD47A3012F
:10CFA0003501230225012A843CA1A68515051946D1
:10CFB0009740FE1FE7802071A2856244F240D24470
:10CFC0004249B249172500200345853F05616F207E
:10CFD0008FF7F2406244D2444249B24905618280EF
:10CFE000411126C2AA84214522C406C62E84974038
:10CFF000FE1FE780205E05C59167938717E91EA194
:10D00000D1473CA160A1224446A1B2409244AA85E6
:10D01000172500200345C53A41016F20CFF2B240E9
:10D020002244924441018280411126C2AA84714562
:10D0300006C622C49740FE1FE780C05959C19167B8
:10D04000938717E91EA1930760023CA19C302A84B4
:10D050009385A4003CB1BC30B8203105A207D98F1C
:10D06000231CF5FEDC30D8201946A207D98F231DDA
:10D07000F5FEFC30F820A207D98F231EF5FE9C2474
:10D08000230FF5FE9C34A30FF5FE9740FE1FE780AB
:10D0900080639C28A28517250020034565323CA8A3
:10D0A000BC289838A207D98F5EA8BC38A30B04000F
:10D0B000230C04007CA82244B240924441016F201A
:10D0C0008FE8B2402244924441018280411126C23D
:10D0D00006C622C4972400209384842EF830930738
:10D0E000F00F630FF7022A8419459740FE1FE7806F
:10D0F000604EAA8515C5930700FD1CA19307700219
:10D10000A30005003CA11C303CB13C205CA13C309C
:10D110005CB12244E830B240924441016F20AFE25A
:10D12000B24022449244410182809727002083C765
:10D1300097291307F00FAA856396E7001763FE1F70
:10D14000670023081307000D1AA11307800238A1F6
:10D150003E856F204FDF411126C2AA84714506C665
:10D1600022C49740FE1FE780E04659C59167938728
:10D1700017E91EA1930760023CA19C302A84938585
:10D18000A4003CB1BC30B8203105A207D98F231CC4
:10D19000F5FEDC30D8201946A207D98F231DF5FEF5
:10D1A000FC30F820A207D98F231EF5FE9C24230F04
:10D1B000F5FE9C34A30FF5FE9740FE1FE780A050BC
:10D1C0009C28A285172500200345851F3CA8BC2864
:10D1D0009838A207D98F5EA8BC387CA8DC287CB818
:10D1E000DC381CACFC281CBCFC383CAC2244B240F3
:10D1F000924441016F202FD5B24022449244410114
:10D20000828041114AC02A89214522C426C206C60D
:10D21000AE8432849740FE1FE780C03B05C593076C
:10D2200010591EA12301250160A1224446A1B2404C
:10D2300092440249AA85172500200345651841013B
:10D240006F206FD0B2402244924402494101828053
:10D25000411126C2AA84214522C44AC006C62E898D
:10D2600032849740FE1FE780E0361DC591679387A3
:10D2700027E91EA1A1473CA164A160B12244231269
:10D280002501B24092440249AA8517250020034592
:10D29000551341016F202FCBB240224492440249E2
:10D2A00041018280011152C42A8A314522CC26CA0A
:10D2B0004AC84EC606CEAE893289B6843A849740B3
:10D2C000FE1FE78020311DC98567938717C91EA1FE
:10D2D000230145012303250122A5624423123501C0
:10D2E00006A5F240D2444249B249224AAA851725EE
:10D2F00000200345E50C05616F20EFC4F240624455
:10D30000D2444249B249224A0561828001114AC889
:10D310002A891385C50026CA06CE22CCAE8432C621
:10D320009740FE1FE780002B0DCD8567B2459387A0
:10D3300017E924A1231225012A841EA1310508C45E
:10D3400026869740FE1FE7800038A2856244F2409F
:10D35000D2444249172500200345850605616F2008
:10D360008FBEF2406244D24442490561828041113D
:10D3700026C2AA84194522C406C62E849740FE1FE1
:10D38000E780402505C58567938717F91EA1854766
:10D3900024A13CB142A12244B2409244AA8517255F
:10D3A00000200345E50141016F20EFB9B24022445E
:10D3B000924441018280411122C42A840D4506C64F
:10D3C0009740FE1FE78000210DC1930710F91CA1B3
:10D3D000E9471CB120A12244B240AA8517250020AC
:10D3E000034505FE41016F200FB6B24022444101C2
:10D3F0008280411122C42A84214526C206C6AE84F9
:10D400009740FE1FE780001D0DC59167938727E9B0
:10D410001EA1930700033CA160A1224446A1B24093
:10D420009244AA85172500200345B5F941016F20D4
:10D430008FB1B24022449244410182804111214582
:10D4400022C426C206C6AE8432849740FE1FE780FF
:10D45000601815C18567938707391EA185473CA1D0
:10D4600062A1224446A1B2409244AA8503C5E1AD1F
:10D4700041016F204FADB24022449244410182806D
:10D48000011122CC26CA4EC652C456C25AC0130439
:10D49000F5FF06CE4AC8094BAA89AE84328AB68AFD
:10D4A0003344040863946513138BB1AD83470B00B9
:10D4B000C9CB03C916009C2222093369F9009727BA
:10D4C000002083D767BFF517635BF91C9307C6FF7E
:10D4D0006314F90831459740FE1FE780A00F2A84A6
:10D4E00039CD23134501930700F9150AA1651EA143
:10D4F0002311350144A1850552859760FE1FE78001
:10D50000E0BF08C405C983470B009385EAFF1356A3
:10D510002A00FD172300FB009740FE1FE780601DD7
:10D520001C44A28503C5E1AD89071CC4EF20AFA14F
:10D53000814401A822859760FE1FE78080C893047C
:10D54000F00FF24062444249B249224A924A024BE9
:10D550002685D244056182809307D6FFE341F9FE18
:10D56000B1473304F402938481AC9C40A297B8275E
:10D5700019C7884309C59760FE1FE78080C4A1656D
:10D5800013054900850583A9040033450508976004
:10D59000FE1FE780A0B69C40A29923A0A900A297F5
:10D5A000884351DD0547B8A783470B005286D685CF
:10D5B000FD172300FB009740FE1FE780C0109C4032
:10D5C000A29723934701239227019DB78547E398AC
:10D5D000F5F6B1473304F402138981AC83270900BF
:10D5E000A297FA23884351CBDE23B306C7009107E5
:10D5F00063C5D7083A95D6859740FE1FE780A00CF3
:10D6000083270900A297FA233306EA003346060867
:10D61000F2A3DE239107E31DF6F031459740FE1F8C
:10D62000E78040FBAA851DC9930700F91EA1832747
:10D6300009002302650123113501A297FA239C43B7
:10D640007AA11CC503C5E1ADEF20EF8F8327090048
:10D65000A2972393070023850700D9BD83270900DC
:10D66000A297884365D59760FE1FE78080B5832722
:10D670000900A29723A00700D1BF11C99760FE1F20
:10D68000E78020B483270900A29723A007008327FF
:10D690000900A29723930700238507005DB59144F5
:10D6A0004DB56FC070786FC0B0796FD000206FD06B
:10D6B000003F6FC0107C411106C6EFC0B078B24089
:10D6C0000145410182806FC0507D6FC0307F6FD0B7
:10D6D000C0016FD080036FD020056FD0E0066FD0FF
:10D6E000A0086FD0600A6FD0200C6FD0C00D1C3224
:10D6F0001822A20733E6E7006FD0000F6FD040106A
:10D700006FD0A0126FD000156FD060176FD0A01C23
:10D710006FD0801E6FD060206FD040226FD0202449
:10D72000411122C60344C10226C4834401030343BA
:10D730000101030E4101834E8101034FC101834F5B
:10D740000102834241028343810222D6324426D819
:10D75000A2441ED416D27ED07ACE76CC72CA1AC813
:10D7600041016FD0C0386FD0A0216FD080236FD01F
:10D7700060256FD040276FD0002A6FD0E02B6FD08C
:10D78000C02D6FD0A02F6FD040326FD020346FE00B
:10D79000D05D85672A871388A7C7691533450508B3
:10D7A000636EA802138807C80145636AB80263E87C
:10D7B000E5021307301F6364C702138766FF938770
:10D7C00067C73347070863ECE700050633460608DA
:10D7D000B305B6028E0633A5D5008280014582804E
:10D7E00017280020130888BE0345180003A741B37B
:10D7F00083A641B11375F507D1C590428327480030
:10D80000137606F8498E90C213F6150001CA93F5F7
:10D81000050341466385C506938787C141651305A6
:10D8200005A0B3D5A7025057B70810FEFD18136620
:10D83000260050D7704333761601B3F7A702FD894F
:10D84000D2054D8E70C31306A00FB705FCFFAA07C3
:10D85000B3D7C70270436D8EBA07B983D18F7CC32B
:10D8600083470800898B99CB98429C421377F7072E
:10D870001367070493F707F8D98F9CC282809387B8
:10D88000078369BF5C57F59B5CD79C4293F707F809
:10D89000C98F9CC2F1B7411106C697270020238E7D
:10D8A00007B49770FE1FE780C014B24001454101E4
:10D8B00082807971B7E700E026D2844337072000E1
:10D8C00006D622D44AD04ECE52CC56CA5AC85EC6CC
:10D8D00062C466C26AC0F98C23A0E7180F1000006A
:10D8E00017240020130484AE184415E323A09710D6
:10D8F0000545B250225492540259F249624AD24A22
:10D90000424BB24B224C924C024D4561828017270C
:10D910000020032727BA09C723A097100945D1BFC4
:10D920001C20328BB68A858BADC3172900201309C2
:10D93000E9AB832749002A8AAE8999EB483C9305D5
:10D94000900409059750FE1FE780407B2322A90021
:10D950008327490099E7B7E700E023A097100D451A
:10D9600049BF0347290098A383274900630D0A0490
:10D97000638B0904A3803701032549004E86D285B5
:10D9800009059740FE1FE78000D49729002093895E
:10D9900069CB03A7C9019547630AF70083C709024A
:10D9A00019476385E7000D476392E70283C71902B1
:10D9B00089E7930780102390F902B7E700E023A0DE
:10D9C000971001453DB7A3800700C1B7138A41B244
:10D9D00083270A0098430D8B1DC3238401A0B84BF5
:10D9E0001377F78FB8CB98431367870098C39C438E
:10D9F00093D7374889C70100010001000100832C3B
:10DA00000A00B7070200834B040023A20C0623A4DC
:10DA1000FC009727002023AF07C29727002083C769
:10DA2000A79D918B172900201309499C89E793F73B
:10DA30000B04639A071008308145EFF07FDA138DED
:10DA400041B103270D00138C41B3B70633001C43CB
:10DA500013D54B40014693F7F7CF1CC31C430D89E8
:10DA600093F7F7CF93E707201CC303270C001C474D
:10DA7000D58F1CC74C2CB70703009387871523A8A5
:10DA8000FC049750FE1FE780C05A83270D001844FE
:10DA9000142098C75844858AD8C303270A005C43DA
:10DAA000F99BD58F5CC3832749003CDF03270C001B
:10DAB0005C4393F7F7EF5CC30100010003270C0000
:10DAC0005C4393E707105CC38347E900A301690146
:10DAD0002301590193E747002307F9009307000446
:10DAE00023A0F9009727002023A607B6A14723AE5D
:10DAF000F9009717002083A7A75D81CB0345090193
:10DB000013060064C145EF103FE683270A0017059E
:10DB1000000013058529DC43858B89E71705000084
:10DB2000130565039740FE1FE7800002972700203A
:10DB300023A407B29727002023A807B083270A0051
:10DB4000054798C39DBD93F50B03484093E5150029
:10DB5000EDB5797122D4172400201304A4AE5C40E3
:10DB600006D626D24AD04ECE858B6387071E9727CE
:10DB7000002023AB07AC8329C403A3070100EFF007
:10DB80009FD19727002083C72787918B9724002058
:10DB90009384C485172900201309498363840716D9
:10DBA00083C71900CE979823930700086318F700DE
:10DBB0008347090093E787002300F9005C580D476D
:10DBC0006377F70EF1175CD85C58984463E7E70E6B
:10DBD0003387E74083C71900D424CE979C339396AC
:10DBE00046608E0763DA060E63FFE70C1D8F93060F
:10DBF000000263E8E6005858636AF70CB307F74081
:10DC00009CC4882889459760FE1FE780C0BE834575
:10DC1000090093F78500F5C383A641B29307800CF2
:10DC2000FCD21C5C1307F00F3706330098C397270C
:10DC3000002023AD07A09727002023AB07A097273C
:10DC4000002023A907A09727002023A707A003A748
:10DC500041B11C4391858D8993F7F7CF1CC31C43B9
:10DC6000014593F7F7CF93E707201CC303A741B300
:10DC70001C47D18F1CC7B707030093878725BCCAF1
:10DC800005469750FE1FE780602183470900B420B6
:10DC9000B030DD9B814501452300F900EFF07FC1E5
:10DCA000B250225492540259F249456182801717AA
:10DCB00000200327E744BA9731B79716002083A6C0
:10DCC0002644B69731B73387E74015B7971600203B
:10DCD00083A6064336971DB75858636AF700B30703
:10DCE000F7409CC4DC2493E70708DCA419BF97160F
:10DCF000002083A6E6403697DDB783C71900F917E1
:10DD0000A380F900485C01469305F1009750FE1F7F
:10DD1000E78040045C5C9306F00F98236303D7020E
:10DD2000BC306380D702630EF7009365250093959E
:10DD3000456083270901505C93F5F50F0D458297E7
:10DD400085B78307090093154560E3C407FEF5F125
:10DD50009C872380F900F1BF83A741B2FC5385EF74
:10DD6000EFF07FB39717002083A7073789C7854552
:10DD7000130510088297225497170020938707678E
:10DD8000B25092540259F249B423B033814501454F
:10DD900045616FF01FB2584CA147E313F7F0854778
:10DDA0002384F1A0F5BD797126D2972400209384B5
:10DDB00064899C4006D622D44AD04ECE52CC858B64
:10DDC0006383072083A9C40301469305F1004E85B0
:10DDD000A30701009727002023A607869750FE1F60
:10DDE000E78040F71714002013044460171900203F
:10DDF0001309C95D131A4560631F0A123C3093066C
:10DE0000F00F6389D700D85C18236305D700094A4F
:10DE10006313F7128307090063C507009C872380FB
:10DE2000F9005C24918BADCFDC580D476373F71478
:10DE3000F117DCD8DC58184463E3E7143387E74074
:10DE400083C719005424CE979C33939646608E075F
:10DE500063D6061463FBE7121D8F9306000263E886
:10DE6000E600D8586366F712B307F7401CC40828C9
:10DE700089459760FE1FE780009883C719003387A4
:10DE8000F900142313070008639BE6129C5C130738
:10DE9000F00F98C38347090093E787002300F90038
:10DEA00003A741B35C5793D71748A1C38327490001
:10DEB000C165938505A033D6B7027443370510FEBC
:10DEC0007D15E98EB3F7B7027D8A5206D18E74C3F1
:10DED0009306A00F3706FCFFAA07B3D7D7027443F7
:10DEE000F18EBA07B983D58F7CC35C400345090026
:10DEF0008C3311850D899750FE1FE78080EF170541
:10DF00000000130525129740FE1FE780E0C383A79A
:10DF100041B198431317772998C3D857719BD8D725
:10DF200083470900A18B9DEB83270901D05C8145C4
:10DF30000D45829725A09770FE1FE78080ABD05CCF
:10DF4000832709010D459375FA0F829748403420C5
:10DF5000303009CD0C310905EFF0BF95B250225495
:10DF600092540259F249624A4561828081450145D5
:10DF7000E5B7171700200327A718BA9755BD9716BE
:10DF8000002083A6E617B69755BD3387E740F1B565
:10DF90009716002083A6C6163697F9B5D858636A37
:10DFA000F700B307F7401CC45C2493E707085CA4A0
:10DFB0007DBD9716002083A6A6143697DDB7F91706
:10DFC000A380F900F1BD83A741B2FC53B1E3EFF0A8
:10DFD0009F8C9717002083A7271089C789451305B1
:10DFE000100882979717002093874740C843B033A3
:10DFF000B42301CD0C3109052254B2509254025978
:10E00000F249624A45616FF0DF8A81450145EDB70B
:10E01000D84CA147E314F7F485472384F1A03DBF12
:10E0200041119717002083A7276206C622C4858B5B
:10E0300095C79717002023A9076017140020130421
:10E04000E438EFF05F851C20A18B8DEF1C48014662
:10E05000814511452244B2404101828783A741B2E4
:10E06000FC53B9E79717002023A6075E171400207A
:10E070001304C4351C20A18B91E71C48014681453F
:10E080005145C9BF9717002093874736C843B0331F
:10E09000B42301CD0C310905EFF0BF811C20DD9BBD
:10E0A0001CA0B24022444101828081450145EDB768
:10E0B00085472384F1A0F5B7814717860100130631
:10E0C00026859306F00F3307F60018236364E500F6
:10E0D0006313D700828003D80500636407019AA107
:10E0E0008280850793F7F70FF9BF411122C406C656
:10E0F00026C22E849397556063DA07029730FE1F7D
:10E10000E7806053AA8401CD1C21054793C7070807
:10E110006364F700EF70A07E2685EF10AFDD131566
:10E12000F468B240224492444101828093F7850012
:10E1300099CB9717002083A76735BC5B91C3829763
:10E1400013458400F9BF93F7450099CB971700203A
:10E1500083A7C733FC5791C3829713454400D1B7B7
:10E1600093F7050281CF9717002083A7673383A712
:10E17000070991C382971345040265B793F7050118
:10E1800081CF9717002083A7A73183A7C70891C322
:10E1900082971345040171B709656D8D59D19717A1
:10E1A000002093872727F433F023CC33C823EFC014
:10E1B000D0221315D468B5B7411122C48145130686
:10E1C00000122A84171500201305C52406C626C28E
:10E1D00023AE01AE9730FE1FE78060550145EF107A
:10E1E000D00F0145EF10101797170020A38B87E879
:10E1F000B707D707171400201304C421B5075CC85C
:10E20000B7C70D0D938707141CCCB7C7D7079387E3
:10E2100007145CCCF177938707141EB08147232E37
:10E22000F40C971700209387E726B4477D47232CEB
:10E23000E40C37772D071307F71FD98EF8470966C7
:10E240001306E6B9518F971400209384E4E5B4C710
:10E25000F8C7B4CBF8CBFC24A30C0402A30CF40A3B
:10E26000A300F40CF977FD17231FF40E2310F4100C
:10E27000FD472301F410930730303EBC5EBCEF1025
:10E280001FE19307C01C231BF406DE206D46130715
:10E29000B00FA983A300F4089E2828B02322040409
:10E2A000B3D7E70A3EB47EB49386E700B3F7C70A54
:10E2B000B3C606083EB08E069307801433C706081F
:10E2C0005AB41AB83377F70A8547A30FF402B70791
:10E2D00003009387C71C3CC0B71707069387074402
:10E2E0003CC4B7071600938707905AB076B01AB4AB
:10E2F0005CD8EFB0F019EF30E051EFA0307D224450
:10E30000B240924441016F70302C411126C206C6C2
:10E3100022C44AC0971400209384C40F03C7E403A7
:10E3200083C7F403636AF7000144B24022852244A4
:10E3300092440249410182802A89930510241305E1
:10E34000000C9750FE1FE78060DB2A8471DD130606
:10E35000000C81459730FE1FE780603D6314090083
:10E36000C1571CA4FC4CA1EBA0CCE0CCA0D0232036
:10E3700004008547238FF40285471CB4930700F9F6
:10E380003CB4971700209387E72B985FDC5F171545
:10E3900000200345A5D278C43CC8FD577CA8A30E35
:10E3A000F40683C7A4042304A406230AF40AEFB0E6
:10E3B000802648B89DBFBC5080C3A0D02320040055
:10E3C00083C7E403850793F7F70F6DB7011122CCDC
:10E3D00006CE9717002083C7F7032A8485EB1828F9
:10E3E0008547631BF70C8347D40303475404858B8D
:10E3F0006312F70C1946930564041305E403973080
:10E40000FE1FE780E03D3335A00099A883475504FF
:10E41000D9CB8347B5041307000493F7070C639423
:10E42000E708085931C1930564041305A5022EC6F7
:10E430009740FE1FE780A0488547B2456316F50266
:10E44000085889472302F4043C31194693E7270012
:10E45000A302F40451059730FE1FE780C02605454E
:10E46000F240624405618280142805478347C40353
:10E47000638BE60203470406118BD98F8DE71305E2
:10E4800044049740FE1FE780005008D809CD894713
:10E490002302F4043C3119469305640493E72700F2
:10E4A000A302F40445BF8347C403898B8DDB1C584A
:10E4B0009C3395F701456DB783470406918B85F72B
:10E4C0005C3413F7170011CF34380D47639BE60017
:10E4D00068402C446244F24005611743FE1F670008
:10E4E000235B898BADDF38389547E31AF7F6CDB754
:10E4F00001119717002083A7671522CC06CE26CAE4
:10E50000858B17140020032424F7BDC7971700201C
:10E5100023AE07129384C1B39C409DC7DC438DC7D3
:10E5200089475C8283475404130561001946DC82E5
:10E530005C28930564045C869730FE1FE780A01872
:10E540009C404800DC43829783477406858B81CBCF
:10E5500083455404082413066404EFE0C01B83477A
:10E560007406898B91CB22856244F240D2440561C6
:10E570001753FE1F6700834422856244F240D24451
:10E5800005611753FE1F6700633F41114AC0171909
:10E590000020130929E88327090B06C622C426C2D6
:10E5A00081EB0545B24022449244024941018280F8
:10E5B000AA849760FE1FE780C0438327090B8297D8
:10E5C000EF20B07E2A8471DDDC50AC482324F508AE
:10E5D000B8349307A009631BF70E85472300F51491
:10E5E00083C734062303F514A303F514FC35F8257B
:10E5F0000148A207D98F98291546F90542075D8F72
:10E6000083C735FF13058413E207D98F232CF40841
:10E6100083C755FF03C765FFA2074207BA9703C721
:10E6200045FFBA97232EF40883C775FFA30BF402A6
:10E6300083C795FF03C785FFA207D98F1EBC83C779
:10E64000B5FF03C7A5FFA207D98F3EBC83C7D5FF7F
:10E6500003C7C5FFA207D98F5EBC83C7F5FF03C7F9
:10E66000E5FF232E0413A207D98F7EBC8147232CFC
:10E67000F4129730FE1FE7800005B8488347370241
:10E68000FD8BA30AF40203473702ED1793F7F70F48
:10E6900015832308E4022D476365F7023E3C0567B6
:10E6A0009306A7C7E917B3C7070863ECF600563C03
:10E6B0009307301F63E7D7007E3C130707C86375D5
:10E6C000F7020A24EF30600D0145E9BD8327090DEB
:10E6D0001167F98F81DFFC4498239C21F98F93D730
:10E6E00057482300F51419B78327490B22858297D1
:10E6F0008327890D0A24294693F7072091E30546CD
:10E7000093050008EF7080368327090D1167F98F94
:10E7100099C70A24514693050008EF7020358327D6
:10E720008905F84BB7070008F98FE38C07E68824C2
:10E73000238C0400494693050008EF70203395B5FB
:10E74000011122CC930545012A84284901464EC671
:10E7500006CE26CA4AC89740FE1FE780A05F8949B7
:10E760006318052083044401AA8913050004EF20DF
:10E770003FDB1315456063CFA4202C4831479C3103
:10E7800093F7F7033CA86399E7209C210D47BD8BC5
:10E790003CB86395E720130964031946A1054A852F
:10E7A0009730FE1FE780C003630C051E2C4813053D
:10E7B000640419469C21890593D76748A302F40491
:10E7C0009730FE1FE78020F02285EFF03FC0630BFB
:10E7D000051C64449D471CA89CA08547BCA0BCB0F8
:10E7E000CA851946138544009730FE1FE780A0EDC7
:10E7F000BC20B8300149990793F7F70F13678700DA
:10E80000BCA0B8B07844BA970357C406B8B3BC20CC
:10E810007844834614063E978357C4069206A18324
:10E82000BD8BD58F5CA3B82009071377F70FB8A06D
:10E83000762CD1CE83470406795993F7070491C308
:10E8400075593309E9401379F90F6372D908834682
:10E850003406751985471379F90F6393F6129307F8
:10E860008042F9469387371AB3C7D702171600209C
:10E87000034686C113660601971500202386C5C08E
:10E88000C16503A641B20CC6B386D702860634D250
:10E89000B43093E60601B4B07444034624063697B8
:10E8A00030B3B420784436975CA3B8207C44BA9740
:10E8B000034734061607D8B3BC208D07BCA05C54B0
:10E8C000CA973CDC7E2CB38727412319F406834783
:10E8D000040693F7070489CFB8307C44B42013674B
:10E8E0000704B8B05838B697B8B3BC208507BCA0A9
:10E8F000BC206844722C8D074C543E9551C663650C
:10E90000C9089730FE1FE78000DC0349E401B82006
:10E910009377F70385073E99A3082401B8A083479E
:10E920005403858B91E70347440389476317F70036
:10E9300078441C2393E707041CA37C4418388145C2
:10E94000170500001305E53A98B39730FE1FE780DE
:10E9500080208347B4068345340610380D45DD8D8D
:10E960009740FE1FE78080539760FE1FE780600896
:10E97000F2406244D24442494E85B24905618280E8
:10E98000856793878784F1BD4A869730FE1FE780AD
:10E9900080D3B5BFAD49E9BF9149D9BF8D49C9BF42
:10E9A0009549F9B7A549E9B7011122CC930545016D
:10E9B0002A842849014626CA06CE4AC84EC652C4F1
:10E9C0009740FE1FE78000398944631605142C48E0
:10E9D0001307200291449C3193F7F7033CA8639CF2
:10E9E000E71284219547BD8824B8639FF412130A67
:10E9F00064031946A10552859730FE1FE78040DE6B
:10EA0000630B05102C481309640419469C214A85A0
:10EA1000890593D76748A302F4049730FE1FE78067
:10EA200080CA2285EFF09F9AA54475C597090020FA
:10EA30009389896C83D7C90013070032938707191C
:10EA4000B3D4E70283A70900829783A68900B3079E
:10EA500095003E8763E4A70063E4D7003387D7407F
:10EA60006444A1471CA858D09CA08547BCA0BCB05A
:10EA70001946D285138544009730FE1FE780A0C455
:10EA8000BC209907BCA0BC3093E72700BCB08347EB
:10EA9000540491C778441C2393E707F81CA3194634
:10EAA000CA851385A4009730FE1FE780C0C1BC2033
:10EAB000990713F7F703050718B8BCA08347540359
:10EAC000858B91E70347440389476317F700784430
:10EAD0001C2393E707041CA318387C4481451715B1
:10EAE00000001305A5E098B39307A0F93CB4973054
:10EAF000FE1FE78040068347B4068345340610387E
:10EB00000D45DD8D9740FE1FE780403981449760B9
:10EB1000FE1FE78000EEF24062444249B249224AB9
:10EB20002685D244056182808D44F5B741114AC0E3
:10EB3000138941B28327090022C41307800706C640
:10EB400026C2F8D32A840945238401A09760FE1FBA
:10EB5000E780C0F183A741B1D857370500827D1502
:10EB6000719B13671700D8D783250900D841136715
:10EB70001700D8C183068406D85713F6F603698FA9
:10EB80006606518FD8D71307A003138541B363518D
:10EB9000D712144137060007F84E518FF8CE98432C
:10EBA000370633001377F7CF98C398431377F7CF1F
:10EBB0001367072098C318411447D18E14C7B706AE
:10EBC000030093868625B4C95457F59A54D79843C1
:10EBD00083462406137707F893F6F607558F98C3F4
:10EBE00037C7898E130767ED98C7375755006444B8
:10EBF00013075755D8C39D471CA89CA08547BCA0A8
:10EC0000A147BCB07C440357C406D8A3BC207844B9
:10EC1000834614063E978357C4069206A183BD8B94
:10EC2000D58F5CA3A8209307E00F09051375F50F96
:10EC3000A8A003562407898F63C4C7047C442C5CB6
:10EC40000D053E959730FE1FE780E0A7B82083575B
:10EC500024079376F7038507B6971CB8B8A08347B7
:10EC60005403858B91E70347440389476317F700F3
:10EC700078441C2393E707041CA37C44183898B3FA
:10EC8000832709007844B2409244B8DF97170020E8
:10EC900023A0079C834534068347B40610382244DA
:10ECA0000249DD8D014541011743FE1F6700031F27
:10ECB000130620021841635CD600744F370600F932
:10ECC0007D16F18E37060005D18E74CFC9BD37068B
:10ECD00000F969487D166357D800744FF18E3706E6
:10ECE0000003DDB7744FF18E93968629F9BF0111A9
:10ECF0009717002083A7879522CC26CA06CE9704B3
:10ED0000002093842471858BE050C9C79717002099
:10ED100023AE079283C74407C18B9DC383C74407B3
:10ED200093F70702E5DF2285EFF05FE083C7440732
:10ED300093F7F70C238AF4069760FE1FE78060CBF9
:10ED400022859750FE1FE78060C39384C1B39C4027
:10ED50009DC7DC438DC789475C82834754041305F4
:10ED600061001946DC825C28930564045C86973058
:10ED7000FE1FE78040959C404800DC438297834714
:10ED80007406858B81CB83455404082413066404E0
:10ED9000EFD070189760FE1FE780A0C522856244FF
:10EDA000F240D24405611753FE1F670023BD39713D
:10EDB0004ED6938941B283A6090022DC26DA06DE0C
:10EDC0004AD852D456D25AD093078007FCD2238413
:10EDD00001A083A741B1D857B70533002A84719B9E
:10EDE00013671700D8D798431377F7CF98C3984382
:10EDF0001377F7CF1367072098C303A741B31047D2
:10EE00004D8E10C73706030013068625B0CA50572B
:10EE1000759A50D7984303462506137707F813765B
:10EE2000F607518F98C3DC420D4793E71700DCC209
:10EE300064459D471CA99CA08547A3810400BCA0F4
:10EE40008347F5056384E70AFD1793F7F70F154726
:10EE5000636BF70017770100130707ADB3C7E7200F
:10EE60009C43BA9782870149BC2013F7F703050733
:10EE70003A990347E405A30824011A07D98FBCA0D7
:10EE800083475403858B91E70347440389476317FE
:10EE9000F70078441C2393E707041CA37C4418382C
:10EEA00081451755FE1F1305C5B698B383A7090002
:10EEB0007844B8DF9707002023AC07789730FE1F0F
:10EEC000E78060C9834534068347B406103862542E
:10EED000F250D2544259B259225A925A025BDD8DF5
:10EEE000014521611743FE1F670043FB8547BCB006
:10EEF000194693056403138544009720FE1FE7809D
:10EF0000807CBC209907BCA00347F4059947631F88
:10EF1000F702BC301385A40093E72700BCB08347F9
:10EF20005403898B6387072A0C58BC296383072AFB
:10EF30001946D1059720FE1FE780E07878441C230E
:10EF400093E707F81CA3BC209907BCA0BC30B820ED
:10EF500093E78700BCB07C44BA970357C406B8B3A4
:10EF6000BC207844834614063E978357C406920615
:10EF7000A183BD8BD58F5CA3B82009071377F70F4A
:10EF8000B8A0562C638B062683470406795993F75D
:10EF9000070491C375597C483309E9401379F90F87
:10EFA000918B81C739191379F90F81476372D90899
:10EFB00083463406751985471379F90F639BF6224A
:10EFC00093078042F9469387371AB3C7D7021706CB
:10EFD00000200346664B1366060197050020238533
:10EFE000C54A03A60900C1650CC6B386D7028606CA
:10EFF00034D2B43093E60601B4B074440346240618
:10F00000369730B3B420784436975CA3B420784464
:10F01000369783463406960654B3B8200D07B8A039
:10F0200018544A9738DC5A2C330727412319E40631
:10F03000784811469376C700638BC60031466396C5
:10F04000C610034614068346F4076310D610218BBE
:10F05000630B071A032A840983A701A18297170764
:10F06000002013076709636DAA18B7470F0093873D
:10F0700007243305AA40B335F502522781463305EC
:10F08000F502EF306178B7074B00130745ED938722
:10F09000B7C7AA8A63EBE70A2A8A4946814568000E
:10F0A0009720FE1FE780A068B7C70300938737FC4F
:10F0B00063D55719B7872500138737ED6346571F68
:10F0C000B247938A6A099397D7283EC69307C0121E
:10F0D000B3CAFA02CE0A93D73A013247F976CE077D
:10F0E000758FCD83D98F03576408B3C7070893067C
:10F0F00004084207D98F3EC69C52D052D8463EC81B
:10F100009707002083C737319D8B7D8A960793151B
:10F110008700D18FCD8F3ECA9C4A61834946A207A2
:10F120005D8F3ACC8357840868446C00FC86BC2011
:10F130008D073E959720FE1FE780E058BC3093E78F
:10F140000702BCB0BC20C907BCA08347040693F7E4
:10F15000070489CFB8307C44B42013670704B8B0E3
:10F160005838B697B8B3BC208507BCA0BC306844FB
:10F1700093F707029DCF0327C40A05CFB420254685
:10F1800093873600AA9790A31306200390B3102309
:10F19000A906B0A31033B0B33023D0A33033D0B31B
:10F1A0005023F0A35033F0B3702390A7783398B76F
:10F1B000B4A0522CE30906CABC200C548D073E951E
:10F1C000636AC9109720FE1FE780E04F0349C4011E
:10F1D00061B98347D40391C778441C2393E707F8A8
:10F1E0001CA319469305E4039720FE1FE780A04D5A
:10F1F00099BB856793878784F1B3814701490DBD2A
:10F200001C473E9A9DB5B83083463406418B29C3CE
:10F2100079470546B387E702035724076397C60279
:10F22000130787070587BA97138A472949468145F7
:10F2300068009720FE1FE780804F9307FA00794708
:10F24000B3C7E702CE07CD8349BD13070707E1BF68
:10F25000BC205A2C05463E979307070F6396C600BD
:10F260001307870F93571740170700200347D7212D
:10F270001367170017060020A308E62003A609005D
:10F2800037070800138A875218C69387575479475F
:10F2900033E7E702998F86077CD68347140623005D
:10F2A000D408A30FF40659B763C85701B247939720
:10F2B000E7283EC6814715B59886B787DAFF93875A
:10F2C00067091377F7F913670706D886D6971307E8
:10F2D000C012BDB74A869720FE1FE780C03E69B6C0
:10F2E0008547BCB0930565031946138544009720F4
:10F2F000FE1FE780403DBC20B830170A0020130AEB
:10F300006A11990793F7F70F13678700BCA0B8B08D
:10F3100078440149BA970357C406B8B3BC2078446F
:10F32000834614063E978357C4069206A183BD8B7D
:10F33000D58F5CA3B820914709071377F70FB8A0C2
:10F340008346F405639CF60883470406795993F7CE
:10F35000070491C375595E2C3309E9401379F90FFD
:10F36000637EF90683463406751985471379F90FCC
:10F370006399F60C93078042F9469387371AB3C70F
:10F38000D70203464A07C16513660601230ACA0667
:10F3900003A609000CC6B386D702860634D2B43061
:10F3A00093E60601B4B0744403462406369730B39E
:10F3B000B420784436975CA3B8207C44BA970347BE
:10F3C00034061607D8B3BC208D07BCA01C54CA97BE
:10F3D0003CDC5E2CB38727412319F40683470406DF
:10F3E00093F7070489CFBC30B82093E70704BCB07B
:10F3F0007C44BA975838B8B3BC208507BCA00347F3
:10F40000F40591476319F704522C31C6BC206844B7
:10F410000C548D073E95636AC9029720FE1FE78052
:10F42000802A0349C4010347F4059147631FF71E6F
:10F4300083474A0793F7070F93E75700230AFA0613
:10F4400025B485679387878405BF4A869720FE1F6A
:10F45000E7806027C9BF0149F9B78547BCB093056C
:10F4600065031946138544009720FE1FE780A025F9
:10F47000BC209907BCA0BC3093E72700BCB08347F1
:10F48000D40391C778441C2393E707F81CA3834750
:10F4900054031385A400898B638D07140C58BC2971
:10F4A000638907141946D1059720FE1FE780A02124
:10F4B00078441C2393E707F81CA3BC20B830170A34
:10F4C0000020130A2AF5990793F7F70F13678700AF
:10F4D000BCA0B8B078440149BA970357C406B8B382
:10F4E000BC207844834614063E978357C406920690
:10F4F000A183BD8BD58F5CA3B820854709071377FF
:10F50000F70FB8A08346F405639CF608834704060A
:10F51000795993F7070491C375595E2C3309E94073
:10F520001379F90F637EF90683463406751985470A
:10F530001379F90F639FF60C93078042F94693877E
:10F54000371AB3C7D70203464A07C16513660601D7
:10F55000230ACA0603A609000CC6B386D70286068C
:10F5600034D2B43093E60601B4B0744403462406A2
:10F57000369730B3B420784436975CA3B8207C44E7
:10F58000BA97034734061607D8B3BC208D07BCA032
:10F590001C54CA973CDC5E2CB38727412319F40620
:10F5A0008347040693F7070489CFBC30B82093E75C
:10F5B0000704BCB07C44BA975838B8B3BC20850760
:10F5C000BCA00347F4058547631FF704522C21CEE6
:10F5D000BC2068440C548D073E956360C904972095
:10F5E000FE1FE780400E0349C4010347F405854729
:10F5F00035BD8347D40391C778441C2393E707F8AC
:10F600001CA319469305E4039720FE1FE780A00B77
:10F610006DB585679387878415B74A869720FE1F47
:10F62000E780600AD9B70149C9B783474A0793F70A
:10F63000070F93E7670019B57E2D411122C406C656
:10F6400099071CB97C45114718A998A37C4518391E
:10F650002A8498B383475503858B91E70347450375
:10F6600089476317F70078441C2393E707041CA31A
:10F67000684493056403194609059720FE1FE78037
:10F6800080046844722C4C542244B240210541014C
:10F690001723FE1F67002303AA87170500200325F1
:10F6A00025DD11E182801825E30EF7FE0841D5BF64
:10F6B000411106C622C426C24AC0EFF0FFFD630C0A
:10F6C0000518834755032A8497040020938484D423
:10F6D00089EF1946970500209385C5E1130564035A
:10F6E0009720FE1FE78020FE9DA80547639CE7004A
:10F6F000BC2049456382071619469705002093856B
:10F70000C5DFE9BF1C59B9E78347C503230A0502D2
:10F7100091EB034754038547230AF4028947E31911
:10F72000F7FC45BF1305C5039730FE1FE780E020B7
:10F7300008D80DC1EF6060450C58BC2581CF8947C2
:10F74000230AF4021946B105130564039720FE1F2E
:10F75000E78060F7034744038947E31CF7FA9C30CE
:10F760008DCB8347C40395C7834734041307000434
:10F770001305C40393F7070C6396E70E9730FE1F3B
:10F78000E780602008D811C53C2981C78947230E2E
:10F79000F4025C24E9E317070020230D07C6854720
:10F7A00078245CA41CB49704002083C47491231BA8
:10F7B00094061376F70099460359E40663F9C60ADE
:10F7C0005A2C9306A00F9707002083C7C7E9B36799
:10F7D000F7203357D7029387970E1705002003555C
:10F7E000659237460F0013060624814691042607CA
:10F7F000BA97B3A5A7023305F502EF30E1002695CD
:10F80000231BA4062318040663070902682893072C
:10F81000F00F6306F500EF006FC7FD577CA8035695
:10F82000E406930664011206A2851705000013057D
:10F83000A521EF002FA883A701A182971A302A865D
:10F8400093067401A2851745FE1F1305057B97409B
:10F85000FE1FE78040EA0145B2402244924402493B
:10F86000410182809730FE1FE780200D21BF2318C1
:10F870000406E31D09F8E310F7FC68289307F00F6E
:10F880006306F500EF008FC0FD577CA89306640166
:10F890001316B02851BF411106C622C42A849750BE
:10F8A000FE1FE7800015228523060400A30504003F
:10F8B000A30404009740FE1FE780400C68389307BC
:10F8C000F00F6306F500EF006FBCFD577CB86828A9
:10F8D0009307F00F6306F500EF004FBBFD577CA8C0
:10F8E000B24022444101828041119707002083A742
:10F8F000E7D522C406C6858B170400200324C4B7AD
:10F9000099CB22859707002023A207D4EFE0FFC7F9
:10F910002285EFF05FF822852244B240410117436F
:10F92000FE1F6700A305411122C417040020032411
:10F93000E4B3284801469305440106C626C2973021
:10F94000FE1FE780204175E12C487D479C3193F7ED
:10F95000F7033CA8E91793F7F70F6368F70C9C21AE
:10F96000BD8B3CB8F51793F7D70FE1E31946A10516
:10F97000130564039720FE1FE78080E65DC52C48D1
:10F980008544230294049C2113056404194693D7EB
:10F9900067488905A302F4049720FE1FE780A0D2E0
:10F9A0002285EFE0BFA251C1343815471C2863946B
:10F9B000E60263ECF40683A701A1829748D0228572
:10F9C000EFE0BFBC6313950622852244B240924407
:10F9D00041016FF05FEC81C719476398E704830426
:10F9E000440113050004EF10BFB31315456063CE47
:10F9F000A4022285EFF05FC4814517F5FFFF1305D0
:10FA000065AF9720FE1FE780001510388345440638
:10FA10000D459730FE1FE78060482244B240924473
:10FA200041011753FE1F6700C3FC9750FE1FE7807C
:10FA300040FC22852244B240924441011743FE1FFC
:10FA40006700C3F7011122CCFD5706CE7CA983576E
:10FA5000E5062A849DC7834605070C259307C00346
:10FA60001CAD01461305C003EFC0B04A09459750CD
:10FA7000FE1FE780A0FF22856244F24005616FF01F
:10FA80009FE17C250547BD8B6386E700834705061C
:10FA9000918BE9DF9707002083A747A593F70720FD
:10FAA00085C302C402C202C08148014881470147A0
:10FAB0008146054681451305C003EFC0D03D7DB7A3
:10FAC00002C081480148814701478146054681457A
:10FAD0001305C003EFC0D03951BF23A8A1AE828067
:10FAE00097F7FF1F83C7F75985EF411117E5FFFF10
:10FAF0001305E55F06C6EF008FBBEFE0EFEBB2400A
:10FB0000970700209387079117F7FFFF13072780B8
:10FB1000B8D7170700001307E7B9F8D7410182806B
:10FB2000970700209387078F17E7FFFF1307277EAC
:10FB3000B8D7170700001307E7B7F8D7828011C9B5
:10FB40008327050A93E707082320F50AFD572303B7
:10FB5000F502828023ACA1AE828017070020032724
:10FB6000A790AA87085719C51A2D6305F700130532
:10FB70008505DDBF8280011122CC06CE2A84034593
:10FB800065029307F00F2E866309F5002EC6EF007D
:10FB9000EF8F3246FD572303F4028347A402035735
:10FBA00084049306640293E707062305F40283574F
:10FBB0000404A285F240BA972313F40462441705A3
:10FBC0000000130505F805616FF0DEEE011122CC8F
:10FBD00006CE2A84034575029307F00F2E8663092B
:10FBE000F5002EC6EF008F8A3246FD57A303F402BC
:10FBF00093067402A2856244F240171500001305B3
:10FC000085E205616FF01EEB011122CC06CE2A843D
:10FC1000034585029307F00F2E866309F5002EC673
:10FC2000EF00CF863246FD572304F4029306840288
:10FC3000A2856244F24017150000130565E10561D5
:10FC40006FF05EE797F6FF1F9386C67CF236B70526
:10FC50004801ED05BE329A3A232CB51CF632232E0C
:10FC6000B51CED452318C51C3356B60A2310C51E16
:10FC700013068014231AF51C2319E51CB3D7B70A01
:10FC8000231BD51C3357C70AB3D6C60A2312F51E49
:10FC90002313D51E2311E51E2307F5048280834616
:10FCA000651405478357651E6390E6029387C7FB7B
:10FCB0001147B3C7E7020357451EB3C70708B35739
:10FCC000F70A2307F5048280938707FB2147D5B7FE
:10FCD0008357051D0356C51D0357E51D8356851D16
:10FCE0003356F60A8357251D8355651D4111335739
:10FCF000F70A8357451D1318B02806C6B3D6F60A6F
:10FD00008357A51DB3D7B70A83250510B3F50501A1
:10FD100081ED8565938585843357B70AB3D7B70AD4
:10FD200033470708B3C707088355051E1376F60F38
:10FD300093F6F60F6396C5028355251E6392E5027E
:10FD40008355451E639ED5008355651E639AF50055
:10FD5000230E0506EFF0BFF40945B2404101828051
:10FD60008545230EB5062310C51E2311E51E23125B
:10FD7000D51E2313F51EEFF09FF20145F9BF03577F
:10FD8000651D8357A51D411106C6B3D7E70A056750
:10FD9000130787846379F700832605101316B028AC
:10FDA000F18E91E2BA870357651E6307F7002313AC
:10FDB000F51E8547230EF5060357251D8357E51DC0
:10FDC000B3D7E70A0567130787846379F7008326AB
:10FDD00005101316B028F18E91E2BA870357251E3D
:10FDE0006307F7002311F51E8547230EF506EFF094
:10FDF0001FEBB2400145410182800357A50495479E
:10FE0000723DB307F702363D93D53740635BB600CA
:10FE1000118F0E073347D702B34707082314F504A1
:10FE20008280B3C7D702B3C70708CDBF8327451168
:10FE30000D469306F00F98230D8B58B56313C7003A
:10FE4000B42374B99823418B38A99C337CA9828050
:10FE50005C25CD9B5CA582808327451158259C237A
:10FE6000935637408987B58F858B91C71347870095
:10FE700058A5014582800545828083274511582574
:10FE80009C23935627408D87B58F858B91E7134729
:10FE9000470058A501458280054582808327450E8D
:10FEA00085072322F50E91E78327850E85072324F6
:10FEB000F50E8327850E93F7070891C78547232200
:10FEC000F50E2324050E8347A50293F7070491CF6F
:10FED0008357050403578504BA972313F504832732
:10FEE000450A93F7F7BF2322F50A82808327C50EC0
:10FEF00085072326F50E91E78327050F850723281D
:10FF0000F50E8327050F93F7070891C7854723262A
:10FF1000F50E2328050E8347A50213F7070409C72A
:10FF200093E707022305F502828097F7FF1F83A757
:10FF3000A7570145054791E38280B4376393E600F4
:10FF400005059C43CDBF411122C491452A8401453A
:10FF500026C206C697F4FF1F9384C44BEF008F9709
:10FF600003D7C40A231BA404854763F9E706035794
:10FF7000641E8357241E17F5FF1F0355A518374627
:10FF80000F00BA9793878757B3A5A70213060624D5
:10FF900081463305F502EF203107835704040357E8
:10FFA000E4058355840503A344091D8F3307B70275
:10FFB0008327040905469388F5FF130E80023E97B8
:10FFC000637E16013308C6039A87FD563A9889C79F
:10FFD000631BF4001C4081EB231BC404B240224489
:10FFE00092444101828083AEC7086398BE0083A615
:10FFF0000709B306D840B3F6B60263E4A6009C43F3
:020000022000DC
:10000000F9B7090675BF411126C297F4FF1F938403
:10001000644003D7C40A06C622C4854763F1E706D5
:100020000357651E8357251E2A8417F5FF1F0355A6
:10003000650DBA9793878757B3A5A70237460F0078
:100040001306062481463305F502EF20E17B0346C3
:10005000540583A8440985467D161303800263F086
:10006000C6023387660283270409FD553E97C6877B
:1000700089C7631BF4001C4081EB231BD404B240EE
:10008000224492444101828003AEC7080328C40879
:10009000631A0E0103A80709B305E840636407016A
:1000A000B305074163E4A5009C43D9B7850645BF66
:1000B000797156CA97FAFF1F938ACA35163D03D63F
:1000C000CA0A97F7FF1F9387270322D44ECE52CC3C
:1000D00083D9C70003AA870006D626D24AD05AC8B9
:1000E0005EC662C466C28547032785082A848506E2
:1000F00063F5C710B3863603930700320149938630
:100100000619B3D6F6023697BA846364D7006364DF
:100110004701B30447418357641E0355241E3746E5
:100120000F00232894083E9513058557B325350302
:10013000130606248146130B0032814B3385A90236
:10014000EF20816C2A8C83AC4A09814A81461306D0
:1001500000645A85DE85EF20216B3387A400E68793
:10016000FD56A1EBB3855903130600648146B3BA6B
:10017000590313850532B335B500D695EF20C16814
:10018000AA9433B5A400A6876314A90063E44401CC
:10019000B3874441B2502328F408225492540259A0
:1001A000F249624AD24A424BB24B224C924C4561D0
:1001B0008280639487009C43D5D783A5C708032614
:1001C000C408639AC50003A60709B306E640636442
:1001D000C700B306C74063E486019C4359B7B30721
:1001E0003B0133B767013E8B83477403850ABA9B93
:1001F0008607FD17E3ECFAF4B5B78347750393B7A9
:10020000270093C71700B697B387370393060032CA
:1002100093870719B3D7D7023E97BA866364F7006E
:1002200063644701B3064741B687ADB797F7FF1F31
:100230009387471E83D6C70A411126C206C622C429
:100240000547AA846377D70003A44709A28789EBEF
:1002500001EC238E0400B24022449244410182808A
:10026000D83F75FB9C43E5B763149400004075D0FC
:100270003C34C1E70327C40883A7C408630FF7060B
:10028000D82C930700086316F7043E3C8A241946CD
:10029000239AF406239BF4065E3C93050008239DF5
:1002A000F4047E3C239EF404EF50407C8547DCBC84
:1002B000DC2C93F7F707DCAC130584062244B2402C
:1002C000924431469305F00F41011713FE1F67005A
:1002D0000346BE3C0A241946231AF406231BF406DF
:1002E000DE3C93050008231DF404FE3C231EF404A9
:1002F000EF50C07789475CBCC1B7004091BF17F78A
:10030000FF1F130727118356C70A411126C206C6CD
:1003100022C48547AA8463FFD71683278510898B5B
:10032000638A071683274709BE85BDE503D6441EA9
:1003300001447D581306260205862D067D55ADE342
:10034000630004103C343A3CC5E78947231CE404AD
:10035000A30AF40403570406835704042285BA97BA
:10036000C1071D8B998F231FF4045E3C231DF404E9
:100370007E3C231EF404EFF01FBD8327440A93E75D
:1003800017002322F40A85475CA88D475CBCB24065
:100390002244924441018280D83D75FB8C4171B763
:1003A000639497009C43C9DF83A6070903A7040948
:1003B00063E2E6023387E64083A6C40863F4E600FE
:1003C0003377D7026376A7003A856373C700BE858B
:1003D0009C43B5B7158F83A6C70863F4E60033774F
:1003E000D702E37707FF3A88E374C7FE3E84CDB7B0
:1003F000BE3CB3F7E702C1FF9D46994763F5E600AF
:100400000583930737000567231AF406130707C807
:100410008A07B3C7E70A231BF4065E3C0A241306C7
:10042000C002231DF4047E3C93050008231EF4043F
:10043000C9475CBC2244B240924441016F50006302
:10044000B1C9BA3CBE3DB3F7E702A9E78387C4014F
:1004500063D207049D46994763F5E6000583930739
:1004600037000567239AF406130707C88A07B3C73E
:10047000E70A239BF406DE3C8A241306C002239D70
:10048000F404FE3C93050008239EF404CD47DCBC35
:10049000EF50C05D238E0400DDBD411122C406C6AD
:1004A00017F4FF1F130444C51C288DCF938741AF59
:1004B000984319EB184497F6FF1F23A1E60017276E
:1004C000FE1F1307A7DA98C3884317F7FF1F2321DE
:1004D00007FE9720FE1FE780E0875C402244B24081
:1004E000410182875A240356650823AA01AE97F773
:1004F000FF1F23AF07FA3306E60237470F009306C4
:10050000F7231307072483270509AA853696335650
:10051000E60217F7FF1F0347B7BA3A9663E3C7022D
:100520002244B24003A7C5083386C740938695028C
:100530001725FE1F130505CE41011733FE1F670067
:10054000831B1844BA97E9BF01114EC6938981AF46
:1005500083A7090026CA4AC806CE22CCAA8417F966
:10056000FF1F130969B9B5CF17F7FF1F035747F5E9
:1005700085476318F7060357C900035465088327A6
:1005800005093304E40237470F009306F7231307E6
:10059000072436943354E40263E4870833848740A5
:1005A00083A701A182976361A408B307A44003A4B1
:1005B000090063CF070617F7FF1F034777B00583CE
:1005C0006378F70637450F00998F13050524B3B5F7
:1005D000A7020356C90081463385A702EF20C12236
:1005E0000294930700FBFCA4814501459710FE1F70
:1005F000E78060568347090195CF03A541AF97F780
:10060000FF1F23A707EA9710FE1FE780A07462442C
:1006100083274900F240D2444249B24905618287AA
:1006200003278900BA979DBF832789003E94B5BFF1
:1006300001457DB7624483C59402F240D2444249E9
:10064000B24901450561B315B028B3C50508173394
:10065000FE1F6700431A411106C6EF00107519C945
:1006600083278511014581E7B240410182809C4387
:100670000505D5BF7D55CDBF411122C426C206C692
:1006800097F7FF1F83A707E32A84AE846396A7002A
:1006900097F7FF1F23A007E28327041299C70A24B4
:1006A000014693050008EF50603C8357440499C706
:1006B0000A244D4693051008EF50403B0A24154686
:1006C00093051008EF50803A230504002308040026
:1006D000230A940417F7FF1F032787F8954763162B
:1006E000F70097F7FF1F23AD07F6B240224492446C
:1006F0000145410182803C25638307328357050809
:10070000011122CC06CE26CA85072310F5087C35B8
:10071000230C05002A8413F7270015E3035705046B
:10072000954763FDE7269305E003EFF0FFF4A3058B
:10073000A4020945F2406244D2440561828013F765
:10074000070221CF93F7F7FD7CB58327050A3835DB
:10075000A305050293E747002320F50A8547631E9A
:10076000F7023E3D9306204E03274509B387D70283
:10077000B3D7E70217F7FF1F034787941307C70391
:10078000BA9703477503B3C707082312F508330761
:10079000D702B3A7E7202311F5081C38858BE9C7DA
:1007A0008357E405035704046396E7245E3C8355AE
:1007B000C405034584022310F406834754056EBC28
:1007C0009205A30BF40283576405F91597F4FF1FF4
:1007D000938484921EBC8357A4055EBCEFF04E8BBD
:1007E0003834231004081E3C03568405631A071A84
:1007F000DA248C44B387E702130700329387071982
:10080000B3D7E70203270409D1073E97BA8663648A
:10081000F7006364B700B306B7405C3C2328D408F4
:1008200032BC81C72285EFF00FFEDA243E3C9306EE
:10083000003223110402B387E70233D6D702B3F79D
:10084000D7029306204E2326C408B387D702B3C726
:10085000E7021EB0835704045EB07C3493E70702BE
:100860007CB41C38F99B1CB81C38898BA9C78356EB
:10087000E41203570404B387E6409397576063C0BC
:100880000718639AE60281470148232CF4121305E6
:100890008413232E04131546930584122AC6971039
:1008A000FE1FE78040E23245EF0010781C38A306B7
:1008B000A412F59B1CB81C3813F707012DC703566B
:1008C000C414835604043307D64013175760634893
:1008D0000712631AD604BD9B1CB88347A41499C79A
:1008E000898B6388071285472303F4148347B41464
:1008F00099C7898B638207128547A303F414228565
:10090000EFF0EFC78347C40799C78327040A93E72B
:1009100007102320F40A8327040AA305040293E79F
:1009200007202320F40A18389377070285CF97F71A
:10093000FF1F83A767B3D423130680059C57B38694
:10094000C602B697D62F83570404B387F640939711
:10095000576063C907008357C4146395D7001377A2
:10096000F7FD18B88347A40293F7070485CB035714
:100970006404835704046313F70218289307A00440
:100980006314F70085471CA883278410C18B99C77F
:100990008327440A93E707402322F40A014559BB01
:1009A0000347E418218B11CF83560404035704191D
:1009B0002E3C158F3307B7023347C702BA96231868
:1009C000D4189DC7DA248C44B307F702130700320A
:1009D00093870719B3D7E702032704093E97BA861E
:1009E0006364F7006364B700B306B7402328D408F4
:1009F00032BC25BD998F93975760E3D707E69305DF
:100A000080022285EFF05FC7A305A40213058002D0
:100A100015B323030414D9BDA3030414CDB50545B0
:100A2000828005C541119305200222C406C62A848E
:100A3000EFF09FC4FD57A305A40223080400A303FD
:100A4000F402B240224441018280828005C94111F2
:100A500022C406C67C352A849305E003898B91C3A2
:100A6000A145EFF07FC1FD57A305A40223080400B0
:100A70002304F402B2402244410182808280832711
:100A8000050A797122D406D626D24AD04ECE52CC4F
:100A900056CA2A846380074213F7270011CBF59BBF
:100AA0002320F50A0A25194693050008EF40107C1B
:100AB0008327040A13F7470051CF8344A402ED9B18
:100AC0002320F40A93F7040491CF83278410C18B69
:100AD00099C78327440A93E707402322F40A228513
:100AE000EFF0AFB138348547502883562406631A97
:100AF000F7743E3C1307204EB387E70203274409EF
:100B0000B3D7E70217E7FF1F0347875B1307C70346
:100B1000BA970347B402B3C707082312F40886073D
:100B20002311F4089307000419E3930700085CAC51
:100B300009E693E414002305940299E60A240D467D
:100B400093050008EF40907223110406230A040065
:100B5000A30E04008327040A13F7870005C30A24A1
:100B6000DD9B2320F40A154693050008EF40107022
:100B70008347A40293E747002305F4028327040A6E
:100B800013F7070131C7BD9B2320F40A8347D40420
:100B90000A24214689C7A30604041306000393050B
:100BA0001008EF40B06C8347C40489CF83278410BA
:100BB000C18B89CB8355A40422859205B3C5050852
:100BC000EFE07FFB8347A40293E717002305F402BD
:100BD0008327040A13F7070405CB0347F40493F7AC
:100BE000F7FB2320F40AA14763FAE7003C3499E7B6
:100BF0008327440A93E707012322F40A0A24314693
:100C000093051008EF4090668327040A13F7070244
:100C100005CF93F7F7FD2320F40A3434832784109B
:100C20000327C41093F70702638E06626388076880
:100C30000A24114693050008EF4050638347A4023D
:100C400093E717002305F4028327040A13F707101C
:100C50001DC30A2493F7F7EF2320F40A230E04069A
:100C60001D4693050008EF4070608347A40293E798
:100C700017002305F4028327040A13F7070801CF9E
:100C80000A2493F7F7F72320F40A13067005930557
:100C90001008EF40B05D8327040A13F7072029C32B
:100CA00093F7F7DF2320F40A83476414230F04002B
:100CB000A29703850718A301A414EF80301C230119
:100CC000A4142285EFE0BFFD0A24314693050008F5
:100CD000EF40D0598347A40293E717002305F4029D
:100CE0008327040A11677D8F630907129397E748EA
:100CF00097E9FF1F83A989792320F40A638A09529F
:100D0000835744151167139637017D8F4D82630C0D
:100D1000075A1307C0123306E6029397576063D54C
:100D20000700B78725003E960358040483558415B1
:100D300017EAFF1F130A4A3C832704098326C408C5
:100D4000832A8A000355440801496314B85863E0B4
:100D5000D758B384D7408357CA00329537460F001F
:100D6000B335F5028146130606243305F502EF106C
:100D7000B129B306950033B5A6002E95B684631449
:100D8000A90063E45601B3845641938A01A183A765
:100D90000A00829763E3A45A3385A44017E9FF1F32
:100DA00013098930834799018607637EF55803A7A5
:100DB000C90D8356CA00835764152183334707083A
:100DC0003307D70293060032850703268A00B3C78C
:100DD0000708130707193357D702B3069700B684DD
:100DE00063EEE65C63FCC65C2394F90823A0990AD1
:100DF0000347E414854683C729086311D76493E742
:100E000027002381F9084E85EF80A0200A241306CD
:100E1000600293050008EF4070458327040A0967C4
:100E20007D8F09C79397D7482320F40A0327040A24
:100E3000A167F98FB9C78345040317E5FF1F034571
:100E4000955DEFF0CEA03E3C1307204E232AA40868
:100E5000B387E70233D5A70297E7FF1F83C747266B
:100E60009387C7033E958347A4022312A40893E700
:100E700017002305F4028327040A9397F7482320D9
:100E8000F40A8327040A858B91CF8347A402834504
:100E90004405228593E717002305F402EFF0CFFD08
:100EA000A305A4028327040A63D607009397F74992
:100EB0002320F40A8307B4179DC30307440399460C
:100EC0003306F74063D6C6588327440A93974729C9
:100ED0002322F40AED57A30FF416A30DE41683475B
:100EE000441813F7270049CF830644030307C417A8
:100EF00063DBE6000327440A131747292322E40A89
:100F00001147A30FE4160307D417635BD700032729
:100F1000440A131747292322E40A7157A30FE41642
:100F20000307A4171306F007630CC70203467418DF
:100F300003458418158F13174760B306A640635402
:100F4000D75293F607016390065293F7F7F893E7A9
:100F500007012302F4188357A41885072316F418F1
:100F60008357C41891CFFD17B3C707082316F41889
:100F700081EB0A241306000293050008EF40102FAE
:100F80003C249DCF8327041281CF3C2C91EB0A2473
:100F9000014693050008EF40702D19E185473CACF0
:100FA0008357440491CF8347140399EB0A244D4699
:100FB00093051008EF40902B01E58547A308F40244
:100FC0008347E41813F7070179C38324440ABD9BC0
:100FD0002307F4188988C5EC1828D5476309F70A50
:100FE0001C38898BCDE7814901498D4A130A50028B
:100FF000939744608987A29783C7771913F73400C2
:1010000006073397EA00F98F630BF700268605453C
:101010008145EF10413EB3E9A9003369B900850469
:10102000E39844FD032784138327C41328003377F0
:101030003701B3F727013EC63AC4EF00E07E83478D
:10104000541363EEA700034544037D5785475915A4
:101050002C003AC43EC613154560EF800075032787
:101060008413A2476317F7000327C413B247630032
:10107000F70215462C00130584129700FE1FE78027
:1010800080648327440A93E727002322F40A8346D7
:10109000E418A54713F796006314F70403570404F4
:1010A00083570419636EF702B307F74093975760AD
:1010B00063C807028347F4181306000A0507B387BD
:1010C000C702323CDD9A2307D418B3C7C702BA97C8
:1010D0002318F4188327440A939777292322F40AC4
:1010E0008347A402E9C7918B89CF1028C1659385F6
:1010F00005A02285EFE09FAD8347A402ED9B230569
:10110000F4028347A402858B8DC3034574029307C1
:10111000F00F6307F500EFE07EB7FD57A303F4027D
:101120008347A402F99B2305F4028347A402898B19
:1011300089CF6E3C034584029205F915EFE04EF528
:101140008347A402F59B2305F4028347A402A18BE5
:1011500099CF6E3C0D4622859205F915B3C5050859
:10116000EFE0DFA68347A402DD9B2305F40283475B
:10117000A40213F7070101CF0345640293F7F7F8C0
:101180002305F402EFE09EB0FD572303F4028347EA
:10119000A40213F7070201CF8355A4040345640298
:1011A00093F7F7FD2305F4029205EFE06EEE582C5D
:1011B0009307F00363F9E700383485472285631409
:1011C000F72EEFF0CF9383570404BDC313074006F7
:1011D000B3F7E702B1EF83A7C1AF898BB1C397E43F
:1011E000FF1F938464EC985805CF17E9FF1F13097C
:1011F000692283570901835529012545C207DD8DE1
:1012000002979C588355E900294582979C5883157D
:1012100024032D4582979C588305440331458297CA
:1012200097E7FF1F239F071E97E7FF1F23AC071EAB
:10123000B250225492540259F249624AD24A45614C
:101240008280930700045CAC09E693E41400230554
:101250009402E39D068E0A240D4693050008EF4094
:10126000F000EDB01377070819C70327440A1317D6
:1012700067292322E40AB9C38357241D0357241E78
:101280006313F7028357641D0357641EE302F79A42
:1012900013078014E37EF7988327440A9397B728AF
:1012A0002322F40A71B213078014E37DF7FC83272D
:1012B000440A9397B7282322F40AE9B78327440AFC
:1012C0009397B748F1BFF9473306F602B1BCD697FA
:1012D00049B41307180063F605050D8F3307D702CD
:1012E00063EFE702B384E7408357CA00329537467D
:1012F0000F00B335F5021306062481463305F502C7
:10130000EF108150B307950033B5A7002E95BE842A
:101310006314A900E3EB57A7B3845741BDB4D69734
:10132000D1B7998DB385D502AE97BE8463E4B7007B
:10133000E3EC57FBB384574145BF83278A00A69748
:101340003385A740A1BC83A70A0063500508829794
:101350008347990103268A0081451397170033A517
:10136000A720AA876364E5006364C500B307C5408E
:1013700063E99704858F03A7C90D0355CA008356F7
:1013800064152183334707083307A702130500328A
:10139000130707193357A70213851600B3D7E702BF
:1013A000AA97B3C70708B386D7403387E602B306C8
:1013B000970033B7E600B684E386E5A2B384C6405F
:1013C00025B433079640BA977DB782978347990132
:1013D00003268A001397170033A5A720AA87636402
:1013E000E5006364C500B307C54063E2F404B38756
:1013F000F44083A6C90D8355CA0003576415A18222
:10140000B3C60608B386B602930500329386061962
:10141000B3D6B602B3D7D702B307F740B3C70708AE
:101420001D8F3307D70263E9E400998C75BA3387BF
:10143000C400B307F74075BFB294C5BF89466315B2
:10144000D70093F7970F75BAF59B93E7470055BA06
:10145000998FE3D6F6A88327440A93974729232236
:10146000F40A95478DBC8346541883456418338825
:10147000B600635BE80013F807046317080093F7EE
:10148000F7F893E70704F1B42A96E34BC7AC8D8EC7
:10149000E3C8E6AC13F70702E31407AC93F7F7F8D9
:1014A00093E707027DB4EFE07FD831BB411122C43E
:1014B00006C62A8483278411CDEB83270412F1E723
:1014C0000325041109C59720FE1FE78080CF03453F
:1014D00074029307F00F6304F500EFE02EFB034561
:1014E00064029307F00F6304F500EFE02EFA034562
:1014F00084029307F00F6304F500EFE02EF9034533
:1015000094029307F00F6307F500EFE02EF8FD5704
:10151000A304F4020A24512497E7FF1F938787EF5F
:1015200003D7C70A1DEF23AA01AE17E7FF1F032742
:1015300027BD23A4E70A97E7FF1F83A767B795C3D3
:1015400017E5FF1F0325C5B509CD9720FE1FE780CE
:1015500040C797E7FF1F23A507B497E7FF1F23A303
:1015600007B4B240224441018280C84309C5972094
:10157000FE1FE78000C583278411BA27136707F091
:10158000BAA79C43232CF41035B7C84309C597204C
:10159000FE1FE78000C383270412BA27136707F0F2
:1015A000BAA79C432320F41209BFAA8717E5FF1F9F
:1015B000032585EF11E182801A25E30EF7FE08412D
:1015C000D5BF97E6FF1F83C616AF17E6FF1F03467A
:1015D000A6B32A879387160017E5FF1F0325C5EDDD
:1015E00019C2939716009207C166AA97FD166394D5
:1015F000A700014582803225E30EE6FEE30CD6FE0D
:101600004105F5B701114EC697E9FF1F938989E09F
:1016100083A7490A06CE22CC26CA4AC852C4ADEBDB
:1016200017EAFF1F130A4AA88347FA0017E7FF1FAC
:10163000034787AD1389170019C31399170003D403
:10164000E9023305F9409314490013041402158488
:101650001604334404083305A40293054024269558
:10166000334505089720FE1FE78040A915C10346B2
:10167000FA00C16623A2A90AB3079500938846F52C
:101680003306C94011050147938626F5631AE90020
:10169000F2406244D2444249B249224A0561828002
:1016A000637DC700BE853688A297231305010CC150
:1016B000A302050005074105D1BF81454688F5B75E
:1016C0004111930530261305801E06C622C426C28A
:1016D0009720FE1FE78080A21306801E81452A8482
:1016E0009700FE1FE780A00401451DC497E4FF1F7B
:1016F000938444D283A64409854785CE3687122732
:101700006301F602184365FF1EA4B1E72285972006
:10171000FE1FE78000AB0A24B240224492444101FC
:10172000828085072167B3C70708E399E7FC8147F3
:10173000E1BF1EA423AA840823AC84082396F40ADC
:10174000EFF05FEC83A7840923A0070023050400C2
:1017500023070400C9B783A7840980C383D7C40AB9
:1017600023AC840885072396F40AE9BF17E5FF1F19
:10177000032585D411CD411106C69720FE1FE780B1
:1017800040A4B24097E7FF1F23A807D241018280FF
:1017900097E7FF1F23A207D28280411122C417E4DA
:1017A000FF1F130424C7832644092A8706C63685EB
:1017B000814731C91225631CE6048DEB9C42232A24
:1017C000F4089720FE1FE780C09F8327840923A089
:1017D00007008357C40A8DE7EFF05FF997E7FF1F13
:1017E00023A407CCB240224441018280032784090C
:1017F0006315A700232CF408E9B7184198C3D1B7A3
:10180000FD172316F40A8357C40AE9FFF1B7AA8724
:10181000084145B77146814517E5FF1F1305C5C847
:101820001703FE1F6700A3F01C3118215421A207E3
:10183000D98F3821FD8A9305000242075D8F3C3124
:101840000145E207D98F01473316E0287D8E01C696
:1018500005051375F50F0507E318B7FE8147214706
:1018600033D6F64801C605051375F50F8507E399CC
:10187000E7FE828001114AC84EC6032985138329D9
:10188000C51322CC26CA52C406CE2A84A30B051245
:10189000A30605128144130A500226864A85CE8586
:1018A000EF001133058911C58347D4128507A306BC
:1018B000F4128504E39344FFF2406244D244424967
:1018C000B249224A056182808347651313D73700E6
:1018D0002A97834607139D8B33D6F640058A630CFF
:1018E0000610011122CC06CE1C392A84898BC1E74F
:1018F0008327450A898BC1E313058513EFF0DFF2D7
:101900000347541383474403636DA7087D56FD4680
:10191000138567FF2C0032C436C613154560EF707F
:10192000D0680326841322478326C413B247718FDD
:10193000F58F6314E600638AF6002800EFF0DFEE0F
:10194000A54763EEA702A30AA4128347E41885E71C
:10195000034664132245B245EF009127058901CD66
:101960008327C41093F7070899C78327440A9397DE
:1019700067292322F40AF2406244056182806D15D2
:10198000A30AA41215462C00130584129700FE1F0B
:10199000E78060D38327440A93E727002322F40AD1
:1019A0006DB783456413138547FF13154560973062
:1019B000FE1FE78020F751F9034664130545814572
:1019C000EF00712393070410985FDC5F15463375B1
:1019D000A740B3F5B7402AC42EC6130584122C00C5
:1019E0009700FE1FE78020CE130704085C5393E79F
:1019F00027005CD399BFB396F6282308D7128280BC
:101A0000411122C426C206C64AC08347650338393D
:101A10002A848507230BF502938441B25C25631C5D
:101A2000074C1439B19B93E73700130700045CA5FA
:101A3000A30D050038B99397466063D8070093F665
:101A4000F60714B9EF30606D39A88327850A13F7BC
:101A5000270031C7F59B2324F50A83270510918BB6
:101A600085CFEF108036343C854758246390F60EBE
:101A700083278411DC4398A3832784115838DC43DF
:101A800098B3032784119C405843B2402244B8DFE6
:101A90009244024941018280EF102031E9B713F7E7
:101AA000170019C7F99B2324F50AEF10802365BF9F
:101AB000182905466314C724D5C713F7070119C7AA
:101AC000BD9B2324F50AEF10B00F71BF13F7070475
:101AD00001CB93F7F7FB2324F50AEF10A03361B78E
:101AE00013F7070801CB93F7F7F72324F50AEF1054
:101AF000C03E95BF13F7071009CB93F7F7EF2324E8
:101B0000F50A2285EF10C056B9BF13F7074001CB85
:101B100093F7F7BF2324F50AEF202003A9B7131783
:101B2000B0287D8F01CB9397B7482324F50AEF1097
:101B3000C06315BF09677D8F01CB9397D7482324D6
:101B4000F50AEF10407005B72324050A8327041116
:101B5000582498A383270411583898B39C4003272E
:101B6000041125B78327450A638D073613F707014C
:101B700019C7BD9B2322F50AEF10E07FEDB513F7DF
:101B8000070401CB93F7F7FB2322F50AEF10A01B04
:101B9000D9BD13F707200DCBCD8A6398061883278C
:101BA000451A89EF8327440A2322041A228593F7D2
:101BB000F7DF2322F40AEF10F00975B59700FE1F36
:101BC000E780C03B65F145B513F7170019CBCD8A07
:101BD000639D0614F99B2322F50A2285EF00907E6F
:101BE00059B513F7270011CBCD8A63900614F59BE6
:101BF0002322F50AEF10406DBDB513F7074001CB66
:101C000093F7F7BF2322F50AEF10401EA9BD131763
:101C1000B0287D8F01CB9397B7482322F50AEF10A8
:101C2000C02091B513F707020DC39700FE1FE78090
:101C3000E034E30A05E28327440A228593F7F7FD9F
:101C40002322F40AEF10E00B39BD13F7870001CB14
:101C5000DD9B2322F50A2285EF10105D29B563DD97
:101C600007009397F7492322F50A8327050A93E78C
:101C700027002320F50AD9BD05677D8F11CBCD8ABA
:101C8000CDE69397C7482322F50AEF10A02DE1BBBC
:101C900009677D8F11C79397D7482322F50A95B519
:101CA00041677D8F01CB939707492322F50AEF10F7
:101CB000300E55BB370702007D8F01CB9397174934
:101CC0002322F50AEF10604879BB370710007D8F9B
:101CD00001CB939747492322F50AEF10A05161B336
:101CE000370740007D8F01CB939767492322F50A80
:101CF000EF10C05A8DBB2322050A89BD1DC793076B
:101D0000700563E7E7069307600363E2E702930762
:101D1000100363ECE7009307500263EBE702E94727
:101D20006302F714F5476305F714228521BB1307F7
:101D300097FC1377F70F93070002E3E8E7FE974657
:101D400001009386E6BF3347D7201C43B6978287AE
:101D50001307A7FD1377F70FAD47E3E8E7FC9746B6
:101D60000100938626C63347D7201C43B697828747
:101D70009307200763E6E7049307000763ECE70097
:101D8000930760066306F71663EAE70093071006F9
:101D9000E31DF7F82285EF304038A1A8130767F953
:101DA0001377F70F0549E362E9F8EF30003783272F
:101DB000040A230824019397B7282320F40A65B165
:101DC00093076007E305F7D693076008E31FF7F46E
:101DD000EF10604739A88347B50279476391E7025E
:101DE00083270510918B89CBBD472306F502EF00B1
:101DF000D07D85471CA885B9EF00307BDDBF054944
:101E0000639B27018357450703576507BA97858763
:101E1000231CF504D9B3EF3040308327040A23088C
:101E2000240193E727002320F40A35B90347B502BC
:101E3000F947631DF700EF00507785471CA88347DB
:101E4000A40293E717002305F40231B9835744072E
:101E5000035764072285BA978587231CF404EF0093
:101E60007056F1BFEF00D061D947230AF404E5BEF4
:101E70002285EF30802A8327040A2308040093E791
:101E800017002320F40AC5B6EF00306AE9BE854783
:101E9000A306F5049305C50A41461305C50C970032
:101EA000FE1FE780408245BB8D472306F5042322B1
:101EB000050E2324050E2326050E2328050EEF000C
:101EC000906055B6EF3060251C38DD9B1CB8832729
:101ED000040A93E707012320F40A21BFEF0090735F
:101EE00009BF9700FE1FE7806009E30E05B635BD08
:101EF000EF10B045FDBD17D7FF1F1307A7511E2BCD
:101F000085071EAB8DB679714ECE97D9FF1F938989
:101F1000695022D403A4C90952CC56CA5AC8370AF8
:101F20000300370B0082B70A00F926D24AD05EC6FA
:101F300006D662C466C217D9FF1F1309A97093841D
:101F400041B2930B8A157D1BFD1A7C241307100CDC
:101F5000639EE7189C4098430D8B1DC3238401A00A
:101F6000B84B1377F78FB8CB98431367870098C3A4
:101F70009C4393D7374889C7010001000100010045
:101F800097D7FF1F83C7471889E79700FE1FE78091
:101F900080279040938C41B103A70C0093078007E2
:101FA0007CD2238401A05C57138C41B3F19B93E74F
:101FB00017005CD78347241454579395476093F7D1
:101FC000F703B3F66601E607D58F5CD79306A00347
:101FD00083270C0063D0B606F44FB7050007CD8EFB
:101FE000F4CF83268409228514C78326C40954C3E9
:101FF000544293E6160054C2D457F59AD4D7834678
:1020000064131C4393F6F60793F707F8D58F1CC3A8
:10201000EFF01F9F5C38C5C78347C404898BC5C3D5
:10202000A2850545EF7080461DCD9730FE1FE780E5
:10203000409CADA39306200263D8B600F44FB705C9
:102040000005B3F6560161BFE94663D8B600F44F08
:10205000B7050003B3F6560159B7F44FB3F656016E
:1020600093968629B5BF03A70C00B70633001C431F
:1020700093F7F7CF1CC31C4393F7F7CF93E70720E1
:102080001CC303270C001C47D58F1CC79C4013079B
:102090008A27B8CB930700082326F90097D7FF1F9C
:1020A00023AE075A503883456414930730FC7CA450
:1020B000110601459710FE1FE78040DE79B503A7A2
:1020C0000C00B70633001C4393F7F7CF1CC31C4327
:1020D00093F7F7CF93E707201CC303270C001C4797
:1020E000D58F1CC79C4013078A2565B71307400C82
:1020F0006392E7508327C900858B6380074C832751
:10210000C90093F7070889CF034764139357370033
:10211000A29783C607131D8B3397E6482388E712DF
:102120007C3413F7270019EB93E72700130700F817
:1021300058AC7CB497D7FF1F23AE07360325441154
:1021400013062403930544039710FE1FE78080C005
:1021500003D7690483474403232CA900998F230ADA
:10216000F40283278901858B639307368347A40292
:10217000A30C04002310040893E727002305F402AE
:102180002285EFD07FCD29ED83278411A309040098
:102190009DCF383C0DCF9837058B15EBBA27C84338
:1021A000136707F0BAA79710FE1FE78080018357D7
:1021B000440485072312F404832784119C43232CB1
:1021C000F4108327441A81C7FD172322F41A5C38C0
:1021D00081CB8347C404898B81C72285EFD01FCC74
:1021E00083278901898B638F070E8347C404858BFE
:1021F000638A070E1C3C85071CBC228597D7FF1FEE
:1022000023A807449700FE1FE780C0F385476311AA
:10221000F5302285EFF0CFFE8347C404898B6381BC
:10222000072C5C38638E072AA2850545EF700026CF
:10223000E31D05DE03A741B11C43B706330093F746
:10224000F7CF1CC31C4393F7F7CF93E707201CC3BA
:1022500003A741B31C47D58F1CC7B707030003A7CB
:1022600041B2938787273CCB4C38034564149105D2
:102270009710FE1FE780E0B783A741B1984313177B
:10228000772998C3D857719BD8D7930730FC7CA483
:1022900097D7FF1F83C747E7A1E3832704128DCF9A
:1022A0007834058B15CBD443D0278C270A24890694
:1022B000EFA0C03B15E183270412BA27A3840700CF
:1022C000136707F0BAA79C432320F4128357240412
:1022D00081C7FD172311F404503883456414094560
:1022E0001106C9BB2285EFD05FB9E31805F022853E
:1022F000EFD0DFB31C3813F7870021CB782831C724
:10230000743805461387B6FF1377F70F637FE6022D
:1023100045476369D7003727020011073357D700B5
:10232000058B05E79307D003230AF4049307700293
:102330001CA88347C404858BE38107EC7C28E38ECB
:1023400007EA2285EFD09FBA4DBD54340D47639FF5
:10235000E6027C381307A002637FF7007C381D4734
:10236000E389E7FCA306F4028327840A93E71700B6
:102370002324F40A7DBF1737010013076771B3C721
:10238000E7209C432285829771F965B7383805EFBD
:102390001828C1466318D70093E717001CB8854773
:1023A0001CA815A0D5466315D70093E72700FDB7F5
:1023B000F1466314D7028327040A2308040093E735
:1023C00017002320F40A7C28ADD722859700FE1F32
:1023D000E78040CAE31305E2A9BF930690056315A1
:1023E000D70A0347A41421CB83466414B316D0281C
:1023F0006306D70093E707011CB821A80346B4146D
:102400002DEA7C2C99C78327040A93E70720232011
:10241000F40A058B8357641E25C7938707FB214762
:10242000B3C7E7020357441EB3C70708B357F70AF9
:102430002307F404ADB70346B41411EA7C2CA5D3EA
:102440008327040A93E707202320F40A89BF8346E1
:10245000741493E70701B316D028E391C6F47C2CDB
:1024600099C78327040A93E707202320F40A05DB92
:102470004DB783467414B316D028E39DC6F6C5B78E
:102480009387C7FB114769BF930770066316F7026E
:1024900003A741B13C57ED9B3CD797D7FF1F23843F
:1024A000071C371700401E2FC607C5831EAF5C24CC
:1024B00093F7F7FD5CA4E5B593075009E315F7F032
:1024C0008347E41893E747002307F418C9BD1C2C81
:1024D00085071CAC83D7E90085072397F90031BB3A
:1024E00003A741B11C43B706330093F7F7CF1CC3D2
:1024F0001C4393F7F7CF93E707201CC303A741B30F
:102500001C47D58F1CC79C4013078A25B8CBA9BB95
:102510009720FE1FE780E04D97D7FF1F83C7C7BEF8
:1025200095EF832704129DCB7834058B05CBD443DC
:10253000D0278C270A248906EFA0401305E18327C2
:102540000412BA27136707F0BAA79C432320F4129A
:102550008357240481C7FD172311F4042285EFE07B
:102560000FD21C3C85C73D476379F7009305D00324
:102570002285EFE06F90A305A40297D7FF1F83A7E2
:10258000A7B589C795451305600882971C2C99C784
:1025900083C7290581C72285EFF00FB32285225416
:1025A000B25092540259F249624AD24A424BB24B5B
:1025B000224C924C45616FD03FF99C40FC53E3960E
:1025C00007989720FE1FE780C0428327C90093F732
:1025D000070891C783D7290185072399F900228528
:1025E000EFE0EFC98327C90093F70708C5DBEFD0F9
:1025F0009EB579BF1307300CE399E7A283278900C2
:10260000858BF9CF97D7FF1F23A207048327040ADE
:10261000858B85C79720FE1FE780A03D0345740288
:10262000EFD0CEE683454405FD57A303F40222858F
:10263000EFE08F84A305A40295B78355041E0356CB
:10264000241E034574149105B3C505089710FE1F99
:10265000E780209E8347C404938C41B1138C41B31F
:10266000858BA1CBA2850145EF60506803A70C00C4
:10267000B70633001C4393F7F7CF1CC31C4393F7F3
:10268000F7CF93E707201CC303270C001C47D58F07
:102690001CC79C4013078A17B8CB0356041E930728
:1026A00040FC8345741411067CA405453346060896
:1026B00011B403A70C00B70633001C4393F7F7CF00
:1026C0001CC31C4393F7F7CF93E707201CC30327D2
:1026D0000C001C47D58F1CC79C4023A8770575BFED
:1026E0009C40FC53E393078689B2011106CE22CCAD
:1026F00026CA4AC84EC697D4FF1F9384A4D1BC30C3
:1027000097D9FF1F9389499F03D7C900A307F502F3
:102710003E3D130900322A84B387E70237460F0093
:102720001306062481468145B3D727032326F508DF
:102730001305C0123305A702EF00010D2312A408F0
:102740002285EFD0FF9603D7C9003E3C9306204E6A
:102750002285B387E702B3F72703B387D702B3C74E
:10276000E7021EB08357440886072311F408EFD010
:102770006FCD2285EFD06FE86E3C22859205F9156A
:10278000B3C50508EFD04FC82285EFF0AF8EE14703
:10279000A30AF41283A7C1AF23A0840A898B85C33F
:1027A00097D4FF1F938444909C5891CB8325840930
:1027B000354582979C588325C409394582972285DF
:1027C0006244F240D2444249B24997D7FF1F239A4C
:1027D00007C497D7FF1F23A707C405616FD0FFCB9E
:1027E000411126C206C622C4AA84EFE01FDC19C527
:1027F0002A842685EFD03FE62322A41AB240224441
:10280000924441018280411126C206C622C44AC0B8
:10281000EFE01FEBAA8431C9EFE03FD92A846300BF
:102820000516C1473EA5930700FB7CA585471CA95B
:1028300017D9FF1F13094987835709011307401050
:102840009305D024950713050004B3C70708B3D731
:10285000E70A33F5A70A9710FE1FE780208A23288E
:10286000A41019E90A24EFE05FF3B24022440249C0
:10287000268592444101828097D7FF1F83A747E0B6
:10288000232AF41097D7FF1F9387C7B883A6470D55
:1028900003A7070D232ED40E9433232CE40E89E6D0
:1028A0001377F7F3232CE40EBA3F8326C40F0326D5
:1028B000840F2312E4142326D41003C7A7048346ED
:1028C000E4022324C410A304E41693E616FC0327B1
:1028D000440A2307D40283A6870C13660704232225
:1028E000C40A3706000223130414F18E89C6136745
:1028F00007052322E40A83C7270599C78327440ACB
:10290000939767292322F40AFD572310F4047EB01D
:102910002304F4028567938787BB2315F40422857B
:10292000EFD00FD3034549012301A414EF60B04E4B
:10293000D147A303F41893078002A302F418930766
:10294000C04E231CF4169307F007230DF416F577F9
:102950009387A7EB231EF4168327C40FA301A414A7
:102960002300A418A300A41893F7070881C785477C
:102970002307F41897D7FF1F239207AAFDB58544B4
:10298000EDB5411106C6EF500049EFE0207AB240A4
:1029900097F7FFFF9387675723A0F1B0410182802B
:1029A000782989476304F70005458280832745110C
:1029B00013070004BC33A305F5021C2993F6B70FD7
:1029C0006396E600930750041CA90DA01307500559
:1029D0006390E7028327050A93E707202320F50A7F
:1029E00085471CA91C3993E707F81CB9014582806B
:1029F000130750066395E7009307A006F1B7130786
:102A00005008639BE70085471CA98347A50293E70D
:102A100017002305F502F9B7383559F713070002F7
:102A20006386E700130730026395E70093076002AF
:102A300061BF1307A007E399E7F6930710F869B79A
:102A400078298D46832745116311D706D423A30522
:102A5000D502BC336392E7023C35A1EB1C29130776
:102A600000026386E700130730026395E7009307CF
:102A700060021CA9014582807D476364F7023547E7
:102A80006375F702C91793F7F70F4547636FF700B0
:102A900017370100130707F6B3C7E7209C43BA971F
:102AA000828713073002638BE706054582801C2965
:102AB0001307000493F7B70FE39EE7FA9307500458
:102AC0004DBF182993070003E311F7FE854755B75B
:102AD000182993070005CDBF182993075005E31661
:102AE000F7FC8327050A93E707202320F50A85478B
:102AF0001CA91C3993E707F81CB9ADBF1829930727
:102B00005006E314F7FA9307A006A5B71829930710
:102B1000A007E31CF7F8930710F8A1BF1829930743
:102B20005008E314F7F885471CA98347A50293E7EB
:102B300017002305F50275BF782989476304F7005C
:102B4000054582808327451117D7FF1F1307878C00
:102B50000346A704BC330347970493F6F701998310
:102B6000636AD70003478516218B09C73357F640A0
:102B7000058B0DE76947B317F028F18F2306E502AF
:102B80008D8B1307000291E379478327850AA305FC
:102B9000E50293E727002324F50A5DB718292307E8
:102BA000F516A306D51685476317F7009307600649
:102BB0001CA9014582808327850A93E707402324C7
:102BC000F50AC5BFB1475CB983270511C5CB0947D5
:102BD000A30AE5048356E505035705048355050656
:102BE00063E7E60013865500998E6343D60297D6B5
:102BF000FF1F83D6E68C0D4811466365D800850615
:102C000013F6F60F2E972107A30AC504231FE50428
:102C10002381070003475505B8B3034765050356ED
:102C200085058356A505D8A303576505F0A394A78A
:102C30002183D8B313578600F8B313D7860098B70B
:102C40000357C50593558700ACB78345E505B8A77D
:102C5000CCA78355E505A181CCB72E3D814763996B
:102C6000C500523D6316D6007E3D998F93B717007D
:102C70002311F506C1471CA90145828005458280C4
:102C800083270511094758B999CFB8A303474505CC
:102C9000B8B38347A50293E787002305F502F14700
:102CA0001CA9014582801D45828085475CB9832728
:102CB000051181CB1547B8A39307B0021CA90145A4
:102CC00082800545828085475CB98327051181CBC9
:102CD0001947B8A39307D0021CA901458280054576
:102CE000828089475CB98327051191CB1D47B8A322
:102CF000832705110347D5020145B8B382800545F6
:102D0000828085475CB98327051191CF2947B8A3F5
:102D10008347A50293E747002305F5029307500375
:102D20001CA9014582800545828085475CB98327BF
:102D3000051181CB2D47B8A3930770031CA901454A
:102D400082800545828099475CB983270511314708
:102D5000B8A317C7FF1F1307E76B562BB4B3742B29
:102D6000D4A3762BA182D4B3142FF4A3183FF8B3C5
:102D70008347E50213F7070401CF9307A0031CA9BB
:102D80008347E50293F7F7072307F50201458280A1
:102D9000858BFDD78327050AA305050223070502B6
:102DA00093E707042320F50AE1BF89475CB983272D
:102DB000051191CB3547B8A3832705110347B50209
:102DC0000145B8B38280054582808D475CB9832771
:102DD000051199CB4547B8A30347C502B8B30347CC
:102DE000B5020145D8A382800545828085475CB93C
:102DF0008327051191CF4947B8A39307A0041CA9C5
:102E00008347A50293E747002305F5020145828029
:102E10000545828085475CB98327051189C74D47E1
:102E2000B8A3014582800545828083270511C5C767
:102E3000254758B95147B8A30347051D8356251D9B
:102E4000B8B30347151DD4B3D8A313D78600F8A38E
:102E50000347451DF8B30347551D98A70357651D44
:102E600013568700B0A798B7834575140946638346
:102E7000C502032605109315B0286D8E01EE056678
:102E800013068684B3D6C60AD4B333C6060893564F
:102E90008600F4A30346651489466303D60283269D
:102EA00005101316B028F18E81EE85669386868410
:102EB0003357D70A98B7B346070813D78600B8A781
:102EC0008347A50293E747002305F5029307000512
:102ED0001CA9014582800545828083270511C9C34D
:102EE000254758B95547B8A30347051D0356251D67
:102EF0008566B8B30347151D938686843356D60A74
:102F0000D8A30347451DB3450608F8B30347551D2D
:102F100098A70357651DD0B313D685003357D70A3A
:102F200098B7B346070813D78600F0A3B8A783471E
:102F3000C507A305050299C78327050A93E707106C
:102F40002320F50A8327450A1317B0287D8F09C768
:102F50009397B7482322F50A85471CA9014582802B
:102F600005458280032705118D475CB9D9473CA3ED
:102F70008346451434B383475514918A5CA30357A1
:102F8000651EA1C69306F034814763FDE6009307F2
:102F900087E80357851405CB8587938757FD8D8771
:102FA000B3C707080357451EB357F70A2307F504AD
:102FB0008347A50293E747002305F50293075005D1
:102FC0001CA9014582808D87C9BF858B89CB1307DA
:102FD00007FBA1473347F702B3470708E1B71307D9
:102FE000C7FB9147C5BF032705118D475CB9DD4776
:102FF0003CA3834745143CB38346551454A303476D
:10300000B514F98F93F647000357651EA1C69306C2
:10301000F034814763FDE600930787E80357851482
:1030200005CB8587938757FD8D87B3C7070803575F
:10303000451EB357F70A2307F504930780051CA91B
:103040008347A50293E747002305F50201458280E7
:103050008D87C9BF858B89CB130707FBA1473347F2
:10306000F702B3470708E1B71307C7FB9147C5BF8E
:1030700095475CB98357050403270511E146A1076D
:10308000B3C707082316F51434A38346A51434B335
:103090000346B514A30207002303070050A38325AA
:1030A0008514416663F3C50081475CB3A1837CA3AB
:1030B00093F746000357651E95CF9306F03481477A
:1030C00063FDE600930787E80357851415C38587DA
:1030D000938757FD8D87B3C707080357451EB3571E
:1030E000F70A2307F504930790051CA90145828080
:1030F0008D87F9BF858A89CA130707FBA147334724
:10310000F702B3470708D1BF1307C7FB9147C5BFF5
:10311000032705118D475CB9E5473CA38346751429
:1031200083476514B317F028B397D7283CB3834778
:1031300015145CA38347A50293E747002305F50216
:10314000930700061CA90145828089475CB9832743
:1031500005117547B8A317C7FF1F0347D72BB8B38F
:10316000930750071CA90145828089475CB98327D2
:1031700005117947B8A30347F502B8B38327050AB9
:103180009397F7282320F50A85471CA901458280DB
:1031900017C7FF1F0327472D5C2393068005B387BE
:1031A000D702145703270511BE96A5475CB99307AC
:1031B00000023CA30356651E8357251EB297D05AC2
:1031C0009387C712B3F7C70A3CB313D68700C183EE
:1031D00050A35CB39C5E7CA313D68700C18370B3FD
:1031E0001CA7DC2E1CB7DC3E3CA79307C0071CA91C
:1031F0000145828091475CB983270511130730028E
:10320000B8A303472517118B1DC7034745177D1723
:103210003317E028B8B30147D8A303473514D8B310
:103220008347A50293E747002305F502930750F86B
:103230001CA901458280034775143317E028B8B3F1
:103240000307F517D1BF0327051195475CB993070D
:1032500040023CA38306351483079517958F93B7D7
:10326000170086073CB3030685176315D60093E75E
:1032700017003CB30306751750A38347651754B373
:103280007CA383472517858B81CB19C68327050A25
:10329000939707292320F50A0145828091475CB95D
:1032A0008327051113078002B8A317C7FF1F034721
:1032B000871BB8B32947D8A313072003D8B39307B4
:1032C00050F91CA901458280411126C283240511B1
:1032D00006C622C4A1475CB9A1C48357050403579D
:1032E00005062A8493058512BA97A9072317F512B4
:1032F0008547BCA013853400154697E0FD1FE78085
:10330000803C8347E41201459CA48357E412A183C7
:103310009CB4D5471CA8B24022449244410182800B
:103320000545D5BF411126C28324051106C622C416
:10333000B5475CB99DCC91472A84BCA09305451C38
:1033400021461385340097E0FD1FE780C0371385C1
:10335000B40011469305C41C97E0FD1FE780A0361A
:10336000930720021CA80145B24022449244410127
:1033700082800545D5BFA5475CB9832705119DCF40
:10338000411122C406C62147B8A32A84032505118A
:103390009305840F21460D0597E0FD1FE780A032BD
:1033A0008347A402014593E747002305F4029307EE
:1033B00000031CA8B240224441018280054582805E
:1033C00083270511A9C3411122C406C6254758B950
:1033D000B8A32A84032505119305840F21460D0502
:1033E00097E0FD1FE780202E8327040AA30504022F
:1033F000014593E707022320F40A85471CA8B24041
:1034000022444101828005458280A5475CB983271B
:1034100005119DCF411122C406C63947B8A32A849D
:10342000032505119305840F21460D0597E0FD1F27
:10343000E78060298347A402014593E747002305FD
:10344000F402930700031CA8B24022444101828089
:1034500005458280411122C406C6E1472A845CB931
:103460000325051141C9BD473CA1834744073905E0
:103470003146A30AF5FE8347540793058406230BC0
:10348000F5FE83476407A30BF5FE83576407A1830A
:10349000230CF5FE8347A405A30CF5FE8357A40572
:1034A000A183230DF5FE8347C405A30DF5FE8347D5
:1034B000D405230EF5FE83574406A30EF5FE83477D
:1034C0006406230FF5FE83576406A183A30FF5FE60
:1034D00097E0FD1FE780201F8347A402014593E783
:1034E00047002305F402930700041CA8B2402244BD
:1034F000410182800545DDBF411122C406C6E14776
:103500002A845CB90325051151C1C1473CA18347F9
:10351000440739053146A30AF5FE8347540793054E
:103520008406230BF5FE83476407A30BF5FE835740
:103530006407A183230CF5FE8347A405A30CF5FEC5
:103540008357A405A183230DF5FE8347C405A30D6E
:10355000F5FE8347D405230EF5FE83574406A30EDC
:10356000F5FE83476406230FF5FE83576406A183A7
:10357000A30FF5FE97E0FD1FE780E01493074004DA
:103580001CA80145B2402244410182800545DDBFAF
:10359000011122CC26CA4EC606CE4AC89307300275
:1035A0005CB993070510804B7147AA8438A0034784
:1035B000051583A9070638B00347151558A0638978
:1035C000091C832705090325C50817C7FF1F130713
:1035D000A7B263E1A71A3385A74083A7090A63EE60
:1035E000A7183385A740B7470F0093870724B33543
:1035F000F502522781463305F502EFF0E020B7C708
:1036000003000967938747FC7D1763FBA7169307A1
:10361000C012B357F502F98F0547B3C707085CB06E
:103620001607A183D98F138909087CA08327C905B0
:1036300019469385690DA1837CB033C7070893575A
:1036400087001CA4834709031305D4011CB48347D6
:1036500019033CA4834729033CB4834739035CA482
:10366000032749035C347D8B819BD98F5CB403C7EE
:10367000F90D93F7F70FFD8B1607D98F5CB48347CD
:1036800049017CA4834759017CB4834769011CA884
:10369000834779011CB8834789013CA88347990176
:1036A0003CB88347A9015CA883D789089386170093
:1036B00033C70608218354B878A803C7040478B830
:1036C00003C714041CBCA18318AC3CAC83C7F40230
:1036D00003C7490D9607D98F03C7590D1207D98F14
:1036E0003CBC83C7C90DFD17B317F0285CAC97E04D
:1036F000FD1FE78040FD83C7090EA9C71307B0026D
:10370000D8B81307A00238A003470904A302E402B3
:10371000034719042303E40203472904A303E40233
:1037200003473904A304F4022304E40283C7190EF7
:103730002305F40283C7290EA305F40283C7390EBB
:103740002306F40223A00416138704081C53014522
:103750009397F7291CD383C70404A301F40283C7FA
:1037600014042302F402F2406244D2444249B249B2
:10377000056182801447B697B9BD1447B69795B5D1
:10378000F947B357F502F98FB3C70708014741BDA1
:10379000032945160545E30809FC83A7040903A589
:1037A000C40817C7FF1F1307279563EEA7143385B7
:1037B000A7408327890963EBA7143385A740B74740
:1037C0000F0093870724B335F5025227814633054E
:1037D000F502EFF06003B7C703000967938747FC62
:1037E0007D1763F8A7129307C012B357F502F98F3C
:1037F0000547B3C707085CB01607A183D98F7CA023
:10380000834769081946930569037CB083576908A3
:103810001305D401A1831CA48347090A1CB4834760
:10382000190A3CA48347290A3CB48347390A5CA49B
:103830000327490A5C347D8B819BD98F5CB483C795
:10384000F402583496077D8B5D8F58B40347C9083E
:1038500078A40347D90878B40347E90818A80347B0
:10386000F90818B80347090938A80347190938B8EF
:103870000347290958A8035789089356870058B861
:1038800074A883C604047D1774B883C6140418BCD6
:1038900014ACB346070813D7860038AC0347F907C2
:1038A000D98F034759031207D98F3CBC83470908B6
:1038B000B317F0285CAC97E0FD1FE780C0E08327DA
:1038C000C90A9DCF1307B002D8B81307A00238A0C9
:1038D0009823A302E40298332303E402B823A3034A
:1038E000E402B8332304E402D823A304E402D83367
:1038F0002305E402F823A305E402FC332306F402C3
:1039000023A2041691B51447B69755B51447B69738
:103910006DB5F947B357F502F98FB3C707080147EB
:10392000D9BD411106C6AD475CB983270511130700
:10393000900293057519B8A313853700294697E0BF
:10394000FD1FE78040D8B2400145410182808325B8
:103950004511411122C426C206C6DC21B8312A8491
:10396000A207D98F05651387A7FF9306A5C7F9445A
:103970003347070863E4E60AF821D431130505C884
:103980002207558FF944636BE5086369F7089025B2
:10399000F4312206558E9306301F63E1C608B42524
:1039A00003C89500A206B3E606016369D5061305B0
:1039B0001600334505083305F50213983600635F9A
:1039C0000505A83519C1636BA7040358A4038144F6
:1039D000639C0701631AF7000358C4036316C80009
:1039E000663C958C93B41400231DC4042312A406D2
:1039F000231AF406231BE406231ED404DC35D82541
:103A00003146A207D98F2313F406B905130584069E
:103A100097E0FD1FE78020CB91475CBCB240224479
:103A2000268592444101828079714AD0032905118B
:103A300006D622D426D24ECE52CCDD475CB96304E2
:103A400009108D472301F9002A84EFB01EDA930490
:103A5000541B2AC4EFB07ED921462C002AC62685E5
:103A600097E0FD1FE78020C68347741B0347641B54
:103A70009309D41BA2074207BA970347841BBA973E
:103A80000347541B6207BA972324F40C0347A41B73
:103A90008347B41B4207A207BA970347C41BBA97D0
:103AA0000347941B6207BA972322F40CEFB0FED3AE
:103AB0002AC411462C004E8597E0FD1FE780A0C068
:103AC0008347E41B0347D41B2146A207D98F034732
:103AD000F41B9305B41A1305390042075D8F834721
:103AE000041CE207D98F232EF40C97E0FD1FE7801A
:103AF00080BD8347441B0347341B21462306F9003E
:103B0000A305E900A6851305D90097E0FD1FE7800E
:103B100080BB130559011146CE8597E0FD1FE78054
:103B200080BA8347A402014593E747002305F402C6
:103B3000930700021CA8B250225492540259F24931
:103B4000624A456182800545FDB7411122C406C61F
:103B500085475CB98345D5162A840327051103459B
:103B6000E516854693176500CD8F3CA3ED473CB322
:103B70005C240346C41693E707025CA4EF5010369A
:103B8000930770061CA8B24022440145410182807F
:103B9000832745111303000ECC23B433A205D58D22
:103BA000938655FEB3C606086361D306F023D4336B
:103BB00011682206558E930686EB13088814B3C647
:103BC00006086364D804942783C87700A206B3E686
:103BD0001601938856FEB3C808086368130383C8A8
:103BE0009700BC27A207B3E71701938887EBB3C8F8
:103BF0000808636C1801231CB51C231DC51C231E5B
:103C0000D51C231FF51C6FC0AF8C05458280AA8789
:103C1000283505476310E50AF42B3147639DE60814
:103C200003A747113433A38AD70454335023A20681
:103C3000D18E239BD7046C337423A205D58D239C8E
:103C4000B704103714272206558E239DC704343736
:103C50002827A206C98E239ED70448275837220753
:103C6000498FAA3F239FE70401476319B500CE3F60
:103C70006396C500FA3F158F133717002391E706A7
:103C8000982B930600046300D70293064004631444
:103C9000D700054798AB983B9546D4BF136717F8F4
:103CA00098BB0145828003C7A702136717002385CD
:103CB000E702C5B70545828078298947631BF7006D
:103CC00083274511BC33230AF504F5471CA9014598
:103CD00082801D4582802A8728353DE5742BB547B3
:103CE0006394F606142B93070002639FF604832760
:103CF000471193050708D433D023A2064206B29693
:103D0000F023B296B0336206B296B4C194379027CE
:103D1000A2064206B296B027B296F0336206B29679
:103D2000D4DDD027B4372206558ED437FC27C206FF
:103D3000D18EE207D58FBCD11C3B93E787001CBB1B
:103D4000930730021CAB8280054582803835AA87F4
:103D500019EF68290547631CE500942B130730020F
:103D60006398E6001307C00298AB014582800545C1
:103D70008280AA87682905476318E502982B930675
:103D8000B0026319D7001307E00298ABA3850702BE
:103D9000014582809306D0026319D7001307E00221
:103DA000A385070298ABEDB705458280782989473E
:103DB0006315F706E947A305F5028327451139473F
:103DC000BC336390E7021829930700036317F704D5
:103DD0008327050A93E707022320F50A85471CA9D4
:103DE00079A0C51793F7F70F51476368F7021727B4
:103DF00001001307A7C4B3C7E7209C43BA97828783
:103E0000832785101829F59B2324F51093070004B8
:103E10006315F700930760041CA9014582801829E7
:103E20009307A004E31BF7FE85471CA98347A5025F
:103E300093E717002305F5021C3993E707F81CB92F
:103E400083270510C18BF1FB83278510BD9B23249D
:103E5000F510E1B7182993070005E310F7FC854733
:103E60001CA98327050A93E707102320F50A1C39AC
:103E700093E707F81CB955B7182993075005E31EB7
:103E8000F7F88327050A93E70720B9B7182993079E
:103E90005006E314F7F88327050A9397B7282DBF38
:103EA000182993075007E31AF7F68327050A939713
:103EB000F7281DB7182993075008E310F7F6854730
:103EC0001CA98347A50293E717002305F50245B710
:103ED000AA8728350547631DE500F82B631BA7005B
:103EE000982B6318A7001307600398AB01458280E5
:103EF00005458280AA8768290547631EE504982B3B
:103F0000930670036314D70203C7A702238607042E
:103F10009376070499C61377F7FB13670701238588
:103F2000E7021307800398AB014582809306500394
:103F30006314D7021307800398AB03C7A702238635
:103F4000070493760704EDD21377F7FB1367070195
:103F50002385E702D1BF05458280782999476315FB
:103F6000F70883274511B833A307E504D833D423D2
:103F70002207558F2318E504F823FC331429A207E0
:103F8000D98F2319F5041307A0038347E502639231
:103F9000E604858B99CB8327050AA3050502230731
:103FA000050293E707042320F50A8347A50293E758
:103FB00017002305F50285471CA91C3993E707F86C
:103FC0001CB98347E50293F7F7FB2307F502014588
:103FD000828093974760E3D207FE8327450A93E7E1
:103FE00007042322F50AD1BF05458280AA876829E4
:103FF00005476310E50403A78710418B05CF982B75
:104000006317A7001307B00498AB0145828093069D
:10401000A0046319D70003C7A70288AB1367170072
:104020002385E70203A7870A1367070423A4E70A87
:10403000E9BF05458280AA87682905476310E50224
:10404000942B1307A004639CE60003C7A70288AB68
:104050000145136717002385E702828005458280AA
:1040600078298D476315F71A1C39832645118D8BE6
:1040700089EB0C292147938705FC93F7F70F6361C0
:10408000F702D9472306F5029307A002A305F5021C
:104090008327850A93E727002324F50A01458280B8
:1040A0003C35639A0714930750056398F500D94788
:1040B0002306F50293073002D1BF97B7FF1F9387FE
:1040C0006735D02203C7A70383C7B703718F2305C2
:1040D000E514B432F58F83466514A305F514B318BF
:1040E000D0286314170123050514034675143318EB
:1040F000C02863940701A30505148347A51403474B
:10410000B514E9CF45CB93F627009DCA1376270057
:1041100039C6930720202315F5148347A51463940B
:10412000F800230505148347B5146314F800A305AC
:1041300005148547639CF50A930760051CA9B9BF60
:1041400013F647001DE6858BB9E785472305F5146F
:1041500093772700B9CB8947A305F5147DBF13F6E4
:10416000470015C21376470001EE858B8DEB89471A
:10417000F1BF1376470009E6858B95E39147F9B7C0
:104180009307404049BF858BFDD393771700E5D354
:104190009307101049B793761700FDFA45BF937740
:1041A0001700FDF79147E1F655B7118B85474DD7BD
:1041B00091475DB733D6C740058A01C6230505156B
:1041C000A9BF13F7270009C789472305F514B1B71D
:1041D000918B99C39147D5BF8547C5BF1DDFB356A6
:1041E000D740858AB5D6A305151505BF8327850A4F
:1041F00093E7071055B585476396F500DC22A305C4
:10420000F5141DBF8327850A93E7072071B505457F
:10421000828074290D47AA87639CE614142913072A
:10422000500505456397E614A8376313051483C644
:10423000471403C7571403A6471133F8E6004C226E
:10424000631E08006396B600034836006308E80062
:10425000239507141307700598AB8280ED8E238594
:10426000D7143032718F03C66714A385E714B318CF
:10427000C028639416012385071483C57714331867
:10428000B02863140701A385071403C7A71483C6C6
:10429000B71479C7D5C2137627000DC693F526004B
:1042A000A9C1130720202395E71403C7A71463941B
:1042B000E8002385071403C7B714E31DE8F8A385B6
:1042C000071449BF937547009DE5058B39E70547FE
:1042D0002385E71413F7260039CB0947A385E71494
:1042E000E9B79375470095C193F5460081ED058BBD
:1042F0000DEB0947F1BF93F5460089E5058B15E302
:104300001147F9B71307404079BF058B7DD313F7E9
:10431000160065D31307101079B713F616007DFA4F
:1043200045BF13F716007DF7114761F655B7918A1F
:104330000547CDD611475DB7B355B740858981C5CF
:10434000238507159DB79376270089C609472385DE
:10435000E714A1BF118B19C31147D5BF0547C5BFCE
:10436000A9D633D6C640058A35D6A385171535BFDD
:1043700005458280AA87283505476317E506F42B93
:1043800015476394E606982B930650056306D700FD
:1043900093068005631BD70403C7A70283A54711B3
:1043A000136717002385E702D0211147636BC7020B
:1043B000B4316368D7021307F6FF1388F6FF718FD5
:1043C0003378D8003367070109EFF821C831238516
:1043D000C7142207498F2396E714A385D714130522
:1043E000A00588AB0145828005458280AA872835D3
:1043F00009EDF42B0D47639AE600942B054763966D
:10440000E6001307100698AB828005458280782964
:1044100089476317F702832745111829BC332308FE
:10442000F50285476317F700930760071CA901454C
:1044300082808327850A9397B7282324F50AC5BF6E
:104440000545828078298947631AF702182993075E
:1044500050076313F70283274511BC332308F50285
:104460008327050A9397F7282320F50A85471CA977
:104470001C3993E707F81CB9014582800545828005
:1044800074291547AA8705456390E60C942B1307FA
:1044900050080545639AE60A03A747113433A38AF7
:1044A000D71683064700A38FD71603065700238D20
:1044B000C7167823238FE71603C72717937547007E
:1044C000A5C98946A389D71683A6070A6D9B2389A8
:1044D000E7169396062923A0D70A03C747189376B1
:1044E000170099CE9306F0076306D60013672700DE
:1044F0002382E71803A7070A1317172923A0E70A3F
:1045000017B7FF1F034737F1A387E70203C7470326
:104510000145A38DE716054798AB03C7A7021367AC
:1045200017002385E702983B136707F898BB828042
:10453000098B45D7DDD203A7070AA389A71613174E
:10454000072923A0E70A51BF828078299547631184
:10455000F70A03274511BD463C3363E0F60697B6DC
:10456000FF1F83C6F6EEFD8EA9CA742313F617004B
:10457000230DD51683065700A30FD51639C28147E0
:1045800011A085478507230AF5165C23A30AF516B3
:104590008347251713F747001DCF0947A309E516E1
:1045A0000327050AED9B2309F51613170729232076
:1045B000E50A83474503A30DF51601458280894727
:1045C000D1B713D6174855FE13D627486DFA8D87F5
:1045D000CDDF8D4745BF898BE9DFE1DE8547A30944
:1045E000F5168327050A939707292320F50AD1B7E3
:1045F0000545828074291147AA870545639EE60810
:10460000B037054705456319E60883A64711A83268
:104610006364A602D822130810099305B7FF93F527
:10462000F50F636BB800CC329386B5FF93F6F60FA7
:104630006364D80063F1E5027947A385E7021307B5
:1046400080022386E70203A7870A1367270023A4B3
:10465000E70A0145828083A6C71093F60608F5DABB
:1046600083C6E7186316C50293E616002387D7189A
:104670009306000AA387E7183307D702B63F3347EC
:10468000D70283D60704850636972398E718D1B753
:10469000D99A2387D71875BF828078299307B002EB
:1046A0006319F71C8357051E411126C206C622C492
:1046B0004AC09306A002AA8463F3F61A17B9FF1F33
:1046C0000329C9DC0545630D09188327C901B98B86
:1046D0006398071803A4441119465C2C1387F7FF4D
:1046E0009375F70F636DB6167D8F631A071603C7B0
:1046F000E414630607169028130700046313E60208
:1047000003A7040AA385D4021367470023A0E40A81
:104710001307200798A803C7A4021367170023856F
:10472000E40293D717488507230EF90C3C3C194641
:104730009305D40113F7F700230AE90C93D74748F0
:104740001305690DA30AF90C97D0FD1FE780A0F7A8
:104750005C349583A30FF90C78301C243438A30EF5
:10476000E90C7834230FF90C7C242207A2065D8F14
:104770001C28C207D98F183862075D8F9307090874
:10478000D8CB3828D98E58284207558F98CF38244F
:1047900014342207558F3434C206D98E5824620748
:1047A000558F543498DBFD8AD4DB0347640283467B
:1047B00054022207558F83467402C206D98E0347DE
:1047C00084026207558FB8C3834794022300F90E11
:1047D0008347A402A300F90E8347B4022301F90E14
:1047E0008347C402A301F90E5C203830A207D98F99
:1047F0002399F4147C205830FD8BA207D98F7820A0
:10480000239AF4149376070281CA1377070439EFC9
:104810009397E728239AF4147C285838A207D98F55
:10482000239BF4141C2C7838A207D98F239CF414F2
:104830003C2C183CA207D98F239DF41483474402D3
:1048400003473402A207D98F239EF41483A7040AD6
:104850009397E72823A0F40A930710079CA8014523
:10486000B240224492440249410182807177D98F3B
:1048700055B7054582807829AD476318F702411185
:1048800006C68347E51883254511294693E70701A6
:104890002307F5188D051305751997D0FD1FE780BF
:1048A00080E2B2400145410182800545828078293D
:1048B00093073002631EF7180357051E411126C2E5
:1048C00006C622C44AC093072002AA8463F8E716EA
:1048D00017B9FF1F032989BB054563020916832702
:1048E000C901B98B639D071403A4441199465C2C3C
:1048F0001387F7FF1376F70F63E2C6147D8F631FEC
:10490000071203C7E414630B07129428130700046B
:104910006395E6021307A002A385E40203A7040A35
:104920001367470023A0E40A1307200798A803C7CA
:10493000A402136717002385E40293D7174885075D
:10494000230EF90C3C3C19469305D40113F7F700EC
:10495000230AE90C93D747481305690DA30AF90CFC
:1049600097D0FD1FE78020D65C349583A30FF90C08
:104970001C247830230FF90C7C34A30EE90C782426
:10498000A207D98F182842075D8F1C38E207D98FFC
:104990003838232AF9083C2822075D8F5C28C20793
:1049A000D98F232CF9083C241834A207D98F383426
:1049B00042075D8F5C24E207D98F58342328F90A17
:1049C0007D8B232AE90A5C203830A207D98F2399EE
:1049D000F4147C205830FD8BA207D98F7820239ABD
:1049E000F4149376070281CA1377070439EF93977B
:1049F000E728239AF4147C285838A207D98F239BE0
:104A0000F4141C2C7838A207D98F239CF4143C2C66
:104A1000183CA207D98F239DF4148347440203470F
:104A20003402A207D98F239EF41483A7040A939714
:104A3000E72823A0F40A930710079CA80145B24079
:104A4000224492440249410182807177D98F55B73F
:104A5000054582807829E1476319F70C0327851003
:104A6000411122C406C626C2098B2A84854719CF64
:104A70002435639CF404EFE09FED1C28A305A402F9
:104A8000639C9700930710041CA88147B2402244FE
:104A900092443E854101828013070004639CE70035
:104AA000930710041CA88347A40293E7170023056B
:104AB000F402E1BF8327040A93E727002320F40AC6
:104AC0001C3893E707F81CB8C9B718390D8B19CFF4
:104AD0009307A002A305F402BD472306F40283272F
:104AE000840A93E727002324F40A45B7182963179B
:104AF000F700EFE0DFE5A305A40269B79306000223
:104B0000631ED700EFE0BFE4A305A4023DFD8327A9
:104B1000440A9397F7292322F40A85BF93060004D9
:104B2000E316D7F69307300275B785473E85828036
:104B3000411106C622C426C24AC00349B500631B00
:104B400009067829A5472A846316F7068327850F67
:104B5000A18BADC393040510CC48214626858D0555
:104B600097D0FD1FE78020B69C40373778081307A1
:104B7000070D13060408D98F385ED4407D8F7C5E04
:104B800093E6060198C4F58FDCC418288547631C9A
:104B9000F700930710031CA8B240224492444A85B0
:104BA0000249410182808327840A93E70701232475
:104BB000F40ADDB70549CDB741114AC006C622C483
:104BC00026C27829A54705496311F70618299307D6
:104BD00000032A840549631AF70493040510CC489E
:104BE000214626858D0597D0FD1FE780C0AD9840F2
:104BF000B73778089387070D5D8F93070408B45F74
:104C0000D040F98EF85F1366060194C4718FD8C442
:104C1000A305040298531367070298D31C3823088E
:104C20002401014993E707F81CB8B240224492449A
:104C30004A85024941018280411122C406C626C22A
:104C40002A84283585476318F5067828A547631810
:104C5000F7041C28639AA70493040410CC48214647
:104C600026858D0597D0FD1FE780E0A59C4037374E
:104C700078081307070D13060408D98F385ED4404F
:104C80007D8F7C5E93E6060198C4F58FDCC49307A4
:104C900010031CA81C38014593E707F81CB8B24064
:104CA00022449244410182808327840A93E70701CA
:104CB0002324F40AC5B70545DDB7411122C406C651
:104CC00026C22A84283585476311F5047828A14730
:104CD0006318F70283244411130584121546938543
:104CE000340097D0FD1FE780009E9C349824014536
:104CF000A207D98F2317F4121C3893E727F81CB8A2
:104D0000B24022449244410182800545D5BF011141
:104D100022CC06CE26CA4AC82A8428358547631C79
:104D2000F5107828DD476312F710832444112146DB
:104D30001305B41A9385340097D0FD1FE780A0981F
:104D4000B834DC24A309E41A230AF41AEFA0FEA95C
:104D50002AC4EFA09EA92AC621462C001305441C94
:104D600097D0FD1FE7802096FC34F8241305C41C5F
:104D7000A2074207BA97982811462C00BA97D83450
:104D80006207BA972324F40CBC38B828A20742075C
:104D9000BA97D828BA9798386207BA972322F40CA2
:104DA0000347541C8347641C4207A207BA97034772
:104DB000741CBA970347441C6207BA972320F40C6B
:104DC0000347941C8347A41C4207A207BA970347D2
:104DD000B41CBA970347841C6207BA97232EF40ABF
:104DE000A247374703001307D73FB387E70237A728
:104DF0002600130737ECBA973EC497D0FD1FE78013
:104E0000808CFC28D8380145A207D98FF838420792
:104E10005D8F9C2CE207D98F232EF40C8327C41CB2
:104E20002320F40E930710021CA8F2406244D244DF
:104E30004249056182800545CDBF78299147631DB0
:104E4000F712411126C28324451122C406C6BC3084
:104E50002A8481CB1387F7FF7D8F01E73D47637677
:104E6000F70293070002A305F4029307300223061A
:104E7000F4028327840A93E727002324F40AB2402C
:104E800022449244014541018280D4301307E00757
:104E90006387E60013F7170021C3814721A0F94774
:104EA000D9B785478507230AF41683874400C9C309
:104EB00003053414A30BF4163307F5001375F50F2F
:104EC0006356F0028307941763D6E702898FA30B1A
:104ED000F4160DA08947F9B713D7174879F313D7FC
:104EE00027486DFB8D87F1D38D476DBF83078417EE
:104EF000E34EF7FC834774173E9513154560EF406A
:104F0000E0772301A414EF40007103473414A30198
:104F1000A4143307E540A30BE416EF402076834743
:104F20004417034734142301A414A297A38FE71650
:104F3000830744038306C417014763D5F600958FA2
:104F400013F7F70F230BE416DC300547230DF41697
:104F50001C286396E700930760F81CA80DB7130799
:104F600050086396E700FD57230BF416EDB783272F
:104F7000840A9397D72811B7054582807829A547D9
:104F8000631AF704411122C406C614291307000549
:104F90002A8485476394E602EFE09FBF0DE58327EF
:104FA000040AA305040293E707102320F40A1C381F
:104FB00093E707F81CB885471CA88147B2402244F4
:104FC0003E85410182808347A40293E717002305B1
:104FD000F402F1BF85473E8582807829A5476309A1
:104FE000F700054582800545B24022444101828098
:104FF00083278510411122C406C693F707022A842D
:10500000FDD3EFE0FFB88547E30FF5FC18286317E1
:10501000F700930710051CA80145F9B78327840AF8
:1050200093E707082324F40AC5BF05458280411190
:1050300006C622C426C22435F9E07829E1472A842D
:10504000631FF70A182993070004631AF70A8325D8
:10505000451105659306A5C7D821BC3122075D8F90
:105060009307A7FFB3C7070863E2F608FC21D43112
:10507000130505C8A207D58F636AF50663E8E7063E
:105080009025F4312206558E9306301F63E0C60644
:10509000B42503C89500A206B3E606016368D504EB
:1050A00013051600334505083305E502139836004D
:1050B000634EA802A83519C163EAA702231DC404E0
:1050C0002312A406231AE406231BF406231ED40489
:1050D000DC35D8253146A207D98F2313F406B9054C
:1050E0001305840697C0FD1FE780E05D93077004F9
:1050F0001CA8B24022442685924441018280854406
:10510000CDBF0545828005458280054582800545E5
:10511000828005458280054582805C25A30A0500C2
:10512000F19B93E717005CA50325051113351500C6
:10513000828001458280411106C6EFC00FC7B24090
:10514000133515000605410182806FF0DFFE411125
:1051500006C6EFC08FC505C10357C5058356A50513
:1051600003566507835545070A25EF7040520145F0
:10517000B240410182800945E5BF01111375F50F69
:1051800006CEEFA06FD129C997A7FF1F83A70736C7
:1051900093F707209DC302C402C202C081480148A0
:1051A000814701478146054681451305C003EF70DD
:1051B000804E0145F240056182808346D503130786
:1051C000E50302C081480148814705468145130532
:1051D000C003EF70E049F1BF0945E9BF97A7FF1F82
:1051E0009387472303A7C708094529CB83A7870DC2
:1051F000011106CE93F707208DC302C402C202C07C
:105200008148014881470147814601468145EF7049
:105210008048F240014505618280835807020358A7
:10522000A7018357070583465707014602C01307A6
:10523000670781450945EF70A043E1BF82800111F6
:1052400006CE22CCEFC06FB625CD303505472A8477
:1052500097A7FF1F9387071C6312E604F8530945BD
:1052600015CB03460403834657048358E4030358CD
:10527000C4033E3C0E240345B4021307670432C046
:105280000546EF70E03E7C34A3050402014593E738
:1052900017007CB4F24062440561828003A7C7080E
:1052A00009456DDB834657078358E4030358C4035D
:1052B0003E3C0E240345B4021307670702C0D1B772
:1052C0000945C9BF397106DE22DC26DAEFC0EFAD31
:1052D00071C938352A8497A7FF1F9387A7132DEB31
:1052E000E4530945ADC019468145081097C0FD1F1C
:1052F000E780E04319468145281097C0FD1FE780ED
:105300000043C167FD178358A40383C65404303497
:105310000E240345B4023EC89C241308810213875F
:1053200064043EC6834704033EC47E3C3EC25E3CEA
:105330003EC01C10EF70A0387C34A3050402014568
:1053400093E717007CB4F2506254D25421618280FA
:10535000A45F0945EDD819468145081097C0FD1F87
:10536000E780E03C19468145281097C0FD1FE78083
:10537000003C83D7240D8358A40383C654053034DE
:105380000E240345B4023EC89307F00F3EC602C484
:105390007E3C13088102138764053EC25E3C3EC01A
:1053A0001C1049BF094545B7397106DE22DC26DAF3
:1053B0004AD8EFC08F9F630F0514343505472A8400
:1053C00097A7FF1F93870705639AE60AE4530945E9
:1053D000C1C083C744041946898BC9C38C58BC25F6
:1053E000B5CFB105280897C0FD1FE780C02D83C742
:1053F0005404138964041946898BA5CBCA85081007
:1054000097C0FD1FE780202C8C5819469105281065
:1054100097C0FD1FE780202B834704038358A40314
:1054200083C6540430340E240345B4023EC47E3C8B
:105430001308010238103EC25E3C3EC03C08EF70CB
:1054400080257C34A3050402014593E717007CB452
:10545000F2506254D2544259216182808145280819
:1054600097C0FD1FE780A02C59B78145081097C051
:10547000FD1FE780C02B1946CA8551BF83A4C7080A
:105480000945F9D483C744061946898BB9CF93855A
:105490006406280897C0FD1FE780E02283C7440701
:1054A000138964071946898BA1CBCA85081097C058
:1054B000FD1FE780402183A5440819462810910567
:1054C00097C0FD1FE780202083A74408BC3393E7E3
:1054D0002700A38AF4068358A40383C654073034F4
:1054E0000E240345B40202C499B78145280897C029
:1054F000FD1FE780C0235DB70810814597C0FD1FE1
:10550000E780E0221946CA85281097C0FD1FE78072
:10551000801BD1B709452DBF797122D426D206D67A
:10552000AA84EFC08F8817A4FF1F032424F639C56F
:10553000AA8709451DCC83D7271519469305640D05
:105540007C8685477C878357440D13052101A3047E
:105550000100FC80648597C0FD1FE780C01683278B
:10556000C40D28003ECC8327040E3ECEEF70A01B56
:105570000145B25022549254456182800945D5BFFD
:10558000011122CC06CE2A84EFC02F823DC1834771
:10559000B502034745176083DC8283473517D884FB
:1055A0005C8495EF83477517030795175C8683071F
:1055B00035145C85631CF7008947DC854800EF7073
:1055C00060160145F2406244056182800307851739
:1055D0006314F7008547D5B7A3050100C5B7834716
:1055E000A5175C8583475517DC858347F5175C86CF
:1055F000F1B70945C1BF011122CC06CE2A84EFB014
:10560000DFFA29C58307A517C084218040851307C9
:10561000F0076389E70203474503998FDC858347D9
:10562000451813F707010DE393F7070293B7170027
:10563000850728005C86EF70C00E0145F240624489
:1056400005618280FD57DC858147E5B70945FDB7D7
:10565000797122D426D206D6AA84EFB01FF517A4FA
:10566000FF1F0324A4E221C5AA87094505CC83D7DF
:10567000271519469305640DFC808547FC818357E7
:10568000440D13056101A3060100FC82648797C0E5
:10569000FD1FE78040038327C40D68003ECEEF70F6
:1056A00000080145B2502254925445618280094558
:1056B000D5BF411106C6EFB05FEF11C98345051490
:1056C0000A25EF7080050145B240410182800945FD
:1056D000E5BF9375F50F01112E8506CE22CC2EC69F
:1056E000EF909FFB05C1834605072A84B245082D2C
:1056F0000546EF7000020145230C0400F2406244AD
:10570000056182800945DDBF411106C6EF702000AA
:10571000B240014541018280411122C406C617A44E
:10572000FF1F0324A4D6094509CC0355240DEF60BF
:10573000D07D0325C40C9307F00F2319F40C11E559
:105740000145B24022444101828097E0FD1FE7807D
:1057500040A7A304040CEDB797A7FF1F83A707D3A7
:1057600099CB41111385070D06C6EF60D079B24081
:1057700001454101828009458280411106C622C44B
:10578000EFB0BFE205C983467514034665140E25C4
:105790002A840345B5028506050693F6F60F1376AF
:1057A000F60FEF6030740145A3050402B2402244B5
:1057B000410182800945DDBF411106C6EFB0FFDE21
:1057C00005C10357251E8356051E0356651E8355C6
:1057D000451E0A25EF60F06B0145B2404101828011
:1057E0000945E5BF411106C622C4EFB01FDC15C54F
:1057F0002A840357C5058356A505035665078355B7
:1058000045070A25EF6070681C38014593E747009B
:105810001CB8B2402244410182800945DDBF4111DC
:1058200006C6EFB09FD805C18347451B0346351B0D
:105830009305B51A0A25A2075D8EEF60D064014575
:10584000B240410182800945E5BF411106C622C42C
:10585000EFB0BFD505C10E252A84130605100345F8
:10586000B502EF6010620145A3050402B240224474
:10587000410182800945DDBF411106C622C4EFB057
:10588000DFD205C50357C5058356A5050356850513
:105890000E252A840345B502EF60705E0145A3051D
:1058A0000402B2402244410182800945DDBF014526
:1058B00082800145828001458280014582800145C8
:1058C00082800145828001458280014582800145B8
:1058D00082800145828001458280014582800145A8
:1058E0008280014582800145828001458280014598
:1058F000828001458280014582800145828041117C
:1059000006C622C4182193060008AA876313D7028B
:1059100018319306C002054563E3E60497060100CB
:105920009386C6213347D720AA23184302970145FF
:105930003DA09306100805456313D7029833E94646
:105940006309D71063E5E604B1466303D70E63EC41
:10595000E60095466304D706A146630AD70AB2401B
:10596000224441018280CD46E31BD7FEAA23EFB03B
:10597000DFC32A8429C90356450419C60E250545E7
:10598000EF60F04D23120404A30804024DB7930600
:1059900070056309D70C9306F00FE30AD7F8930656
:1059A0000003E31ED7FAAA23EFB03FC02A8401CD3B
:1059B0000E250345B502EF60104B85A8AA23EFB072
:1059C000DFBE2A8419E1094559BF032785110DC798
:1059D000835745048507B3C7070818433E868507E4
:1059E000B3C707087DFB2312C40419C60E2405455E
:1059F000EF60F046231204040345B4020346440555
:105A00000E24EF6090442285EFB05FAA0DB7AA2361
:105A1000EFB0BFB92A8445D90346C5040E25034516
:105A2000B5023336C000EF609042A305040201B70F
:105A3000AA23EFB09FB72A8459D50357250583566B
:105A400005050346F5040E250345B502EF607040D9
:105A5000E9BFAA23EFB07FB53DD50345B502EF609E
:105A60005040F1B5AA23EF605040D1B5011122CCCE
:105A700037E400E026CA04404AC84EC652C406CEE7
:105A8000B70720002A892E8AB289FD8C2320F418BA
:105A90000F100000114597C0FD1FE780A0B31DC582
:105AA00023004501A3003501231125012320941073
:105AB0006244F240D2444249B249224AAA8517952B
:105AC000FF1F0345155C05616F90FEC723209410EE
:105AD000F2406244D2444249B249224A114505612A
:105AE000828041114AC037E900E026C283240900C0
:105AF00006C622C4B7072000FD8C2320F9180F101A
:105B00000000EFB09FAA11E9232099100945B24087
:105B10002244924402494101828083270512230DC9
:105B200005002A84A9CF78340A25058B11EF0A24B1
:105B3000014693050008EFF07FF329C5B7E700E0C1
:105B400023A097100145E1B7D443D0278C278906BD
:105B5000EF60D03115E183270412BA27A384070030
:105B6000136707F0BAA79C432320F4128357240439
:105B700081C7FD172311F40483270412CDFB2311E1
:105B800004046DBF85473CAC55BF411122C406C615
:105B90002A8497A7FF1F83A7279489E7B24022444E
:105BA0004101828063848700DC5FC5BF3C2499C7C4
:105BB0009305C4001305A401EFA060093C28F9DF98
:105BC000930544011305A4022244B24041016FA091
:105BD0000008AA862E86AA85170500001305C500B1
:105BE0006F905EED411126C297A4FF1F93848482BB
:105BF00083A7440C22C406C62A8491E7B2402244FB
:105C000092444101828063848700DC5FFDB73C24BD
:105C100099C79305C4001305A401EFA040033C28D5
:105C200099C7930544011305A402EFA04002228501
:105C30002244CC58B240924441016FF09FF90111C7
:105C40004AC81799FF1F1309E97C22CC0324490C89
:105C500026CA4EC652C456C206CEAA84014A930929
:105C60004500854A65E0930520251305000497D07B
:105C7000FD1FE780A0482A841D4545CCBC3019464D
:105C800093854400130544003CB097C0FD1FE78096
:105C900080A3938AA40141468145568597C0FD1F84
:105CA000E78020BC79E19309A401D68541464E8561
:105CB00097C0FD1FE78080B785473CA43C30930523
:105CC000C4004E8593E727003CB4EF90507893844E
:105CD000A40241468145268597C0FD1FE78060B834
:105CE00041E99307A402A6853E854146BE8497C03C
:105CF000FD1FE780A0B385473CA83C3093054401D5
:105D0000268593E727003CB8EF907074A300040049
:105D1000832549032285EFF0DFEB631E0A0423226B
:105D2000890C232E04028347090C014585072300B3
:105D3000F90CF2406244D2444249B249224A924AA2
:105D4000056182803830BC306305F700228A405CF0
:105D500011BF4146CE851305440097C0FD1FE78063
:105D600020A8E31555FF4945E9B72305040085B789
:105D70002309040061BF232E8A0265B7411122C4A2
:105D800026C206C64AC01794FF1F0324E474FD54BC
:105D900019ECB24022449797FF1F23AF07729797E1
:105DA000FF1F238907729244024941018280082023
:105DB000EF90DEED0329C40304A0228597D0FD1FD8
:105DC000E78020404A84E9B79797FF1F938787644D
:105DD0002380070C23A2070C6F90307141114AC039
:105DE0001799FF1F1309096326C28324890706C672
:105DF00022C483C7D404858BA9CB83472900494596
:105E00009DCF19469795FF1F9385256F1385E40451
:105E100097C0FD1FE780208B8547BCB49CB8BCB8F9
:105E2000BC28094798A4C1CBEF902034832789056B
:105E30002A8485C79307004063EFA7001D45B24041
:105E40002244924402494101828019469795FF1FDE
:105E50009385456A65BF130405C08357C90A81CF7E
:105E60001797FF1F130747241E2B7837B387E702C6
:105E7000E3F687FC1D8CEF9000378D473354F40216
:105E80003355A40A1181334505082391A4045DD537
:105E900012059305E0243345050897D0FD1FE780E0
:105EA000E02503D62404E8C02A871308F6FF8147BB
:105EB00063CBC704A8C483C704021794FF1F13044D
:105EC000241C0D472830639CE704F228BE383E9618
:105ED0009145EF903ECA2830914597E0FD1FE7803D
:105EE0008091923C19CA938614031206A685172541
:105EF00000001305A5F0EF90FEBB9797FF1F238BC3
:105F0000075001452DBF63D9070193060701B685E8
:105F10000CC38507368769BFBA868145D5BF094757
:105F20006394E700B2386DB7F2285DB7411193056D
:105F3000E0261305800E22C406C697D0FD1FE78019
:105F4000E01B2A842DC91306800E814597B0FD1FE2
:105F5000E780E07D9797FF1F23AA8752230504005F
:105F6000230404009797FF1F9387C76D985FDC5F3A
:105F700078D83CDCFD571EB8A30EF406A300F40845
:105F8000970700009387C7E53CD4972700009387C5
:105F900067AE7CD4972700009387A7993CD8979742
:105FA000FF1F83C7671681EB8D4503A541B097C0DE
:105FB000FD1FE78040BAB240228522444101828021
:105FC000411122C406C626C28347C5052A84A5C737
:105FD0009305E50519461305E50497C0FD1FE78005
:105FE0002080AA8429E91C28898BA5E39797FF1FA5
:105FF00083C7574285CF8347D4058DCB834734066B
:106000001307000493F7070C6392E7021305C40516
:1060100097D0FD1FE780A09A68D009C98947230E51
:10602000F4048347D40493E7270089A80347C405F1
:1060300089476316F70083474405A1E78544B240CA
:10604000224426859244410182808347D405E5DBC2
:10605000834734061307000493F7070CE391E7FE28
:106060009797FF1F83C7173BF9D71305C40597D030
:10607000FD1FE780C09468D0F9574DF1A30EF404DA
:106080005DBF9797FF1F83C7F738CDDB8347540564
:1060900013054405A9CB8347B4051307000493F700
:1060A000070C6392E70497D0FD1FE780C08D68D08E
:1060B00051D593046405A6851946510597B0FD1F77
:1060C000E78060606C508D47230AF404BC311946A8
:1060D000910593E72700A30AF404268597B0FD1FD6
:1060E000E780605EA1BF97D0FD1FE780008568D084
:1060F00031D58947230AF4043C29A9D38D47230AC3
:10610000F4040431B33490001DBF034745051DC39B
:106110001829AA870545058B05C3E84BAC4F4111EB
:1061200006C697D0FD1FE780A096B2403335A00089
:1061300041018280054582808280797122D406D611
:106140003C292A84BDC30357050483572504637E75
:10615000F70497D0FD1FE780008A85476307F500A5
:106160000145B2502254456182805C341D47284469
:106170006394E700834784025CA183475405194672
:10618000930564055CB18347940219057CA13E34F4
:106190001EA597B0FD1FE7800053835704048507B1
:1061A0002310F4043C449C433CC4584CA16748343D
:1061B000F98FE1C7994763E7A7047C2413075002CE
:1061C000E360F7FA97060100938686A23345D5204F
:1061D0001841369702874D472304E4027D57E9179B
:1061E000A304E402231F0402A30604022307F4020B
:1061F00011A8930750F11EB4231F0402A306040242
:1062000023070402034EE402014363090E007C24C9
:1062100003238407B387C74189073E93034584025C
:106220008346C4020347D40283479402030834021E
:10623000835EE40383455405830854018506137F78
:1062400045001AC872C61306640593F6F60F630379
:106250000F021303E4051AC40343D4051AC276C01F
:10626000EF6080480545F5BD4147BDB76D47ADB707
:1062700049479DB702C402C2DDB785476316F504DE
:106280001797FF1F03278720182B83455405830783
:106290005401098B1306640515C38346D40599CEB2
:1062A00003473406130500041377070C6318A7008F
:1062B0001307E4050545EF60A0426DB7014781462D
:1062C0000545EF60803B79BF742493075002E3E9F2
:1062D000D7E889476307F50099476315F500094535
:1062E00011A00D45E91693F6F60F2307D4020147D6
:1062F00099C2385C2107830754018345540513066E
:106300006405C1B7411106C622C42A8497E0FD1F67
:10631000E780206E930700FA3CA4A1451795FF1F64
:10632000034535D6EF903E8D1797FF1F1307870E55
:106330001C237628850793F7F70F1CA31307006427
:106340003347D70263C8E700EF90FEDF9797FF1F40
:106350002382070CB240224441018280411122C4B1
:1063600006C6B1475CA57C590D472A8498A35C25D5
:10637000785993F7F7031CB38347D5042306050424
:10638000898BA1C383474505898BA1C76C5189EDD2
:106390006C50BC299DCB68581946D105210597B092
:1063A000FD1FE780403215A0BC25FDD38947230699
:1063B000F50468591946B105090597B0FD1FE78036
:1063C000803083474405898BE1F78347C404898B78
:1063D00091EB685819469305E404090597B0FD1F31
:1063E000E780602E034744058D47630BF70068582C
:1063F000194693056405210597B0FD1FE780A02C81
:106400008347D404858B91E70347C4048947631706
:10641000F70078581C2393E707041CA3834754050F
:10642000858B91E7034744058D476317F70078583C
:106430001C2393E707F81CA358349D474C24631E84
:10644000F70003455402930760FA3CA42244B2408B
:10645000410117D3FD1F6700C399930720FA3CA49D
:106460000145EDB7411126C2938441B18C40979705
:10647000FF1F23AB071C22C49797FF1F23A4071CF1
:1064800006C6D8559797FF1F83C747C3B706008234
:10649000FD161396476093F7F703758FE607D98FBC
:1064A000DCD51307A0032A8483A741B3635CC70428
:1064B000F84FB7060007558FF8CF2285EFF01FEA97
:1064C000785883A741B22285B8DF9C4098431317C0
:1064D000772998C3D857719BD8D7EFF01FC697D0AC
:1064E000FD1FE780C0849797FF1F83A7E715858B63
:1064F000B1C79797FF1F23A90714B24022449244C3
:106500004101828013072002635AC700F84FB70683
:1065100000F9FD16758FB706000571BFB70600F9C3
:106520006947FD166357C700F84F758FB70600031C
:1065300059B7F84F758F13178729BDBF930700FA16
:106540003CA465BF797122D4930555012A84285D46
:10655000014626D206D697C0FD1FE780A07F89445A
:1065600063140518305C9D46A1441C22BD8B5CB4AD
:10657000183278A4639AD7163C22914493D66700C8
:1065800093F7F70363F2E7169944639F06149305A4
:10659000F7FF9D8D93F5F50F2307B4022832C5440C
:1065A0009376350063920614937645006397061040
:1065B00093064600FD1793F4F70F9377850095CB6C
:1065C0009C328348940213D84700639408170568E7
:1065D000130808F083C80600A207B3F707010358A1
:1065E000A402B3E717016316F814F914890693F4AB
:1065F000F40F418935C19C220965130505F093F715
:10660000F7032302F402BC22A207E98F8832C98F64
:10661000939757607EB08DCF038506006353050ABC
:106620001305C01203485402B387A7020545631C33
:10663000A8082D070A07998F138547ED13084051C5
:10664000034784026374A808136707042304E40261
:10665000F5148D0693F4F40F3C3213F7070261EF43
:1066600093F7070499C79C22FD1493F4F40FA30138
:10667000F402E1E40346E4027C24385C8346C4026D
:10668000918F8907BA9732C63EC802C402C27E3CC7
:10669000850693F6F60F3EC08308540103083402C2
:1066A000834794020347D40283455405034584027B
:1066B00013066405EF60400305A893065600F9171A
:1066C000DDBD794585B729070E07B5B74A3CAA95C0
:1066D0001795FF1F035505D8635EB50013670704C0
:1066E0002304E40293040002B250225426859254FB
:1066F00045618280136707022304E402138741B2D5
:1067000008434EBC4C4513981549232605010F102C
:106710000000184337050200938757ED08C713059B
:1067200000081798FF1F2327A8F286077CD34CC7C1
:1067300005B7D14455BFD94445BFE14475B75D7134
:10674000A6C2B7040300A2C4CAC04EDE52DC56DAA9
:106750005AD85ED686C61794FF1F032424D3138904
:1067600041B2370A02009799FF1F9389A9ED930A56
:106770000008138B41B1938B41B393848415832715
:106780000900F8537DFFD44713971649D8C70F1057
:1067900000000327090093072030B70533002324A6
:1067A000470123A859017CD354C79797FF1F23ABF8
:1067B00007E88347840293F7F7F92304F4029797D5
:1067C000FF1F23AB07E89797FF1F23AF07E6854717
:1067D0001CC383270B00944393F6F6CF94C39443D2
:1067E00093F6F6CF93E6062094C383A60B0090465B
:1067F0004D8E90C624CBD856759BD8D698438346E9
:106800004402137707F893F6F607558F98C397C09D
:10681000FD1FE780C05197E0FD1FE780801D83A723
:106820000900858B89CB22859797FF1F23AC07E052
:10683000EFF05FD131C5930700FA3CA40345840211
:106840008346C402830854011375F5F913650504E2
:106850002304A40203083402834794020347D402AA
:106860008345540502C802C602C402C2723C8506B2
:1068700093F6F60F32C013066405EF50F06609A8D0
:10688000834784021307000293F70706638DE7002E
:10689000B640264496440649F259625AD25A425B9F
:1068A000B25B6161828038249307500AE309F7ECF8
:1068B00071B75971A2D4930555012A84285D014608
:1068C00086D6A6D2CAD0CECED2CCD6CADAC8DEC63A
:1068D000E2C4E6C2EAC06EDE97C0FD1FE7808047D3
:1068E000094759ED032B84071D461307000883460B
:1068F0000B00BD8A54B483471B007CA46392C60876
:1069000083442B00114713DC64002304840393F4B5
:10691000F40363F7F406138714006376F7008946DF
:106920001947630FDC04FD17858F2307F4028347A3
:106930003B0013094B00858B9DE7FD1483473B000B
:1069400093F4F40F898BC5CB0347C4053C5C63000B
:10695000071689469C236318D7069397476063C937
:106960000706494731A883474405130564058DCBC5
:106970001946CA8597B0FD1FE78080E6454721E1AB
:10698000B650265496540659F649664AD64A464B9E
:10699000B64B264C964C064DF25D3A856561828079
:1069A0008547230AF40483470B001946CA8593D709
:1069B0006748A30AF40497B0FD1FE780C0D013090D
:1069C000AB00E514A5BF0347D4059D83E31BF7F88F
:1069D0001946CA851305E40597B0FD1FE78040E01E
:1069E00049D183478402E914190993E7470093F4D6
:1069F000F40F2304F4022285EFF08FDC254749D100
:106A000083463B0093F7460089C7FD14050993F4BC
:106A1000F40F93F7860095CB8347190083459402C2
:106A2000514713D64700E39DC5F40567130707F0E8
:106A3000A207F98F03470900D98F3A346303F7009F
:106A40003EB4F914090993F4F40F93F70601C1C396
:106A50005547E3170CF2834709000967130707F04E
:106A600093F7F7032302F40283472900A207F98F63
:106A700003471900D98F939757607EB00307090029
:106A8000635507006177D98F7EB07E30F5140D090C
:106A900093F4F40F93F6060299C78347840293E7B1
:106AA00007022304F40295EA231F04029DA8054768
:106AB000230EE4049C231946CA859D83A30EF40487
:106AC0001305E40597B0FD1FE780E0BF19BF93F6FB
:106AD0000602F9DA5947E3150CEA4946CA856808FF
:106AE00097B0FD1FE78020BEBC8709477EBC5C4C89
:106AF000B98B6394E70283472408858B6383071A65
:106B00009799FF1F83A9499993056405054A6390E6
:106B1000090C8347C407639B0710B914490993F410
:106B2000F40F83473B0093F7070489CB83470900A1
:106B3000FD140509A301F40293F4F40FC9C0130670
:106B40002003A54505450347190083470900631B3A
:106B5000C7046399B7040347C4076315A704034731
:106B60003900834629002207558F83464900C20613
:106B7000D98E034759006207558F2320E40C034741
:106B800069002300E40E03477900A300E40E0347E5
:106B900089002301E40E03479900A301E40E09478D
:106BA000230EE40663FD970013871700B387F440B4
:106BB000FD171377F70F93F4F70F3A99C9F422856D
:106BC000EFF0AFD48547630BF52E054755BB03C7E0
:106BD0004900834794026313F70C8347540503C7A6
:106BE0005900858B631CF70A1946138569002EC668
:106BF00097B0FD1FE780C0BEB2456311450B8347C8
:106C00009402A308040C2319440D230AF40C8347AF
:106C1000540519461305640DA30AF40C97B0FD1F23
:106C2000E78060AA2320040E230E44079257A25641
:106C30001305040B13D757001D8BA30FE40C034758
:106C4000540213968601A1820507230EE40C7A3CB8
:106C5000A30EE40C2183230FE40C13D78700598E75
:106C60001307040814CF8356C10250CBFD8B2314A5
:106C7000D40882565CDB14DBEFA01FBB0347D101B5
:106C80008967A307A40893760702F249FD17A1EECE
:106C9000B3F9F900F947B389F90295A083A909006E
:106CA000BDB50347440D83479402E314F7E68347D9
:106CB00054050347540D858BE31DF7E419469305EE
:106CC00064051305640D97B0FD1FE78060B185472B
:106CD000E311F5E4A308040C2319A40C2320040EEB
:106CE000230EA406A1B7B3F9F9001377070493079D
:106CF000C012B389F90201C7B7872500BE99834640
:106D0000540205477C246393E618AD078A07B389CC
:106D1000F940B7074B00138749ED938777DAE3EE25
:106D2000E7DE978BFF1F938B2B3D03D5CB003746B8
:106D30000F008146B3A5A902130606242300040808
:106D400033053503EFB0502C83A70B002A8AAE8A97
:106D50008297B307450133B5A700B305550183A654
:106D60008B003E8799E163E4D7003387D74083A740
:106D700001A12320E40A82971307204E33CDE902B4
:106D800023A6A1B083D7EB00B74D0F00938D0D2440
:106D90009387471F178AFF1F034A9A3283DCCB0071
:106DA000814681456686B3C7FD02B30AED0233050D
:106DB000BA03135A1A00B3DAFA02EFB0F0249306BA
:106DC00000321307204E6686B387AC03AA9AB3F746
:106DD000D7028146B387E702B3C79703B335BA0337
:106DE000B3C70708BE9A3305BA03EFB0F021569532
:106DF0006371350BD289B3B55C03032A040A3746A5
:106E00000F002326540B13060624814633855C03AA
:106E1000EFB0901F636CAA083305AA402322A40A8E
:106E20000345D4079307F00F6304F500EF801EE6D7
:106E30008327440A1785FF1F0325456663EC370740
:106E4000338637418327C40D03D7CB009306D4077D
:106E5000A183B3C70708B387E70213070032A285EF
:106E60009387071933D7E70297D0FD1FE780A088E3
:106E70000347D4079307F00FE301F7CAFD5723191F
:106E8000F4085C4C93E747005CCC41B9A9078E0736
:106E9000BDBD37153D0066868146130505908145C9
:106EA000EFB09016B38AA9408D49B1B783A78B0084
:106EB0003E9A9DB703A78B00BA9759B78947631CC1
:106EC000FC007C34858B81CB8347440589C71C3803
:106ED000CDC3FD171CB897E0FD1FE78080B1228568
:106EE000EFF0AFA58347840293F70702E38F07CC47
:106EF0007E301397576063520708CE07CD83130780
:106F0000C012034654028546B387E702782463180B
:106F1000D6062D070A07998FB7064B00138647ED53
:106F2000938686DA13071002E3ECC6A41307006405
:106F3000E36DF7C8138741B2104354469395164941
:106F40004CC60F100000184337060200938757ED18
:106F500010C7130600089785FF1F23ADC56E86076F
:106F60007CD354C7930750FA3CA48347E4025EBC29
:106F7000A9B92285EFF00FCF89B9794759B7290709
:106F80000E0751BF411122C4930555012A84285D83
:106F9000014626C206C64AC097C0FD1FE78080DBB7
:106FA000894435E5032984079D4693040008034777
:106FB00009003D8B58B4834719007CA46319D7049A
:106FC000034784029944136787002304E4020347BC
:106FD00029009376F70319831DEB1387160091445C
:106FE0006377F702FD17958F2307F4028347390073
:106FF00093054900858B8DCF834644050D47834714
:1070000009006392E61293F7070489EBC544B24086
:1070100022440249268592444101828068501946E3
:10702000510597A0FD1FE780A07B9305A90079DD9E
:1070300083473900C94413F7270071FB230E04046A
:1070400013F74700CD4461F793F40702639F0412DE
:1070500013F7870005C398318566938606F02207EB
:10706000758F94218905558F3AB403C7F5FF1183B5
:10707000A304E402C18BB9CF9C210967130707F071
:1070800093F7F7032302F402BC21A207F98F98318A
:10709000D98F939757607EB003870500635F070819
:1070A0001307C012034654028546B387E7027824CB
:1070B0006317D6082D070A07998F138747ED9306A4
:1070C000405163F1E6088347840293E707042304F1
:1070D000F4028D058347390093F7070481C79C218B
:1070E000A301F402030744013C38634AE0088547E2
:1070F0005CA82C380545EF80FEFD08B82285EFF02E
:10710000CF838547E315F5F0834784021307000218
:1071100093F70706E39DE7EE930750FA3CA48347F5
:10712000E4025EBCEDB50347540593D76748E31FFF
:10713000F7EC194613056405EDB57947A5B729079E
:107140000E079DBF138741B210435446139516494D
:1071500048C60F100000184337060200938757ED0A
:1071600010C7130600081785FF1F2325C54E860785
:107170007CD354C78347840293E7070289BF858382
:1071800099C33CB8BDB78547EDBFD94449B5011196
:1071900026CA938441B3984022CC4AC84EC606CE34
:1071A0005C57138941B1938941B2F59B5CD70327A2
:1071B0000900834645021784FF1F1304A4481C439B
:1071C00093F6F607014693F707F8D58F1CC3B7C7A8
:1071D000898E938767ED1CC7B7575500938757551E
:1071E0005CC303A709009305F00F5C4393E7170006
:1071F0005CC3930710FA3CA5034555022320040005
:1072000097C0FD1FE780E0E283A60900232A04005F
:10721000032709002322040085479CC21C4337062C
:10722000330093F7F7CF1CC31C4393F7F7CF93E7D3
:1072300007201CC39840F24062441C47D244424994
:10724000D18F1CC7B707030093878715BCCAB24903
:1072500005618280411106C622C4FD572308F5024C
:10726000834715022A842301F502A147A300F502F2
:10727000354597D0FD1FE780607F2285EFF03FF115
:10728000938741B2984354471396164950C70F103D
:1072900000009C433707020098C7130700081786B1
:1072A000FF1F2329E63A0567130727A8F8D3D4C799
:1072B000930740FA3CA4B24022444101828001116C
:1072C00022CC930555012A84285D014606CE26CAA4
:1072D0004AC84EC652C497C0FD1FE780A0A76311DD
:1072E0000542832984071307F00783C60900BD8A76
:1072F00054B483C71900A301E402230A040493F7DA
:10730000F7037CA4230E04041D476399E632544C12
:107310001167758F6318073E03C929009374F90339
:10732000138714006392E73E135969002304240372
:1073300083C73900138A490013F7170051CB63172D
:10734000093CC18B91C70347140289476300F73C8E
:107350008547230AF40483C70900D285194693D7C9
:10736000674813056405A30AF40497A0FD1FE7808E
:10737000803583C73900E514138AA90013F7270065
:1073800093F4F40F25EB83C7390013F7470063111B
:10739000073893F60701A18BC5C383471A00056719
:1073A000130707F0A207F98F03470A00D98F3EB4ED
:1073B00083471A009183A304F402FD572301F402CA
:1073C000C1E6F914090A93F4F40FA3060402F9A024
:1073D000FD1413F7270093F4F40F55D7630C09003D
:1073E0008D44F24062444249B249224A2685D24441
:1073F00005618280C18B91C7034714028947E3016D
:10740000F7FE8547230EF4043C5CD28519469C2385
:107410001305E405E9149D83A30EF40497A0FD1F52
:10742000E780602A83478402190A93F4F40F93E7F4
:1074300047002304F40281BFFD57A304F402230193
:10744000F402C1D6D54471BF97D0FD1FE780605AC2
:1074500083472A000967130707F093F7F70323020E
:10746000F40283474A00A207F98F03473A00D98FF5
:10747000939757607EB003072A0063550700617732
:10748000D98F7EB083474A0009479583A302F4024F
:10749000E36AF7FAED14150A93F4F40F83C7390081
:1074A00013F707026318072613F7070405C313F73A
:1074B000070111C7834614020947638FE624034777
:1074C0000A00FD1493F4F40FA301E402639804246A
:1074D000631A09022285EFE0BFAE19E1A54411B796
:1074E0002285EFE09FC27DD983C73900C18B95E328
:1074F00097D0FD1FE780E04F228523070402EFE0CD
:10750000DFC389B7C18B91E797D0FD1FE780604E3D
:1075100015BF834754027230230604028507A30671
:10752000F4029317566063DF070C4E064D829307F3
:10753000C012034714023306F60285476316F700AC
:107540007C24A9078E071D8EB7074B00130746ED55
:10755000938787DA63E6E71C9307005063E6C70A60
:10756000938441B29C40D84793161749D4C70F1053
:1075700000009C40B70602001789FF1F1309890C01
:1075800094C7130656ED930600082328D900060673
:10759000F0D3D8C7F8537DFF834714022285230117
:1075A000F402A147A300F402EFF07FBE9C40D8474D
:1075B00093161749D4C70F1000009C40B70602006D
:1075C0009304000294C7930600082328D900930669
:1075D000A032F4D3D8C797B0FD1FE780407583274A
:1075E0000900858BE38F07DE22856244F240D24496
:1075F0004249B249224A9787FF1F23A50704056124
:107600006FF02FABF94735B7034704039307F00F2B
:1076100093041002E317F7DC930710271306F6D83C
:107620003356F60293060403A285170500001305DE
:10763000A5C29304F007EF80EEC765B3130770048B
:107640003357D700058B93040008E30C07D8E917DC
:1076500093F7F70F7D47E366F7D88544230A940430
:1076600083C7090019469385290093D767481305F6
:107670006405A30AF40497A0FD1FE780C0045C34EE
:10768000230E0404639197022C5C230EF404194624
:107690009C211305E405A1059D83A30EF40497A086
:1076A000FD1FE78040022285EFE09F918547AA8475
:1076B000E316F5E22285EFE05FA5E31195E25C3485
:1076C00081C71947639CE7006434858881C8834774
:1076D000440589C71C3889CFFD171CB897D0FD1FFA
:1076E000E7802031583491476318F7009D44D5B99D
:1076F0002285EFE03FD7F5B12285EFE01FA4FDB76B
:107700008944C5B1A144F1B99144E1B9C544D1B9A5
:10771000CD44C1B9D944F1B1DD44E1B1E144D1B1C5
:10772000930410027DB9411122C4930555012A84A6
:10773000285D014626C206C697B0FD1FE78080611E
:10774000894429E12C5C7D4791449C31230E04043B
:1077500093F7F7037CA4E91793F7F70F6364F70235
:107760009C211147A144BD8B5CB4639DE700834617
:1077700044050D479C21AA846395E60493F707040A
:1077800081EBC544B2402244268592444101828067
:10779000685019468905510597A0FD1FE7804004F0
:1077A0006DD1030744013C386348E00285475CA87B
:1077B0002C380545EF801E9208B82285EFE0FF9730
:1077C000D1B70347540593D76748E31CF7FA194626
:1077D000890513056405C9B7858399C33CB8C9BF3A
:1077E0008547EDBF011122CC1784FF1F130484E5E8
:1077F000584C26CA06CE4AC84EC695479784FF1FE6
:1078000083A4C4C86306F700584C8D47631FF70074
:107810008347140281E7930760101EB0F240624470
:10782000D2444249B249056182805C4C138941B21D
:107830008327090037070200194523A2070698C7C6
:107840009787FF1F23A807E0938941B197D0FD1FB9
:10785000E780C02103A70900B7C7898E938767ED2A
:107860001CC7B7575500938757555CC383C724027D
:107870001307F00F6387E700A380F402FD5723810D
:10788000F4020327090001469305F00F5C4301450C
:1078900093E717005CC3930710FABCA499475CCC2C
:1078A0009787FF1F23A007DA138441B397B0FD1F0A
:1078B000E780207818405C57F59B5CD783A60900C9
:1078C00098349C421377F70793F707F8D98F9CC237
:1078D0009787FF1F83C7478399C703A541B097A028
:1078E000FD1FE780602603A70900B70633001C438D
:1078F00093F7F7CF1CC31C4393F7F7CF93E7072009
:107900001CC318401C47D58F1CC703270900B707A5
:107910000300938787153CCB9787FF1F23AE07D2C1
:107920009787FF1F23A207D285471CC3C5BD4111FE
:1079300022C406C626C21784FF1F032424B50347AA
:107940001402A147630BF70A9786FF1F83A646D14F
:1079500099476394F60A89441C346315970A130700
:1079600070026380E710130750029305700263945E
:10797000E700930560020CB483A741B19843370632
:10798000CEFF7D161377F7CF1367071098C303A7B1
:1079900041B3144703A541B237083300F18E14C731
:1079A0003706030030C99786FF1F23AD06C89786A8
:1079B000FF1F23A306CA9786FF1F23A706C8854675
:1079C00014C194431306861593F6F6CF94C39443DB
:1079D00093F6F6CF93E6062094C31447B3E6060168
:1079E00014C730C95457F59A54D79843137707F8FA
:1079F0004D8F98C3930710FA3CA4B240224492449E
:107A000041018280130770026386E70293065002E9
:107A10006394D7001307600218B483A641B3DC5601
:107A2000F59BDCD683A641B19C4293F707F8D98F2A
:107A30009CC2C9B783470402898B85C77238A145A8
:107A40001775FF1F0345F563EF80CE929307500231
:107A5000A30094021CB42244B240924441016FF04E
:107A60007FD822852244B240924441016FE09F8931
:107A70009787FF1F9387079A03A7070A25E31787AE
:107A8000FF1F130727BC504FA9466309D604544F64
:107A90002D476385E604411122C4A05F06C6177511
:107AA000FF1F0345155E8347040213F7170011C734
:107AB0008547322CA300F40239A0898BF5DB72389C
:107AC0008947A300F402A145EF80CE8A93075002B4
:107AD0001CB42244B24041016FF0DFD0828001111A
:107AE00022CC26CA4AC84EC652C456C25AC006CE76
:107AF0001784FF1F03248499930A200A1309100A8C
:107B00009304600A130B400A9309500A178AFF1F57
:107B1000130A4AB33C246398570B938741B29843A6
:107B200054471396164950C70F1000009C4337075F
:107B300002009784FF1F9384E4B098C713070008DE
:107B400098C803A741B118431357774835C31307A3
:107B5000E018F8D3D4C797B0FD1FE780401D9C40C4
:107B6000858B8DCB9787FF1F23AE07AC97D0FD1F6A
:107B7000E78020E82285EFF01FBB09CD0307440111
:107B80003C38634A0702FD575CA82C380545EF8056
:107B90006ED408B81C24638807126244F240D244B1
:107BA0004249B249224A924A024B05616FF09FC393
:107BB0001307E01A79BF860793F7F70F99C33CB80C
:107BC000E9B7FD57EDBF6391270383270A00858B33
:107BD000F1D322859787FF1F23A607A6EFF02FEE8C
:107BE0003C24E39927F37DB76392970A938741B2C8
:107BF000984354471396164950C70F1000009C43F2
:107C0000370702009784FF1F9384C4A398C7130704
:107C1000000898C803A741B118431357774821CFEC
:107C20001307E018F8D3D4C797B0FD1FE7802010E2
:107C30009C40858B89CF9787FF1F23A507A097D0EE
:107C4000FD1FE78000DB2285EFF0CFB309CD0307EE
:107C500044013C3863440702FD575CA82C380545B5
:107C6000EF804EC708B838249307500AE314F7F2A0
:107C7000EFE0FFAC05B71307E01A6DB7860793F77F
:107C8000F70F99C33CB8D9BFFD57EDBF639A67039F
:107C900097B0FD1FE780A00983270A00858B81CB61
:107CA00022859787FF1F23AF0798EFE09FC03C24F2
:107CB00063943701EFE0BFA83C24E38D97E4D9BD7E
:107CC000E38A37FFC1BD9777FF1F83C7E74399CF8B
:107CD0006244F240D2444249B249224A924A024B9B
:107CE0000145056117A3FD1F670003E6F2406244EA
:107CF000D2444249B249224A924A024B05618280EB
:107D00004111B7E700E026C284433707200006C6CA
:107D100022C44AC0F98C23A0E7180F1000009787EF
:107D2000FF1F9387279203C7170211CB83C6070251
:107D300009476396E6001787FF1FA3050792D44FF4
:107D400021476386E600D44F1D476398E600D84F6D
:107D50002380E7020547A380E70297D0FD1FE78055
:107D600040C91774FF1F0324647268402315040080
:107D70002304040097B0FD1FE780A0441779FF1F7C
:107D800013090930034539009145231004042322C7
:107D9000040423240404EF701EE603453900A145C2
:107DA000EF707EE5034514039307F00F6307F500BA
:107DB000EF70DEEDFD57A308F402034504039307BB
:107DC000F00F6307F500EF707EECFD572308F40217
:107DD0009777FF1F83C7473391C7014597A0FD1FC2
:107DE000E78080D6B2402244B7E700E023A0971096
:107DF0000249924441018280411106C6FD57A30801
:107E0000F5024546930500080145EFD03FC6B24054
:107E100041016FF0FFEE9777FF1F83C7972685EF2D
:107E200041111765FFFF1305852C06C6EF802E88CC
:107E3000EF608FB8B24097E7FFFF9387670F177720
:107E4000FF1F2327F76497070000938787C923A2A2
:107E5000F1B04101828097E7FFFF9387670D1777A5
:107E6000FF1F2327F76297070000938787C723A286
:107E7000F1B08280411126C206C622C44AC0EF90EA
:107E80003F84AA8439C9EF904FF22A846305051014
:107E9000930710113EA5930700FB7CA585471CA9FD
:107EA0001779FF1F13094920835709011307401051
:107EB00093053025A50713050004B3C70708B3D7FA
:107EC000E70A33F5A70A97B0FD1FE7802023232890
:107ED000A41019E90A24EF905F8CB24022440249B1
:107EE00026859244410182809777FF1F83A74779B7
:107EF000232AF4109777FF1F9387C75103A6070D16
:107F000083A6470DBA3F83C7A704232CC40E232E94
:107F1000D40EA304F416FD572310F4047EB01EB44F
:107F20008347E4022324C4102326D41093E707FCDC
:107F30002307F4028567938787BB2315F404231274
:107F4000E414228523130414EF709FF003454901C4
:107F50002301A414EF10206CD147A303F418930756
:107F60008002A302F4189307C04E231CF416930753
:107F7000F007230DF416F5779387A7EB231EF4166D
:107F8000A301A4142300A418A300A4189777FF1F2B
:107F90002396074899B7854489B7411122C426C260
:107FA0004AC006C69774FF1F9384C4462A84A8302B
:107FB000834504031779FF1F1309090FA307A402C0
:107FC000EF80EE889775FF1F93850513D2253E3C01
:107FD00093060032232AA4083387C7028C453358FE
:107FE000D7023377D702232604091308204E33071C
:107FF0000703B38707033347C702B3D7A7021AB0F3
:1080000003478901BA971A3C93878716B3C70708B5
:1080100005073307C7022312F4081307071933575C
:10802000D70283268408BA9663E5E600368663E4C1
:10803000B6003386B640034774039306204E2313DD
:10804000F4083307D7022328C40822852311E40843
:10805000EF705FBF2285EF705FDA6E3C228592057C
:10806000F915B3C50508EF703FBA2285EF909F80E0
:1080700083A7C1AF23A0840A898B91CF83270903EB
:1080800099CB832584093545829783270903832566
:10809000C4093945829722852244B240924402495C
:1080A0009777FF1F239F07369777FF1F23AC07366D
:1080B00041016F808FBE83574508035705088946E5
:1080C0003357D70AB397E7002313F5086F80AE87BD
:1080D000011122CC26CA4AC806CE4EC68347650384
:1080E00038392A848507230BF502138941B25C25B0
:1080F000938441B1631A07501439BD9B93E737004D
:10810000130700045CA5A30D050038B993974660DA
:1081100063D8070093F6F60714B9EFD00F8039A89B
:108120008327850A13F7270025C3F59B2324F50A27
:1081300083270510918BB1C7EFA03FC9343C854719
:1081400058246399F60483278411DC4398A383277A
:1081500084115838DC4398B303278411832709001E
:108160005843B8DF9C4098431317772998C3D857D2
:10817000719BD8D7F2406244D2444249B24905616A
:108180008280EFA09FC25DBF13F717000DC3F99B5C
:108190002324F50A83270411582498A38327041164
:1081A000583898B383270900032704115DBF1829A5
:1081B00085496310371DE1C313F7070119C7BD9B3C
:1081C0002324F50AEFB0CF9F95BF13F7070201CB29
:1081D00093F7F7FD2324F50AEFB00FB285B713F735
:1081E000070401CB93F7F7FB2324F50AEFA09FC206
:1081F000B1B713F7070809CB93F7F7F72324F50A6C
:108200002285EFA09FCD1DBF13F7072009CB93F761
:10821000F7DF2324F50A2285EFA0FFDC05B713F76B
:10822000074001CB93F7F7BF2324F50AEFB0FF9186
:1082300031B71317B0287D8F01CB9397B74823240C
:10824000F50AEFA09FF2DDBD05677D8F01CB939707
:10825000C7482324F50AEFA0BFF3CDB509677D8F8A
:1082600001CB9397D7482324F50AEFA0DFFDF9B59A
:108270002324050A05B78327450A6384073013F7CB
:10828000070401CB93F7F7FB2322F50AEFA0BFAB5E
:1082900075B513F7071001CB93F7F7EF2322F50A13
:1082A000EFB0AF9661BD13F7072019CBCD8A63916C
:1082B000060E93F7F7DF2322F50AEFB0AF99BDBDA5
:1082C00013F7074001CB93F7F7BF2322F50AEFA07E
:1082D000FFB1ADB51317B0287D8F01CB9397B74889
:1082E0002322F50AEFA07FB491BD05677D8F11CBE6
:1082F000CD8AD9EE9397C7482322F50AEFA09FC6EF
:1083000035BD11677D8F01CB9397E7482322F50A8E
:10831000EFA01FE025B541677D8F01CB93970749FB
:108320002322F50AEFB0CFA611BD370702007D8FDB
:1083300001CB939717492322F50AEFA01FE1FDBB5C
:10834000370710007D8F01CB939747492322F50A09
:10835000EFA05FEAE5B3370780007D8F01CB9397ED
:1083600077492322F50AEFB0CFDBC9BB2322050AE8
:1083700015B519CF1306A0056367E6041306F003CD
:10838000636AE60015171377F70FF54763F4E70202
:10839000228561B3130707FC1377F70F6946E3697A
:1083A000E6FE17E60000130666863347C72018432B
:1083B0003297028797E600009386068C3347D720D2
:1083C0001C43B69782879307200763ECE702930765
:1083D000000763E8E722930760066301F7221307AB
:1083E00067F91377F70F8549E3E4E9FAEFC0FFD2A5
:1083F0008327040A9397B7282320F40A230834011B
:1084000035BB93076007E30EF7E293076008E311BB
:10841000F7F8EFA05FE33DA01317B0287D8F2DDBA9
:108420009397B7482324F50AEFA03FD4930700049D
:108430001CA829B38347B5029DC305476396E7008F
:10844000EFB08F8B8547EDB783270510918BC5C79C
:10845000BD472306F4022285EFA03F97E5B7EFC0A2
:10846000DFCB8327040A93E727002320F40AD9BF30
:10847000EFC0BFCA85471CA88327040A231104063E
:1084800093E747002320F40A55B9EFA06FFFD947BF
:10849000230AF40465B1EFC05FC88327040A93E799
:1084A00017002320F40A2308040049B997A0FD1FF0
:1084B000E780C0ACE30405C88547A306F404228521
:1084C000EFA0BF868347C404F99B2306F404BDB123
:1084D000EFC0BFC4C9BF83278510858B81C7EFA0BC
:1084E0007FE4A9B9E947A305F50283270510918B1D
:1084F00099C38D47B9BF2285EFA03F8BA1B7EFA0ED
:10850000CFFA8347D40491CB41469305C40A13059F
:10851000C40C9790FD1FE780001B8347C4042326EB
:10852000040E2328040E93E717002306F40439B140
:1085300083270510918B91CB8D472306F502EFA081
:10854000DF881C38DD9B1CB8F5BDEFA01F86D5BFAA
:108550008347C5042322050E2324050E93E7270035
:108560002306F504EFA02FF61C38A3050402DD9BBB
:108570001CB88327040A93E70701C5BDEFA09F89B4
:10858000D1B597A0FD1FE780609FE30905BA09B543
:108590000347A51411CB83476514B317F0286385EF
:1085A000E70093E6060114B90347B41419CB8347D7
:1085B0007414B317F0286386E7001C3893E70701AB
:1085C0001CB87C2C91CF1C38C18B99EB8327040AF3
:1085D00093E707202320F40A2285EFC01FB49DB53E
:1085E0008307B417F5DB83274410898BF5D78327DE
:1085F000440A939747292322F40AF9BFEFB0EFD436
:1086000091B5EFC09FB1DDBB1777FF1F130787E060
:108610001E2B85071EAB1DB68347E518858B638C23
:10862000070E397122DC06DE26DA4AD84ED652D43D
:1086300056D25AD05ECE62CC834765132A8413D7B4
:1086400037002A97834607139D8B33D6F640058A59
:1086500055CE034545037D57FD4759152C003AC4B7
:108660003EC613154560EF104014032684132247BD
:108670008326C413B247718FF58F6314E6006386B7
:10868000F6062800EF904F9A894763F0A70629461F
:108690008145130574199790FD1FE7804009224911
:1086A000B249814A0D4C930B500256864A85CE85BD
:1086B000139A4A60EF90D051135B2A40229B137AA1
:1086C0003A00058983447B19060A05CDB3944429F1
:1086D00093F4F40FA30B9B18850AE3987AFD834764
:1086E000E41893E787002307F418F2506254D25439
:1086F0004259B259225A925A025BF24B624C2161A2
:108700008280331A4C01B3E44401D9B7B396F628FA
:108710002308D712D9BF8280397126DA9774FF1FD8
:10872000938444CF22DC03A4C4094AD84ED656D23F
:1087300037090300B74A0F00B709008252D45AD054
:1087400006DE5ECE62CC66CA6AC86EC6130A89159A
:10875000138BFA23FD197C241307000D639BE71E7E
:10876000938B41B283A70B0098430D8B1DC32384C9
:1087700001A0B84B1377F78FB8CB984313678700E6
:1087800098C39C4393D7374889C701000100010073
:1087900001009777FF1F83C7279789E797A0FD1FE1
:1087A000E78060A68347C404858B89C7A2850545F9
:1087B000EF00D053138C41B103270C0083472414DE
:1087C000938C41B354579395476093F7F703B3F6EF
:1087D0003601E607D58F5CD79306A00383A70C006C
:1087E00063D8B610F44F37060007D18EF4CF832735
:1087F000840983A60B00177DFF1F130DADE41CC772
:108800008327C4095CC3DC4293E71700DCC25C57D2
:10881000F19B93E717005CD78355041E0356241E73
:1088200003457414930710FD7CA491059307000C75
:108830002320FD00B3C5050897A0FD1FE780607FDA
:1088400083457414054683A60B00035724088357F9
:108850006408639BC50C13071703D046B3A7E72032
:1088600013171649D8C60F10000003A70B00B70650
:108870000200860714C7930600082328DD007CD376
:1088800050C79777FF1F23A907DC03A60B00977734
:10889000FF1F23AB07DA85471CC28346C404832726
:1088A0000C0003A70C00858AD9C29443B705330096
:1088B00093F6F6CF94C3944393F6F6CF93E606204F
:1088C00094C31447CD8E14C79306891734CA5457DE
:1088D000F59A54D783466413984393F6F6071377B3
:1088E00007F8558F98C397A0FD1FE7804044A5B5B2
:1088F0009306200263DAB600F44F370600F97D16BE
:10890000F18E37060005D5B5370600F9E9467D1624
:1089100063D7B600F44FF18E37060003F9B5F44F74
:10892000F18E93968629D9B5130717043DB7944362
:10893000B705330093F6F6CF94C3944393F6F6CF7E
:1089400093E6062094C31447CD8E14C7232846050A
:10895000BDBF1307100D6390E752977BFF1F938BEA
:108960006BCE83A70B00858B638C074483A70B001A
:1089700093F70708CDCF7C34176CFF1F034C4C7462
:1089800093F7070299CF3E3C1307204EB387E702C7
:1089900003274409B3D7E7021307CC03BA9723127E
:1089A000F408976DFF1F938D2D750355440803DD63
:1089B000CD0037460F0013051504B325A503130694
:1089C0000624814683AC4B033305AD02EF90D063A0
:1089D0008327C40803A68D003385A740B3079501FC
:1089E000BE8563E4A70063E4C700B385C7400327DF
:1089F0000409636FB71283566408835724081385EC
:108A00000A240D8FB3A7F620B387A703DA97B3D74D
:108A1000A7026365F7001D8E6374E6002328B4087F
:108A20008582B3F6860B231004082313D40803258C
:108A30004411130624039305440397A0FD1FE78008
:108A4000603103D764048347440323ACAB00998FA0
:108A5000230AF402832744111307F0039C23636461
:108A6000F7008D8B81E7854723ACFB0083A78B0143
:108A7000858B639907268347A40293E72700230584
:108A8000F40283A70B0093F7070889CF0347641309
:108A900093573700A29783C607131D8B3397E64879
:108AA0002388E7127C34898BD5C32285EF70CFBA37
:108AB00051ED7C34A309040093E747007CB483277D
:108AC00084118DCB383C1DC79837058B05E7BA2735
:108AD000C843136707F0BAA797A0FD1FE780606E31
:108AE0008357440485072312F404832784119C438D
:108AF000232CF4105C3881CB8347C404898B81C755
:108B00002285EF70AFB91C28130720026394E70297
:108B10008327040AA305040293E787002320F40AAD
:108B20001C3893E787001CB8930740021CA839A89B
:108B30003297D1B513070006639CE70A85471CA846
:108B40008347A40293E717002305F40283A78B0150
:108B5000898BF5C38347C404858BF1CF1C3C850703
:108B60001CBC7C3413F7270031E393E727007CB467
:108B7000930700F85CAC3E3C1307204EB387E70236
:108B800003274409B3D7E7021767FF1F034747537B
:108B90001307C703BA97B3C707082312F408860759
:108BA0002311F4089777FF1F23A607902285977754
:108BB000FF1F23A907A8EFF0AFD14C380345641479
:108BC000910597A0FD1FE780C0225C386381071CD8
:108BD0008347C404898B638C071AA2850145EF0083
:108BE000F00A6308051097C0FD1FE78080E09DA490
:108BF000130770066397E70203A741B13C57ED9B4B
:108C00003CD79777FF1F238007A6371700401E2FFA
:108C1000C607C5831EAF5C2493F7F7FD5CA48547A8
:108C200031B77147E394E7F28327040A93E717000B
:108C30002320F40A21BF2285EF702FA41DF1A30C7D
:108C400004002285EF708F9E1C38A18B8DCB7C2871
:108C50009DC77C38094793F7B70F6382E7029307F4
:108C6000D003230AF404930770021CA88347C404AA
:108C7000858BE38807EE2285EF704FA7DDB55C3466
:108C80000D476394E7047C381307A0026372F70270
:108C90007C381D476388E702A306F4028327840A11
:108CA000228593E717002324F40AEFA08F8319A8E5
:108CB00017D700001307C7DDB3C7E7209C43228501
:108CC000829779F57C28DDF369BDE38C07E87C2881
:108CD000E38907E822859790FD1FE780A039E3121A
:108CE00005E8CDB71C2C85071CACFE248507FEA427
:108CF0008DBD03A741B11C43B706330093F7F7CFEF
:108D00001CC31C4393F7F7CF93E707201CC303A7AB
:108D100041B31C47D58F1CC7B707030003A741B257
:108D2000938787273CCB83A741B1984313177729B3
:108D300098C3D857719BD8D7930720FD7CA4976719
:108D4000FF1F83C7673CE39007BA83270412E38CB5
:108D500007B87834058BE30807B8D443D0278C27AD
:108D60000A248906EF309010E31F05B6832704120A
:108D7000BA27136707F0BAA79C432320F41283573E
:108D80002404E38207B6FD172311F404A9BE03A748
:108D900041B11C43B706330093F7F7CF1CC31C4304
:108DA00093F7F7CF93E707201CC303A741B31C47F2
:108DB000D58F1CC783A741B213078925B8CBA5B7A8
:108DC00083A741B2FC53E398079897C0FD1FE78043
:108DD00040C283A70B00228593F707086381071E13
:108DE000EFF06FADBE2822858507BEA8EFF0DF82C9
:108DF00083570404A5C313074006B3F7E702B9EB92
:108E000083A7C1AF898B9DCF1769FF1F1309C9299C
:108E10000327090305CB9E28AE282545C207DD8D13
:108E2000029783270903EE242945829783270903A4
:108E3000831524032D458297832709038305440363
:108E4000314582979767FF1F239D075C9767FF1F38
:108E500023AA075C22856254F250D2544259B25977
:108E6000225A925A025BF24B624CD24C424DB24DA6
:108E700021616F706FED1307200DE396E7D6976BB6
:108E8000FF1F938B2B7C83A74B00858B638C071272
:108E90000327040A9767FF1F23A8077A8967F98FBA
:108EA000EDE722859790FD1FE780C0298547631E67
:108EB000F50C8355041E0356241E034574149105B6
:108EC000B3C5050897A0FD1FE780A0168347C4041B
:108ED000138C41B2938C41B1858B138D41B3BDCBC3
:108EE000A2850545212503A70C00B70633001C43C6
:108EF00093F7F7CF1CC31C4393F7F7CF93E70720F3
:108F00001CC303270D001C47D58F1CC783270C00EB
:108F100013078917B8CB930710FD7CA483270C0097
:108F2000D44713971649D8C70F10000083270C00A9
:108F30003707020098C71307000823A8EB0003A710
:108F40000C0018431357774815CF1307E018F8D3D0
:108F5000D4C751BA03A70C00B70633001C4393F7DC
:108F6000F7CF1CC31C4393F7F7CF93E707201CC32D
:108F700003270D001C47D58F1CC783270C0023A88F
:108F8000470551BF1307E01AD9B797C0FD1FE78007
:108F900040A61C3C85C73D476379F7009305D00385
:108FA0002285EF706FEDA305A4029767FF1F83A7CB
:108FB000A71289C795451305500882972285EF703F
:108FC0001FAC49BD83A741B2FC53639607F897C015
:108FD000FD1FE78000A2DDB7411106C6EF605FB05C
:108FE0009767FF1F9387074317F7FFFF1307C7E82C
:108FF00023A8E70AB24017F7FFFF130747FA23AA8F
:10900000E70A97F7FFFF9387677123A4F1B0410147
:109010008280797122D42A841305050B06D626D2C4
:109020004AD05AC84ECE52CC56CA5EC662C41389C4
:1090300001A1EF806FFF832709008324040AA3079F
:10904000A4088297176BFF1F130B0B0B63EAA41680
:10905000B74B0F00938B0B243385A440B3357503B6
:109060000356CB008146130C204E33057503EF9059
:10907000A0798327090023000408AA89829723A6E0
:10908000A1B08357EB008324C40D176AFF1F034A66
:109090003A039387471FB3C7FB02A180B3C40408F8
:1090A0000359CB00814681454A86B38A8403330540
:1090B0007A03B3DAFA02EF902075130700324A867A
:1090C00081468145B307990293541A00AA9AB3F7CF
:1090D000E702B3878703B3C7270333857403B3C796
:1090E0000708BE9AEF9040725695636E35013715AA
:1090F0003D004A868146130505908145EF90C0707A
:10910000B38AA9408D44B33559038329040A3746ED
:109110000F002326540B13060624814633055903FA
:10912000EF90806E63E2A90A3385A9402322A40A46
:109130000345D4079307F00F6304F500EF601EB5F5
:109140008327440A1765FF1F0325453563E2970807
:10915000338697408327C40D0357CB009306D4076B
:10916000A183B3C70708B387E70213070032A285BC
:109170009387071933D7E70297A0FD1FE780A05711
:109180000347D4079307F00F630FF7005C4C0547C4
:109190002300040893E76700A308040C2319E40CD8
:1091A0005CCC230EE406B250225492540259F24988
:1091B000624AD24A424BB24B224C01454561828001
:1091C00083278B00BE9469B583278B00BE99A9BF06
:1091D00003278B00BA97ADBF01114AC81769FF1F5B
:1091E0001309492322CC0324C90B26CA4EC652C4F4
:1091F00056C206CEAA848149130A2500854A39E061
:1092000093057025314597A0FD1FE78020EF2A8444
:10921000014539C89C301946938524001CB01305BC
:1092200024009780FD1FE780004A8327C90BB1E720
:10923000232E890A232404008347890B8507230CE6
:10924000F90A15A018309C306305F700A289004484
:109250007DB71946D285130524009780FD1FE7804E
:109260002058E31555FF0545F2406244D244424977
:10927000B249224A924A05618280E38D09FA23A409
:1092800089004DBF1765FF1F0325852411E99767E6
:10929000FF1F23AF07229767FF1F238907228280C2
:1092A000411106C622C4004597A0FD1FE78060F16A
:1092B000228575F8B24022449767FF1F23AA072032
:1092C0009767FF1F23840720410182809767FF1F54
:1092D0009387471423AE070A238C070A82801387DB
:1092E00001B11C439306001094C30100010001006A
:1092F00001001C4323A00700143103480500A20607
:10930000B3E606010348250042083368D80034312B
:10931000E206B3E6060194D7543103484500A2069D
:10932000B3E606010348650042083368D80074318B
:10933000E206B3E60601D4D7143503488500A20639
:10934000B3E606010348A50042083368D800343567
:10935000E206B3E6060194DB54350348C500A206D5
:10936000B3E606010348E50042083368D8007435C7
:10937000E206B3E60601D4DB94318821A206C98E49
:10938000A8214205558DB431E206C98E94CFD4315F
:10939000C821A206C98EE8214205558DF431E206A6
:1093A000C98ED4CF88259435A206C98EA82542053A
:1093B000558DB435E206C98E94D3D435C825A2069E
:1093C000C98EE8254205558DF435E206C98ED4D301
:1093D000D443F59AD4C3D44393E61600D4C394433C
:1093E00093E6160094C31443DC42858BBDE39C4E88
:1093F00001451CA21C439C4FA1831CB21C439C4FE3
:10940000C1833CA21C439C4FE1833CB21C43D84F18
:1094100058A2D84F218358B2D84F418378A2D84F51
:10942000618378B2985318A69853218318B698533D
:10943000418338A69853618338B6D85358A6D85379
:10944000218358B6D853418378A6DC53E1837CB698
:109450008280010049BF011122CC2A84354506CE05
:109460002EC632C497B0FD1FE780406003A741B20B
:109470003C4B228593E707083CCB2246B245EFF0F0
:109480001FE6F240624401450561828003A741B2B4
:109490003C4B93E707083CCB0100010001000100B1
:1094A00093850508F851160583A701B113650508D2
:1094B00088C398CBB8550145D8CBD85D98CFB84173
:1094C000D8CFF84198D3B845D8D3F84598D7B849FC
:1094D000D8D7F84998DBB84DD8DBF84D98C7B851C4
:1094E000D8C798431367070498C3828003A741B283
:1094F0003C4B93E707083CCB010001000100010051
:1095000093850508F855160583A701B1136505086D
:1095100088C398CBB8590145D8CBD85D98CFB8410E
:10952000D8CFF84198D3B845D8D3F84598D7B8499B
:10953000D8D7F84998DBB84DD8DBF84D98C7B85163
:10954000D8C798431367070498C3930700081767A1
:10955000FF1F2325F710828083A741B19843370668
:1095600000827D161317772998C31307F03F98DF01
:1095700013070005D8DBD8571317F729D8D7D457C6
:109580001767FF1F034787B3931547601377F703E8
:10959000F18E6607558FD8D79306A00303A741B372
:1095A00063DFB602744F37060007D18E74CF3707DA
:1095B00002001307C720D8DF984B137707FC136707
:1095C000E70098CB37E700E0D147A309F704979766
:1095D000FD1F9387876293E717007CD782809306ED
:1095E000200263DAB600744F370600F97D16F18E5B
:1095F000370600055DBF370600F9E9467D1663D7DB
:10960000B600744FF18E3706000345B7744FF18EE4
:109610009396862961BF1307A003AA87636EA704E8
:109620001307A0020D45636AF704130720020945DA
:109630006365F704694705456361F70451470145D0
:10964000636DF70249477D556369F70239477555E0
:109650006365F70229476D556361F7021947615544
:10966000636DF700114759556369F7000947455580
:109670006365F70031558280114582803557AA878E
:10968000634CE50449570D4563C9E7045D5715452B
:1096900063C5E70465571D4563C1E70471572D4550
:1096A00063CDE70279573D4563C9E7024D4563C67F
:1096B000070255459DC305476D456380E70209478D
:1096C00013053002638BE7000D471305B002638674
:1096D000E7001305B00382800545828019C537175E
:1096E00000401E2F9397F7281EAF8E05220697671E
:1096F000FF1F238AB7F6498E83A741B14D8E1316FB
:109700004629B0D7B85713674700B8D7B85789C6A6
:1097100013172729B8D7828013172749E5BF4111AE
:1097200022C406C61764FF1F1304C4F103470402D2
:10973000A1476318F7021767FF1F034727C99767F9
:10974000FF1F9387A7CA058BB033B42321CBC8432F
:1097500031C50C310905EF40CF9501C58547A30000
:10976000F402034704029947631AF7009767FF1F43
:1097700083A7C7D1BC3795C7EFE0CF860347040264
:109780009D476310F7029767FF1F83A767D1FC33DC
:1097900089CB2244B24041016F60300881450145C8
:1097A0005DBFB2402244410182805D71B7E700E0B5
:1097B000CAC003A90700A6C24EDE3707200086C62E
:1097C000A2C452DC56DA5AD8AA84AE893379E900A9
:1097D00023A0E7180F100000138441B11840138A2A
:1097E00041B3938A41B21C43370B03001306800236
:1097F00093F7F7CF93E707101CC383260A003707B8
:10980000CEFF7D179C46930510082800F98F9CC653
:1098100083A70A0023A867059780FD1FE78020F132
:10982000354597B0FD1FE78060241C4093F6F41F78
:109830003706330023A40700984B130B8B15130531
:1098400010F81367F70398CBF84F130E401F914E93
:10985000137707E0558FF8CF9843130380021367FF
:10986000070898C31767FF1F232807DE83A60A008F
:109870001767FF1F232A07DC054798C29843137711
:10988000F7CF98C398431377F7CF1367072098C390
:1098900003270A001C47D18F1CC723A86605380080
:1098A000814613F8F60F135638004E961C22137893
:1098B0007800B3D70741858BD1CB1C4083280A00A1
:1098C00023AC070423A0070683A5C802F59923A6A5
:1098D000B80283A8070093F5F60793F808F8B3E8F1
:1098E000B80023A01701CC539395F528CCD303AF30
:1098F0000A0081452322CF0783A807066382150348
:1099000083A807038305070093D8F800939848605D
:1099100063D515018C5BBD810CA3AC5393F5F50F9A
:1099200083284F066386080083A88705E3F41EFD9D
:10993000CC539395F548CCD38305070063D6B40088
:109940001C22B39707491CA233E5A50A8506050723
:10995000E39966F418401C4B93F707FC93E7E70084
:109960001CCBB6402644B7E700E023A0271196445D
:109970000649F259625AD25A425B616182800111F2
:1099800022CC2A84114526CA4AC832C62E89B684FA
:1099900006CE97B0FD1FE780600D938641B19C42D3
:1099A000138541B2938541B3D85737033300719B78
:1099B00013671700D8D7832805001307800723A251
:1099C000E80698431377F7CF98C398431377F7CFF8
:1099D0001367072098C303A80500324603278800B1
:1099E000336767002324E800370703001307872540
:1099F00023A8E8040327C802759B2326E802630511
:109A0000090A9843136404041374F407137707F8DE
:109A1000418F98C3374776711307971298C78327EA
:109A2000480093F7F7EF2322F80001000100984166
:109A30001764FF1F130404C1A6855C4393E7071056
:109A40005CC39842B7575500938757555CC31C4178
:109A5000185C0145B8DF1767FF1F232907BE17678A
:109A6000FF1F232707BED843799BD8C391475CCCFF
:109A70009790FD1FE780804203A7C1B111C75443EF
:109A800018479C42D98F9CC25C44858B81CB176759
:109A9000FF1F130727981E2785071EA7F240624461
:109AA000D24442490561828098431374F4071377C6
:109AB00007F8598C37C7898E80C3130767EDB9BF84
:109AC000011126CA4AC84EC6C1643709006AB709DF
:109AD00000AC22CC52C456C206CE1304F00FFD14C3
:109AE0001309690E9389E90C614A930A0002A6855D
:109AF0000145EF60AEE09317850013F7071033E5DB
:109B0000270119C333E5370181470147B356F548AB
:109B100085073356F5486307D60005071377F70F17
:109B20006364EA04E39457FF81471306F003ED46AC
:109B30003357F5001377F70305CB6307C702850793
:109B4000E398D7FE135785009377F50F1377F70F38
:109B5000639BE702135705011377F70F6395E7023D
:109B6000135785016391E7027D141374F40F41F0DC
:109B70009305000F4145EF60EED5B7B7006A420587
:109B8000938767CE5D8DF2406244D2444249B24928
:109B9000224A924A056182809767FF1F938787AAAE
:109BA000D44F11476385E60E83C737026391070ED2
:109BB000B7C7004003A701B1938707306319F70CBB
:109BC000011122CC37E400E026CA044006CE4AC880
:109BD0004EC652C456C2B7072000FD8C2320F4188D
:109BE0000F100000354597B0FD1FE78020E8938AED
:109BF00041B11522A522EFF03F9683A70A00138AF0
:109C000041B3B70633009843938941B23709030043
:109C10001367070898C398431377F7CF98C39843FF
:109C20001377F7CF1367072098C303270A001C4751
:109C3000D58F1CC783A7090013078955B8CBAD245E
:109C4000EF00B01D7522352403A70A001C4393F7CB
:109C5000F7CF93E707101CC383260A003707CEFF10
:109C60007D179C46F240224AF98F9CC683A70900C3
:109C7000924AB24923A827059767FF1F23A2079E90
:109C8000232094106244D24442490561828082803C
:109C9000B7C700401387073023A8E1B01387072018
:109CA000411123A2E1B29387071037D7004022C4A5
:109CB00006C61764FF1F1304E49823AAE1B223AA7F
:109CC000F1B085475CCC9767FF1F9387A7865CDC64
:109CD0009757FF1F83A7473D1CDC9797FD1F93876E
:109CE00027F223A0F1B2EFF03FEBB7E700E0A301CA
:109CF000040203C7574113670708A38AE740B2402D
:109D000022443707100023A0E7103707200023A0C4
:109D1000E7104101828083A741B21307C008D8CB66
:109D200093066007D4CFD8D31306E006D0D7D8DB8C
:109D3000D0DFF8C3F4C7D843059BD8C30547FAA3BF
:109D400023AA07041767FF1F03278793F8DF7D57B0
:109D500098C737071F003D07D8C7828083A741B344
:109D60001307004898D7D85FB70600F9FD16758F1E
:109D700013179729D8DFD85F9D663706FDFF0E07BA
:109D80000D831317E729D8DF985B7D1613670770DB
:109D900098DB985B558F98DB985BB7060700558F6B
:109DA00098DB985BB7060090FD16758F1317C729CF
:109DB00098DBB4473707F9FF7D17F98EB4C7F4472E
:109DC000E19AF4C7F44793F6F6F8F4C7F447F18E36
:109DD000F4C7F44F758FF8CFF84FB70690FFFD1614
:109DE000758FF8CF930740060100FD17F5FF8280BD
:109DF000138741B31C43B44B93960649B4CB9447A5
:109E00009396562994C7D44793E60601D4C7D447FE
:109E1000BD9AD4C701000100010001001C43D447D2
:109E200093E60601D4C7D4439396C628D4C303A6A9
:109E300041B29306400674D2745291C683A6C709F4
:109E400093D68648F5DA01000100010001001C43A9
:109E500013870708544FB84BFD8A13170729B8CB4F
:109E6000B84B019B558FB8CB98471317574998C7E4
:109E7000828083A741B3B44F41777D17F98EB4CF69
:109E800094479396062994C7D44793F6F6EFD4C720
:109E9000D443758FD8C3D84713670710D8C7D843A2
:109EA00013170729D8C38280397122DC4ED652D4C9
:109EB00006DE26DA4AD856D25AD05ECE62CC66CAC0
:109EC0006AC86EC603A441B35C40938931B3138A58
:109ED00011B393F7F7EF5CC01C549397C7481CD499
:109EE0005C54BD9B5CD41C44939717291CC45C40F4
:109EF00093E707015CC0B757341203A781B2938779
:109F000087676309F7705C4001791309F90FF99BC2
:109F10005CC01C5C3167130707F0B3F72701D98FCA
:109F20001CDC5C409304040893E717005CC0979026
:109F3000FD1FE780001A9C4893F7F7032380F90080
:109F4000DC48A98393F7F7072389F1B25C403D67AA
:109F500013070780F99B5CC01C5CB3F72701D98FFE
:109F60001CDC5C4093E717005CC09790FD1FE78006
:109F700040169C4893F7F703A387F1B2DC48A98306
:109F800093F7F7072387F1B25C4035671307074063
:109F9000F99B5CC01C5CB3F72701D98F1CDC5C40CB
:109FA00093E717005CC09790FD1FE78080129C48E4
:109FB00093F7F7032300FA00DC48A98393F7F70728
:109FC0002388F1B25C404167130707C0F99B5CC06E
:109FD0001C5CB3F72701D98F1CDC5C4093E71700AA
:109FE0005CC09790FD1FE780C00E9C4893F7F70375
:109FF000A386F1B2DC48A98393F7F7072386F1B271
:10A00000834C0A0003C7090093076002130650023D
:10A0100033079741B307F702930670029305400296
:10A020001305300213082002130E1002F94E754F6B
:10A03000FD4FF14A3306C7026D4BE94B654CD942DF
:10A04000D543DD48D14DCD444949B3C7D7023D433F
:10A05000B949294D354A3346D60292072206D18F97
:10A060003306B702D98F95453346D6023206D18FD3
:10A070003306A702130504083346D6024206D18FE1
:10A08000330607033346D6025206D18F3306C70381
:10A09000254E3346D6026206D18F1316570033463B
:10A0A000D6027206D18F1CD13306E703194FB307CE
:10A0B000D7039D4EB3C7D7023346D6029207220676
:10A0C000D18F3306F7038D4F3346D602D18F330637
:10A0D0005703B14A3346D6023206D18F330667039F
:10A0E0002D4B3346D6024206D18F33067703E14B20
:10A0F0003346D6025206D18F33068703454C33468A
:10A10000D6026206D18F330677033346D602720633
:10A11000D18F5CD133067702B30757023346D6029C
:10A12000B3C7D70222069207D18F330617033346EF
:10A13000D602D18F3306B7033346D6023206D18F0B
:10A14000330697023346D6024206D18F33062703E1
:10A150003346D6025206D18F330687033346D602E2
:10A160006206D18F131647003346D6027206D18F8E
:10A170001CD5B30767023346F703B3C7D7022206DD
:10A18000D18F330637033346D6021206D18F3306FA
:10A1900057033346D6023206D18F33066703334660
:10A1A000D6024206D18F3306A7033346D6025206A3
:10A1B000D18F3306C7033346D6026206D18F1316FA
:10A1C00037003346D6027206D18F5CD5B307D7036A
:10A1D00033464703B3C7D7024206D18F3346D7026F
:10A1E0006206D18F3306E7033346D6021206D18FBB
:10A1F0003306B7023346D6022206D18F1316270044
:10A200003346D6023206D18F131617003346D602D4
:10A210005206D18F1CD983C7F1B2B387FC4033C635
:10A22000A70393FCFC03B3CDB7033206920DB3ED45
:10A23000CD001306800233C8C702B3ED0D012148DB
:10A2400033C80703420833E80D01B3CDB702F20D5E
:10A250003368B801B38DF703B3CDCD02A20D3368D7
:10A26000B801B38DE703B3CDCD02D20D3368B80189
:10A27000B38DD703B3CDCD02E20D3368B801338B74
:10A280006703232A05031148B38DC703B38A570315
:10A29000338A4703B389370333C80703B3CDCD02ED
:10A2A0001208334BCB0233E80D01B3CACA02220BAA
:10A2B000336B6801334ACA02B20AB36A5B016D4B61
:10A2C000B3C9C902420A33EA4A01F14AD2093368E2
:10A2D0003A01B3896702754A13034002B3C9C90240
:10A2E000E209B3693801139847003348C802338C38
:10A2F00087037208B3E909010948232C3503F9499A
:10A3000033892703B3849702B3837702B38257025A
:10A31000B3881703B38B770333C80703334CCC02DE
:10A3200032083349C90233680C01654CB3C4C40216
:10A33000120933692801B3C3C302A204B3649900AC
:10A3400013091002B3C2C202C203B3E37400930440
:10A350006002B3C8C802D202B3E2530093032002E2
:10A36000B3CBCB02E208B3E8120193023002F20B46
:10A37000B3E87801E94B232E150333887703B388BC
:10A3800067033348C802B3C8C8021208A20833687A
:10A390001801B3888703B3C8C80233681801B388AB
:10A3A0005703B3C8C802B20833681801B38847031B
:10A3B000B3C8C802C20833681801B3883703FD491F
:10A3C000B3C8C802D20833681801B3883703B3C8CA
:10A3D000C802E2083368180193985700B3C8C8024E
:10A3E000F208336818012320050533882703939862
:10A3F000C7013348C80233681801B3887702B3C86D
:10A40000C802920833681801B3885702B3C8C8025B
:10A41000A20833681801B3886702B3C8C802B2083B
:10A420003368180193085002B3881703B3C8C802F1
:10A43000C20833681801B3889702B386D702B3C83D
:10A44000C802B3C6C602D20833681801E206B36672
:10A45000D80074C193069002B386D70203288504FE
:10A46000137808FFB3C6C602BD8AB366D80034C5E8
:10A470009306A002B386D702B3C6C6023045137650
:10A48000F6F0BD8A9206D18E34C503C601B303C867
:10A49000E1B233080641B306A80303238504B308D9
:10A4A000B802B3C6F602B3C8F802A206F208B3E6D1
:10A4B0001601B308C803B3C8F802B208B3E6160120
:10A4C00093183800B3C8F802C208B3E61601B308FF
:10A4D000D803B3C8F802D208B3E61601B308E803FC
:10A4E000B3C8F802E208B3E61601B79888889388E3
:10A4F0000880B3E61601B3E66600931828003343DC
:10A50000F80234C583C621B3918E1376F60762062E
:10A51000B3C8F8023203B3E868003383F603334369
:10A52000E302B30FF8037203B3E86800060833C30D
:10A53000E602B3CFFF025203B3E868003348F802E3
:10A54000920FB3E8F8012208B3E708011398160048
:10A550003348E8026208B3E70701256813088888D2
:10A56000B3E707017CC5338FE603B387B602939543
:10A570002600B3C7E702334FEF029207B3C5E502E7
:10A58000220FB3E7E701B38ED603CD8F9395360044
:10A59000338EC603B386A603B3CEEE02B3C5E5027F
:10A5A000B20EB3E7D701334EEE02C205CD8FB3C66C
:10A5B000E602520EB3E7C701370700817D17E206B6
:10A5C000D58F3CC95C40BD9B5CC05C40F99B5CC0C6
:10A5D0001C549397C7281CD45C5493E707015CD4A0
:10A5E0001C5C93F707FCB3EC9701232C94031C5CD1
:10A5F000F98FD18F1CDCF2506254D2544259B259B7
:10A60000225A925A025BF24B624CD24C424DB24DEE
:10A610002161828023A401B2E5B203A741B35C4368
:10A6200093E707105CC38280411106C6EF00206DDE
:10A6300093056040EF206002B240014541018280F5
:10A640006F00E07011C589C501C61E2201458DE36A
:10A6500001110565C9471306F100130555C385456A
:10A6600006CEDC87EF10307FF2408887056182805C
:10A67000828001119757FF1F2387A7DE0565130608
:10A68000F100130595C4854506CEA3070100EF1020
:10A69000907CF2408887056182800111130591004A
:10A6A00006CEEF00406D48840565300025059D45C8
:10A6B000EF10707AF24008840561828001119305E1
:10A6C000F10006CE22CC2A84C12D48860565C086BD
:10A6D000700021801305554091454087EF10B077F9
:10A6E000F240624408860561828001111305D100A1
:10A6F00006CEE12548860965700009059145EF10F1
:10A700009075F240088605618280011106CED92538
:10A71000C88709651306F10015058545EF10B0736C
:10A72000F240888705618280011106CEEF008074B7
:10A73000C88709651306F10029058545EF10B0713A
:10A74000F240888705618280011106CEEF00B000DB
:10A75000C88709651306F10039058545EF10B06F0C
:10A76000F240014505618280011106CEEF00F03F05
:10A77000C88709651306F10041058545EF10B06DE6
:10A78000F240888705618280011106CEEF00901F9C
:10A79000C88709651306F10045058545EF10B06BC4
:10A7A000F240888705618280411106C622C4EF000D
:10A7B000B0248965CD052A84EF10306AB240228525
:10A7C00022444101828001111305510006CEEF00A1
:10A7D000503E4882096550006105A545EF10B067FD
:10A7E000F240014505618280411106C6EF00B03F8D
:10A7F0008965E505EF107066B24001454101828030
:10A80000011106CE22CC2A84EF00F04E488609655D
:10A81000C0867000218069058D454087EF10B063C8
:10A82000F2406244014505618280011106CE22CCCE
:10A830002A84EF00905A48860965C08670002180FE
:10A840006D058D454087EF101061F240624401456F
:10A8500005618280011106CE22CC2A84312F4886E0
:10A860000965C08670002180130505028D4540876B
:10A87000EF10705EF2406244014505618280011173
:10A8800006CE22CC2A84EF00700348860965C08674
:10A8900070002180130515028D454087EF10B05BD5
:10A8A000F2406244014505618280011106CE22CC4E
:10A8B0002A84EF00900448860965C08670002180D4
:10A8C000130525028D454087EF10F058F240624491
:10A8D000014505618280011106CEEF00B054C887A2
:10A8E00009651306F100130575028545EF10B05692
:10A8F000F240888705618280011106CEEF00B05BCF
:10A90000C88709651306F100130595028545EF1008
:10A910009054F240888705618280011106CEEF00D5
:10A92000705DC88709651306F1001305D5028545DA
:10A93000EF107052F240888705618280011106CEC7
:10A94000EF003060C88709651306F1001305E502C2
:10A950008545EF105050F2408887056182800111D3
:10A9600006CEEF005062C88709651306F100130593
:10A9700015038545EF10304EF240888705618280CF
:10A98000011106CEEF10A00DC88709651306F1006E
:10A99000130575038545EF10104CF240888705615B
:10A9A0008280011106CEEF10C021C8870965130609
:10A9B000F100130585038545EF10F049F2408887C3
:10A9C00005618280011106CEEF10C038C887096585
:10A9D0001306F100130595038545EF10D047F240AB
:10A9E000888705618280797102C08148014881476A
:10A9F000014706D6EF10E050A30FA100096513062A
:10AA0000F1011305E5038545EF10F044B25003450D
:10AA1000F10145618280011106CEEF102068C887E0
:10AA200009651306F1001305F5038545EF10B042E3
:10AA3000F240888705618280011106CEEF10407BCD
:10AA4000C88709651306F100130505048545EF1055
:10AA50009040F240888705618280011106CEEF1098
:10AA6000100AC88709651306F1001305150485450A
:10AA7000EF10703EF240888705618280011106CE9A
:10AA8000EF101019C88709651306F1001305250496
:10AA90008545EF10503CF2408887056182809757CA
:10AAA000FF1F2399A79A01458280011106CEEF105E
:10AAB000B01FC88709651306F10013051505854504
:10AAC000EF107039F240888705618280011106CE4F
:10AAD000EF105026C88709651306F10013052505F8
:10AAE0008545EF105037F2408887056182805D719F
:10AAF0001303D1031AD20343010786C61AD00343B6
:10AB0000C1061ACE034381061ACC034341061ACA72
:10AB1000034301061AC80343C1051AC6034381054E
:10AB20001AC4030341051AC2034301051AC0EF000A
:10AB30005049230EA1020965701813056503894564
:10AB4000EF107031B6400345C103616182809756B2
:10AB5000FF1F9386268CBE2681E79307F01FBEA6B3
:10AB6000BE262146014513F707103357C740860715
:10AB7000B3C70708598D93D5574013D797402D8FEA
:10AB8000058B7D161375F50FD98F71FEBEA68280D9
:10AB90001757FF1F130707885E2789E7E17793C7D9
:10ABA000F7FF5EA75E27B94601459168994533F6E0
:10ABB00017013356D6408607518D33C8070813D680
:10ABC000E748FD1693D7F748B18F1375F50FB367B4
:10ABD000F800E39EB6FC5EA78280797126D24AD047
:10ABE0004ECE52CC06D622D456CA5AC85EC6AE84C1
:10ABF000B289368A1759FF1F032949A82DC5AD47C9
:10AC00002A8463E8A7021304F5FF1374F40F138B6F
:10AC100091B383470B00C9E39D47494563EA370376
:10AC200017B700001307470EB3C7E9209C43BA9734
:10AC30008287B147630CF5029307600263E5A700C2
:10AC40001304E5FFD9B7930770024945E301F4FC0B
:10AC5000B250225492540259F249624AD24A424BAB
:10AC6000B24B456182801304500255B71304600251
:10AC700079BFCA8AB38B2401638D5B01EFF05FF16A
:10AC80002381AA00850ACDBFCA8AB38B24016396AB
:10AC90005B0385472300FB0093F9F9009306FAFF55
:10ACA000228523003901A300990093F6F60F26862A
:10ACB0008545EFE0DFCC014561BFEFF05FE923811F
:10ACC000AA00850AE9B726869305000F1305290017
:10ACD0009770FD1FE780A0A56DBF26869305A00A8B
:10ACE000F5B726869305F00FD5B726868145F9BFBF
:10ACF0002686BD45E1BF268693055005C1BF41119B
:10AD00009317B02806C622C4E98F95C3EF40FFE42D
:10AD1000AA87094589CB9423114731456395E600FD
:10AD2000154798A34945B2402244410182802E84B0
:10AD3000EF60BF8765D93C25C18BEDD73C35230A31
:10AD40008504B337F000E9071CA90145E9BF0111EB
:10AD500006CE22CC2EC6EF605F8501CDB2452A8497
:10AD6000EF509F91A305A4020145F24062440561A2
:10AD700082804945DDBF1747FF1F1307A769814739
:10AD800099468345070E3306F50085070CA2050793
:10AD9000E399D7FE01458280411122C406C62E8464
:10ADA000EF60BF8009C98307450301451CA0B2407D
:10ADB0002244410182800945DDBF9747FF1F9387E9
:10ADC000A72E9A2B18A19A2B218318B1FC373CA1EE
:10ADD0000145828019E1494582809747FF1F93878B
:10ADE0006763B84FAA8501C75827314575F7B85F23
:10ADF00001C7383731456DF303A7C70801C778335A
:10AE0000314579FB0111054706CE19461745FF1F4D
:10AE10001305A56EB8A32EC69770FD1FE780A08A04
:10AE2000B2459306000CD8319377070C639FD70087
:10AE300019461745FF1F1305A56C9770FD1FE78086
:10AE400080880145F240056182809306F00363E843
:10AE5000E60019461745FF1F1305E56AF9BF1307FA
:10AE600000044945E390E7FE19461745FF1F130507
:10AE7000E569E1B7411126C29744FF1F93848459C5
:10AE800022C4A04C06C639E4BC5499E74945B240F7
:10AE9000224492444101828035CD0547E318E5FE06
:10AEA000014582972A8455C59317B0281EB1930790
:10AEB00000707EA58D471CBDA30A05021946974563
:10AEC000FF1F93852563130565039760FD1FE780CA
:10AED000807F21A87848B7070008F98FADEBBC54F4
:10AEE000D5D70DC98547E313F5FA58248547E30FF5
:10AEF000F7F87C24B98B95CB742405478947639F69
:10AF0000E6021EB02244FC54B24092441305000FE6
:10AF1000410182871305000FEF400FF825D95C250A
:10AF2000B5D7EF405F9701459DB7EF500F8097472A
:10AF3000FF1F83C7C718E311F5FC89BF1E30130735
:10AF40000002B3F7E70A1167B3D7E70A5DBF3145DF
:10AF50003DBF1D452DBF9747FF1F83A76754314550
:10AF600099CBFC3389CB411106C6EF60E013B240A8
:10AF70000145410182808280011126CA4AC84EC61D
:10AF800052C456C25AC02E89368ABA893E8B06CE22
:10AF900022CCB284C28AEF604FE185671307A9FF14
:10AFA0009386A7C73347070863E8E610938707C867
:10AFB0002A84494563E4970A63E2240B1307301F90
:10AFC000636E470963EC370993071A00B3C7070894
:10AFD000B38797021397390063D2E70841C01C3842
:10AFE00013F747003DC3ED9B1CB83C34231A2407DC
:10AFF000231B9406D5EB03578406C167FD1763092D
:10B00000F706631799063E3C231BE404231CF40453
:10B010009747FF1F83D7C74A8D46114763E5F60060
:10B02000850713F7F70FA30AE4042285EF40BFF169
:10B0300083570404A907231FF4048327440A93E7D2
:10B0400017002322F40AC5475CBC231C6407231D98
:10B050005407231D4405231E34050145F240624474
:10B06000D2444249B249224A924A024B0561828047
:10B070000356440601CEB3D4C402330696023346C7
:10B0800006083376260B231CC40459B7B305990070
:10B0900085814A85EF508E86231CA4049305840580
:10B0A0002685EF306F81ADB78327840A93E70702C7
:10B0B0002324F40AC14749BF49454DB7411122C471
:10B0C00006C62E84EF606FCE11E54945B24022449A
:10B0D000410182801C39A305850213F7470075D70B
:10B0E000ED9B1CB9BD472306F5028327850A93E72C
:10B0F00027002324F50A0145D1BF411122C426C2ED
:10B1000006C62E84B284EF604FCA032785101377DA
:10B1100007023DC7130754FE9306000EAA87334764
:10B120000708494563E0E6021167938684EB13073D
:10B130008714B3C606086367D70003D7471E631892
:10B1400087000145B24022449244410182809746E3
:10B15000FF1F9386262CBA36A38E8706239F970659
:10B160003357870A239AE71CDA363357970A239B0B
:10B17000E71C03A7470A1317B72823A2E70AD1B78A
:10B180004545C9B79747FF1F9387C728B44F2A87FC
:10B1900091C6D02601C6D436494585EAB45F99C622
:10B1A000B03609C6942A4945858A85E283A6C70830
:10B1B00091C6F03201C6D436494581EA83C6870B71
:10B1C00083C7970B63E8F6001D4582801D45F2405A
:10B1D00005618280011119461305A10006CED884AD
:10B1E0009760FD1FE780204E2800EFD0FFFE8547C7
:10B1F000E31EF5FC0145E1BF797126D24AD04ECE5F
:10B2000052CC56CA5AC85EC606D622D42E89B289F6
:10B21000B68A3A8ABE8B428BEF602FB9C94455C1BA
:10B2200005679307A9FF9306A7C7C944B3C70708D3
:10B2300063E9F608130707C86365370963E329095B
:10B240009307301F63EF5707636D470713871A0093
:10B25000334707083307270393173A006353F7066A
:10B2600004392A848588639E040E8327450A93F750
:10B270001720E5EB3835231A2507231B3507231C38
:10B280007507231D6507231D5505231E45055C3DD8
:10B290004DE385EB83270510898BA1C331469305C8
:10B2A000F00F130585069760FD1FE7804048832750
:10B2B000440A2314040693E707202322F40AC9470B
:10B2C0005CBCB25022540259F249624AD24A424B03
:10B2D000B24B268592544561828063093905B38556
:10B2E000290185814A85EF407EE1231CA404930552
:10B2F00084054E85EF205FDC9747FF1F83D7471CEF
:10B300008D46114763E5F600850713F7F70FA30A8B
:10B31000E4042285EF403FC383570404A907231F99
:10B32000F4048327440A93E7170041BF231C250533
:10B33000E1B7C1FB83278510898B95C731469305FB
:10B34000F00F130585069760FD1FE780403E8327B9
:10B35000440A2314040693E707202322F40ACD4766
:10B3600085B7B144B9BFE944A9BF9747FF1F938789
:10B37000670AB84F11C7542781C6583749450DEBA6
:10B38000B85F19C7343789C6182B4945058B0DE3BB
:10B3900083A7C70891C7F83301C7DC37494589EB54
:10B3A000411106C6EFD01FEEB24001454101828037
:10B3B0008280411122C426C24AC006C6AA84014422
:10B3C00021499305F00F0545EF40DED0B387840097
:10B3D00088A30504E31724FFB240224492440249A3
:10B3E000014541018280797122D44ECE06D626D203
:10B3F0004AD02EC6B2893684EF602F9B7DC903499F
:10B40000B500B245AA846316090E21461305B51A84
:10B410009760FD1FE780202BA389341B93D98900F7
:10B42000238A341B7C2450346C345424A2074206F3
:10B4300003C5C404B297E206AE97B69703A7440AC1
:10B440009386040835C1DCD63C2410341367070208
:10B45000A2074206B2973034B29710246206B29720
:10B460009CDA7C205030A2074206B2977030B29727
:10B4700050206206B297DCDA3C201030A207420668
:10B48000B2973030B29710206206B2979CDE8547A3
:10B49000A386F40423A2E40AB25022549254F2493F
:10B4A0004A85025945618280FCC63C2410341367EA
:10B4B0008700A2074206B2973034B2971024620682
:10B4C000B297BCCA7C205030A2074206B2977030B7
:10B4D000B29750206206B297FCCA3C201030A207F7
:10B4E0004206B2973030B29710206206B297BCCEB7
:10B4F00055B7094955B7411122C406C62E84EF60DD
:10B50000CF8A71C9343585472A870545639CF6067D
:10B51000142B930740026396F6067C245434A2074A
:10B52000C206B6977434B6975424E206B69783469B
:10B53000D704A9CE93060708DCD63C241034A20712
:10B540004206B2973034B29710246206B2979CDA62
:10B550007C205030A2074206B2977030B29750203C
:10B560006206B297DCDA3C201030A2074206B2979E
:10B570003030B29710206206B2979CDE9307A0028B
:10B580001CAB0145B240224441018280930607086A
:10B59000FCC63C241034A2074206B2973034B2975E
:10B5A00010246206B297BCCA7C205030A207420623
:10B5B000B2977030B29750206206B297FCCA3C2016
:10B5C0001030A2074206B2973030B29710206206C0
:10B5D000B297BCCE65B7054575B7411106C6EF50A9
:10B5E000DFFC1DCD34350547AA8709456397E60280
:10B5F000942B130740026392E6020D472386E7026D
:10B600001947A385E7021307500298AB03C7A702A7
:10B610000145136717002385E702B240410182808C
:10B620000945E5BF5D71A2C4A6C286C69747FF1F44
:10B63000938747DE368494332A87B2848DC2B44F11
:10B6400081C6D4263145BDE2B45F81C6B4363145EA
:10B65000B1EE83A6C70881C6F4323145A1EA03C61C
:10B66000070C83C6170C1D456372D60483A7070D0C
:10B67000494593F707049DCB19462800D883976066
:10B68000FD1FE78040044146A6851305E10297604F
:10B69000FD1FE78040031305E1014146A285976045
:10B6A000FD1FE78040024800EFA06FD9B640264456
:10B6B0009644616182809747FF1F9387A7D598338F
:10B6C0000DC3B84F01C75827494505E7B85F01C703
:10B6D0003837494519EF83A7C70881C7FC33494567
:10B6E00089EB411106C6EFA06FE9B2400145410167
:10B6F000828082809747FF1F9387C7D194332A8720
:10B700008DC2B44F81C6D42649459DEAB45F81C637
:10B71000B436494595E683A6C70881C6F432494543
:10B7200085E203A6870D98B383A5C70D9376F69F90
:10B7300019C39366066023ACD70C23AEB70C014542
:10B740008280930700643305F502411126C29744B5
:10B75000FF1F938424CC22C403A4440C4AC006C611
:10B760001309F00FC8D801E8B240224492440249BC
:10B77000014541018280082063052501CC58EF4036
:10B780002E91405CCDB79747FF1F9387A7C8A38C26
:10B79000A7021377150011EB03C7C7036D8F63046E
:10B7A000B70049458280238DE702098919C1014507
:10B7B000828003C7D703718FE315C7FEA38DC7022D
:10B7C000FDB75D716ECE974DFF1F938DADC452DCFA
:10B7D0003E8A83A78D05A6C2CAC04EDE56DA5AD865
:10B7E0005ED662D46AD086C6A2C466D246C6B68485
:10B7F000830B410583468105834901062A8D2E89E5
:10B80000B28A3A8C428B99C7EC4BB707000431459A
:10B81000ED8F85EF8D4763E94701937C09016387CD
:10B820000C0085476389F604494505A093753900E6
:10B83000E38CF5FE93758900E5F96397F60283C7FB
:10B84000CD033145918B63930720B640264496443F
:10B850000649F259625AD25A425BB25B225C925C50
:10B86000025DF24D616182806394F91E83C7CD034E
:10B87000918B3145F9DB6A85EF301FE22A8411E9AB
:10B8800083A78D06054582972A841D455DDC230428
:10B89000A40193070002639FF4008D476399F904A4
:10B8A000562C9307900F13055004E3E0D7FA762C3B
:10B8B000E3EDD7F89376F90F2300D406638E0C10CE
:10B8C0001379F9009547631BF902930710F87CA4DC
:10B8D0004545E3EC54F7FD474545E3F857F79167D5
:10B8E000E3E597F6D6948580B3C4040831A885476C
:10B8F000E392F9FC562C9307D02E75B7B547631326
:10B90000F90C85477CA4894406B0A307840163161B
:10B910000C1085471CBC93F6060299E2A30A440367
:10B920003245194681459760FD1FE78080F3631417
:10B930000510B2458547230EF402A30E6403194691
:10B940001305E4039760FD1FE780E0D783470105F7
:10B950005CB49307F0076393FB0E56579737FF1FAE
:10B9600083C7C7751CA303055401EFD03FD123043F
:10B97000A406EFD05FCAD65748B888A38347C1054D
:10B980002305040623020406A302F40683470406E3
:10B99000C18B99EBFD1993F9F90F8947E3E637E974
:10B9A000A3050406A3013407834741060145A3000C
:10B9B000F40683478106A303F4067C489397B729CE
:10B9C0007CC861B589476314F900994709B7E3005A
:10B9D00009F023070400EDBD9D477CA493F51600F4
:10B9E00093F7460089C991E39145A30FB4048547B5
:10B9F000230FF404F1BD93F5260081C9894591C355
:10BA00009545A30FB4048947E5B78D4591C3994582
:10BA1000A30FB404230F040465BDA30C04008147E5
:10BA20008D453356FC4801C6103C050610BC850701
:10BA3000E399B7FECDB5230E040209BF914763C554
:10BA40007701A30A740105B75CB831BFE385D9E279
:10BA50008947E392F9E283C7CD03898B19BD0111B0
:10BA60004EC69749FF1F9389E99A83A7890526CA7D
:10BA70004AC852C406CE22CC2E89B6843A8A99CFBF
:10BA8000F84BB7070004F98F91CB3145F24062447F
:10BA9000D2444249B249224A05618280EF30DFBF79
:10BAA0002A8419E583A7890513052004F9FFF9BF46
:10BAB000782585473D8B630EF70E03470506418BBE
:10BAC00041CF8D476304F9004945C9B7FD47E3ED10
:10BAD00097FE231E0400F1C85E2C03D769071D459D
:10BAE000B3869700E344D7FA582405C716301307E6
:10BAF00000026390E602034734068D46631DD70AB1
:10BB00001307900F13055004E362F7F87E2CE36FE0
:10BB1000F7F68D471D45E31BF9F637E900E0832969
:10BB20000900B70720002320F918B3F9F9000F1016
:10BB300000009305800C0545EF40CED98357C4061D
:10BB40001205232444038507BD8BC98F2316F406F1
:10BB500046AC23203911B1A8631AF900231E050051
:10BB6000A5D458248547E319F7F605B70D47E30236
:10BB7000E9F61147E316E9FE744937070001758FAE
:10BB800021F75825E312F7F45E2D9DDF95FC930510
:10BB9000800C0545EF400ED48357C4061205850777
:10BBA000BD8BC98F2316F40629A07C48939787493B
:10BBB0007CC80145E1BD8546E31DD7F41307D02EAF
:10BBC00091B701114EC69749FF1F9389A98483A796
:10BBD000890526CA4AC852C406CE22CC2E89B6840C
:10BBE0003A8A99CFF84BB7070004F98F91CB3145CA
:10BBF000F2406244D2444249B249224A05618280FD
:10BC0000EF309FA92A8419E583A78905130520042D
:10BC1000F9FFF9BF782585473D8B6304F712034789
:10BC20000506418B71C38D476304F9004945C9B7C7
:10BC3000FD47E3ED97FE231F0400638004107E2C74
:10BC400003D769071D45B3869700E343D7FA582405
:10BC500005C71630130700026390E6020347340657
:10BC60008D466312D70E562C1307900F1305500400
:10BC7000E360D7F8E36EF7F68D471D45E31AF9F652
:10BC80005C5485C783476406898B85C3085811CDEA
:10BC90003C2581CFEF901FF50C581946130564031E
:10BCA000B1059760FD1FE78000A237E900E0832916
:10BCB0000900B70720002320F918B3F9F9000F1085
:10BCC00000009305800C0545EF40CEC08357C406A5
:10BCD0001205232644038507BD8BC98F2316F4065E
:10BCE00066AC23203911B1A8631AF900231F05009F
:10BCF00095DC58248547E314F7F4D5BD0D47E30CD4
:10BD0000E9F21147E316E9FE744937070002758F1F
:10BD100011FF5825E31CF7F07E2D89DB81F8930590
:10BD2000800C0545EF400EBB8357C40612058507FE
:10BD3000BD8BC98F2316F40629A07C489397974999
:10BD40007CC8014575B58546E318D7F2562C130714
:10BD5000D02E29BF5D71CAC01739FF1F1309896B27
:10BD6000AA8703258905A6C286C6A2C44EDE52DC78
:10BD700056DA5AD85ED662D466D26AD06ECE32C255
:10BD80003AC4B68405E5858B95EFA9C10145B64057
:10BD9000264496440649F259625AD25A425BB25B33
:10BDA000225C925C025DF24D6161828074493707CA
:10BDB0000004758F63120714858B89E781C9EF3002
:10BDC0009FADE9B7639D050E4945D1B70324C90569
:10BDD00055DC2285EF303FAC0040DDBF784933773A
:10BDE000EC00631B07100347F50563049701631616
:10BDF000A70103D7EA016301071003C75A03630EC3
:10BE0000370703C7EA0063173701332794201A2343
:10BE1000E3ECEDFA0327C9067D141374F40F79CF10
:10BE2000A247B3249A209A203E9A9305800C239728
:10BE3000EA0603470A00054523980A06A384EA0692
:10BE4000EF404EA903D7CA061205264405073D8BCD
:10BE5000498F2396EA068327C90603C50B00B6401F
:10BE600096440649F259625AD25A425BB25B225C4E
:10BE7000925C025DF24D6161828793878A05194663
:10BE800081453E853EC69760FD1FE780809D631D0E
:10BE9000350119469735FF1F9385256613858A0559
:10BEA0009760FD1FE78020821946814513858A052A
:10BEB0009760FD1FE780E09AE31535F531B7FD1572
:10BEC00013F4F50F370C0003894C154D8549930D7C
:10BED0000008130BF00F9247228AB38B870003C52B
:10BEE0000B00EF306FFBAA8AE31A05EE8327890562
:10BEF00013052004E38D07E8314551BDE31D64FDC2
:10BF0000E1B539714AD84ED656D25AD05ECE62CCFF
:10BF100066CA6AC83E8B06DE22DC26DA52D4973720
:10BF2000FF1F83A7A754834B0104AE8A3289368C46
:10BF3000BA89C28C468D95C7F84BB7070004F98FB4
:10BF40008DC3314AF2506254D2544259B259925A76
:10BF5000025BF24B624CD24C424D5285225A216117
:10BF60008280EF306FF3AA84130A200461DD6374CA
:10BF70005901494AC1BF9547E3FD57FF834705066D
:10BF800093F73703FDF7034AE505E31C0AFA7C49FA
:10BF9000918BC5FBEF302025F94763E4A7001D4ACC
:10BFA00055B783C7340691EB03D744089307D02EC7
:10BFB00063F5E700994763F0270F6384090CB3C763
:10BFC0003A03E3C867FB639B0B0203A4C40A2DC4B6
:10BFD0002302340123047401A3026401FC4856992E
:10BFE0001359194093E72700FCC883C7040623931D
:10BFF0002409B3E787012380F406A9B7E3FB6CF7B4
:10C0000085476383FB02B3079B412947B387E70258
:10C01000B3C77703E3CFA7F503A4C40A11CC230267
:10C020003401A303A40131A003A4C40A11C4230250
:10C0300034012303940179BF138619001206930576
:10C04000E010328532C69770FD1FE780200B2A84EE
:10C0500039D5324681459750FD1FE780406DB7C7FF
:10C06000898E23A6840A938767ED1CC09307040179
:10C070005CC423023401E38F0BF48547E393FBFA9E
:10C080004DBF03A5C40A39D99770FD1FE78060131F
:10C0900023A6040AA1B7130A50046DB5011126CADC
:10C0A0004AC84EC606CE22CC52C49737FF1F83A77C
:10C0B000E73BAE843289B68991C7F84BB7070004D5
:10C0C000F98FA9E3EF304FDD2A841305200459C00E
:10C0D0007C48898B8DC38347340691EF035744080E
:10C0E0009307D02E63F9E7000357640899471305B7
:10C0F000500463F1E70693F7D40F05476386E70022
:10C10000630209063145B9A0B7E700E003AA0700BA
:10C110003707200023A0E718337AEA000F10000049
:10C120000325840A19C59770FD1FE7808009232421
:10C13000040A23120408B7E700E023A047116312A2
:10C14000090A8D476393F4027C4823120408F99B83
:10C150007CC80145F2406244D2444249B249224A75
:10C16000056182809147E38FF4F84945E5B7F514FE
:10C1700093F4F40F8547E3E797F8930550104A8549
:10C180009770FD1FE78080F72324A40A25DDB7E719
:10C1900000E084433707200023A0E718F98C0F1034
:10C1A00000007C4893F7074091CF9305800C05452C
:10C1B000EF305EF28357A40812058507BD8BC98F47
:10C1C0002315F4080325840A4A86CE859750FD1F5F
:10C1D000E780604FB7E700E02312240923A09710FF
:10C1E0008DBF7C48918BC1F78D47E388F4F819BF68
:10C1F00041114AC01739FF1F1309C9218327890537
:10C2000026C206C622C4AA842E8589CFF84BB7075A
:10C210000004F98F81CB3145B24022449244024957
:10C2200041018280EF304FC72A84130520046DD46A
:10C2300013F714007C484DCB13F7170069FF034731
:10C2400004061377370361FB8988C1CC0327490DA6
:10C25000454593E70740418B61D3C1657CC8FD1517
:10C260000145EF30BEE92314A408EFD07F85930485
:10C270000408B7050001C8C4FD150145EF309EEA6A
:10C2800088C89304040A15469735FF1F93856528CF
:10C2900026859750FD1FE7800043A685130500FB08
:10C2A000EFD0AFD02685EF502FD87C485824A3007C
:10C2B000A408DD9B93E747007CC88547631FF70010
:10C2C0009305800C0545EF30FEE08357C406120548
:10C2D0008507BD8BC98F2316F406EF60400E01451C
:10C2E00025BF93F7F7BF95BF0345D407CD9B7CC807
:10C2F0009307F00FE303F5FEEF305E99F9BF0111EC
:10C300004AC83A891737FF1F1307C7100328870742
:10C3100022CC26CA4EC652C456C206CE2A8AAE8A3D
:10C320003284B684BE89630808008326C8019167F9
:10C330003145F58F9DE3785F314505C39377A4FFC1
:10C34000454581EF93775400314581CB6310080256
:10C3500002972A880D45631F0800F2406244D244C8
:10C360004249B249224A924A056182808347B80015
:10C370003145E5F78D474945E3E147FFA306480509
:10C3800023085801230008029375140085C99C20D6
:10C39000A307F80083570900231BF80003D6090000
:10C3A0003356F60A93075005231CC8003306F602DD
:10C3B00085472300F8022186231DC800118829C063
:10C3C000AE949C2033A92521B3A53521A307F800FD
:10C3D000A307F802035709002319E8029E21B3D7E7
:10C3E000E70A13075005231AF802B387E702A1876B
:10C3F000231BF8028347080293E727002300F80273
:10C400008327C80101459397F728232EF800B1B779
:10C410001737FF1F130707003C5F011122CC26CA04
:10C420004AC806CE2E89B284368489E77C5F8DEBBC
:10C43000314521A8D04F9166F18EFDFA785F6DDB12
:10C4400019C905476309E5024945F2406244D244EF
:10C450004249056182802AC6EFB09F8A3245F5B70E
:10C460000547E313E5FE8297AA870DCD1147A30682
:10C4700005047AA91AADB4370547E387E6FC85C001
:10C4800086BFA2BF01C41E04E3D084FC2389270118
:10C490006244F240D2444249BC570561828723ACD2
:10C4A0000702EDB70D4555B7011122CC26CA4AC87F
:10C4B0004EC606CE2E893284B689BA84EF30CF9D1F
:10C4C0003DC503284505AA8731451377082029EB88
:10C4D0001737FF1F130707F483469704454563E1A9
:10C4E000260503C6470B33568640058A15CA8326A0
:10C4F000070D37060800F18E85C603478704636180
:10C500009702238B870AA38A270BA38B370B11C0B3
:10C51000268413680810238C870A23AA070501457F
:10C52000F2406244D2444249B24905618280130517
:10C530002004FDB7411122C406C62E84EF30CF95EA
:10C5400015C17849AA8731459376270081CA937629
:10C55000F7DF19C093660720F4CB0145B2402244AF
:10C560004101828013052004D5BF011126CA4AC8A3
:10C5700052C406CE22CC4EC62E8A3289B684EF50E3
:10C58000CF8271C1938781B3631D0900054798A3CA
:10C590000145F2406244D2444249B249224A05610F
:10C5A0008280982385472A846315F700238C01B283
:10C5B000094AB7E700E083A907003707200023A056
:10C5C000E718B3F9E9000F1000004165130545F5C0
:10C5D000EF403FFF29C93C253EA583278411A1E3F5
:10C5E000232CA410232EA410930710F8F9141CB5C3
:10C5F00023200500231625012304450144C183455A
:10C6000094020145B315B028B3C505089770FD1F06
:10C61000E780601EB7E700E023A0371195BF8327AE
:10C62000C41188C3C1B79737FF1F83A7E7AA91C773
:10C6300095659385555505458297B7E700E023A09A
:10C6400037111D45B9B70945A9B76F009FBB6F00EA
:10C650003FC06F003FC56F007FCB6F005FD16F00A1
:10C66000FFDD6F005FD56F00DFD882806F005FE174
:10C67000034301001AC06F00CF876F00CF936F0094
:10C680006F9D6F00EFA36F004FAA6F002FB06F0078
:10C69000AFB66F002FBB79711303F00F1AC81AC61B
:10C6A0000343810306D61AC4035341031AC203533A
:10C6B00001031AC0EF00CFBFB2504561828003531F
:10C6C0000100035E4100834E8100034FC100835F80
:10C6D000010176C47AC67EC872C21AC06F004FBD0F
:10C6E0006F00CFD06F008FDC03530100034E410079
:10C6F000834EC10093F8F80F1378F80F76C672C214
:10C700001AC06F00AFE06F002FF06F002FF96F00BD
:10C71000CFFC6F001F806F00DF856F007F8C6F0084
:10C72000BF90828082806F001FA3411126C206C67F
:10C7300022C4AE849397556063DA071603C541B4EB
:10C740009750FD1FE78020EF2A8409CD1C21130795
:10C7500010096380E7021307000D6387E70822854D
:10C76000EF205EF91395F468B240224492444101EF
:10C7700082801C3139476397E7025A218567938786
:10C780005740E31EF7FC1C45A8239833AC33220521
:10C7900083A701B4598DE1D79C43F1D393954560AC
:10C7A000829775BF1307E003E39BE7FA38219D47A3
:10C7B000E317F7FA4A219770FD1FE780401945D12A
:10C7C0005825A147E31DF7F883A701B4C9DB9C47AF
:10C7D000D9D732246E204A207116F1153346060847
:10C7E000B3C505088297A5BF3C2119476383E702BB
:10C7F000636EF70095C315476380E70A83A701B40A
:10C80000B9DFDC43A9DF2285829791BF3147E397E7
:10C81000E7FEEF10D01CDDB71C31EDF383C751B933
:10C82000B9E341469735FF1F9385C5E81735FF1FCC
:10C83000130545EA9750FD1FE78080FA1DED173676
:10C84000FF1F130626E9C1450945EF303ED41736D0
:10C85000FF1F130626E7C1450D45EF303ED303C544
:10C860004186EF307ECD194693053400138541BAD9
:10C870009750FD1FE78020E551B741469735FF1FD0
:10C88000938545E21735FF1F1305C5E39750FD1F3C
:10C89000E78000F54DD5C1BF1C31ADF332259305BE
:10C8A00045002831A146EF10001F89BF11656D8D2D
:10C8B000E30C05EA1386C1BA91451145EF301ECD50
:10C8C00003C54186EF305EC71395E46871BD411121
:10C8D00022C406C69737FF1F2387A7AE328481C5BF
:10C8E0002E85EF10601319C023A081B483C751B9FE
:10C8F0008DE72244B24003C661B903C541B49387B2
:10C90000C1BA1737FF1F1307E7DB9736FF1F938660
:10C9100066DCA14541016F70BEE4B240224401458E
:10C92000410182800111C88683C741B4680006CEE8
:10C930005C864C87D087EF606EE7F24005618280AD
:10C9400003C541B46F600EE3238AA1B803C7C1BB1E
:10C950009307F00F6308F7008547A38AF1B8B14742
:10C96000A38AF1BA82809727FF1F83C7577581EB8F
:10C97000614582806145B24022444101828041117B
:10C98000170500001305A5DA22C406C6138441B4B6
:10C99000EF30EED108A01307F00FE30DE5FCA1473F
:10C9A000A38AF1BAEFF05FFA83C751B999C3014581
:10C9B000D9B71736FF1F1306E6D1C1450945EF3039
:10C9C000DE961736FF1F1306E6CFC1450D45EF3043
:10C9D000DE9541469735FF1F9385C5CF1735FF1F5D
:10C9E000130545CD9750FD1FE780E0CD41469735B3
:10C9F000FF1F938525CD1735FF1F1305A5CA975037
:10CA0000FD1FE78040CC1386C1BA91451145EF3038
:10CA1000DE910820EF40FEB759BF130705031E2122
:10CA2000110593C7F7FF231EF5FE8347E5FF93C764
:10CA3000F7FF230FF5FEE314E5FE828099473305E7
:10CA4000F50201110A86C14506CE130505203345BE
:10CA50000508EF309E8D09E50886F2400561828069
:10CA60000145E5BF011122CC26CA4AC84EC606CEF2
:10CA700081440144138911B6938981B68347090023
:10CA8000636AF400F24062444249B2492685D244C6
:10CA90000561828083A70900131544001946930598
:10CAA000F00F3E959750FD1FE780A0DB01E5850460
:10CAB00093F4F40F05041374F40FC9B703A5C1B5BB
:10CAC00011CD411106C6EF20FEC2B24023AE01B423
:10CAD00083C711B62380F1B64101828083C711B6A6
:10CAE0002380F1B682805971A6D286D6A2D4CAD04C
:10CAF00083C701B6AA84639EA700138481B8082067
:10CB00008545EF20FED408208945EF207ED4EFF044
:10CB1000FFFA1949338924035000C1451304092041
:10CB20002285EF309E8009C90144B65022852654E3
:10CB3000965406596561828019469305F00F4800A6
:10CB40009750FD1FE780E0D165F14800414693050D
:10CB5000F00F9750FD1FE78080BD48087146930590
:10CB6000F00F9750FD1FE78080BC081813060003E4
:10CB70009305F00F9750FD1FE78060BB5000C14543
:10CB80002285EF30BEA050082A84F14513051920F4
:10CB9000EF30DE9F5008498CF14513052920EF3016
:10CBA000FE9E1374F40F5008498CC14513053920BB
:10CBB000EF30DE9D1374F40F5008498CC145130506
:10CBC0004920EF30BE9C1374F40F5008498C9145F6
:10CBD00013055920EF309E9B1374F40F498C1D658B
:10CBE0001018930500032695EF305E9A1374F40F26
:10CBF000498C03C541861374F40FEF30FE9335B7AB
:10CC0000011122CC26CA4EC606CE4AC80144EF0006
:10CC10001FAD938911B6938481B683C709006369F8
:10CC2000F400F2406244D2444249B2490561828034
:10CC300088401319440019469305F00F4A95975000
:10CC4000FD1FE78000C211E58C40CA95E835EF0072
:10CC50005FA905041374F40FC9B7397122DC26DA11
:10CC60004ED652D406DE4AD80144EF007FAA9389FB
:10CC700011B6938481B6194A83C70900636AF40028
:10CC8000F2506254D2544259B259225A21618280E0
:10CC900088401319440019469305F00F4A959750A0
:10CCA000FD1FE78000BC1DE5330544030A86C1452E
:10CCB0001305352033450508EF302EE71008C14530
:10CCC0000945EF308EE68C4014080A86CA95E8358F
:10CCD000EF00DFA305041374F40F79BF011106CE32
:10CCE000EFF05FD8054789476363A700A94713069C
:10CCF000F100854513052004DC87EF702ED9F24042
:10CD000005618280011122CC26CA4EC652C406CECD
:10CD10004AC80144938911B6938481B6194A83C7DE
:10CD200009006367F402EFF0FFD383C741B699C3EC
:10CD3000EFF01FED83C731B699C3EFF01FF26244E5
:10CD4000F240D2444249B249224A05616FF01FF9CC
:10CD500033054403904013194400C1454A96130516
:10CD6000052033450508EF304EDC05C988401946DB
:10CD70009305F00F4A959750FD1FE780409B884030
:10CD800019469305F00F4A9519059750FD1FE78046
:10CD9000009A9C40CA972396070005041374F40F69
:10CDA000BDBF2A2183C581B86F801EF89947B3851E
:10CDB000F502397122DC26DA4AD84ED606DEA147C2
:10CDC0002A84B2843A89938925206384F600938962
:10CDD00015207146814548009750FD1FE78020953A
:10CDE0005000F1454E85EF304ED405E18347E10117
:10CDF0002547E51793F7F70F6369F700CA865000D8
:10CE000093F514002285EF406EE7F2506254D2543D
:10CE10004259B25921618280797122D426D24AD0F6
:10CE2000AE842A8932848145130600020A8506D61B
:10CE30009750FD1FE780A08F83C7618623102101D3
:10CE4000230EF100B4843DCC83C771B803C741B849
:10CE50005C8283C761B8DC821356474893777700BA
:10CE60002206D18F135657482606D18F135767488D
:10CE70002A07D98F93F6868FD58F41469735FF1FA6
:10CE80009385458113056100FC849750FD1FE78061
:10CE9000808383C751B813F7170011C789C4B884BA
:10CEA00013672700F88403476101A2850A85D98F9B
:10CEB000230BF100EF408ECEB2502254925402590F
:10CEC0004561828083C7F1B703C7C1B75C8283C75E
:10CED000D1B7DC8213564748937777002206D18F6B
:10CEE000135657482606D18F135767482A07D98FFC
:10CEF00093F6868FD58F41469725FF1F93858578BA
:10CF000013056100FC849740FD1FE780C07B83C749
:10CF1000E1B751B7011122CC06CE2A842EC632C405
:10CF20009770FD1FE780A0A205C55825A14722469E
:10CF3000B245631CF70083A7C1B699CBDC4389CB0C
:10CF400022856244F2400561828783A701B7F5B765
:10CF5000F240624405618280011122CC26CA4AC88F
:10CF60004EC606CEAA840144138911B6938981B6B0
:10CF700083470900636BF4003E84F24022856244DB
:10CF8000D2444249B2490561828083A70900131542
:10CF900044001946A6853E959750FD1FE7804084C2
:10CFA00069FD05041374F40FE1B75D71A2C4138425
:10CFB000C1B51C40CAC04EDE86C6A6C252DC56DAD7
:10CFC0005AD82A89AE89A1EF6300051A638E051825
:10CFD000EFF09FF8938A11B683C70A00138A01B64F
:10CFE0002300AA00636DF5028144138B81B60DA066
:10CFF00083270B001395440019469305F00F3E95C7
:10D000009750FD1FE780E08509E9850493F4F40F4C
:10D0100083C70A00E3EEF4FCBE8423009A009384E5
:10D0200001B69C2003C711B663F0E71418403DEB2E
:10D030001947B387E7024A86C1459387072033C55E
:10D040000708EF30AED4130600039305F00F0A85EE
:10D050009740FD1FE780A06D88209D670A863E955A
:10D060009305000333450508EF304ED29C2003A5FD
:10D0700081B641469207CA853E959740FD1FE780DD
:10D0800080642320340103C54186EF30EECA014598
:10D09000B640264496440649F259625AD25A425B37
:10D0A000616182801047014719CE19473385E70235
:10D0B000F1451305152033450508EF302ECD1C40F2
:10D0C000054723A407001C40904B39CE8820994780
:10D0D000F1453305F5021305252033450508EF30EA
:10D0E000EECA1C40D04B23A8070029E2D04741DEFE
:10D0F00088201949C14533052503130545203345CB
:10D100000508EF30AEC888201C4091453305250343
:10D11000D04741061305552033450508EF300EC7AB
:10D120001C4023A6070085B7D04B05C2882099472D
:10D13000C1453305F5021305352033450508EF30A9
:10D14000EEC41C4023AA070055B7D04755F205FF8F
:10D1500083C741B699C3EFF0BFAA83C731B699C35D
:10D16000EFF0BFAFEFF09FB705451DB7011199472D
:10D1700022CC3304F50226CA0A86AE84C14506CE07
:10D1800013040420334404082285EF300E9A19C595
:10D190000145F2406244D2440561828019469305FC
:10D1A000F00F0A859740FD1FE780A06B75F1388668
:10D1B0009377D70F89C49377F70F93E72700630C12
:10D1C000F7000A86C14522857C86EF302EBC03C558
:10D1D0004186EF306EB605456DBF411122C426C2AF
:10D1E00006C601450144938411B69C206373F40084
:10D1F00011C5B24022449244410182802285050437
:10D20000EFF07F8E1374F40FCDB783C711B6637E32
:10D21000F502011122CC06CE2E8485C5994733052F
:10D22000F5020A86C1451305052033450508EF3090
:10D23000CE8F01E919468A8522859740FD1FE78038
:10D240008048F24062440561828082809947B3073A
:10D25000F5021D71A2CCCEC63284AE890A86C145C4
:10D26000A6CA86CE93870720CAC8AA8433C50708F2
:10D27000EF30AE8B11C90149F6406644D644B64939
:10D280004A8546492561828019469305F00F0A8533
:10D290009740FD1FE780E05C79FD9D67BE94100814
:10D2A000930500032685EF304E882A8919C1054968
:10D2B000E1B70808EFF06FF6639409041306000362
:10D2C000814508089740FD1FE780A0596DF11306BE
:10D2D0000003814508089740FD1FE78040458547CA
:10D2E0000808238AF1B6EFF04FF310089305000306
:10D2F0002685EF30AEA903C54186EF30EEA345BFCA
:10D300001C083E8716236385360311079400E31B30
:10D31000D7FE3DD09A2311C791079800E39CE7FE02
:10D32000A1BFB82323903701E30387F8A0A345BF2B
:10D330003C23E38E87F620A35DF02310070045B75A
:10D34000011126CA4AC84EC606CE22CC52C497291D
:10D35000FF1F938969D503C5E900FD579305200494
:10D3600012052384F1B8938481B6A38001B623A467
:10D3700001B69760FD1FE78060D888C0138911B699
:10D3800005C183C7E90001442300F9008347090070
:10D390006360F40C83A78900638B070E238C01B4B0
:10D3A000834709000544414681451725FF1F1305A2
:10D3B000652E2380F1B6A384818623AE01B4A383B6
:10D3C00001B8238301B89740FD1FE78040369304DE
:10D3D0007007414681451725FF1F1305A52A2382A3
:10D3E00091B823848186A38201B823A001B8238F3A
:10D3F00001B6A38F01B6A38E01B69740FD1FE7804B
:10D400000033238E91B623AC01B6A38A01B69547AB
:10D41000A383F186C1472383F186238A01B6894716
:10D42000A382F186F24023828186A38181862381B3
:10D430008186624423A801B623A601B6238201B6E1
:10D44000238101B6D2444249B249224A0561828011
:10D450008840131A440019469305F00F52959740DF
:10D46000FD1FE780C02C884019469305F00F5295A8
:10D4700019059740FD1FE780802B9C40050413741D
:10D48000F40FD297239607002387070001B793076D
:10D4900000F8238CF1B429B71971A6DACAD8CED610
:10D4A000D2D4D6D286DEA2DC8144938911B6138908
:10D4B00081B6194A9D6A83C7090063E3F40203C574
:10D4C0004186EF306E8783C70900F650665423808B
:10D4D000F1B6D6544659B659265A965A09618280F1
:10D4E0000325090013944400194622959305F00F73
:10D4F0009740FD1FE780A0230325090019469305E7
:10D50000F00F229519059740FD1FE78040228327E1
:10D51000090041469305F00FA297338444032396F4
:10D5200007002387070048009740FD1FE780202061
:10D5300071469305F00F48089740FD1FE780201FB4
:10D54000130600039305F00F08189740FD1FE780AE
:10D55000001E334404085000C14513050420334520
:10D560000508EF30AE825008F1451305142033450D
:10D570000508EF30AE815008F145130524203345EE
:10D580000508EF30AE805008C145130534203345FF
:10D590000508EF20BEFF5008C14513054420334560
:10D5A0000508EF20BEFE5008914513055420334571
:10D5B0000508EF20BEFD33855401101893050003C4
:10D5C00085043345050893F4F40FEF203EFCE5B5E0
:10D5D000411122C4930705C006C6130720022E84FA
:10D5E000B3C70708636EF70C178700001307C773EC
:10D5F000B3C7E7209C43BA97828783C791861CA054
:10D600008147B24022443E854101828083C751B8A0
:10D6100093D72748EDB783C771B8D5B783C761B82B
:10D62000F9BF41469725FF1F9385C5062285974080
:10D63000FD1FE7804009E9B783C751B8858BC1B7A3
:10D6400083C741B86DBF83A701B81CC055BF83C74E
:10D65000818675B783C7E1B765BF83C7F1B745B7A3
:10D6600083C7D1B769BF41469725FF1F93858501C1
:10D6700075BF83C7E1B7D9B783C7C1B749B783A718
:10D6800081B7E1B783C751B79DBF83C7718685BF97
:10D6900083C76186ADB783C741B695B783C731B637
:10D6A000B9BFEFF02FBC08A0A1BF83C7218681BFFF
:10D6B00083C751B893D7374899B783C7E1B7DDBF60
:10D6C000130700048947E36EA7F2EF307EE50AA056
:10D6D00005BF011106CE22CC26CA4AC84EC652C486
:10D6E000EF402EB53DED03C721B685472A849384CC
:10D6F00011B6630CF702138981B6054A9C2063704A
:10D70000F4048327090093194400CE97FC27639AF9
:10D7100047012285EFF02FBD83270900CE9723878D
:10D72000070005041374F40FD1BFEFF01FAB98206E
:10D73000238101B683A781B6B907631DE400EF30EA
:10D74000CE8A6244F240D2444249B249224A05613B
:10D750006FF04FDB0504238007001374F40FC1073B
:10D76000E9BFF2406244D2444249B249224A0561CB
:10D77000828079714AD04ECE52CC06D622D426D29F
:10D7800056CA938911B6894703C409002E8A328983
:10D79000630AF50663F1A7028D478144994A630A3B
:10D7A000F506B2502285225492540259F249624A37
:10D7B000D24A456182802E85EFF00FFA83C70900B7
:10D7C0002A84E370F5FEE30E09FC1946D2854A85EA
:10D7D0009740FD1FE78020EFE9B703A50A00939764
:10D7E000440019463E95D28519059740FD1FE780F4
:10D7F00020FF29ED850493F4F40F03C40900E3EE40
:10D8000084FC45B78144938A81B6C5BF850493F4EF
:10D81000F40F03C40900E3F684F8338554030A8641
:10D82000C1451305352033450508EF201EB079FDAD
:10D8300041469305F00F0A859740FD1FE78060027F
:10D8400071F5D2850A85EF307ED569F183C709006D
:10D8500063E4F4002684B1B7E30E09FECA85268589
:10D86000EFF0BF9AC5BF797126D206D622D44AD02E
:10D87000AA8402CC231E01009760FD1FE780200DC3
:10D880000DCD138981860347090089476307F70295
:10D89000930565002A8448313008EFF09FED83C777
:10D8A00011B66372F5022AC6EFF04F99B2452A8687
:10D8B0000547A1462685EFF06FCFB250225492540F
:10D8C0000259456182808347090091E79545268585
:10D8D000EF404E93DDB70547E391E7FE4C3001463C
:10D8E0002685EFF06FD3D1BF0111C16726CA06CEDE
:10D8F00022CC4AC84EC6FD17AE846309F506976070
:10D90000FD1FE780C0042A84514929C99305650099
:10D91000483101465549EFF0DFE583C711B663761C
:10D92000F500A685EFF09F8401498DC82285EFF0B0
:10D930004FC72DA0A6852285EFF05F8311C1014955
:10D9400005041374F40F83C70900E365F4FE99C45A
:10D9500017F5FFFF13052545EFB0BECAF24062443C
:10D96000D244B2494A854249056182800144554901
:10D97000938911B6C9BF0111C1674AC84EC606CE08
:10D9800022CC26CA52C4FD172E89B2896300F5063F
:10D990009760FD1FE780A0FBD14421C1930565007E
:10D9A00048310146D544EFF0DFDC83C711B663761A
:10D9B000F5024E86CA85EFF07F89814439A84E86EC
:10D9C000CA852285EFF09F8811C181440504137434
:10D9D000F40F83470A00E364F4FEF24062444249D4
:10D9E000B249224A2685D244056182800144D54449
:10D9F000138A11B6F9BF411122C406C6138481B837
:10DA00000C2023A8A1B66145EF406E8B082022446C
:10DA1000B24041016F90BEC3411122C406C61384B7
:10DA200081B80C2023A6A1B66145EF404E8908209D
:10DA30002244B24041016F909EC1411106C622C4EA
:10DA400026C28DEDAA85AA8437450F00130505244B
:10DA50003375A602EF30BEAE2A8401E90144B2401C
:10DA6000228522449244410182809307E00FE3081B
:10DA7000F5FE85452685EF30FEF8D5B7EF309EF8E8
:10DA8000F1BF138791861C2383C551B893E707F82C
:10DA90001CA36F30FEEB5971A2D432845000CAD05F
:10DAA000D2CC86D6A6D2CECE2A89368A02C22314FA
:10DAB0000100EFF01FCC83C711B66374F50EAA8482
:10DAC000EFE0DFF79147AA896316FA0C03C7918646
:10DAD00079171337170091461949338924034E8665
:10DAE000A6852285EFF08FAC5146814568009740AE
:10DAF000FD1FE780C0C3700033490908C145130505
:10DB0000492033450508EF205E8205E9414693052B
:10DB1000F00F68009740FD1FE780A0D419ED700852
:10DB200091451309592033450908EF201E807000E4
:10DB300093F519002285EF305EE69D67BE941010C4
:10DB40009305000333C50408EF202EFE19ED0810DD
:10DB5000EFE0BFEC04108E2089C5B0202285EF8055
:10DB60007E8091049C08E398F4FE93F92900638772
:10DB7000090083C581B82285EF800E9B914763140D
:10DB8000FA0403C791868947631FF7022285EFF0E5
:10DB90005FEF15A803C78186791713371700D28660
:10DBA00025BFA147E31CFAFC03C781868947631C94
:10DBB000F7000146CA852285EFF00FA60146814590
:10DBC0002285EFF02FB5B650265496540659F649E3
:10DBD000664A014565618280411122C42A8406C6D5
:10DBE000EFF00FF6238481B82244B24041016FF078
:10DBF0006F911D7186CEA2CCA6CACAC8CEC6D2C4A9
:10DC0000D6C2EFF0FEB083C7318699CB0144138AA8
:10DC100011B6138981B6994A83470A00636BF400F1
:10DC2000F6406644D6444649B649264A964A256196
:10DC30008280032509009319440019469305F00FCB
:10DC40004E959740FD1FE780C0C129E9B3045403F6
:10DC50005010F145B3C4040813851420334505085A
:10DC6000EF20AEEC05ED0347F1039307F00F6317C8
:10DC7000F7025000C1451385342033450508EF20D5
:10DC8000CEEA5008C1450945EF202EEA8325090058
:10DC900054085000CE95E835EFF05EA705041374E4
:10DCA000F40F9DBF5D71A6C2CAC0930705C086C6AA
:10DCB000A2C44EDE52DC56DA5AD8130720022A8953
:10DCC000B284B3C707086368F74E178700001307CD
:10DCD000670EB3C7E7209C43BA97828785476144A4
:10DCE0006393F5021C220947636FF700A384F18652
:10DCF000014411A8854761446397F50014221387F6
:10DD000051B863FAD50CB64022852644964406499C
:10DD1000F259625AD25A425B6161828085476144FE
:10DD2000E393F5FE1C221147E36FF7FCA383F1B8E0
:10DD3000C1B785476144E398F5FC1C22E3E5F5FC97
:10DD40002383F1B875B7C1476144E39EF5FA4146B4
:10DD5000A6851725FF1F1305E5939740FD1FE78054
:10DD6000809679B785476144E39FF5F814221387BD
:10DD700051B8E3EAD5F81C236381062093E7170026
:10DD8000B9A885476144E390F5F81C222382F1B8D5
:10DD900085B791476144E398F5F61842B7470F00FD
:10DDA0009387F723E3E1E7F623A0E1B891B785472E
:10DDB0006144E39AF5F41C220947E366F7F42384EF
:10DDC000F1863DB785476144E39FF5F21422E3EC09
:10DDD000D5F21387E1B71C2389C693E747001CA33C
:10DDE00001BFED9BEDBF85476144E39EF5F01C222A
:10DDF0001147E36AF7F0A38FF1B6DDBD85476144B3
:10DE0000E393F5F01C22E3E0F5F0A38EF1B6CDB577
:10DE1000C1476144E399F5EE4146A6851725FF1FEA
:10DE2000130545861DBF85476144E39EF5EC14222A
:10DE3000E3EBD5EC1387E1B73DBF85476144E3943D
:10DE4000F5EC1C22238EF1B665B591476144E39C45
:10DE5000F5EA1842B7470F009387F723E3E5E7EAAF
:10DE600023ACE1B671B56144E39F05E8EF307EBCB9
:10DE700001E9EFF08FB6EF205E97EFE0BFE88DBDD0
:10DE800085472381F1B6ADB59D476144E39DF5E635
:10DE900093851400194668009740FD1FE780A08213
:10DEA000882050086C00EFF0DF8C83C711B6AA847D
:10DEB0000944E37AF5E44808EFB00ED52A8409E96D
:10DEC0002685EFE05FC2EF205E92EFE0BFE325BD65
:10DED00083A781B69204A6970547F8A7594425B5AC
:10DEE0009D47639EF5081946938514006800973096
:10DEF000FD1FE780407D882001466C00EFF07F87A2
:10DF000083C711B66377F5049947B304F502500847
:10DF1000F14593841420B3C404082685EF20EEC095
:10DF20002A8415E51307A0419307F00F6313E90056
:10DF300085475008F1452685A307F102EF200EE53D
:10DF400003C54186EF204EDFEFF0BFCA6DBB094429
:10DF5000E5BF83C781B50944E38707DA138771B545
:10DF60009306A0411C23631AD90093E717001CA352
:10DF70001D46A685138501B5CDB3F99B8DB58547A3
:10DF80006144E392F5D8138771B59306A0411C2331
:10DF90006315D50093E7270099B5F59B89B5A38153
:10DFA0000186EFF01FC5A9B38547A381F18601441F
:10DFB000138911B69949130AF00FFD5A138B418644
:10DFC00083470900E37FF4FCB30434035008F145B0
:10DFD00093841420B3C404082685EF200EB505E110
:10DFE0008347F102638D47015008F1452685A30759
:10DFF0005103EF20AED903450B00EF20EED305040B
:10E000001374F40F75BF85476144E39EF5CE1C225F
:10E01000E3EBF5CEA38AF1B6E1B985476144E39419
:10E02000F5CE1C222547E360F7CEA383F186C9B164
:10E0300085476144E399F5CC1822A546930797FFDD
:10E0400093F7F70FE3E1F6CC2383E18655B18547DB
:10E050006144E39AF5CA138741B61C2214231CA31A
:10E06000E39806C8E396B7C809BD85476144E39CB9
:10E07000F5C8138431B61C2218201CA009E763944C
:10E08000B700EFE03FC80820EFF0CEE895B1854734
:10E090006144E39AF5C61C220D47E366F7C6A382E6
:10E0A000F186B9B185476144E39FF5C41C22238200
:10E0B000F1863DB90545EF202EC81DB9854761445D
:10E0C000E393F5C41C222381F1861DB1930740021E
:10E0D0006144E39AF5C28830014693852400EFF04D
:10E0E0004FE983C711B66364F500094429B999471C
:10E0F0003305F5029820A14733490508631FF7024D
:10E10000130929205008F145334909084A85EF20B1
:10E11000CEA12A8415E59385840048086D46973082
:10E12000FD1FE780405A5008F1454A85EF200EC692
:10E1300003C54186EF204EC0F9B613091920D9B79F
:10E140000544D1B61717FF1F035707F7930740047D
:10E150006D44E3FAE7BA85476144E396F5BA1C22B9
:10E16000E3E3F5BA81CF83A7C1B45544E38D07B883
:10E17000138751B81C2393E7870095B1138751B8D3
:10E180001C23DD9BA9B91717FF1F0357E7F293075D
:10E1900040046D44E3F9E7B685476144E395F5B67D
:10E1A0001C22E3E2F5B6F9DB83A7C1B4554413871B
:10E1B000E1B7E9F389BE93070004E3E827F3894751
:10E1C000E395F5F226448E20B6409644F259625A01
:10E1D000D25A425B4A85064961616F305E8E797121
:10E1E00006D622D426D23C215147E91793F7F70FE0
:10E1F0006367F70417870000130787C4B3C7E720D6
:10E200009C432A84BA978287262550255435268533
:10E2100032C636C49750FD1FE7806073AA8705C1D8
:10E22000D827A147A246324613053400631EF702E1
:10E2300083A7C1B6A68599CB9C4389CB8297854499
:10E24000B2502254268592544561828003A581B73D
:10E25000EF30EEAE6DD59307E00FE302F5FE854596
:10E260002685EF302EFAE1BF83A701B7A68599C3B3
:10E270009C43E9F703A501B8E1BF2E252E852EC4E6
:10E280009750FD1FE780A06CAA8755D9D827A147D2
:10E29000A245130534001306C4009306C401631994
:10E2A000F70083A7C1B6C1DF9C47D1DB829741BF8E
:10E2B00083A701B7CDBF10314DEE7C21858BCDCB2F
:10E2C00083A7C1B5D5E78145414608089730FD1FB2
:10E2D000E780E0454C48A5C5FC291946C105A30FB8
:10E2E000F10008089730FD1FE780E03DB8867C20EC
:10E2F00093D72748D98FFC86EFE0CFF683C711B6B6
:10E30000639FA70083C7218699C3EFF0EF98971703
:10E31000FF1F83A767DC81C7854521458297EFE012
:10E320006FF4A2850808EFE05FC8AA841DE589455F
:10E3300003C581B89750FD1FE780E04B11B74A2015
:10E340009750FD1FE780A060E30B05EE5C31194696
:10E3500093056500A30FF10069B710304A20854589
:10E36000EFE05FBB55468D454A20EFE0BFBAC1BD27
:10E3700001468545D5BF183099474A216318F702F1
:10E380009750FD1FE780A05CAA840DC183C751860A
:10E3900009476386E7020D47638DE70005476397EA
:10E3A000E7004C314A200146EFE01FA710308945B5
:10E3B00065BF0146814513050041EFF0BF8E4E2039
:10E3C00088201546EF302EE7D5B793054500283154
:10E3D0000146EFF00FBA83C711B6E372F5E699472D
:10E3E0003305F5021306C400914513055520334546
:10E3F0000508EF20AE9903C54186EF20EE9381B565
:10E4000083C751B74A2181C783C5718699BD83C728
:10E41000918699E39545B1B59750FD1FE78020534C
:10E42000AA84E30E05E03C244831858B85C78547E7
:10E4300063F2A7025E2493F7072089EF1008938503
:10E440006400EFF00FB383C711B66395A7004A20AD
:10E450008D4501BDCC304A2013068400EFE0DF9BE0
:10E460000146814511B74A21EFF0EFBFC9BB4A21F0
:10E47000EFF02FA6138791861C2393F7F7071CA3B1
:10E480007DBB797126D206D622D44AD04ECE52CC4C
:10E49000AE849397556063D9070803C581B8973058
:10E4A000FD1FE78040192A8431C11C211307100B7E
:10E4B0006389E7041307000D6384E7021307000B69
:10E4C0006393E7025821F9476316F7002A21814533
:10E4D000EFF08FC14C2013058400EF609EA721A0B0
:10E4E000EFF0FFCF01C52285EF10CEA01394F468A2
:10E4F000B2502285225492540259F249624A45612F
:10E5000082805C21EDF312256E212A21238A01B637
:10E51000EFF06FC683C741B7F9D703C54186238A99
:10E5200001B6EF206E81C1B793F7250095C38145F1
:10E530000145EFE09FA7938781B8894511C18545C3
:10E54000882313C424009750FD1FE780C02A4DB7CD
:10E5500093F71500DDCB1389C1B583270900138418
:10E5600081B403DA47001C4081EFC165138761B4B1
:10E5700089461386818DFD150545EF80EE8308C021
:10E580000C4093C4140085E98327090001468545A2
:10E59000CA2333C40408EFE0FF978327090001462C
:10E5A0008D45CA23EFE01F9703C54186EF10DEF8C3
:10E5B000EFE0CFD035BF938961B403D6090093084B
:10E5C000F00F094881471307E10074005285EF807E
:10E5D000EECF01E9308611C61C405285AE27EFF020
:10E5E0008FB9084003D60900C1658146FD15EF804B
:10E5F0006EC308C033C4040841D9854503C581B83A
:10E600009750FD1FE780201FE5B513F44500E30197
:10E6100004EE13C44500E9BD3421F14763EFD7266A
:10E620001787000013070787B3C7E6209C434111F3
:10E6300022C4BA9706C626C22A8482871C319384D4
:10E6400081BBD1E741469715FF1F9385A506171596
:10E65000FF1F130525089730FD1FE780601829E983
:10E660001716FF1F13060607C1450945EF101EF2D6
:10E670001716FF1F13060605C1450D45EF101EF1C5
:10E6800003C54186EF105EEB93053400138541BA54
:10E6900019469730FD1FE78000038547854503C570
:10E6A000C1BB9CC09750FD1FE780E0148840D9A0F3
:10E6B00041469715FF1F9385E5FE1715FF1F1305AC
:10E6C00065009730FD1FE780A01159D975BF9947A4
:10E6D0009CC0E9BF18313C3129E309476394E70244
:10E6E000138781BB1C438145014593F7F7F093E7FE
:10E6F00007021CC3EF504EA308B0B240224492441C
:10E70000410182800547814501456395E700EF504F
:10E710004E95DDB7EF508E88C5B70947E38FE7FC0C
:10E72000138781BB1C43C19B13E5670008C399A0F5
:10E730001C31938481BBBDEF8D47639FF604138723
:10E7400031BB1C239396476063DC060093F7F70701
:10E75000894503C5C1BB1CA39750FD1FE780A009D5
:10E760009C40914613F7F7006311D702C19B13E554
:10E77000570088C083A7C1B8C9D39C43BDDFA28519
:10E780002244B2409244410182878946E307D7F68A
:10E79000C19B13E52700F1BF238A01BA9C4095462F
:10E7A00013F707FFBD8B13653700E394D7FC1365A0
:10E7B0004700C1B79C40C19B13E567005DBF9384D0
:10E7C00081BB9C401831C19B11EF93E747009CC06F
:10E7D00032259305450028319146EFF0CFAB238ACF
:10E7E00001BAE9B5930610036317D700238A01BA6B
:10E7F00093E73700F1BD93E76700D9BDEFF03F9E87
:10E80000138781BB1C43954613F6F700C19B13E5A4
:10E810003700E31DD6F013E5270009BF938481BBC1
:10E820009C40183193F7F7F021E34D47639AE602D5
:10E8300093E70701138721BB9CC01C239396476075
:10E8400063DC060093F7F707914503C5C1BB1CA322
:10E850009750FD1FE78020FA9C401395872919BF28
:10E8600093E707029CC0CDBF93E70703E5BF13867C
:10E8700081BB1842FD770C319387F70F7D8F93672B
:10E88000073081E9ED45936707206394B6009367ED
:10E8900007101CC213959729F1BD82801821930699
:10E8A00010096307D7009307000D630EF7028280FB
:10E8B00014313947639BE602562105671307574019
:10E8C0006395E6021C451307F00783853700638EC6
:10E8D000E50003A7C1B811CB584301CB8833BC2353
:10E8E000A2075D8D02876FF03FD38280011126CA97
:10E8F00006CE22CCAE849397556063DF070A03C52A
:10E90000C1BB9730FD1FE78000D32A8409C983C7A4
:10E9100051B989EFEFF09FF82285EF00BEDD139526
:10E92000F468F2406244D244056182801C211307DE
:10E93000000D639BE7043C2181E7EFF03FF601A85F
:10E940001547639CE7005825A147E395E7FCA2859E
:10E9500003C541B9EF003EDFD9B72147E38FE7FC9C
:10E9600099466394D7007C31CDB71D47E394E7FA0D
:10E970004A219750FD1FE78080FD59DD5825A147AA
:10E980002285E319F7F8E1B71307200AE384E7F8D3
:10E9900013071009E393E7FA1831B947E31FF7F8B3
:10E9A0005A21856793875740E319F7F81C45883348
:10E9B000BC23A2075D8D75BF9167ED8F91CF138644
:10E9C000C1BA91451145EF107EBC03C54186EF10D9
:10E9D000BEB61395E468B1B793F71500BDCB83C7F6
:10E9E00041BBA9C7EFA0BEC79707FF1F83C7276D0D
:10E9F0006361F5048D475C8283C781B95C864C00F6
:10EA000083C771B903C5C1BBDC86EF405EA719CDD2
:10EA1000938781BB884341991365650088C383A7A9
:10EA2000C1B889C79C4399C38145829713C5140017
:10EA3000CDBD83C731BA5C82194683C721BA93859D
:10EA4000C1B913056100DC829730FD1FE780A0C7C4
:10EA500065B793F7250095CB83C731BB858B9DC3E5
:10EA600003C5C1BBEF403ECE11CD938781BB884328
:10EA70001375F5F088C383A7C1B889C79C4399C3B0
:10EA80008145829713C5240069BD13F54500E30A4B
:10EA900005E883C721BB8DC703C5C1BBEF40BECD11
:10EAA00005C1138781BB0843FD779387F70F7D8DE1
:10EAB00008C383A7C1B889C79C4399C3814582977E
:10EAC00013C54400B9BD397122DC26DA4AD84ED6C6
:10EAD00052D406DE2A8AAE893289B6843A843EC68A
:10EAE0009750FD1FE780A0E629C17E25324663EBE3
:10EAF00037016369F9001E29639697003E29614535
:10EB0000638D87002C085285231C3101231D2101B0
:10EB1000E486E087EFA0EEF80145F2506254D2544B
:10EB20004259B259225A216182805145FDB74111A3
:10EB300022C406C69717FF1FA386A788328481C503
:10EB40002E85EFE05FEB83A781BB8DEB19C023A679
:10EB500081B82244B24003C661B983C551BB03C525
:10EB6000C1BB9387C1BA1717FF1F1307A7B5971625
:10EB7000FF1F938626B641016F509EBEB2402244CD
:10EB80004545410182809707FF1F83C7475389EBA3
:10EB9000614582806145B2402244924441018280B5
:10EBA000411126C206C622C49384C1BB80209307AC
:10EBB000F00FE311F4FE17050000130565D3EF1005
:10EBC0000EAF88A0E30885FC23A601B823AC01BAE8
:10EBD0009147A38AF1BAEF20DE9B41468145171584
:10EBE000FF1F130525AF9730FD1FE78040B4414656
:10EBF00081451715FF1F1305E5AC9730FD1FE78012
:10EC000000B323A601BAA38101BA238101BA9D47AB
:10EC10001716FF1F130606ACC1450945238CF1B832
:10EC2000A38B01B8EF106EF01716FF1F130686A90D
:10EC3000C1450D45EF106EEF41469715FF1F9385B7
:10EC400065A91715FF1F1305E5A69730FD1FE7807F
:10EC500080A741469715FF1F9385C5A61715FF1F6F
:10EC6000130545A49730FD1FE780E0A51386C1BAC0
:10EC700091451145EF106EEB014531BF1707FF1F9E
:10EC800013070774FD575CB37CA3A38A01BA054739
:10EC9000238AE1BA23A601BA19472399E1B8056787
:10ECA000130707C82398E1B8238AF1B88D47238B4F
:10ECB00001B8A38A01B8A388F1BA2388F1BA19462A
:10ECC00081451385C1B91733FD1F670043A6411164
:10ECD00022C4930705D006C65D472E84B3C7070834
:10ECE0006367F70C1777000013070722B3C7E72005
:10ECF0009C43BA97828783C751BB1CA019A8414681
:10ED00009715FF1F9385059D22859730FD1FE7808E
:10ED1000809B8147B24022443E854101828041462A
:10ED20009715FF1F9385059AC5B783A7C1BA9CC1E4
:10ED3000CDB71946938541BAC1BF83C741BB75BFE3
:10ED40002E85EF407ECAF1B72E85EF401ECCD1B79D
:10ED500083C731BA5DB783C721BA45B719469385D2
:10ED6000C1B95DB783C781B949BF83C771B971B7ED
:10ED700083A781BB59B783C761B941B783D721B98D
:10ED80001EA041BF83D701B9E5BF83C711BBB5B78B
:10ED900083C701BB9DB72E85EF401ECA9DBF83C7A9
:10EDA00031BB93F7F70791BF83C721BBB9B71307EF
:10EDB00000048947E360A7F6EF208EF60AA091BF12
:10EDC0002A879307F7CFD9462E85B3C70708B285A0
:10EDD00063EDF6249776000093860619B3C7D72013
:10EDE0009C43411106C6B69782874147E147631E9F
:10EDF000E50241461715FF1F1305C58D9730FD1F0E
:10EE0000E780608C15A04147E1476310E502414669
:10EE10001715FF1F1305058BD5B71147E14763167B
:10EE2000E5001C4223A6F1BA8147B2403E8541016C
:10EE300082800547E147E31AE5FE138741BB1C22A8
:10EE400014231CA385C2EDF303A781BB3D8B93075D
:10EE50004002B3D7E700858BE1DB03C5C1BBEF40C0
:10EE60008EF6D9B7F1D383A781BB6386A700BD8B8C
:10EE7000F517E36BF5FA854503C5C1BB9750FD1F38
:10EE8000E780609755B79307C01C63ECA718630A27
:10EE90000618B24041016F407E909307C01C63E2A8
:10EEA000A71863000618B24041016F409E9B0547BA
:10EEB000E147E31CE5F61822A946E3E8E6F6A3815C
:10EEC000E1BA9DB70547E147E311E5F618228D4603
:10EED000E3EDE6F42381E1BA81BF1947E147E31688
:10EEE000E5F419461385C1B911BF0547E147E31E93
:10EEF000E5F218229D46E3EAE6F2238CE1B82DB74D
:10EF00000547E147E313E5F218228D46E3EFE6F00B
:10EF1000A38BE1B811BF0547E147E318E5F01C22D8
:10EF2000238BF1B811B70947E147E310E5F012224E
:10EF300005671307A7C79306A6FFB3C60608E366CF
:10EF4000D7EE2399C1B8CDB50947E147E31FE5ECFA
:10EF5000122205671307A7C79306A6FFB3C60608C4
:10EF6000E365D7EC2398C1B8C1B50C2203C601BB39
:10EF7000A388B1BA0145EFE06EFA7DB5102283C5D2
:10EF800011BB2388C1BAFDB79307C01C63EBA70868
:10EF900049CAB24041016F403E990547E147E31637
:10EFA000E5E8138731BB14231C22858A1CA313F6C2
:10EFB000170091C6E31A06E6EF402EFBB5B5E30550
:10EFC00006E683A681BBB98A8945E39706EA93E7FB
:10EFD00007F81CA391BD0547E147E318E5E4138753
:10EFE00021BB1C2214231CA391C6E39F07E2EF4020
:10EFF0002EFA1DBDE38A07E283A681BB93F6060FB6
:10F00000F9D6914595BD9307000463EEE700894664
:10F010008947E31CD5E0B2400E223A8541016F20BA
:10F020001EAAE14719B5894709B59307000463E9AA
:10F03000E700894689476316D5000E223A85C5B791
:10F0400089473E8582806FE04EE8014881476FE046
:10F050008EE9011106CE2AC69750FD1FE780208F4A
:10F0600001C9B245F24008214D4605616F20BE9CA2
:10F07000F240494505618280411106C6EF90DFF5F7
:10F080001795FEFF13052510EF007EE2EF803EFC92
:10F090001735FEFF1305A5ADEF007EE1EF20DEA8DA
:10F0A0001765FEFF130585EFEF007EE0EF503EECA5
:10F0B00017B5FEFF1305A556EF007EDFEFB0EEE9B2
:10F0C00017F5FFFF1305253CEF007EDEEFE0DFB014
:10F0D0001785FEFF1305A573EF007EDDEF80CEEFF1
:10F0E000B24041016FF03FAA411106C6EF307F895F
:10F0F00083C7C1BBFD1793F7F70F1307D00F6372D8
:10F10000F7061795FEFF13050508EF005EDAEF809E
:10F110001EF41735FEFF130585A5EF005ED9EF201D
:10F12000BEA01765FEFF130565E7EF005ED8EF5040
:10F130001EE417B5FEFF1305854EEF005ED7EFB056
:10F14000CEE117F5FFFF13050534EF005ED6EFE0C3
:10F15000BFA81785FEFF1305856BEF005ED5EF8016
:10F16000AEE7B24041016FD01F8083A781BC03A7E7
:10F1700001BC01456313F7008280F62399E2D62390
:10F1800036959C43C5BF1707FF1F1307E7F11C43C4
:10F190005A23411193860711E117BA97856523A475
:10F1A000D1BC23A0F1BC06C69D051356370063F4FD
:10F1B000E500130600203387C60023A2E1BC6116D8
:10F1C00098C2D2A2239306001CC3998FE1175EA3B5
:10F1D00023130700EFF07FF9B2409707FF1F239436
:10F1E000A7EA4101828083A781BC03A701BC014536
:10F1F0006313F7008280F62381E6D6233375D50AA0
:10F200009C43FDB79C211CA1BE211CB1BE21A18342
:10F210003CA1DC213CB11145828023A801BC23A67E
:10F2200001BC82800DCD411122C426C206C6AA842B
:10F230002E84014585C1228541469775000093853E
:10F2400065D89720FD1FE78000489C2005455CA4F9
:10F250009C305CB4B240224492444101828001451A
:10F260008280011122CC26CA06CE8947AA84328424
:10F27000639FF5006384B602414781476397E604C4
:10F280008A85EFF03FFA41468A85228515A84147D5
:10F290006393E504638FF600639FB6022E86A28512
:10F2A0006244F2402685D24405611723FD1F6700A2
:10F2B00023538A853285EFF0FFF641468A852685FD
:10F2C0009720FD1FE780C051AA87F2406244D244D4
:10F2D0003E85056182808147CDBF23A6A1BC828087
:10F2E00023A8A1BC8280011122CC622106CE26CAAD
:10F2F0004AC84EC63DC8832985002A88AE8403C902
:10F30000090081471317496063550702B147054556
:10F3100063F68704035528005114334404084E86CD
:10F3200033878900A2868545EFB04E9AB337A00097
:10F330008507135569487D141379F903334404088C
:10F340009CA088B023812401C2A0014719C0138763
:10F35000190098C409476383E7000145F2406244FD
:10F36000D2444249B249056182800545C5BFC167A3
:10F37000F917630AF502D94763F7B702011122CCE6
:10F380002EC606CE2A84EF80DEBCB2456368B50087
:10F3900022856244F24005616FA0EEA3F240624410
:10F3A00005450561828005458280C167F9176314B0
:10F3B000F5006F801EBA411106C6EFA0AE9011E1B4
:10F3C0005D45B240410182809147639DF5001C215B
:10F3D0001CA23C211831A207D98F3EA23C31014525
:10F3E0005CA282801145828039714ED652D45AD0A7
:10F3F0005ECE06DE22DC26DA4AD856D22A8A2E8B48
:10F40000B289B68B15E7EFF05FFA9145EF805EC1E8
:10F410002A844D49854A19EDF2506254D254B259AA
:10F42000225A925A025BF24B4A85425921618280EC
:10F430003A84814A230034018544630A0B00DE8547
:10F4400013051400029B93041500B3C40408939998
:10F45000496063D30902C1455285EFA0AE94654966
:10F4600015E533069400A6852285EFA09ED72A894C
:10F4700011EDB104B3C4040891472C0052857C847B
:10F4800022C66485EF905EAC2A8959D5E3860AF8D6
:10F4900022859740FD1FE780C0D2BDBF011122CC5D
:10F4A00026CA4AC84EC606CE2A893284B689EFF0EB
:10F4B000BFF3AA8419ED83A701BD81CF0547631768
:10F4C000E40003C4090005041374F40FA2854A85FF
:10F4D0008297F24062444249B2492685D24405618E
:10F4E0008280AE8601470546970500009385C5D109
:10F4F0006FF0DFFA9E211CA19E21A1831CB1BE21C9
:10F500003CA1BE21A1833CB1114582809E211CA15A
:10F510009E21A1831CB1BE213CA1BE21A1833CB18F
:10F52000DC315CA1FC215CB18A2519053345050855
:10F5300082809E211CA19E21A1831CB1094582804D
:10F540009E211CA19E21A1831CB1BE213CA1BE21F4
:10F55000A1833CB1114582809E211CA19E21A183E3
:10F560001CB1AA2109053345050882809E211CA1F2
:10F570009E21A1831CB1BE213CA1BE21A1833CB12F
:10F58000CA2111053345050882809C211CA105452F
:10F5900082809E21411122C406C61CA19E212E8478
:10F5A0001105A183A30EF5FEBE219505230FF5FEDF
:10F5B00083D7D5FFA183A30FF5FE03C6F5FF9720E0
:10F5C000FD1FE78040104820B24022441105410150
:10F5D0008280AE8601471146970500009385C5F1EC
:10F5E0006FF09FE013F73500AA8701EB8981114581
:10F5F00091C50EA25CC20145828011458280D8214E
:10F600008947631CF702011122CC2A84C84506CE23
:10F61000AE8601C92EC69D459740FD1FE780A0C656
:10F62000B2462A8722856244F240194697050000B7
:10F63000938505EE05616FF03FDB09458280DC2193
:10F640000947AE866385E7004147639AE7000147B3
:10F65000214697050000938505F46FF0FFD8094512
:10F6600082800EA291E1014548C201458280AE86AA
:10F6700001472946970500009385E5EB6FF0DFD63B
:10F68000AE8601473146970500009385A5EB6FF0E4
:10F69000BFD5DC210947AE866385E7004147639A01
:10F6A000E70001474146970500009385C5EE6FF0DE
:10F6B000BFD3094582803335B0000A05828001112D
:10F6C00022CC26CA06CE98258547AA842E84494690
:10F6D0006310F702EFF07FCD3E2049151306200995
:10F6E00063C8A700F2406244D244094505618280A4
:10F6F000183485476314F70013660604484001C9AF
:10F700008D4532C69740FD1FE780E0B73246A2869E
:10F710006244F2402A872685D244970500009385EB
:10F72000E5E305616FF05FCC011122CC2A848845A6
:10F7300006CEAE8601C92EC695459740FD1FE780CF
:10F7400080B4B2462A8722856244F2405946970522
:10F7500000009385E5E105616FF01FC93335B00006
:10F760000A058280AE8601476146970500009385B1
:10F7700005E26FF07FC78547114563F1D7021C3260
:10F780000C220945A207CD8F81456384A60093050D
:10F790002600F9161EA336A34CC3014582809E2184
:10F7A0001CA19E21A1831CB109458280BC21054773
:10F7B0001CA18A216397E7000A0505053345050862
:10F7C0008280C9473305F502CDBF8A210A0533453A
:10F7D00005088280BE211CA18A21BE213305F502C5
:10F7E00005053345050882808A2182808A2182802E
:10F7F0008A218280BE211CA18A21BE213305F50207
:10F8000005053345050882809E211CA19E21A18308
:10F810001CB1BE213CA1BE21A1833CB1CA2111056E
:10F820003345050882809E211CA19E21A1831CB125
:10F83000AA21090533450508828089471145639847
:10F84000F6001C3214220145A207D58F1EA3828028
:10F850009A21D947AE8663FAE70001470D4697051E
:10F860000000938505F46FF07FC309458280114540
:10F87000639DA6001C3214220145A207D58F1EA34A
:10F880003C323422A207D58F3EA38280BC2105479B
:10F89000FD1793F7F70F6362F7049E219DCF0111C7
:10F8A00022CC2A84C84106CE2EC61DC18945974068
:10F8B000FD1FE780409D2A8722856244B246F240C0
:10F8C0001546970500009385A5EE05616FF01FBDF5
:10F8D000F24062440945056182800945828095476E
:10F8E00063F0D706411122C426C24AC006C61C32A4
:10F8F0003A841822A207B284D98F1EA03C32382243
:10F9000093854400A207D98F3EA089475CA0094691
:10F910001305540036899720FD1FE780C0DA194788
:10F9200081476304E9009387640069192314240163
:10F93000B2405CC4224492440249014541018280A4
:10F94000114582809E219DCF011122CC2A84C8417D
:10F9500006CE2EC61DC185459740FD1FE780A092AB
:10F960002A8722856244B246F2401D469705000070
:10F970009385E5E505616FF07FB2F2406244094589
:10F9800005618280094582809947B2856388F600C7
:10F99000D147114541466384F600828009464111F2
:10F9A00006C650A39C31942113055700A207D58F9A
:10F9B0001EA3BC31B4219105A207D58F3EA3972089
:10F9C000FD1FE78040D0B2400145410182809E2169
:10F9D0009DCF011122CC2A84C84106CE2EC61DC15E
:10F9E00089459740FD1FE780008A2A872285624467
:10F9F000B246F2402546970500009385E5DD056196
:10FA00006FF0DFA9F2406244094505618280094533
:10FA10008280894711456398F6001C321422014503
:10FA2000A207D58F1EA38280011122CC2A84C8414F
:10FA300006CEAE8601C92EC685459740FD1FE780DC
:10FA40008084B2462A8722856244F2402D4697057B
:10FA500000009385A5D905616FF05FA46FF03FE1C9
:10FA6000011122CC2A84C84106CEAE8601C92EC619
:10FA700085459740FD1FE7800081B2462A87228591
:10FA80006244F240354697050000938565D60561CE
:10FA90006FF0DFA093F71600114581EB894763866D
:10FAA000F600858256A310C301458280011122CC45
:10FAB0002A84C84106CE2EC61DC185459730FD1F3C
:10FAC000E780607C2A8722856244B246F2403D4648
:10FAD00097050000938505D205616FF03F9CF240C9
:10FAE00062440945056182809E219DCF011122CC8F
:10FAF0002A84C84106CE2EC61DC189459730FD1FF8
:10FB0000E78060782A8722856244B246F240454603
:10FB100097050000938545CE05616FF03F98F24050
:10FB2000624409450561828009458280854763F406
:10FB3000D70208A70CB71C320C220945A207CD8FAB
:10FB400081456384A60093052600F9161EA336A3FB
:10FB50004CC30145828011458280014781464D4654
:10FB600081456FF0BF938D47114563F5D7021C3275
:10FB70000C22A207CD8F1EA33C322C22A207CD8FD0
:10FB800081456384A60093054600F1163EA356A363
:10FB90000CC701458280011122CC2A84884506CEFB
:10FBA000AE8601C92EC695459730FD1FE780A06D32
:10FBB000B2462A8722856244F2405D4697050000DE
:10FBC0009385C5C405616FF07F8D854711456395A9
:10FBD000F6001C2201451CA3828001478146654630
:10FBE00081456FF0BF8B011122CC2A84C84106CE1B
:10FBF000AE8601C92EC68D459730FD1FE780A068EF
:10FC0000B2462A8722856244F2406D46970500007D
:10FC10009385A5C105616FF02FFD011122CC2A84C7
:10FC2000C84106CEAE8601C92EC68D459730FD1F50
:10FC3000E7806065B2462A8722856244F2407546B5
:10FC400097050000938565BE05616FF0EFF9397186
:10FC500026DAAE84B70540004ED6F915AA890545C7
:10FC600006DE22DC4AD8EF00EECB13146529974557
:10FC700000009385253A41460A85EF501DF1414623
:10FC800097450000938505390808EF501DF093173C
:10FC9000840013590401334704082183D98F137951
:10FCA000F90F10088A854E857C87A3062101EF9005
:10FCB0008FFA8347E1010347D101A0B0A2074207B1
:10FCC000BA970347F1012180C0A0BA979CA013D72F
:10FCD0008700C18398B0BCA0A3822401F250625473
:10FCE000D2544259B259216182800111194697F5C7
:10FCF000FE1F9385053D17F5FE1F1305A57F06CE54
:10FD000022CC26CA4AC891644EC69720FD1FE780C0
:10FD1000809B9385F4FF0145EF004EBE2A84FD557C
:10FD20000145EF002EC0A287FD147D5933F79700DF
:10FD3000B366E500CDC6631425016302970A17F484
:10FD4000FE1F1304246D2308F40EA18393E707FC20
:10FD50001169C1692326A40EA308F40E7D19FD19AB
:10FD6000CA850145EF008EB9AA84FD550145EF0013
:10FD70006EBBB3679500EDD7FD576314F500E381C3
:10FD800024FF0357040E93570501230AF40E9357DB
:10FD90008501A30AF40E8356240EB3470508B98FD4
:10FDA0000357440F230B940EA18093F4F403358F73
:10FDB000A30B940ED98F8356440E0357640F231957
:10FDC000A40E358FD98F93975760B3F73701C9DBEE
:10FDD000F2406244D2444249B24905618280A6851C
:10FDE0000145EF00AEB12A84FD550145EF008EB309
:10FDF000A2872DBF4111930590241305000A22C448
:10FE000006C69730FD1FE780602F2A842DC9130690
:10FE1000000A81459720FD1FE78060911707FF1FAB
:10FE200013074782145F585F97F7FE1F23AA876660
:10FE30009307040898CFD4CB7D572300E40413071D
:10FE400010FB78A023020400170700001307070423
:10FE500098C71707000013074743D8C717070000C4
:10FE60001307472F98CB97F7FE1F83C7E72981EB2E
:10FE7000914503A541BD9720FD1FE780C0CDB2404D
:10FE80002285224441018280411126C297F4FE1F3F
:10FE90009384445822C403A4C40806C68347540666
:10FEA0002302040685E385472302F406194697F5E5
:10FEB000FE1F93852564130564069720FD1FE780C8
:10FEC0008080B5A80547639AE700B8200DE749454B
:10FED000B240224492444101828083254408DDEDF2
:10FEE0008347C4068DE3034754068947E30DF7FAB9
:10FEF000BC20F1DF85472302F406194697F5FE1F63
:10FF00009385A55F4DBF1305C4069730FD1FE7809D
:10FF1000C0A22322A40819CD3C2589CF89472302FA
:10FF2000F40619469305C500130564069710FD1FD6
:10FF3000E7806079034744068947E316F7FAB70577
:10FF40000001FD150145EF00EE9D68CCEF905FB715
:10FF500028CCC1451545EF00EE9785477CB0834717
:10FF600084030D4748A458A097F4FE1F93844411BE
:10FF7000639EE702523883576404A830C1453E9619
:10FF8000EFF05DBFA830C1459740FD1FE780A08618
:10FF9000014597F7FE1F238F07461DBFBC25A1D73C
:10FFA00089472302F4061946B105BDBF0947A830A9
:10FFB0006396E70003566404C145D9B75238EDBFD4
:10FFC000411106C622C42A849750FD1FE78060A213
:10FFD000930700FB7CA09305000217F5FE1F034565
:10FFE000550AEFF05DC117F7FE1F1307A7421C2348
:10FFF0005638850793F7F70F1CA3130700643347A0
:020000023000CC
:10000000D70263C8E700EF000E9497F7FE1F238323
:100010000740B240224441018280011126CA97F470
:10002000FE1F93842462D84C22CC06CE4AC84EC60A
:10003000954717F4FE1F0324A4466306F700D84C27
:100040008D47631FF70083C7140281E79307701081
:100050009EB0F2406244D2444249B2490561828076
:100060000D459750FD1FE78060A0938941B103A71C
:100070000900B7C7898E938767ED1CC7B75755002E
:10008000938757555CC30347A4039307F00F630599
:10009000F700FD57230DF402138941B2032709002D
:1000A0008547A30CF4025C430145014693E7170022
:1000B0005CC3930720FB7CA09D47DCCC93055002DA
:1000C00097F7FE1F23A00758938441B39730FD1F75
:1000D000E78020F6984001455C57F59B5CD783A6E6
:1000E000090058309C421377F70793F707F8D98F28
:1000F0009CC297F7FE1F83C7270199C303A541BD83
:100100009720FD1FE78040A403A70900B70633002E
:100110001C4393F7F7CF1CC31C4393F7F7CF93E728
:1001200007201CC398401C47D58F1CC70327090014
:10013000B7070300938787153CCB97F7FE1F23ADC6
:10014000075097F7FE1F23A1075085471CC311B71F
:10015000411122C406C626C217F4FE1F03244434EC
:1001600003479403A1476303F70A89445C3063148F
:10017000970A130770026381E710130750021305F3
:1001800070026394E7001305600248B083A741B191
:1001900098433706CEFF7D161377F7CF1367071006
:1001A00098C303A741B3144783A541B2F18E14C786
:1001B00037060300B0C997F6FE1F23A5064854571B
:1001C00013068615F59A54D7944393F606F8C98E0C
:1001D00094C397F6FE1F23A1064897F6FE1F23A59A
:1001E0000646854694C1944393F6F6CF94C3944350
:1001F00093F6F6CF93E6062094C31C47B706330068
:10020000D58F1CC7B0C9930720FB7CA0B240224405
:10021000924441018280130770026386E7029306CD
:1002200050026394D7001307600258B083A641B30D
:10023000DC56F59BDCD683A641B19C4293F707F8C8
:10024000D98F9CC2C9B783478403898B95C703564E
:10025000A4049305000217F5FE1F034595E2EFF095
:100260007D9193075002A30C94025CB02244B240EB
:10027000924441016FF07FDA22852244B2409244D9
:1002800041016FF0FFD397F7FE1F9387A71803A7CD
:10029000070A35E3411122C403A4C70806C6930721
:1002A000000B78206306F7009740FD1FE78060741D
:1002B0008347840317F5FE1F0345B5DC13F71700CA
:1002C00011C785473238A30CF40201A8898BF5DBEE
:1002D0000356A4048947A30CF40293050002EFF02F
:1002E0007D8993075002230F04025CB02244B24080
:1002F00041016FF09FD2828001114EC6938941B2B5
:1003000083A7090022CC26CA4AC806CED84313893F
:1003100041B12A8413671700D8C38326090037C761
:10032000898E130767ED98C6375755001307575541
:10033000D8C2D84397F4FE1F9384C4300146136794
:100340001700D8C3930730FB7CA10345C5039D4725
:10035000DCCC9305F00F23A004009730FD1FE7804D
:1003600040CD03A6090023AA040023A20400854768
:100370001CC283270900B705330098431377F7CFD2
:1003800098C398431377F7CF1367072098C303A741
:1003900041B31447CD8E14C7B70603009386861564
:1003A00034CA5457F59A54D78346B403984393F606
:1003B000F607137707F8558F98C3F2406244D2448A
:1003C0004249B249056182807D572300E504034715
:1003D0009503411106C6230DE5022147A30CE50252
:1003E0000347B50358B1EFF03FF1938741B298430B
:1003F00054471396164950C70F1000009C43370707
:100400000200B24098C71307000817F6FE1F232307
:10041000E6240567130727A8F8D3D4C741018280D3
:10042000011122CC06CE26CA4AC84EC652C4034782
:100430009503A1472A84631FF720930750FB7CA1F3
:100440000345C503930520029730FD1FE780609A9E
:100450008347C403094733D9E70A83244409930730
:1004600020021CA495479CA078209307400B97F985
:10047000FE1F938929FA631AF70083A7090D1167F4
:10048000F98F81C7930750029CA0930720029CB06C
:10049000034744068947130A6406631BF700832554
:1004A000440819465285B1059710FD1FE780A02129
:1004B00083475406858B91E70347440689476316B3
:1004C000F7009C2093E707049CA01946D28513856A
:1004D00024009710FD1FE780001F8347540789C73A
:1004E0009C2093E707F89CA01946930564071385A1
:1004F00084009710FD1FE780001D83478405FCA43E
:1005000083479405FCB48347A4059CA88347B4059E
:100510009CB87C4C13D78700BCA8C183DCA8B8B8B2
:1005200089476313F9008D47DCB8B327892003C7D7
:1005300007058325440998AC03D70705218398BC98
:10054000B82FB8ACBA2F2183B8BC03C707029E33BB
:10055000D8ACA183DCBC9C3D982DA207D98F03D7D2
:10056000C90A630707148D472317F40497F7FE1F82
:10057000938787B883DEC7009306003203D7A902AA
:1005800013860E193356D60234501307270283A25E
:10059000490903AF870005872D07814313090032FE
:1005A000954F369616857D538357E40461E1636960
:1005B00067008507B3C707082317F404E3F4FFFEB9
:1005C0008347E404B7060082FD16FCA88357E404C1
:1005D000A183FCB883C7E90FFCAC83C7F90FFCBC4F
:1005E00083C709102380F40283C71910A380F40283
:1005F00083C729102381F4025C24FD8BA381F402BC
:1006000083C7390003C735029607D98FA381F50246
:1006100083A541B1D85597F7FE1F83C727AA139624
:10062000476093F7F703758FE607D98FDCD513077B
:10063000A00383A741B36355C708F84FB706000767
:10064000558FF8CFF2406244D2444249B249224A1F
:1006500005618280930740FB7CA193052002014540
:100660009720FD1FE780E0780149C5BBB386D7031B
:10067000032E050993860619B3D62603B388C60050
:10068000B3B6D80046886394D30063E4E8013388A6
:10069000E841B306C84163690E01B3060E4163F534
:1006A000E60085072317F40408413353D30AEDBD50
:1006B0008D838D071947B3D7E70A2317F40409B7C9
:1006C00013072002635AC700F84FB70600F9FD165A
:1006D000758FB7060005ADB7B70600F96947FD1677
:1006E0006357C700F84F758FB706000391BFF84FE7
:1006F000758F13178729B1B7411106C622C426C2C8
:1007000097F4FE1F9384C4972A84A830C145EFF064
:100710008DCEA83093050002EFF0EDCD230204004A
:1007200023130400B24022449244410182804111CB
:1007300006C626C222C44AC0AA84EF20CF8CEF008E
:10074000DFE679C5B85083A7440901482324E508AA
:10075000B84C2A841546232CE508F84C97F5FE1F63
:10076000938525DB130585132322E5F6D83B17F97E
:10077000FE1F130929CAA30FE5EEF83BF42B22074D
:10078000558F2310E5F0983F942F2207558F2311A2
:10079000E5F0B83FB42F2207558F2312E5F0D82F8C
:1007A000DC3FA207D98F2313F5F0DC2423220501B7
:1007B000A30EF5EE81471CC19710FD1FE780A0F046
:1007C000F8209307600B631DF70485472300F4149A
:1007D00083C7C4032303F414A303F4142285EF1086
:1007E000DFF08327890D0A24294693F7072091E338
:1007F000054693050008EF506FA78327090D116781
:10080000F98F99C70A24514693050008EF500FA6A7
:100810002244B24002492685924441016FF0DFED47
:100820008327090D1167F98FD5DB83A74409982326
:1008300083A784099C23F98F93D757482300F41486
:1008400071BF011122CC06CE2A8426CA4AC883472A
:10085000C4070325450899EB032544084DE15834A6
:100860008547631DF71268582C5C19A231C53C25D9
:10087000A1C78347D407C9C38347340813070004BB
:1008800093F7070C639AE7069305E40769052EC6FC
:100890009720FD1FE780A002054783274408B24543
:1008A000631CE5020947230EE40619461385C700B9
:1008B0009710FD1FE78020E10347C4078947E30D38
:1008C000F7F819469305E407130564069710FD1F12
:1008D000E78000F151F119A09C3389EB8144F2408B
:1008E000624442492685D2440561828097F7FE1F03
:1008F00083C757B2F1D3DDB71C31DDFFC5B73C2943
:10090000B9DF83475407D9C78347B40713070004E7
:1009100093F7070C6390E708930564071305A50296
:100920002EC69720FD1FE78080F92A898547AA8473
:10093000B245032544086316F9041946510597107A
:10094000FD1FE78040D897F7FE1F83C7B7AC81DB58
:100950008947230AF4065C34E39327F98327440884
:10096000AA23DA23EE239E274207598DC207DD8D85
:100970006244F240D244424905611723FD1F6700DB
:1009800023111C31A1DF97F7FE1F83C7B7A8E388A7
:1009900007ECA9B71C31E39407EC89B70347D406E9
:1009A00083475407E31CF7F21946930564071305C0
:1009B000E4069710FD1FE780A0E2B334A00005B75E
:1009C000411106C622C42A84EFF09FA503274409DB
:1009D00083A741B2B8DF83A741B1984313177729A2
:1009E00098C3D857719BD8D79720FD1FE780203434
:1009F000B2402244014541018280011122CC2A8467
:100A0000032585090146814506CE26CA9720FD1F8C
:100A1000E780403471ED832484099D469C20BD8B82
:100A20001CB4983038A46397D70CBC200346D40379
:100A300093D667006312D60C93F7F70393854400AF
:100A400063FEE70A230A0406BC30858B95C38547FD
:100A5000230AF4069C2019461305640793D76748B8
:100A6000A30AF4069710FD1FE780E0C59385A40054
:100A7000230E0406BC30898B85C78547230EF406F8
:100A80008327840919461305E4079C232EC69D83FA
:100A9000A30EF4069710FD1FE780E0C2B24599054A
:100AA000BC30A18B99C79C310347F4039183631930
:100AB000F7042285EFF0FFD885476309F500130599
:100AC000F007F2406244D244056182808347E40328
:100AD00089CBFD17230FF4029740FD1FE78060F1DB
:100AE000F9BF22856244F240D24405616FF05FEDA8
:100AF0000945C1BF2145F1B71945E1B71145D1B746
:100B00005145C1B7011122CC2A840325850901462C
:100B1000814526CA06CE4AC84EC69720FD1FE780EB
:100B20006023894449E903298409A146A1448347F4
:100B30000900BD8B1CB40347190038A4639DD70678
:100B40008349290093D46900BDEC9387190093F77A
:100B5000F70F631CF706034739008D476319F70643
:100B60008347090019469305490093D76748130541
:100B70006407A30AF4069710FD1FE780C0B48547F9
:100B8000230EF4068327840919469305A9009C23A4
:100B90001305E4079D83A30EF4069710FD1FE7805D
:100BA00080B2B5476397F9022285EFF09FC905C56A
:100BB0002285EFF0DFB7F24062444249B249268510
:100BC000D244056182809944FDB7E544EDB7C54440
:100BD000DDB7E144CDB7A544F9BF011122CC2A8489
:100BE000032585090146814506CE26CA4AC84EC658
:100BF0009720FD1FE7800016631405280329840948
:100C00001D46034709009376F70014B48347190083
:100C100093F7F7033CA46394C61E7D57230DE402AB
:100C200003472900054693566700A30ED402639B31
:100C3000C6241377F70305076398E72403473900B1
:100C4000E1479376F7FB6393F62493778700AA84B2
:100C50009309490085C7834759008566938606F046
:100C6000A207F58F8346490093096900D58F2312A7
:100C7000F404834759009183A30FF402937707018B
:100C800095E31377070419C7034794038947631350
:100C9000F700DD44F24062444249B2492685D2441D
:100CA000056182809740FD1FE780A0D483C70900BB
:100CB00093F7F703A30DF40203C62900896793870E
:100CC00007F022067D8E83C719005D8E13165660CD
:100CD0002311C40483C729009583230EF40283875C
:100CE000090063D8070E9307C01203479403330625
:100CF000F60285476316F7003C24A9078E071D8E70
:100D0000B7070080930646ED938737ED63E2D71867
:100D1000230DE4028347390093F7070481C789470D
:100D2000E309F7F69307F00FE306F7F61307005011
:100D30006363C70A138941B283270900D847931612
:100D40001749D4C70F10000083270900B706020017
:100D500097F9FE1F9389098F94C7130656ED9306E2
:100D6000000823A8D9000606F0D3D8C7F8537DFFA2
:100D7000A147A30CF4022285EFF00FD883270900C6
:100D8000D84793161749D4C70F10000083270900CE
:100D9000B706020094C79306000823A8D90093065B
:100DA0002030F4D3D8C79720FD1FE78040F883A7F1
:100DB0000900858BE38007EE22856244F240D2442D
:100DC0004249B24997F7FE1F23AE078605616FF0CF
:100DD000DFC2F94719BF03470404E31DF7EA93078D
:100DE00010271306F6D83356F60293060404A2859C
:100DF00017F5FFFF1305855DEFE0DDCB61BD398B96
:100E000059EBE91793F7F70F7D4793040008E36365
:100E1000F7E88544230A9406834709001946930599
:100E2000290093D7674813056407A30AF4069710AF
:100E3000FD1FE78040891C34230E0406639297024D
:100E400083258409230EF40619469C211305E40723
:100E5000A1059D83A30EF4069710FD1FE780A086D1
:100E60002285EFF01F9E8547A544E315F5E2228514
:100E70006244F240D2444249B24905616FF05FB426
:100E8000894409BD994439B5914429B58D4419B5B2
:100E90009304100201B593040008EDBB797122D4CC
:100EA0004AD04ECE52CC56CA5AC85EC662C466C23A
:100EB00006D626D26AC017E4FE1F0324645E130A16
:100EC000200B930A400B130B600B930B300B130C8E
:100ED000500B17E9FE1F1309E97697E9FE1F938966
:100EE000A921930C800F7C20639F47018327090071
:100EF000858BD9C3228597E7FE1F23A50774EFF0E2
:100F0000DFCD75D195A8639B570997E7FE1F83A78F
:100F1000A773858BB5C317E9FE1F1309E91D035598
:100F2000C90097E7FE1F23A107729307800F3305BF
:100F3000F50237460F008146130606248145EF105F
:100F4000B00C83270900AA84AE898297B307950065
:100F500033B5A700B3053501832689003E8799E1A3
:100F600063E4D7003387D74038D09740FD1FE78030
:100F700040A82285EFF0AFFB5C2063890710225464
:100F8000B25092540259F249624AD24A424BB24B91
:100F9000224C924C024D45616FF02F88639C67078D
:100FA000938741B2984354471396164950C70F1080
:100FB00000009C433707020097E4FE1F9384846877
:100FC00098C71307000898C803A741B118431357DF
:100FD000774815CF1307E018F8D3D4C79720FD1F23
:100FE000E780E0D49C40858B89CF97E7FE1F23AB39
:100FF00007649740FD1FE780C09F2285EFF09FB0F8
:1010000025DD8347E4038507230FF402B5B71307F3
:10101000E01AD9B7639E770183270900858BA9DF82
:10102000228597E7FE1F23AF0760EFF01F9DD1BD1C
:10103000E39487F583274900858B9DDF03D5C9009D
:1010400037460F0081463305950313060624814574
:1010500097E7FE1F23AA075EEF10007B83A7090016
:10106000AA842E8D8297B307950033B5A700B305E8
:10107000A50183A689003E8799E163E4D700338701
:10108000D740930760FB38D07CA0B1BDB25022544A
:1010900092540259F249624AD24A424BB24B224C14
:1010A000924C024D45618280411122C406C697E7E9
:1010B000FE1F9387275903C7170217E4FE1F032457
:1010C000243E11CB83C607020D476396E60017E75F
:1010D000FE1FA3090758D44F21476386E600D44F6B
:1010E00019476398E600D84F2380E7020547A3809D
:1010F000E7029740FD1FE780C08F2285EFF0CFDF2A
:101100001306A002930500080145EF403F960345F2
:1011100004049307F00F6307F500EFE03DB7FD57B8
:101120002300F404B24022444101828097F7FFFF7C
:10113000938787CC17E7FE1F2326F7369707000013
:10114000938707D623AAF1BC8280411126C2AA84C4
:1011500028490146814506C622C44AC09720FD1F82
:10116000E78040BF89470DEDA0482146A1471820E0
:101170003D8BB8B81430B4A86314C70203492400E7
:1011800099471357690009EF130719001377F70FF1
:10119000E5476397E60038308D47630AF700C54797
:1011A000B2402244924402493E854101828003A517
:1011B000040B19469305440011059700FD1FE780B5
:1011C000206271DD19469305A4001385640397001E
:1011D000FD1FE780E060C94761D53547E147E3116E
:1011E000E9FCEF104FE2EF004FBC2A8471C183A6E7
:1011F000040BD850FC4401482324E508984E97E599
:10120000FE1F93850531130585132320E5F6D84A83
:1012100017E9FE1F130909202322E5F6D83BA30F87
:10122000E5EEF83BF02B2207518F2310E5F0983FB5
:10123000902F2207518F2311E5F0B83FB02F2207DE
:10124000518F2312E5F0D82FDC3F1546A207D98F26
:101250002313F5F0DC2E23220501A30EF5EE8147C2
:101260001CC19700FD1FE780004685472300F4144A
:1012700083C7040822852303F414A303F414EF1096
:10128000CFC68327890D93F7072081CB0A24130645
:10129000900293050008EF406FFD8327090D116749
:1012A000F98F99C70A24514693050008EF400FFCB7
:1012B00083A7C40A0D47B8B78547DDB5397152D445
:1012C00017EAFE1F130A0A3883270A03B706080025
:1012D00022DC4ED666CA938941B297ECFE1F938CEE
:1012E0006C1306DE26DA4AD856D25AD05ECE62CCCD
:1012F000F58F03A48C0503A709009DE37C5781C7E4
:1013000085472384F1A0F2506254D2544259B25915
:10131000225A925A025BF24B624CD24C216182807B
:10132000930780070329C40A7CD3238401A0834741
:101330009900032CC90092073E9C83472C0095CB53
:10134000834769009306204E03461C00B387D702EB
:10135000938787FD11CA83467900B386C6021306B8
:10136000D007B386C602B697B706080014C786072B
:101370007CD71C438D8B91C709459730FD1FE780B3
:10138000E06E138B41B183270B00938A41B337067C
:101390003300D857370800827D18719B13671700F8
:1013A000D8D798431377F7CF98C398431377F7CFDD
:1013B0001367072098C303A70A001447D18E14C7E8
:1013C00083A609003706030013068625B0CA5057C6
:1013D000759A50D790438345E407137606F893F542
:1013E000F5074D8E90C303058406D0579375F5031A
:1013F000E605337606014D8ED0D71306A003635C55
:10140000A628704FB70500074D8E70CF032704093B
:10141000D8C30327C40898C78327C40AB8378547A9
:101420006313F72E832B040B0347990083C71B001C
:10143000631BF72C23A60606B70708009CC697E790
:10144000FE1F23A70722DC42154793E71700DCC2E3
:101450006444930720021CB898A09CB083475403AF
:10146000858B91E70347440389476315F70093078A
:1014700050049CA01946930564031385240097002B
:10148000FD1FE780402483C73B0089C79C2093E76A
:1014900007F89CA0194693854B001385840097009C
:1014A000FD1FE780402283C78B01FCA483C79B01FB
:1014B000FCB483C7AB019CA883C7BB019CB883A7BE
:1014C0004B0113D78700BCA8C183DCA8B8B8034779
:1014D000040889476313F7008D47DCB803D7CB00B6
:1014E00083D7AB00BA97858313D7870098BC03C70F
:1014F000EB009CAC8D83B8AC03D7EB008D07218348
:10150000B8BC03C70B01D8AC03C71B01D8BC194733
:10151000B3D7E70AFCA8A183FCB883C7EC0FFCACE7
:1015200083C7FC0FFCBC83C70C102380F40283C765
:101530001C10A380F40283C72C102381F40283C7FC
:10154000CB01FD8BA381F402784483C73C00834622
:1015500037029607D58FA301F70297E7FE1F83C7CF
:10156000E7B583250B00B7060082FD16D855139604
:10157000476093F7F703758FE607D98FDCD513071C
:10158000A00383A70A006354C714F84FB7060007E7
:10159000558FF8CF103883450408014597E7FE1FA3
:1015A00023A8070A9720FD1FE780408F83278A0022
:1015B000858BC9C797EAFE1F938A0AB403D5CA0070
:1015C00097E7FE1F23A407089307800F3305F50252
:1015D00037460F008146130606248145EF10C022CE
:1015E00083A70A00AA842E8B8297B307950033B590
:1015F000A700B305650183A68A003E8799E163E4ED
:10160000D7003387D7400345040858D00146B94571
:101610009720FD1FE780E0A1014681450545972001
:10162000FD1FE780A0879730FD1FE780803C832760
:10163000CA00858B81C72285EFF03FB183479900AF
:1016400003474900850793F7F70FA304F90063F3F5
:10165000E73297E4FE1F938424AA9C28638E072612
:101660008327C40A130770FA1725FD1F1305A5C4A5
:10167000B8A79700FD1FE780E06D6254DC40F25090
:10168000D2544259B259225A925A025BF24B624CDE
:10169000D24C2161828713062002635AA600704F44
:1016A000B70500F9FD156D8EB7050005B1BBB7058F
:1016B00000F96946FD156357A600704F6D8EB7059A
:1016C000000399B3704F6D8E131686293DBB130727
:1016D0002002635AC700F84FB70600F9FD16758F50
:1016E000B706000575B5B70600F96947FD166357DB
:1016F000C700F84F758FB706000359BDF84F758FB7
:101700001317872979B5DC42F99BDCC264449D47F5
:10171000832B8C00834A3C001CA89CA08547A38196
:101720000400BCA07C4893F707209DC79147BCB03C
:101730008347640B8346540B78449A07D58F5CA388
:10174000BC2081468507BCA00346840B8345540B0F
:101750000345640BEF709FF87C4893F7074095CBE7
:10176000B8307C44B42013678700B8B00357A4088E
:10177000B697B8B3BC2078448346F4073E978357A6
:10178000A4089206A183BD8BD58F5CA3BC208907DA
:10179000BCA08347040693F7070489CFB8307C4484
:1017A000B42013670704B8B05838B697B8B3BC2054
:1017B0008507BCA08347C4070547C11793F7F70FF8
:1017C0006362F706BC20032BC40415468D073E9BBD
:1017D000A1472300FB0093078002A300FB0097E5CD
:1017E000FE1F938505D313052B009700FD1FE7808F
:1017F00080ED8346C4074147835784086395E60C10
:10180000A1072311F408C547230EF40683472408D3
:10181000A303FB0083572408A1832304FB00BC20FF
:10182000A507BCA0638C0B00BC20684456868D07BE
:10183000DE853E959700FD1FE780E0E8B820014572
:101840009377F7038507BE9A93FAFA0FA30854011A
:10185000B8A07C44A380570183A709007844B8DF6F
:1018600010388345040897E7FE1F23A307DE97106F
:10187000FD1FE780A0629730FD1FE780801783A7D8
:1018800009003707020023A2070698C717E7FE1FC3
:10189000232207DC03472C00E30207DAFC57E38F1F
:1018A00007D81725FD1F1305C5B29700FD1FE78058
:1018B000A02903A709007C57FDFF01459700FD1FE4
:1018C000E7808028A5BB03572408B307F7400947E2
:1018D000E34EF7F2C9470DBF938A01A183A70A001F
:1018E00082972A8B83A70A008297E30D65FF03473F
:1018F0005900834799009444B387E702DA24B387F9
:10190000E7021307003293870719B3D7E7020327CB
:1019100044093E973A846364F7006364D700330454
:10192000D74083A70A008297B307A4406374A4003A
:101930009844BA9737450F0013050524B3B5A7029D
:10194000D22481463385A702EF00106CAD472A846C
:10195000170500001305C596232EFA009700FD1FFA
:10196000E780801E83A7090037070800060498C790
:10197000E0D751BA8327C900884719ED1C246800B5
:1019800023070100DC868327C40ADC23DC87EFB051
:10199000EEF32305090085BA9720FD1FE7806082DA
:1019A0000327C90083464900814763C5D7001C4708
:1019B000EDF3E9B7232407008507C5BF5D714EDE4F
:1019C000938941B203A60900A2C452DC5ED686C642
:1019D000A6C2CAC056DA5AD862D466D26AD06ECECF
:1019E000930780077CD2238401A0138A41B1832707
:1019F0000A00938B41B3B7053300D8572A84719BF3
:101A000013671700D8D798431377F7CF98C3984335
:101A10001377F7CF1367072098C303A70B0014476A
:101A2000CD8E14C7B70603009386862534CA545753
:101A3000F59A54D78345E507944393F5F50793F654
:101A400006F8CD8E94C35442F99A54C28305850694
:101A5000D4573705008213F6F5037D156606E98E27
:101A6000D18ED4D79306A00363D0B62A744F37061D
:101A70000007D18E74CF130704085447184B930501
:101A8000300294C7D8C3054597E7FE1F23A207BCC1
:101A9000EFE04DE464449D471CA8230FA4069CA0DE
:101AA0008547A3810400BCA07C4893F707209DC70D
:101AB0009147BCB08347640B8346540B78449A0724
:101AC000D58F5CA3BC2081468507BCA00346840B50
:101AD0008345540B0345640BEF705FC07C4893F75C
:101AE000074095CBB8307C44B42013678700B8B06A
:101AF0000357A408B697B8B3BC2078448346F407CC
:101B00003E978357A4089206A183BD8BD58F5CA313
:101B1000BC208907BCA0B020035744089307D00F0E
:101B2000918F17E9FE1F1309E98E63DFE720034752
:101B3000040885476316F720930780427947938707
:101B4000371AB3C7E70283464907C16593E6060122
:101B5000230AD90683A609008CC63387E702060745
:101B6000B8D2B83013670701B8B078448346E407A9
:101B7000329734B3B420784436975CA3B8207C44C1
:101B8000BA97034704081607D8B3BC208D07BCA03A
:101B90008347040693F7070489CFB8307C44B42008
:101BA00013670704B8B05838B697B8B3BC20850798
:101BB000BCA08347C4070547C11793F7F70F6362BB
:101BC000F706BC20832AC40415468D07BE9AA14798
:101BD0002380FA0093078002A380FA0097E5FE1F96
:101BE0009385259313852A009700FD1FE780A0ADFC
:101BF0008346C407414783578408639EE614A107C0
:101C00002311F408C547230EF40683472408A38351
:101C1000FA0083572408A1832384FA00BC20A50777
:101C2000BCA003564408814A21C2B82068448325D9
:101C3000840A930737003E95BC30C18B6386071238
:101C4000F95AB38AEA4093FAFA0F56869700FD1FB5
:101C5000E78060A78327840AD6973CDC8357440833
:101C6000B38757412319F406B8200145056B9377D4
:101C7000F7038507BE9A93FAFA0FA3085401B8A098
:101C80007C44130D8007B70D3300A380570183A751
:101C900009007844B70A0300938A8A25B8DF103810
:101CA000834504081D4C854C9710FD1FE780001FDD
:101CB0009730FD1FE780E0D303270A00130B8B84C6
:101CC0003C57ED9B3CD797E7FE1F238E07983717AD
:101CD00000401E2FC607C5831EAF83474907C18B2F
:101CE000D9EB22852644B64096440649F259625AF9
:101CF000D25A425BB25B225C925C025DF24D616142
:101D00001723FD1F670083C79306200263DAB6001E
:101D1000744F370600F97D16F18E3706000591BB2A
:101D2000370600F9E9467D1663D7B600744FF18E89
:101D3000370600033DBB744FF18E939686291DBB79
:101D4000856793878784DDBB8347490793F7F70E41
:101D5000230AF90635BD03572408B307F74009479E
:101D6000E345F7EAC94745B59700FD1FE780A09511
:101D7000834A4408D5BD8347490793F70702E5DF47
:101D80008347490703A6090093F7F70C230AF906CE
:101D90002322A607238401A083270A00D857719B1A
:101DA00013671700D8D798431377F7CF98C3984392
:101DB0001377F7CF1367072098C303A70B001447C7
:101DC000B3E6B60114C7232856055457F59A54D7DD
:101DD00098438346E407137707F893F6F607558F81
:101DE00098C364442308840123808401A3810400F0
:101DF000238194017C4893F7074095C7A147BCB065
:101E00007C440357A408D8A3BC2078448346F40735
:101E10003E978357A4089206A183BD8BD58F5CA300
:101E2000BC208907BCA0B020035724079307E00F0C
:101E3000918F63D3E70603470408DA876314970199
:101E40009307804279479387371AB3C7E7028346DF
:101E50004907C16593E60601230AD90683A609004E
:101E60008CC63387E7020607B8D2B830136707017C
:101E7000B8B078448346E407329734B3B42078444A
:101E800036975CA3B8207C44BA970347040816072A
:101E9000D8B3BC208D07BCA00356240781470DCEC4
:101EA000B82068442C5C930737003E95BC30C18B4A
:101EB000A5C3F957998F93F7F70F3E863EC6970053
:101EC000FD1FE7804080385CB2473E9738DC0357FF
:101ED00024071D8F2319E406B420014513F7F603E8
:101EE0000507BA9793F7F70F1CB8B4A078441CB352
:101EF00010388345040897D7FE1F23AB077497104B
:101F0000FD1FE780A0F99730FD1FE78080AEF1B399
:101F100097F0FC1FE780207B8347240723190406E2
:101F200065BF8347C507638B073E797122D406D608
:101F300026D24AD04ECE52CC49472A84639CE7022F
:101F400003572508835785086316F7021305050A0A
:101F5000154697D5FE1F9385C55B2AC697F0FC1FD3
:101F6000E78060763245EFF03E8C9147A300A408ED
:101F7000230EF40622859700FD1FE780406D09457A
:101F80009730FD1FE78080AE0327C40A138901A1A3
:101F90008347C40783260900630E071E0D47639815
:101FA000E70C9147230EF4067C4893E787007CC832
:101FB00097D7FE1F9387074603C75707098B6DDF27
:101FC00003C757071377C70FA38AE706829697D7E9
:101FD000FE1F93876712D62703576408232AA40895
:101FE0009C473307D702930600321307071933576C
:101FF000D702B306E500368663E4A60063E4F60084
:102000003386F640232CC40897D6FE1F83C6560B92
:10201000636CD604158E9306D407A28517050000BD
:10202000130565F09710FD1FE780E06CAD4717F5CD
:10203000FFFF1305E52817D7FE1F2323F76297003C
:10204000FD1FE78060B083A741B20947F8D78357E7
:102050008408B250925485072314F408225402597C
:10206000F249624A45618280958F3E966DB7832919
:102070008409829697D4FE1F9384040863E6A9041A
:102080003385A94097D7FE1F83C7970363E5A70051
:10209000854763EEA702DA24835764089044B38728
:1020A000E7021307003293870719B3D7E702032724
:1020B00084093E97BA866364F7006364C700B30679
:1020C000C740232CD40861B79C44BE9955BF8326D2
:1020D000C40AA3840600D224835764080327840912
:1020E0008C44B387C70213060032232AE40893877F
:1020F0000719B3D7C7023E973A866364F700636453
:10210000B7003306B7409C28232CC40899CF930707
:1021100070FABCA61715FD1F1305E5199700FD1FE2
:10212000E78040C3DC4082971DB783270900829770
:10213000AA89832709008297E38DA9FE83270900D6
:1021400083294409829763E4A904AD4717D7FE1F8A
:102150002328F750B7470F00938707243385A940FA
:10216000B335F502D22481463305F502712D83A7DC
:1021700041B23707080098C70605E8D717F5FFFFF3
:10218000130505149700FD1FE780009CC9B59C440A
:10219000BE9965BF0D47639EE7089147230EF4067D
:1021A0007C4893E787007CC897D7FE1F93878726D4
:1021B00003C75707098B6DDF03C757071377C70F8F
:1021C000A38AE706829697D7FE1F9387E7F2D62762
:1021D00003576408232AA4089C473307D7029306B1
:1021E0000032130707193357D702B306E5003686C6
:1021F00063E4A60063E4F6003386F640232CC408AB
:1022000097D6FE1F83C6D6EB6362D602158E930661
:10221000D407A285170500001305E5D09710FD1F10
:10222000E780604D2285EFF06FF915B5958F3E96EA
:10223000F9BF8296AA84832709008297E38DA4FEC2
:10224000832709008324840917D9FE1F1309C9EACB
:10225000829763EEA4023385A44097D7FE1F83C7FD
:1022600037E68359C90063E3A70015E5835764087F
:102270001307003203268900B387370393870719B2
:10228000B3D7E702032784093E97BA862DB5832783
:102290008900BE94C9B797D7FE1F83C7F71E93E77F
:1022A000170097D4FE1F9384E416A38AF40603AAAA
:1022B00041B2B70708002324FA00B7470F009387FD
:1022C0000724B335F5024E8681463305F5022D2BE2
:1022D00006052326AA0683C75407898BEDDF83C72B
:1022E0005407130700320326890093F7C70FA38A08
:1022F000F40683576408B387370393870719B3D766
:10230000E702032784093E97BA866364F700636493
:10231000C700B306C740232CD40829B782804111D7
:1023200026C2AA84284922C401462E84850506C6F1
:102330009710FD1FE78000A23DEDBC481D462145DA
:102340009423BD8AB4B89833B8A8639DC604B42357
:10235000114513D6660093F6F60363F5E6041945B6
:1023600031E27D17158F58B0B83345459376270075
:1023700095EA9376470085EE91079306F00F34A017
:1023800093768700514599EE93760701554599EA72
:10239000137507021DE1137707049306F00711C3B5
:1023A000942314A0B2402244924441018280D42359
:1023B00095078D8AE9B70945F5B75945E5B79707F8
:1023C0000000938747B617D7FE1F232DF70A828098
:1023D00009CE93070002918F635AF000B397F5007E
:1023E0003355C500B3D5C5005D8D8280011633D548
:1023F000C5008145828009CE93070002918F635A00
:10240000F000B357F500B395C5003315C500DD8D59
:1024100082800116B315C50001458280014863CA58
:10242000050E63DB0600B337C000B306D040134887
:10243000F8FF9D8E3306C040B2882A872E83E9E6D6
:1024400063F5C512C1676360F61CB7070001B337B7
:10245000F600B307F040E19BE107335EF6009746D4
:102460000000938626B7F29683C60600130E00027C
:10247000B697B306FE40630CFE003393D500B35706
:10248000F500B318D60033E367003317D50013D631
:1024900008013355C30293960801C182935707017F
:1024A0003373C302B385A6024203B3E7670063FA3E
:1024B000B700C6971303F5FF63E4170163EFB73264
:1024C0001A858D8FB3D5C70242074183B3F7C70280
:1024D000B386B602C2075D8F637BD70046979387AA
:1024E000F5FF63651701F9156363D700BE854205E3
:1024F0004D8D814563090800B337A000B305B04096
:102500009D8D3305A040828063FED5008145014545
:10251000D5B7B337A000B305B0409D8D3305A040BB
:102520007D5801B7C16763E8F618B7070001B3B774
:10253000F600B307F040E19BE107B3D8F600174778
:102540000000130727A9469703470700130300025B
:102550003E97B308E3406315E31863E2B6283335CA
:10256000C50013451500814571B745C6C167637045
:10257000F62613330610134313000E03B3566600FA
:1025800097470000938707A5B69783C60700930770
:1025900000029A96B38ED740639DD708B386C54094
:1025A0001353060142064182854533D5660293578F
:1025B0000701B3F66602330EC502C206D58F63FA71
:1025C000C701C6979306F5FF63E4170163E4C723C9
:1025D0003685B387C741B3D6670242074183B3F755
:1025E00067023386C602C2075D8F637BC7004697CA
:1025F0009387F6FF63651701F9166363C700BE860C
:102600004205558DC5BD9337061093C717008E0739
:10261000A9B58146974700009387C79BB69783C6A5
:1026200007000143930700029A96B38ED740E387D1
:10263000D7F6B318D60133DED50013D30801B3574C
:102640006E02139608014182B356D5003317D501A7
:10265000B395D501CD8E93D50601337E6E02330539
:10266000F602420EB3E5C50163FBA500C695138EC5
:10267000F7FF63ED151763FBA516F917C695898D4E
:1026800033D56502C206C182B3F56502330EA602D8
:10269000C205CD8E63FBC601C6969305F5FF63E3C5
:1026A000161563F1C6157915C69693950701B3867D
:1026B000C641C98DDDBD93B7061093C717008E07BD
:1026C000B3D8F600174700001307C7904697034793
:1026D0000700130300023E97B308E340E30FE3E66D
:1026E000B35EE600B3961601B3EEDE0033D3E50029
:1026F00013DF0E01B357E303139E0E01B3951501CB
:10270000135E0E013357E5004D8F935607013316C4
:1027100016013373E303B305FE024203B3E666001A
:1027200063FBB600F6961383F7FF63E3D60D63F100
:10273000B60CF917F6968D8EB3D5E60342074183A2
:10274000B3F6E6033303BE02C206558F637B670010
:1027500076979386F5FF6369D70963776708F9155C
:102760007697C207416FCD8F9306FFFFB3F5D70071
:1027700013DE0701F18E4182B38ED5023307674025
:10278000B306DE0213D30E01B385C502B6959A9542
:10279000330ECE0263F3D5007A9E93D60501F296EE
:1027A0006363D7026305D7003E858145A1B3C16647
:1027B000FD1633F7D5004207B3FEDE0033151501D1
:1027C0007697E373E5FE1385F7FF814525B3B707D9
:1027D00000016377F60293560601414355B38145E4
:1027E000054509BB2E85D1B5B685A5BFF28741BD8C
:1027F0009A8791B77915C697E9BB7915C697D1B174
:10280000935686016143ADBB3288AA882E87C5EEF8
:1028100063F3C510C1676360F61AB7070001B337E9
:10282000F600B307F040E19BE1073353F60097361B
:1028300000009386267A9A9683C606001303000248
:10284000B697B306F340630BF3003397D500B35745
:10285000F5003318D6005D8FB318D5001356080164
:102860003355C70293160801C18293D70801337705
:10287000C702B385A6024207D98F63FAB700C29791
:102880001307F5FF63E4070163E1B7323A858D8FE3
:1028900033D7C702C20893D80801B3F7C702B3867B
:1028A000E602C207B3E8F80063FBD800C2989307BA
:1028B000F7FF63E50801791763E3D8003E87420517
:1028C000598D8145828063F5D5008145014582801F
:1028D000C16763EAF618B7070001B3B7F600B3079C
:1028E000F040E19BE10733D8F600173700001307EB
:1028F000676E429703470700930800023E973388AC
:10290000E8406397E81863E4B6283335C5001345FB
:1029100015008145828055C6C1676372F62613375C
:102920000610134717000E07B356E600973700004E
:102930009387476AB69783C7070093060002BA9742
:10294000B38EF640639FF608B387C54093560601E1
:1029500042064182854533D5D70213D70801B3F724
:10296000D7023303C502C207D98F63FA6700C29743
:102970001307F5FF63E4070163E667223A85B3872F
:10298000674033D7D702C20893D80801B3F7D702FC
:102990003306C702C207B3E8F80063FBC800C29859
:1029A0009307F7FF63E50801791763E3C8003E87E3
:1029B0004205598D82809337061093C717008E0702
:1029C000ADB58146973700009387C760B69783C738
:1029D0000700014793060002BA97B38EF640E385DD
:1029E000F6F63318D60133D3F50093560801335E5B
:1029F000D30213160801B395D5014182B357F500F0
:102A0000CD8F13D70701B318D5013373D302B305A4
:102A1000C603420333676700637BB7004297130521
:102A2000FEFF636D0717637BB716791E42970D8F04
:102A30003355D702C207C1833377D7023303A602C7
:102A40004207D98F63FB6700C2971307F5FF63E363
:102A5000071563F167147915C29793150E01B387B3
:102A60006740C98DCDBD93B7061093C717008E0779
:102A700033D8F600173700001307C75542970347AE
:102A80000700930800023E973388E840E38DE8E6AC
:102A9000335EE600B3960601336EDE00B3D8E50080
:102AA000935E0E01B3D7D80313130E01B39505013E
:102AB000135303013357E5004D8F93560701331627
:102AC0000601B3F8D803B305F302C208B3E6160152
:102AD00063FBB600F2969388F7FF63E3C60D63F1DC
:102AE000B60CF917F2968D8EB3D5D6034207418303
:102AF000B3F6D603B308B302C206558F637B170142
:102B000072979386F5FF6369C70963771709F9150B
:102B10007297C207C16ECD8F9386FEFFB3F5D700C3
:102B200013D30701F18E4182338ED502330717414B
:102B3000B306D30293580E01B385C502B695C69568
:102B40003303C30263F3D500769393D605019A96B7
:102B50006363D7026305D7003E8581458280C166E5
:102B6000FD1633F7D5004207337EDE00331505012D
:102B70007297E373E5FE1385F7FF81458280B707FF
:102B800000016377F60293560601414745B381453C
:102B9000054582803A85D1B5B685A5BF2A8E41BD4F
:102BA000C68791B77915C297D9BB7915C297C5B1B8
:102BB0009356860161479DBB2E86AA8503A5C186D3
:102BC00025A8AA8503A5C186A9AAAA8503A5C186A9
:102BD000B1A801476314E60001458280B307E50010
:102BE0000507B386E50083C7070083C6F6FFE383C6
:102BF000D7FE3385D740828033B7C502011106CE98
:102C000022CC3386C50209CB314718C10144F240BA
:102C10002285624405618280B28532C619222A84E7
:102C200075D532468145EF20BDF7D5B7C5C183A71D
:102C3000C5FF011122CC06CE1384C5FF63D3070064
:102C40003E942AC6EF00F0271387C1BD1C433245CE
:102C500089EB2322040000C36244F24005616F0047
:102C6000D026637DF4001040B306C4006396D700FD
:102C70009443DC43B29614C05CC0F1BF3E87DC4392
:102C800099C3E37DF4FE14433306D700631F860027
:102C90001040B29614C33306D700E39FC7FA90439F
:102CA000DC43B29614C35CC345BF6375C400B1472F
:102CB0001CC15DB71040B306C4006396D7009443AF
:102CC000DC43B29614C05CC040C379B78280411126
:102CD0004AC0138981BD8327090022C426C206C6C3
:102CE000AA842E8489E7814545242320A900A28552
:102CF0002685592C7D59631A25017D54B2402285C1
:102D000022449244024941018280130435007198A3
:102D1000E30685FEB305A4402685BD24E31025FF08
:102D2000E9BF011126CA93843500F1984AC806CE3E
:102D300022CC4EC6A104B1472A8963F6F406B144F9
:102D400063E5B4064A85EF00D0179389C1BD83A718
:102D500009003E8435E4A6854A85EFF05FF7FD570C
:102D60002A846317F50C03A40900A287C5EB832905
:102D7000040081454A85A299012C6394A90A1C404C
:102D80008D049D8CF198A104B14763F3F400B14424
:102D9000A6854A85EFF0BFF3FD576304F5081C4094
:102DA000A6971CC03DA8E3DD04F8B1472320F90035
:102DB0000145F2406244D2444249B24905618280F1
:102DC0001440858E63C906042D47637ED70204C074
:102DD000330794006397870223A0E9005C4014C383
:102DE0005CC34A85EF00700E1305B40093074400DE
:102DF00061993307F540E30EF5FA3A94898F1CC0C8
:102E00004DBFD8C3E1BF58406395870023A0E900B8
:102E1000C9BFD8C3F9B7A28740402DBF3E84DC4369
:102E2000B1B7B1472320F9004A85EF00100A49B72E
:102E300004C145BF5D7122D406D62A842EDA32DC65
:102E400036DEBAC0BEC2C2C4C6C603A5C18611C59D
:102E50001C4D81E72AC6E92B32450C4554182286C1
:102E600036CEEF00F00DB250225461618280011124
:102E700026CA06CE22CC4AC84EC652C4AA8419E13C
:102E80001C4502901C4D2E89ADE75D239C4C80446F
:102E9000BDC3973700009387E7276311F406C0404E
:102EA0007C50858B89EB8357C40093F7072081E71B
:102EB000284CEF00C0708357C400A18B99C31C48F5
:102EC000C5E7A2852685D92A45C1FD547C50858B4E
:102ED00081EB8357C40093F7072099E3284CCD2555
:102EE000F24062444249B249224A2685D2440561F1
:102EF0008280004579BF2685252B61BF973700006A
:102F00009387471F6314F400804459BF973700002C
:102F10009387471CE316F4F8C04459B71CC405094D
:102F200063C907021C401387170018C02380B7002D
:102F30001C4483450900FD17F5F11CC463D9070241
:102F40002286A94526855928FD57E300F5F8A944AE
:102F5000B5BF184C63C4E700E39645FD228626857D
:102F6000B528E31735FD95B7FD59294AD1B71C405F
:102F70001387170018C029472380E700C9BFAA8517
:102F800003A5C1866FF0BFEE411122C42A842E85AD
:102F900023A601BE06C6EF40ED81FD576316F5007E
:102FA00083A7C1BE91C31CC0B240224441018280AC
:102FB00005C67D160147B307E500B386E50083C764
:102FC000070083C606006396D7006304C7000507A1
:102FD000FDF33385D740828001458280011122CCE8
:102FE00026CA4AC806CE4EC6AA842E89328401C596
:102FF0001C4D91E33529973700009387A71163187B
:10300000F402C0401C4C1CC48357C400A18B99C35C
:103010001C4895EFA2852685512015C97D59F2409F
:103020006244D244B2494A85424905618280973759
:1030300000009387270C6314F4008044E1B79737AE
:10304000000093872709E31FF4FAC04465BF1C48BA
:1030500008409379F90F1379F90F1D8D5C48634689
:10306000F500A2852685B52455F91C440505FD17F4
:103070001CC41C401387170018C0238037015C480C
:103080006389A7008357C400858BD1DBA947E31868
:10309000F9F8A2852685352C59D149B7411122C4AA
:1030A00026C24AC006C683A4C1862A892E8489C442
:1030B0009C4C99E32685AD2E9737000093878705B2
:1030C0006314F402C0408317C40013F7870035EB84
:1030D00013F7070115EB25472320E90093E70704C1
:1030E0002316F4007D5561A8973700009387870069
:1030F0006314F4008044C1BF97370000938787FDB5
:10310000E313F4FCC044C1B7918B95C74C5891C9E7
:10311000930744046385F5004A85EFF03FB1232A05
:1031200004028357C4002322040093F7B7FD23163B
:10313000F4001C481CC08357C40093E78700231683
:10314000F4001C4881EF8357C4001307002093F755
:1031500007286385E700A2854A85C9218317C40033
:1031600013F717001DC35848232404003307E04019
:1031700018CC1848014501E713F7070825F3B240BA
:103180002244924402494101828013F7270081467C
:1031900011E3544814C4F1BF8397C500011122CC38
:1031A00026CA06CE4AC84EC613F78700AA842E84C4
:1031B00071E7D8416345E000B8416359E0085854CD
:1031C00051C7B18303A90400858B23A004000C50D0
:1031D000A1CF70488357C400918B99C75C401D8E66
:1031E0005C5899C33C401D8E5C540C50814626852A
:1031F0008297FD57630EF5041C48056723220400DF
:103200001CC08357C400F98F91C368C84C5823A0D1
:1032100024018DCD930744046385F5002685EFF0E6
:10322000FFA0232A04021DA0014685462685029799
:10323000FD572A86E310F5FA9C40C9DF7547638580
:10324000E70059476395E70623A024010145BDA087
:1032500098408317C40001CFF5466305D700D946CF
:103260006319D7041C48232204001CC045B7184822
:10327000B1832322040018C0858B79B783A9050187
:10328000E38609FC03A905008D8B23A035013309D2
:103290003941014791E3D84918C4E35920FB1C5434
:1032A0000C50CA864E86268582976340A0028317FB
:1032B000C40093E707042316F4007D55F2406244EE
:1032C000D2444249B24905618280AA993309A94092
:1032D000E9B79C49411106C622C426C281EB81444C
:1032E000B24022442685924441018280AA842E84E1
:1032F00001C51C4D91E32D2A97370000938787E184
:10330000631EF402C0408317C400F1DB7850058BC4
:1033100011E793F7072099E3284C55242685A285C9
:10332000EFF09FE77C50AA84858BDDFB8357C400B8
:1033300093F70720D5F7284C61245DB79737000035
:10334000938747DB6314F400804475BF9737000010
:10335000938747D8E319F4FAC04475B7411122C4E2
:1033600006C62A842316B5002317C50023200500AE
:103370002322050023240500232205062328050017
:10338000232A0500232C0500214681451305C50588
:10339000EF201D8197070000938767685CD097072F
:1033A00000009387C76A1CD4970700009387076FB4
:1033B0005CD4970700009387C771B24000D01CD837
:1033C000224441018280970500009385C5F051A2F7
:1033D000411126C2930780069384F5FFB384F4025B
:1033E0004AC02E8922C406C693854407EFF07F9316
:1033F0002A8401CD2320050023222501310508C49C
:10340000138684068145EF20ADF9B240228522441F
:103410009244024941018280138541BE4DA2138529
:1034200041BE79AA138581BE59AA138581BE49AAD6
:10343000411122C406C62A84EFF0DFFE1C4C91C75E
:103440002244B24041016FF05FFE9707000093876E
:10345000C7F71CD4232404042326040423280404CB
:1034600083A7818F6394870085471CCC228515280C
:1034700048C022853D2008C42285252048C44840F4
:1034800001469145EFF09FED08440546A545EFF054
:10349000FFEC48440946C945EFF05FEC85471CCC7A
:1034A00045B7411126C24AC006C622C42A89EFF098
:1034B000BFF683A4818F9C4C81E72685EFF05FF7F0
:1034C000938484048044DC40FD1763D607009C404D
:1034D000A5C78440C5BF0317C40021EFC177850786
:1034E0005CC41305840523220406C928EFF03FF3CA
:1034F000214623200400232404002322040023283F
:103500000400232A0400232C040081451305C4056C
:10351000EF200DE9232A0402232C040223240404AF
:1035200023260404B24022852244924402494101E8
:1035300082801304840649BF91454A85EFF05FE914
:1035400088C02A8459F5EFF09FEDB1472320F90098
:10355000D1BF797122D44AD04ECE52CC5AC85EC661
:1035600006D626D256CA2A892E8A13048504814992
:10357000054BFD5B0444832A4400FD1A63D00A0214
:1035800000406DF8B250225492540259624AD24A15
:10359000424BB24B4E85F2494561828083D7C400CD
:1035A000637BFB008397E40063877701A6854A85E8
:1035B000029AB3E9A90093848406C1B7828082800D
:1035C00082805971A2D42E848395E500A6D2CAD0F8
:1035D00086D6B284368963D305028357C40093F735
:1035E00007088DEB13070040B65026542320F9003E
:1035F00098C00659965401456561828030002523A4
:10360000E34D05FC3247BD67F98F7977BA9793B7D9
:103610001700C9BF814713070004F9B783D7C50056
:10362000797122D406D626D24AD04ECE898B2E84EA
:1036300091CF930774041CC01CC885475CC8B25066
:10364000225492540259F24945618280740030003C
:10365000AA84EFF01FF7A2492A892685CE85EFF0CC
:103660004FEC01ED8317C40013F7072069FBF19BB2
:1036700093E727002316F4006DBF97070000938798
:10368000C7D49CD48357C40008C008C893E7070870
:103690002316F400B247232A340189CF8315E400AE
:1036A0002685752101C98357C400F19B93E7170054
:1036B0002316F4008357C40033E527012316A40022
:1036C000BDBF138501BE6FF09FEF138501BE6FF084
:1036D0003FEF1C46FD171CC663DA0700184E63C592
:1036E000E700A9476394F5006FF05F8F1C422E85B9
:1036F0001387170018C22380B7008280011122CCE3
:1037000026CA4AC84EC652C406CE2A89AE89328419
:10371000B304D6007D5A63149400014511A8834573
:1037200004004E864A85EFF0DFFA0504E31545FFF5
:10373000F2406244D2444249B249224A0561828041
:10374000357122CD26CB4AC94EC706CF52C556C3C6
:103750005AC1DEDEE2DCE6DAAA892E843289B6843A
:1037600009C51C4D99E3EFF0BFCC97370000938754
:10377000679A631BF40403A449007C50858B89EB92
:103780008357C40093F7072081E7284CEFF03FE30D
:103790008357C400A18B99C31C48B5E3A2854E850D
:1037A000EFF0DF8F29CD7C50858BA9C37D55FA4082
:1037B0006A44DA444A49BA492A4A9A4A0A4BF65BA9
:1037C000665CD65C0D618280973700009387879294
:1037D0006315F40003A489004DB797370000938761
:1037E000678FE31CF4F803A4C90041BF8357C400EA
:1037F00093F70720C5FF284CEFF09FDC45BF9307E8
:103800000002A304F1029307000302D22305F10290
:1038100026C6930B5002973A0000938AAA91054C52
:10382000294BCA8483C7040099C3639C7709B38C6E
:103830002441638E2401E6864A86A2854E85EFF0F8
:10384000FFEBFD57630EF5189257E6973ED283C7FC
:10385000040063870718FD571389140002C802CEBD
:103860003ECA02CCA309010482D48345090015464F
:1038700056853526C2479304190031E513F7070131
:1038800009C713070002A309E10413F7870009C75A
:103890001307B002A309E104834609001307A0023D
:1038A000638BE602F247CA848146254603C70400BB
:1038B00093851400130707FD6375E6068DC63ECE9B
:1038C0001DA0850485B7330555413315AC00C98F5C
:1038D0003EC8268959BF324793064700184336C66B
:1038E000634A07023ACE03C704009307E002631E4F
:1038F000F70403C714009307A002631AF702B24744
:103900008904138747009C433AC663D30700FD57D9
:103910003ECA25A83307E04093E727003ACE3EC8C9
:10392000D9B7B3876703AE848546BA9741B7850494
:1039300002CA81468147254603C7040093851400C7
:10394000130707FD6374E606E1F683C504000D4620
:10395000172500001305857E992411CD97270000B7
:103960009387C77D1D8DC247130700043317A70037
:10397000D98F85043EC883C5040019461725000069
:103980001305057C138914002304B102092C25CDED
:103990009307000095E74247B2471377071009CF16
:1039A00091073EC69257D2973ED2A5BDB387670313
:1039B000AE848546BA9749B79D07E19BA107D5B765
:1039C0007800970600009386A6D322860C084E85C1
:1039D00097000000E7000000FD572A8AE314F5FC79
:1039E0007C50858B89EB8357C40093F7072081E7D0
:1039F000284CEFF0FFBC8357C40093F70704E3970C
:103A000007DA12556DB3780097060000938646CF0B
:103A100022860C084E854D2CC1B7411122C42E843C
:103A20008395E50006C62523634905007C48AA97CF
:103A30007CC8B2402244410182808357C4007D7714
:103A40007D17F98F2316F400EDB783D7C500011158
:103A500022CC26CA4AC84EC606CE93F70710AA84BF
:103A60002E843289B68991C78395E500894601463F
:103A700011228357C4007D777D17F98F8315E400E9
:103A80002316F4006244F240CE864A86B249424987
:103A90002685D24405613DA8411122C42E84839518
:103AA000E50006C6C1287D578357C400631BE500A7
:103AB0007D777D17F98F2316F400B240224441012F
:103AC00082800567D98F2316F40068C8FDB78395F7
:103AD000E5003DA0411122C42A842E85B285368698
:103AE00023A601BE06C6EF306DCAFD576316F5006A
:103AF00083A7C1BE91C31CC0B24022444101828051
:103B0000411122C42A842E8523A601BE06C6AD21FA
:103B1000FD576316F50083A7C1BE91C31CC0B24018
:103B2000224441018280411122C42A842E85B2851B
:103B300023A601BE06C6B921FD576316F50083A76B
:103B4000C1BE91C31CC0B2402244410182804111D8
:103B500022C42A842E8523A601BE06C61529FD5738
:103B60006316F50083A7C1BE91C31CC0B2402244B6
:103B700041018280411122C42A842E85B285368675
:103B800023A601BE06C61929FD576316F50083A7B3
:103B9000C1BE91C31CC0B24022444101828093F552
:103BA000F50F2A966314C5000145828083470500FE
:103BB000E38DB7FE0505FDB7797156CA9C49BA8AEF
:103BC000984522D44AD04ECE52CC06D626D25AC8D8
:103BD0005EC6AA892E843289368A63D3E700BA8703
:103BE0002320F9000347340401C785072320F90087
:103BF0001C4093F7070291C78327090089072320F8
:103C0000F9000440998891E8130B9401FD5B5C4432
:103C100003270900998F63CCF40483473404B33637
:103C2000F0001C4093F70702A5EB13063404D2857D
:103C30004E85829AFD576303F5041C401147814469
:103C4000998B6399E7004444832709009D8C63D3D3
:103C5000040081441C4418486354F700998FBE94B3
:103C6000014969047D5B63982405014509A88546DF
:103C70005A86D2854E85829A631E75017D55B25053
:103C8000225492540259F249624AD24A424BB24BF0
:103C9000456182808504A5BF3307D4001306000365
:103CA000A301C7040347540493871600A29789060B
:103CB000A381E7049DBF85462286D2854E85829AE0
:103CC000E30E65FB050945B7797122D44AD04ECE83
:103CD00052CC06D626D256CA5AC803C885019307C5
:103CE00080072A892E84B289368A63E20703930704
:103CF00020069386350463E107036301081E9307DA
:103D000080051726000013062644630BF81493045D
:103D100024042301040515A89307D8F993F7F70F96
:103D20005546E366F6FE17260000130666448A072A
:103D3000B2979C43B29782871C4393842504938651
:103D400047009C4314C32381F504854755AA90413D
:103D50001C43137506089385470039C19C430CC367
:103D6000584063D307149305D002A301B40418C4C8
:103D700063500704B307F040172600001306C63C43
:103D80002948B68433F70703FD1432970347070029
:103D90002380E4003E87B3D70703E37507FF8DA0B8
:103DA0009C43137506040CC345DDC207C1874DBF94
:103DB0006D9A10C0C1B790411C43137506089385D6
:103DC000470001C50CC39C4339A0137606040CC3FD
:103DD0007DDA83D707001307F006172600001306C5
:103DE000A6366311E80C2148A3010404584018C406
:103DF000E34907F80C40ED990CC0C1F7B68451F3C4
:103E0000A147631EF8001C40858B91CB58401C488D
:103E100063C7E70093070003A38FF4FEFD14858EAC
:103E200014C85287CE867000A2854A85EFF0DFD88D
:103E3000FD5A631B550D7D55B250225492540259C0
:103E4000F249624AD24A424B456182809C4193E7E3
:103E500007029CC1130880071726000013060630CE
:103E6000A30204050C401C4313F805081385470002
:103E70006305080008C39C4301A813F8050408C3A0
:103E8000E30B08FE83D7070013F7150001C793E57E
:103E900005020CC099C3414881BF18401377F7FD54
:103EA00018C0D5BF294889B7172600001306C629B0
:103EB00029482DBF90411C43CC491378060813852F
:103EC00047006306080008C39C438CC301A808C3CD
:103ED000137606049C4375DA2390B7002328040068
:103EE000B68481B71C43D04181459386470014C3F3
:103EF00084432685EFF0BFCA19C1058D48C05C40D8
:103F00001CC8A301040431BF14482686CE854A8507
:103F1000029AE30255F31C40898B8DE7B24748446F
:103F2000E35CF5F03E8509BF85465686CE854A8519
:103F3000029AE30265F185045C443247998FE3C538
:103F4000F4FEE9BF8144930A94017D5BF5B741110A
:103F500022C42A842E85B285368623A601BE06C6D3
:103F6000A120FD576316F50083A7C1BE91C31CC0F5
:103F7000B2402244410182809307800523A6F1BE0E
:103F80007D5582809307800523A6F1BE7D558280F2
:103F90009307800523A6F1BE014582809307800523
:103FA00023A6F1BE7D5582809307800523A6F1BE2E
:103FB0007D55828000000001000000020000000426
:103FC0000000000800000010000000200000004079
:103FD000000000800000001B000000360000006CA4
:103FE000000000D8000000AB0000004D0000009A67
:103FF000F401FA00960064004B0032001E00140029
:1040000000000000000000000000000000000000B0
:1040100000000000000000000000000000000000A0
:10402000B429FDFFD829FDFFFC29FDFF122AFDFF61
:104030002C2AFDFF3E2AFDFF622AFDFF862AFDFF96
:104040009C2AFDFFB62AFDFF0000000000000203CD
:10405000090B0D0E040612161A1C06051B1D17125D
:10406000080C242C34380A0F2D2739360C0A363A1E
:104070002E240E093F31232A101848586870121B4D
:104080004153657E141E5A4E726C161D53457F6255
:1040900018146C745C481A17657F51461C127E62B6
:1040A00046541E1177694B5A203090B0D0E022332D
:1040B00099BBDDEE243682A6CAFC26358BADC7F24D
:1040C000283CB49CE4D82A3FBD97E9D62C3AA68A6E
:1040D000FEC42E39AF81F3CA3028D8E8B890322B0D
:1040E000D1E3B59E342ECAFEA28C362DC3F5AF8225
:1040F0003824FCC48CA83A27F5CF81A63C22EED206
:1041000096B43E21E7D99BBA40603B7BBBDB426360
:104110003270B6D54466296DA1C746652066ACC924
:10412000486C1F578FE34A6F165C82ED4C6A0D4155
:1041300095FF4E69044A98F150787323D3AB527BB4
:104140007A28DEA5547E6135C9B7567D683EC4B96C
:104150005874570FE7935A775E04EA9D5C724519CD
:10416000FD8F5E714C12F0816050ABCB6B3B6253A4
:10417000A2C066356456B9DD71276655B0D67C2974
:10418000685C8FE75F036A5F86EC520D6C5A9DF1A5
:10419000451F6E5994FA48117048E393034B724BD4
:1041A000EA980E45744EF1851957764DF88E1459DC
:1041B0007844C7BF37737A47CEB43A7D7C42D5A9DD
:1041C0002D6F7E41DCA2206180C076F66DAD82C38A
:1041D0007FFD60A384C664E077B186C56DEB7ABFCE
:1041E00088CC52DA59958ACF5BD1549B8CCA40CC8B
:1041F00043898EC949C74E8790D83EAE05DD92DB14
:1042000037A508D394DE2CB81FC196DD25B312CF95
:1042100098D41A8231E59AD713893CEB9CD2089442
:104220002BF99ED1019F26F7A0F0E646BD4DA2F3E3
:10423000EF4DB043A4F6F450A751A6F5FD5BAA5F7D
:10424000A8FCC26A8975AAFFCB61847BACFAD07CDA
:104250009369AEF9D9779E67B0E8AE1ED53DB2EB53
:10426000A715D833B4EEBC08CF21B6EDB503C22FE5
:10427000B8E48A32E105BAE78339EC0BBCE2982452
:10428000FB19BEE1912FF617C0A04D8DD676C2A3C3
:104290004486DB78C4A65F9BCC6AC6A55690C164F1
:1042A000C8AC69A1E24ECAAF60AAEF40CCAA7BB706
:1042B000F852CEA972BCF55CD0B805D5BE06D2BB0B
:1042C0000CDEB308D4BE17C3A41AD6BD1EC8A914E9
:1042D000D8B421F98A3EDAB728F28730DCB233EF5E
:1042E0009022DEB13AE49D2CE090DD3D0696E2930B
:1042F000D4360B98E496CF2B1C8AE695C620118401
:10430000E89CF91132AEEA9FF01A3FA0EC9AEB0755
:1043100028B2EE99E20C25BCF08895656EE6F28B2A
:104320009C6E63E8F48E877374FAF68D8E7879F458
:10433000F884B1495ADEFA87B84257D0FC82A35FAD
:1043400040C2FE81AA544DCC1B9BECF7DA41199870
:10435000E5FCD74F1F9DFEE1C05D1D9EF7EACD53E2
:104360001397C8DBEE791194C1D0E3771791DACDBA
:10437000F4651592D3C6F96B0B83A4AFB2310980F3
:10438000ADA4BF3F0F85B6B9A82D0D86BFB2A5233A
:10439000038F80838609018C89888B070789929512
:1043A0009C15058A9B9E911B3BAB7C470AA139A8B3
:1043B000754C07AF3FAD6E5110BD3DAE675A1DB392
:1043C00033A7586B3E9931A45160339737A14A7D8A
:1043D000248535A24376298B2BB3341F62D129B0B3
:1043E0003D146FDF2FB5260978CD2DB62F0275C38A
:1043F00023BF103356E921BC19385BE727B90225E2
:104400004CF525BA0B2E41FB5BFBD78C619A59F812
:10441000DE876C945FFDC59A7B865DFECC917688C5
:1044200053F7F3A055A251F4FAAB58AC57F1E1B6EB
:104430004FBE55F2E8BD42B04BE39FD409EA49E0D4
:1044400096DF04E44FE58DC213F64DE684C91EF8ED
:1044500043EFBBF83DD241ECB2F330DC47E9A9EEC3
:1044600027CE45EAA0E52AC07BCB473CB17A79C884
:104470004E37BC747FCD552AAB667DCE5C21A668D5
:1044800073C76310854271C46A1B884C77C171067B
:104490009F5E75C2780D92506BD30F64D90A69D0B4
:1044A000066FD4046FD51D72C3166DD61479CE185D
:1044B00063DF2B48ED3261DC2243E03C67D9395E93
:1044C000F72E65DA3055FA209B5B9A01B7EC9958C4
:1044D000930ABAE29F5D8817ADF09D5E811CA0FE35
:1044E0009357BE2D83D49154B7268EDA9751AC3BA7
:1044F00099C89552A53094C68B43D259DF9C894008
:10450000DB52D2928F45C04FC5808D46C944C88EBC
:10451000834FF675EBA4814CFF7EE6AA8749E463DE
:10452000F1B8854AED68FCB6BB6B0AB1670CB96897
:1045300003BA6A02BF6D18A77D10BD6E11AC701E64
:10454000B3672E9D5334B16427965E3AB7613C8BB6
:104550004928B56235804426AB7342E90F7CA970C7
:104560004BE20272AF7550FF1560AD7659F4186ECC
:10457000A37F66C53B44A17C6FCE364AA77974D32E
:104580002158A57A7DD82C56DB3BA17A0C37D93837
:10459000A8710139DF3DB36C162BDD3EBA671B25D0
:1045A000D3378556380FD1348C5D3501D7319740DC
:1045B0002213D5329E4B2F1DCB23E9226447C920FD
:1045C000E0296949CF25FB347E5BCD26F23F735548
:1045D000C32FCD0E507FC12CC4055D71C729DF18D4
:1045E0004A63C52AD613476DFB0B31CADCD7F908DD
:1045F00038C1D1D9FF0D23DCC6CBFD0E2AD7CBC5E0
:10460000F30715E6E8EFF1041CEDE5E1F70107F02B
:10461000F2F3F5020EFBFFFDEB137992B4A7E9105C
:104620007099B9A9EF156B84AEBBED16628FA3B577
:10463000E31F5DBE809FE11C54B58D91E7194FA823
:104640009A83E51A46A3978D52096AD53036A53864
:10465000BF40A39E81F3D7FB7CE339829B2FFF876A
:10466000348E4344C4DEE9CB547B9432A6C2233D4E
:10467000EE4C950B42FAC34E082EA16628D924B2FF
:10468000765BA2496D8BD12572F8F6648668981620
:10469000D4A45CCC5D65B6926C704850FDEDB9DA7F
:1046A0005E154657A78D9D8490D8AB008CBCD30A6D
:1046B000F7E45805B8B34506D02C1E8FCA3F0F0249
:1046C000C1AFBD0301138A6B3A9111414F67DCEA18
:1046D00097F2CFCEF0B4E67396AC7422E7AD358591
:1046E000E2F937E81C75DF6E47F11A711D29C5899B
:1046F0006FB7620EAA18BE1BFC563E4BC6D279207D
:104700009ADBC0FE78CD5AF41FDDA8338807C73185
:10471000B11210592780EC5F60517FA919B54A0D7D
:104720002DE57A9F93C99CEFA0E03B4DAE2AF5B0F2
:10473000C8EBBB3C83539961172B047EBA77D6260E
:10474000E169146355210C7D637C777BF26B6FC547
:104750003001672BFED7AB76CA82C97DFA5947F084
:10476000ADD4A2AF9CA472C0B7FD9326363FF7CC60
:1047700034A5E5F171D8311504C723C31896059AFD
:10478000071280E2EB27B27509832C1A1B6E5AA020
:10479000523BD6B329E32F8453D100ED20FCB15B0B
:1047A0006ACBBE394A4C58CFD0EFAAFB434D338574
:1047B00045F9027F503C9FA851A3408F929D38F548
:1047C000BCB6DA2110FFF3D2CD0C13EC5F9744177F
:1047D000C4A77E3D645D197360814FDC222A9088F6
:1047E00046EEB814DE5E0BDBE0323A0A4906245C82
:1047F000C2D3AC629195E479E7C8376D8DD54EA9E7
:104800006C56F4EA657AAE08BA78252E1CA6B4C6B2
:10481000E8DD741F4BBD8B8A703EB5664803F60E0B
:10482000613557B986C11D9EE1F8981169D98E94FA
:104830009B1E87E9CE5528DF8CA1890DBFE6426813
:1048400041992D0FB054BB165320683D0000000065
:1048500053206C3D000000005320613D000000002B
:104860005320623D00000000532067617465413DA4
:1048700000000000532067617465423D00000000A5
:10488000494D47204648207261773D00494D4720F9
:104890004648206465633D00494D47204648206FE7
:1048A00066663D00494D4720464820656E633D00E1
:1048B000494D472046482062303D0000494D472081
:1048C00046482062313D0000494D4720464820625D
:1048D00031313D00494D47204648207031353D007B
:1048E0004641554C5420696D6720627573792D647B
:1048F000726F703D00000000494D47204D4F444508
:104900003D0000009042FDFFD84AFDFFD84AFDFF60
:10491000D84AFDFF1643FDFFD84AFDFFD84AFDFFE8
:104920009042FDFFD84AFDFFD242FDFFD84AFDFF6D
:104930009042FDFFD84AFDFFD84AFDFFD84AFDFF4F
:10494000D84AFDFFB842FDFFD84AFDFFD84AFDFF17
:10495000D84AFDFF2842FDFFD84AFDFF0047FDFF72
:10496000D84AFDFF1247FDFF9042FDFFD84AFDFFE8
:104970004048FDFFD84AFDFF6E48FDFF1842FDFF8D
:10498000604AFDFF604AFDFF604AFDFF8642FDFF71
:10499000604AFDFF604AFDFF1842FDFF604AFDFFCF
:1049A0005A42FDFF604AFDFF1842FDFF604AFDFFCD
:1049B000604AFDFF604AFDFF604AFDFF604AFDFF5F
:1049C000604AFDFF604AFDFF604AFDFFB041FDFF08
:1049D000604AFDFF8846FDFF604AFDFF9A46FDFFE5
:1049E0001842FDFF604AFDFFC847FDFF604AFDFF1A
:1049F000F647FDFF5320726566726573682D737408
:104A00006172740D0A0000004641554C5420696DD6
:104A1000672066696E6973682F73746F72650D0A1B
:104A2000000000004641554C5420696D67207061BC
:104A3000636B6167652D6F766572666C6F770D0AC3
:104A4000000000004641554C5420696D67206665A2
:104A500065642F73746F72650D0A00004641554CF2
:104A60005420696D67207472616E7366657220618F
:104A7000626F727465640D0A0000000053206B655C
:104A8000792D72656164790D0A0000004641554C2C
:104A90005420696D6720696E69742D66697273743C
:104AA0000D0A0000494D472053573D5633360D0A35
:104AB000000000004641554C5420696D6720646534
:104AC000766963652D626F756E640D0A00000000E3
:104AD0004641554C5420696D67207061636B616776
:104AE000652D7A65726F0D0A000000004641554C35
:104AF0005420696D672070726F746F636F6C0D0A5C
:104B0000000000004641554C5420696D67206275D5
:104B100073792D70726F746563740D0A0000000064
:104B2000494D472053573D5632340D0A00000000CE
:104B30004641554C5420696D6720646563727970F5
:104B4000740D0A00532069762D72656164790D0A2F
:104B50000000000041598B7B997407A3C14913449D
:104B600014FF127B41598B7B997407A3C1491344ED
:104B700013FF127B41598B7B997407A3C1491344DE
:104B800012FF127B41598B7B997407A3C1491344CF
:104B900011FF127B41598B7B997407A3C1491344C0
:104BA00010FF127B41598B7B997407A3C1491344B1
:104BB00009FF127B41598B7B997407A3C1491344A8
:104BC00008FF127B41598B7B997407A3C149134499
:104BD00007FF127B41598B7B997407A3C14913448A
:104BE00006FF127B41598B7B997407A3C14913447B
:104BF00005FF127B41598B7B997407A3C14913446C
:104C000004FF127B41598B7B997407A3C14913445C
:104C100003FF127B41598B7B997407A3C14913444D
:104C200002FF127B41598B7B997407A3C14913443E
:104C300001FF127B41598B7B997407A3C14913442F
:104C400000FF127B53206572723D000053206265A5
:104C500067696E3D00000000532073746174653D08
:104C6000000000005320736964653D005320706BA1
:104C70003D0000005320626567696E2D6F6B3D003B
:104C800053207768793D00005320757365643D00BB
:104C900053206C656E3D0000532072783D0000008B
:104CA000532066696E616C3D0000000053206D6109
:104CB00078713D005320707573682D6C656E3D00F2
:104CC000532072633D00000053206F75743D000057
:104CD000532066696E3D0000534944453D00000085
:104CE000542052583D00000054205A49502B4F5533
:104CF000543D000054204445434F44453D000000CE
:104D00005420504D41583D00542046494E49534887
:104D10003D00000054205350493D000054204550B0
:104D2000443D00005420464C4F573D005420464916
:104D30004E414C3D00000000542050554D503D0068
:104D400054205A494E3D00005420594C443D000027
:104D500054205354503D00005420494E4E3D000015
:104D600054204556543D00005420534C4943453D82
:104D70000000000054204156473D000054204D41A2
:104D800058513D00542050524F433D00494D47205B
:104D900062617463683D0000494D47206E3D00002C
:104DA000494D472062797465733D0000494D4720A5
:104DB0006C6173743D0000005320656D7074790D53
:104DC0000A000000494D4720646F6E650D0A00001F
:104DD000494D472053573D5633360D0A0000000019
:104DE0005320726566726573682D646F6E650D0A77
:104DF000000000002855FDFF7C55FDFF6C56FDFFAF
:104E00000C55FDFFD456FDFFB254FDFF4E57FDFF7C
:104E10004C58FDFFC658FDFFEA58FDFF3859FDFF0D
:104E20009254FDFFAA59FDFF145AFDFF5A4C494206
:104E30002066696E697368207261773D000000002A
:104E40005A4C49422066696E697368206572726FB8
:104E5000720D0A005A4C49422066656564206572ED
:104E6000726F720D0A000000101112000807090687
:104E70000A050B040C030D020E010F0000000000D8
:104E800001010202030304040505060607070808DA
:104E900009090A0A0B0B0C0C0D0D000001000200A1
:104EA000030004000500070009000D0011001900AF
:104EB00021003100410061008100C1000101810138
:104EC00001020103010401060108010C011001188F
:104ED00001200130014001600000000000000000DE
:104EE000010101010202020203030303040404049A
:104EF000050505050000000003000400050006008C
:104F00000700080009000A000B000D000F00110047
:104F1000130017001B001F0023002B0033003B0071
:104F200043005300630073008300A300C300E30049
:104F300002010000464C41534820626C6F636B3D98
:104F400000000000464C41534820757365643D00E5
:104F5000464C41534820696E6465783D000000006E
:104F6000464C415348206572617365416464723DEB
:104F700000000000464C41534820626567696E2D71
:104F8000706F733D00000000464C4153482062653D
:104F900067696E2D627974653D000000464C41538F
:104FA00048206163746976653D000000494D4720E3
:104FB0005241573D00000000494D472046533D00F7
:104FC000494D472046423D00494D472044413D0060
:104FD000542046573D000000542046493D00000043
:104FE00054204645543D0000542046503D000000EA
:104FF000542046563D000000542056433D0000001A
:10500000542057503D000000542046453D0000000C
:10501000542045413D0000005420455A3D00000009
:10502000542046523D000000542052503D000000E4
:10503000542046443D000000494D472053573D56FB
:1050400032370D0A00000000464C41534820777269
:105050006974652D6661696C0D0A0000464C415308
:105060004820666565642D6661696C0D0A00000064
:10507000464C41534820626567696E2D626C616ED3
:105080006B2D6661696C0D0A00000000464C4153AF
:10509000482065726173652D6661696C0D0A0000B8
:1050A000464C41534820696E6465782D6661696C91
:1050B0000D0A0000494D472053573D5632380D0A1E
:1050C000000000006867FDFF7C67FDFF8E67FDFF45
:1050D000A067FDFFB267FDFFE067FDFFEC67FDFF26
:1050E000F267FDFFF867FDFFFE67FDFF43483538B7
:1050F000355F424C455F4C49425F56312E340000CB
:10510000686561642066696C65206572726F722ED5
:105110002E2E00004C494220696E6974206572721F
:105120006F7220636F64653A202578202E2E2E0A38
:1051300000000000464C415348207374617475733D
:105140003D000000464C41534820636F756E743D2E
:1051500000000000464C415348206C696D69743D65
:1051600000000000464C4153482053523D000000CF
:10517000464C41534820706F7765724D733D000077
:10518000464C415348206A656465633D0000000059
:10519000464C4153482072656164794D733D00006F
:1051A000464C4153482072656164792D74696D6580
:1051B0006F75740D0A000000464C4153482077611A
:1051C00069742D74696D656F75740D0A00000000B7
:1051D000464C4153482057454C206661696C0D0A86
:1051E000000000004641554C5420627573792D73C0
:1051F00074617475730D0A0054204550445F504F1C
:105200005745523D0000000054204445565F494E2A
:1052100049543D0054204445565F5057523D0000CC
:1052200054204550445F494E49543D005420574155
:10523000495432303D000000494D472053573D56F8
:1052400032340D0A00000000494D4720646F6E653E
:105250000D0A00004641554C54206570642074616D
:10526000726765743D0000004641554C54206570DE
:105270006420726177413D004641554C5420657071
:105280006420726177423D004641554C5420657060
:105290006420627573792D74696D656F75740D0A7C
:1052A000000000004641554C542065706420627532
:1052B00073792D756E737570706F727465640D0AF5
:1052C000000000004641554C542065706420627512
:1052D00073792D756E737570706F727465640D0AD5
:1052E000000000004641554C5420696D67206772EC
:1052F0006F75703D000000004641554C5420696DAB
:105300006720726F6F6D3D0054205245463D00008E
:105310005420414C4C3D0000542057524954453DC7
:1053200000000000542053494E4B4E3D0000000049
:10533000542053494E4B423D00000000494D472048
:1053400053573D5632340D0A000000004641554C7B
:105350005420696D67207265706C61793B206E6FB7
:1053600020726566726573680D0A00004641554CEF
:105370005420696D6720707265736176652D6D6963
:105380007373696E670D0A004641554C5420696D70
:105390006720666C6173682D6275666665722D6143
:1053A0006C6C6F630D0A000043656E7472616C0073
:1053B00000000000000000000000000000000000ED
:1053C0004641554C5420626C652073746174652DA0
:1053D000636F64653D0000004641554C5420626C8B
:1053E00065207374617475733D0000004641554C2F
:1053F00054206F7461207374617475733D000000F4
:105400004641554C5420626C652073746174650D7F
:105410000A0000004641554C5420626C65206469C6
:1054200073636F6E6E6563742072657175657374F6
:105430000D0A00004641554C54206F74612065727E
:105440006173650D0A0000004698FDFF5698FDFF48
:105450005A98FDFF4298FDFF5E98FDFF6298FDFFA0
:105460004641554C542065706420627573792D74E3
:10547000696D656F75740D0A0000000030313233BC
:105480003435363738394142434445460000000040
:10549000B8A1FAA032A0F69F889F609F429FE89E25
:1054A000989E3E9E029EDA9D9E9D8A9D769D659D5C
:1054B000589D309D129DFE9CE09CC29CA49C909C9B
:1054C000689C409C2C9C0E9CF09BC89BAA9B769B46
:1054D000399BFC9ABF9A829A459A089ACB998E99E1
:1054E00051991499D7989A985D982098E397A69720
:1054F00069972C970B97EA96C996A8968796669611
:10550000459624960396E295A59568952B95EE947D
:10551000B19474943794FA93BD9380931293A492A8
:105520003692C8915A91EC907E901090A28F348F51
:10553000C08E4C8ED88D648DF08C7C8C088C948BB6
:10554000208BAC8A358ABE894789D0885988E28702
:105550006B87F4867D860686E8850000B8C7FDFF68
:1055600038C8FDFF38C8FDFF0CC8FDFF56C7FDFF5A
:1055700056C7FDFF56C7FDFF56C7FDFF56C7FDFFC7
:1055800016C8FDFF2EC8FDFF52CAFDFF72CAFDFFFF
:105590000EC7FDFF0EC7FDFF7ACAFDFF0EC7FDFF58
:1055A0000EC7FDFF0EC7FDFF0EC7FDFF66CAFDFF5C
:1055B000CECAFDFFD4CAFDFF0EC7FDFF0EC7FDFF1B
:1055C000F4CAFDFFFCCAFDFF04CBFDFF1ACBFDFFB3
:1055D0000EC7FDFF0EC7FDFF0EC7FDFF0EC7FDFF87
:1055E0000EC7FDFF0EC7FDFF0EC7FDFF0EC7FDFF77
:1055F0000EC7FDFF0EC7FDFF0EC7FDFF0EC7FDFF67
:105600000EC7FDFF0EC7FDFF0EC7FDFF0EC7FDFF56
:10561000E0CAFDFFE8CAFDFF2ECBFDFF0EC7FDFF70
:105620000EC7FDFFCCC9FDFFF6D7FDFF70D7FDFF0C
:10563000EED7FDFF6CD7FDFF70D7FDFFE2D7FDFF72
:1056400070D7FDFF70D7FDFF70D7FDFF70D7FDFF4E
:1056500070D7FDFFFAD7FDFF70D7FDFFE2D7FDFF42
:105660001EDFFDFF14DFFDFF1ADFFDFF3ADFFDFF48
:105670003EDFFDFF42DFFDFF52E6FDFFE6E6FDFFF8
:1056800016E7FDFF9CE7FDFF80E6FDFF80E6FDFFDE
:1056900080E6FDFF80E6FDFFACE7FDFFB4E7FDFF20
:1056A000E6E7FDFF3EE9FDFF6EE9FDFF5AE9FDFF7C
:1056B00078E9FDFF56ECFDFFF2ECFDFF00EDFDFF8C
:1056C0000EEDFDFF26EDFDFF36EDFDFF1EECFDFFAF
:1056D00044EDFDFF58EDFDFFBAF0FDFFD4F0FDFFF6
:1056E0004EF1FDFFE4F0FDFF4EF1FDFF4EF1FDFF39
:1056F0004EF1FDFF06F1FDFF4EF1FDFF4EF1FDFF06
:105700004EF1FDFF2AF1FDFFB8F1FDFFACF1FDFF09
:10571000B8F1FDFFA8F1FDFFB8F1FDFFA8F1FDFF15
:10572000B8F1FDFFA8F1FDFFB8F1FDFFB0F1FDFFFD
:10573000B8F1FDFFA8F1FDFFB8F1FDFFB8F1FDFFE5
:10574000A8F1FDFFA8F1FDFFA8F1FDFFB4F1FDFFF9
:10575000B4F1FDFFA8F1FDFFA8F1FDFFA8F1FDFFE9
:10576000B8F1FDFFA8F1FDFFB8F1FDFF8C15FEFFBC
:10577000C415FEFFE015FEFFEE15FEFFA421FEFF9F
:105780002C21FEFFD621FEFF2C21FEFFE221FEFF91
:105790002C21FEFF9C22FEFF2C21FEFF3623FEFF64
:1057A0002C21FEFF4223FEFF2C21FEFF4E23FEFF95
:1057B0002C21FEFF2C21FEFF2C21FEFF5E23FEFF8D
:1057C0002C21FEFF7423FEFF3AF80200C45A0100A8
:1057D0006EF80200E8660100DEF80200BA66010019
:1057E00088F902008C66010012FA02006A71010059
:1057F0005CFA02006A71010094FA0200CC700100A8
:1058000088F90200406601002CFB02004869010093
:10581000000000000000000066FB0200EC690100CF
:10582000CAFB02003C5B01009647FEFF9647FEFF65
:105830001848FEFF1848FEFFB847FEFF1848FEFF55
:10584000EC47FEFF1848FEFF0048FEFF1848FEFF29
:105850000848FEFF1048FEFF1848FEFFC047FEFF45
:105860000101020102010102010104040601040117
:105870000101010104010201010000000101020116
:1058800002010102010204040601040101010101F7
:1058900004040201040000005654FEFF6A54FEFF97
:1058A000A854FEFFC255FEFFCA55FEFF0A56FEFF72
:1058B0004256FEFF7C56FEFFAE56FEFF6455FEFFCD
:1058C000E256FEFF5257FEFFB662FEFFB668FEFFCD
:1058D0006065FEFFC065FEFF9668FEFFD066FEFFB6
:1058E0001067FEFF4A67FEFF8067FEFFBA67FEFF94
:1058F000B668FEFFFC67FEFF6E68FEFF000000005A
:10590000000000000000000000000087070B0D11E0
:1059100013171D1F25292B2F353B3D4347494F5357
:105920005961FF00369BFEFFBC99FEFF4295FEFFCA
:10593000BC99FEFF369BFEFFC895FEFF52C5FEFFD9
:105940004CC5FEFFEEC3FEFFEEC3FEFFEEC3FEFF3F
:10595000EEC3FEFFEEC3FEFFEEC3FEFFEEC3FEFF8F
:10596000EEC3FEFF9AC4FEFFEEC3FEFFEEC3FEFFD2
:10597000EEC3FEFF10C5FEFF10C5FEFFF0C4FEFF24
:10598000EEC3FEFFEEC3FEFFEEC3FEFFA0C5FEFFAB
:10599000EEC3FEFFEEC3FEFFEEC3FEFFEEC3FEFF4F
:1059A000EEC3FEFFB2C1FEFFEEC3FEFFEEC3FEFF7D
:1059B000EEC3FEFFA6C5FEFFC6C1FEFFC6C1FEFFC9
:1059C00004C5FEFFB0C4FEFF6AC3FEFF6AC3FEFF4C
:1059D0006AC3FEFF6AC3FEFFE8C4FEFF6AC3FEFFA0
:1059E00004C5FEFF6AC3FEFF6AC3FEFF06C1FEFFD9
:1059F000D2D0FEFFBED0FEFFBAD0FEFFBAD0FEFF6F
:105A0000BAD0FEFFBAD0FEFFE0D0FEFFBAD0FEFF54
:105A1000E8D0FEFFBAD0FEFFBAD0FEFFBAD0FEFF3C
:105A20000CD1FEFFBAD0FEFFBAD0FEFFBAD0FEFF07
:105A3000BAD0FEFF1CD1FEFFC8E3FEFFE2E3FEFF8B
:105A4000E2E3FEFFE6E3FEFFE2E3FEFF1CE4FEFF0F
:105A5000E2E3FEFF40E4FEFFE2E3FEFFE2E3FEFFDF
:105A6000E2E3FEFF54E4FEFFE2E3FEFFE2E3FEFFBB
:105A700068E4FEFFE2E3FEFFE2E3FEFFE2E3FEFF97
:105A8000E2E3FEFFE2E3FEFF7CE4FEFF0E3C0200E9
:105A9000BA4C0200B83C02000E4D0200D63C020097
:105AA0004C3D0200723D0200AC3D0200384C020049
:105AB000B84B0200D03E0200F43E02005A3F020002
:105AC000A0290200304B0200544A02002E5002006E
:105AD000402A0200EC3F020036400200DA4F02008A
:105AE0007C4F020060400200124202007443020038
:105AF000EC430200382B020002510200AE480200C3
:105B00000E44020044440200065102000A51020001
:105B10000E510200125102003A4E0200804402006F
:105B20004A450200165102002A500200F4450200C4
:105B3000764802009A460200E25A02003E520200F3
:105B400032510200785802004A5802001E580200E2
:105B5000E4570200B8570200B6580200BA580200D3
:105B6000A8530200BE5802007A570200C258020031
:105B700058570200C6580200185702000857020082
:105B8000D2560200CA580200B2560200CE58020095
:105B9000D2580200D6580200505602003651020078
:105BA0004A510200DA580200DE580200E2580200B0
:105BB000E6580200EA580200F6550200805502003D
:105BC000EE580200F2580200F6580200FA5802009D
:105BD00018550200AE580200B2580200C45202002A
:105BE000DC5102007A5102004E510200EA05FFFF2B
:105BF0000606FFFF7C06FFFFF005FFFF8006FFFFA4
:105C0000F005FFFF8406FFFF1028FFFF2C28FFFF91
:105C10008827FFFF8827FFFF8827FFFF6828FFFFEF
:105C20006828FFFF8827FFFF8827FFFF8827FFFFDF
:105C30008827FFFF7429FFFF8827FFFF8827FFFFC2
:105C40008827FFFF8827FFFF8827FFFFF825FFFF32
:105C50008827FFFF8827FFFF8827FFFF7A29FFFF9C
:105C60000E26FFFF8827FFFF7A29FFFF8827FFFF07
:105C70008829FFFF1628FFFF1C27FFFF2228FFFFB0
:105C80001C27FFFF1C27FFFF1C27FFFF6228FFFFC9
:105C90001C27FFFF1C27FFFF1C27FFFFBC28FFFF5F
:105CA0001C27FFFF2228FFFF1C27FFFF1C27FFFFE9
:105CB0008A28FFFF1C27FFFF1C27FFFF1C27FFFF71
:105CC000DC28FFFF1C27FFFF1C27FFFF5025FFFFDD
:105CD0001C27FFFF1C27FFFF1C27FFFF1C27FFFFC0
:105CE0003828FFFF1C27FFFF5C28FFFF434835389B
:105CF000355F424C455F4C49425F56312E342E345D
:105D000000000000844FFFFFC24FFFFFD64FFFFF90
:105D10006E4FFFFFDE4FFFFFE64FFFFFEC4FFFFF31
:105D2000F24FFFFFD678FFFFE878FFFFF278FFFF22
:105D3000F878FFFFFE78FFFF1479FFFF1C79FFFF63
:105D40002279FFFF2A79FFFF3079FFFF3679FFFFC5
:105D50003C79FFFF4279FFFF4E79FFFF5479FFFF47
:105D60005A79FFFF9C79FFFF6079FFFF6679FFFF9B
:105D70006C79FFFF7279FFFF7E79FFFF9C79FFFF4F
:105D80009C79FFFF9C79FFFF9C79FFFF9C79FFFFC7
:105D90009C79FFFF9C79FFFF9C79FFFF8679FFFFCD
:105DA0007879FFFF9C79FFFF8C79FFFF9679FFFFE1
:105DB0002C7FFFFF447FFFFF6C7FFFFF827FFFFF91
:105DC000967FFFFFB47FFFFFD27FFFFFE27FFFFFE1
:105DD000FE7FFFFF1480FFFF3680FFFF4C80FFFF38
:105DE0006080FFFF7680FFFF8A80FFFF9A80FFFFC1
:105DF000B680FFFF5682FFFF6A82FFFF8082FFFFAF
:105E00009E82FFFF0684FFFFDE82FFFFD880FFFF38
:105E1000F482FFFF0483FFFF3081FFFF3081FFFF2B
:105E2000EE81FFFFF881FFFF0C83FFFFBA82FFFFC7
:105E30001C83FFFF9483FFFFD683FFFF3286FFFFA3
:105E40000284FFFF0284FFFF8E85FFFF7A84FFFF3D
:105E5000CC83FFFF2A86FFFF0284FFFF3A85FFFF06
:105E6000C485FFFF0284FFFF0284FFFF0284FFFF5F
:105E70000284FFFF0284FFFF0284FFFF0284FFFF12
:105E80000284FFFF0284FFFF0284FFFF3E84FFFFC6
:105E9000AC87FFFF6A88FFFF4488FFFFA088FFFFF1
:105EA000A088FFFF2E89FFFF6C89FFFF6A88FFFF34
:105EB0006A88FFFF6A88FFFF6A88FFFF6A88FFFF22
:105EC0006A88FFFF6A88FFFF6A88FFFF6A88FFFF12
:105ED0006A88FFFF6A88FFFF6A88FFFF8C89FFFFDF
:105EE0008C89FFFF6A88FFFF6A88FFFF6A88FFFFCF
:105EF0006A88FFFF6A88FFFF6A88FFFFDE89FFFF6D
:105F0000DE89FFFFF28DFFFFFA8DFFFF1A8EFFFF84
:105F1000268EFFFF2E8EFFFF368EFFFF3C8EFFFF8B
:105F2000448EFFFF4C8EFFFF528EFFFF588EFFFF07
:105F3000608EFFFF668EFFFF6C8EFFFF728EFFFF8D
:105F4000AA8EFFFFAA8EFFFF788EFFFF808EFFFFD5
:105F5000868EFFFF8C8EFFFF928EFFFF9A8EFFFFD3
:105F6000A48EFFFF868EFFFFA28EFFFFB68EFFFF7F
:105F7000A290FFFFCE8EFFFF228FFFFF368FFFFF25
:105F80004A8FFFFF608FFFFF768FFFFF868FFFFF37
:105F90009C8FFFFFA290FFFFB28FFFFFA290FFFF39
:105FA000A290FFFFC28FFFFFE48FFFFF0690FFFF6D
:105FB0001890FFFF2490FFFF3690FFFF7290FFFFC5
:105FC000FB349B5F80000080001000000000000098
:105FD0000001020203030303040404040404040490
:105FE0000505050505050505050505050505050561
:105FF0000606060606060606060606060606060641
:106000000606060606060606060606060606060630
:106010000707070707070707070707070707070710
:106020000707070707070707070707070707070700
:1060300007070707070707070707070707070707F0
:1060400007070707070707070707070707070707E0
:1060500008080808080808080808080808080808C0
:1060600008080808080808080808080808080808B0
:1060700008080808080808080808080808080808A0
:106080000808080808080808080808080808080890
:106090000808080808080808080808080808080880
:1060A0000808080808080808080808080808080870
:1060B0000808080808080808080808080808080860
:1060C0000808080808080808080808080808080850
:1060D00000000000000000000000000000000000C0
:1060E00000000000000000000000000000000000B0
:1060F00000000000000000000000000000000000A0
:10610000000000000000000000000000000000008F
:10611000000000000000000000000000000000007F
:10612000000000000000000000000000000000006F
:10613000232D302B20000000686C4C0065666745FD
:106140004647000030313233343536373839414232
:106150004344454600000000303132333435363791
:10616000383961626364656600000000CCDBFFFFC4
:10617000E2DBFFFFA2DBFFFFA2DBFFFFA2DBFFFFF3
:10618000A2DBFFFFE2DBFFFFA2DBFFFFA2DBFFFFE3
:10619000A2DBFFFFA2DBFFFF48DDFFFF4ADCFFFFC2
:1061A000E0DCFFFFA2DBFFFFA2DBFFFF78DDFFFFEC
:1061B000A2DBFFFF4ADCFFFFA2DBFFFFA2DBFFFF4A
:0461C000E8DCFFFF19
:1061C40070710000EC70000000000000020000008C
:1061D4006451002001000000E8500020020000008B
:1061E40058510020010000007C50002002000000F3
:1061F400F050002003000000825100200200000043
:106204005451002001000000884B00204F544120CD
:106214004368616E6E656C00020106110641598B7C
:106224007B997407A3C149134400FF126B0000005B
:1062340017095425324637383244344141444641E3
:10624400533146404041453028860000C68900004D
:106254000000000002000000645100200100000062
:10626400F8500020020000005851002001000000F6
:106274009150002010000000244C03000000000096
:106284000000000002000000505100200300000044
:106294009856002002000000585100200100000020
:1062A4009050002010000000144C03000100000076
:1062B400000000000200000058510020010000000E
:1062C4008F50002010000000044C03000200000066
:1062D40000000000020000005851002001000000EE
:1062E4008E50002010000000F44B0300000000005A
:1062F40000000000020000005051002003000000D4
:1063040088560020020000005851002001000000BF
:106314008D50002010000000E44B03000200000038
:10632400000000000200000058510020010000009D
:106334008C50002010000000D44B0300000000002B
:106344000000000002000000505100200300000083
:10635400785600200200000058510020010000007F
:106364008B50002010000000C44B0300020000000A
:10637400000000000200000058510020010000004D
:106384008A50002010000000B44B030002000000FB
:10639400000000000200000058510020010000002D
:1063A4008950002010000000A44B030001000000ED
:1063B400000000000200000058510020030000000B
:1063C4008850002010000000944B030003000000DC
:1063D40000000000020000005851002003000000EB
:1063E4008750002010000000844B030003000000CD
:1063F40000000000020000005851002003000000CB
:106404008650002010000000744B030003000000BD
:1064140000000000020000005051002003000000B2
:1064240068560020020000005851002001000000BE
:106434008550002010000000644B0300020000009F
:10644400000000000200000058510020030000007A
:106454008450002010000000544B0300030000008F
:1064640000000000E8B6000050B600000000000084
:1064740002000000645100200100000000510020CF
:106484000200000058510020010000009C50002030
:10649400020000001851002003000000F751002002
:1064A4000200000054510020010000004C4F002065
:1064B4000200000058510020010000009B50002001
:1064C400020000001451002001000000F6510020D9
:1064D400020000005451002001000000384F002049
:1064E4000200000058510020010000009A500020D2
:1064F400020000001051002002000000F5510020AD
:10650400020000005451002001000000244F00202C
:1065140002000000585100200100000099500020A2
:10652400020000000C51002000000000F451002083
:10653400020000005051002003000000F051002030
:10654400020000005451002001000000104F002000
:106554000200000058510020010000009850002063
:10656400020000000851002004000000E85100204F
:10657400020000005451002001000000FC4E0020E5
:106584004368617261637465726973746963203509
:10659400000000004368617261637465726973741A
:1065A40069632034000000004368617261637465AC
:1065B4007269737469632033000000004368617278
:1065C400616374657269737469632032000000004A
:1065D40043686172616374657269737469632031BD
:1065E40000000000F0F1F2F3F4F5F6F7F8F9FAFB25
:1065F400FCFDFEFFE894FCFEE7683F737015F49021
:106604000E51D2E060DB00005EDB00000000000001
:1066140054DB000054DD000056DB0000ACDE00005B
:10662400A8DE000002E00000544458655461626C26
:10663400652D636172643832370000000000000089
:106644004A3F010066400100000000000000000015
:10665400985C01000000000002000000645100206A
:1066640001000000CC50002002000000585100201E
:1066740001000000D9500020020000002C5100202D
:106684000000000000000000020000005051002043
:10669400030000000000000000000000106103007F
:1066A400F0600300D0600300000000000000000060
:1066B40000000000000000000000000000000000D6
:1066C40000000000000000000000000000000000C6
:1066D40000000000000000000000000000000000B6
:1066E40000000000000000000000000000000000A6
:1066F400000000000000000000000000E0F601209F
:106704000E000000010000000E081C0E0A0208081A
:106714001008100C02100000010000000210080212
:106724000A010000AADE0000C0DF0000E6DF00006E
:10673400FF010000C3812F010202020102000000D8
:106744005000A0000000E803020802020202000058
:1067540002000000685100200100FFFFFF2001013A
:106764000102100501010000145000200200000085
:10677400F4500020E1FE0000E0FE000010000000E4
:10678400344C0300020000001C510020E5FF00000F
:10679400E4FF0000E3FF0000E2FF0000E1FF00006F
:1067A400E0FF0000FFFFFFFF020000006C5100202B
:1067B400052A0000882B0000A62A0000C92A000030
:1067C400042A0000032A0000022A0000012A000013
:1067D400002A00000229000001290000032800000B
:1067E4000228000001280000002800000118000011
:0867F400001800001450002001
:0400000300001000E9
:00000001FF
