:081000006F405034185100202C
:101008000000000000000000A0000020D80D002013
:10101800A9BDF9F3980E00200000000000000000B0
:10102800980E0020A0000020000000000000000032
:10103800A000002000000000A00000200000000028
:10104800A0000020A0000020A0000020A000002098
:10105800A00000205C110020A0000020000000007B
:10106800A0000020A0000020EC100020A00000201C
:10107800500F0020A0000020A0000020A0000020A9
:10108800A0000020A0000020A0000020A000002058
:10109800A0000020A0000020A0000020A000002048
:1010A80001A0B7170040984B41111367070198CB6F
:1010B80003C707011377E70F2388E70013078008A2
:1010C80073370780137787083AC60F100000130795
:1010D80070052380E704130780FA2380E7040F10C4
:1010E8000000B847B70600069506558FB8C703C76E
:1010F800B7041377F70DA385E70403C7A7001367A1
:1011080027012385E700130750142394E7003727A6
:1011180000408346578093F6F60EA302D78089468F
:10112800A303D78003C7E7041377C70F1367170014
:101138002387E70403C7F70213672700A387E7029B
:1011480003C70701136717002388E70023800704F4
:10115800B247F3A707800F10000041018280EFF02B
:101168005FF4171500E01305650B970500009385DC
:10117800650A175600001306A69C63FAC500832269
:10118800050023A0550011059105E3EAC5FE176582
:1011980003E013052564975500009385659A138627
:1011A800418F63FAC5008322050023A0550011056D
:1011B8009105E3EAC5FE1385818F97F501009385B4
:1011C80065536377B500232005001105E36DB5FE6F
:1011D80093025002739002BC8D4273904280854204
:1011E800739012BC8962938282887390023097024E
:1011F8000000938222E193E232007390523097F21A
:1012080000E093824268739012347300203000002B
:101218004111B7170040985F3AC6945F3247E39C84
:10122800E6FE3245410182804111814601468145F1
:10123800114506C6EF10A006B727004011472383C3
:10124800E780B7F700E0938707D0984B6D9B98CB62
:10125800984B5D9B98CB7300501001000100B24081
:1012680041018280397122DC4ED652D406DE26DA5C
:101278004AD8B7190040372A0040014681468145BF
:10128800114503D4890003497A8083445A80EF10BA
:10129800000191472303FA8003C6E90483C7A90024
:1012A80042044180A18B1379F90F93F4F40F13765C
:1012B800F60F99E31366360013078008F3370780A3
:1012C80093F787083EC60F100000B7170040930633
:1012D80070052380D704930580FA2380B7040F1084
:1012E8000000238207022380070432457325058006
:1012F8000F10000073350780137585082AC80F1072
:1013080000002380D7042380B7040F100000238730
:10131800C704238007044246732606800F10000086
:1013280003D68700137606206DC6733707801377B8
:1013380087083ACA0F1000002380D7042380B70417
:101348000F10000003C7F7001377C70FA387E70044
:1013580003C7F70013671700A387E7003727004084
:10136800A303D7808346578093F6F60EA302D7804F
:10137800130780202394E70023800704D247F3A7AC
:1013880007800F100000B7F700E0938707D0984B4D
:101398001367470098CB984B5D9B98CB7300501010
:1013A8000100010013070010937704306397E700EA
:1013B800930780020100FD17F5FF93078008F3B734
:1013C800078093F787083ECE0F100000B71700403C
:1013D800130770052380E704130780FA2380E704C6
:1013E8000F10000037270040A3032781A30297802E
:1013F8002394870023800704F247F3A707800F1080
:101408000000F2506254D2544259B259225A216112
:10141800828073370780137787083ACC0F10000053
:101428002380D7042380B7040F10000003C7F700F8
:101438001377C70FA387E70003C7F70013671700E1
:10144800A387E70037270040A303D7808346578048
:1014580093F6F60EA302D78011472394E700238062
:101468000704E24729BFB717004083D5870037270D
:10147800004003C8A70083C6E70403437780834876
:101488005780C2050111C1811378F80F93E6360021
:101498001373F30F93F8F80F130780087336078058
:1014A8001376860832C20F100000130E70052380D1
:1014B800C705130680FA2380C7040F100000238293
:1014C800070223800704924EF3AE0E800F1000002F
:1014D80073370780137787083AC40F1000002380FA
:1014E800C7052380C7040F1000002387D704238073
:1014F80007042247732707800F100000B7F600E0A3
:1015080003A706D11367470023A8E6D003D707022D
:1015180083A6818FB707800013770760F58F498FFF
:1015280063910718E57791075D8F4207418393061A
:101538008008F3B7068093F787083EC60F100000AF
:10154800B7170040130670052380C704130E80FAEE
:101558002380C7050F1000002390E70203C7A700E8
:10156800136727002385E700238007043247732782
:1015780007800F10000003D7870013770720630642
:101588000712F3B6068093F6860836C80F100000D7
:101598002380C7042380C7050F10000003C7F70086
:1015A8001377C70FA387E70003C7F7001367170070
:1015B800A387E70037270040A303C78083465780E7
:1015C80093F6F60EA302D780130780202394E70032
:1015D80023800704C247F3A707800F10000037F7DE
:1015E80000E0832707D1DD9B2328F7D07300501034
:1015F80001000100218909C9B797004023AE0712ED
:10160800B7C7004023AA072493F705301307001033
:101618006397E700930780020100FD17F5FF1307A2
:101628008008F337078093F787083ECC0F10000037
:10163800B7170040130670052380C704930680FA85
:101648002380D7040F10000037250040A3036580CE
:10165800A30215812394B70023850701238007047B
:10166800E245F3A505800F10000073370780137754
:1016780087083ACE0F1000002380C7042380D704C0
:101688000F10000003D70702460745832390E7029F
:1016980023800704F247F3A707800F1000000561B5
:1016A8008280F177FD177D8FB5BDF3B6068093F67E
:1016B800860836CA0F1000002380C7042380C70598
:1016C8000F10000003C7F7001377C70FA387E700C1
:1016D80003C7F70013671700A387E7003727004001
:1016E800A303C7808346578093F6F60EA302D780DC
:1016F80011472394E70023800704D247E9BD797195
:1017080022D426D2814601468145AA843714004056
:10171800114506D64AD0EF0090380349E402130574
:101728008015DD2E1379C90F1369190093078008F6
:1017380073B70780137787083AC60F10000013069F
:1017480070052300C404930680FA2300D4040F1004
:101758000000230204022300040432477327078091
:101768000F10000073B70780137787083AC80F1067
:1017780000002300C4042300D4040F100000230732
:101788002403230004044247732707800F10000036
:1017980037F700E0130707D00C4B93E545000CCB57
:1017A800F3B5078093F585082ECA0F1000002300B3
:1017B800C4042300D4040F1000008345F40093E50B
:1017C8000504A307B40023000404D245F3A505804B
:1017D8000F100000F3B5078093F585082ECC0F1085
:1017E80000002300C4042300D4040F100000A165E6
:1017F800CD8C2310940223000404E245F3A5058050
:101808000F1000000C4BDD990CCB73005010010039
:101818000100F3B7078093F787083ECE0F1000004A
:101828002300C4042300D4040F100000FD5723161E
:10183800F4028347640493E717002303F4042300A6
:101848000404F247F3A707800F100000B250225497
:1018580092540259456182800111814601468145B1
:10186800114506CEEF00B023B72700401147238368
:10187800E780B717004083C6E70483C7A70093F63D
:10188800F60FA18B99E393E6360013078008F33728
:10189800078093F787083EC20F100000B717004073
:1018A800130670052380C704930580FA2380B704C4
:1018B8000F100000238207022380070412457325B6
:1018C80005800F10000073350780137585082AC43A
:1018D8000F1000002380C7042380B7040F100000F6
:1018E8002387D70423800704A246F3A606800F1097
:1018F800000073370780137787083AC60F10000077
:101908002380C7042380B7040F10000003C7F70023
:101918001377C70FA387E70003C7F70013671700FC
:10192800A387E70037270040A303C7808346578073
:1019380093F6F60EA302D78011472394E70023807D
:101948000704B247F3A707800F100000B7F700E0BD
:10195800938707D0984B1367470098CB984B13672A
:10196800870298CB984B1367870098CB7300501069
:10197800984B1367870098CB730050100100010043
:10198800F24005618280411113068008F337068012
:1019980093F787083EC00F100000B7170040930563
:1019A80070052380B704130880FA238007050F10F9
:1019B8000000238207022380070402477327078059
:1019C8000F100000B7F600E0938606D0984AF17829
:1019D800FD181367470098CA03D7070213770760F3
:1019E800498F33771701E578910833671701420764
:1019F8004183F338068093F8880846C20F10000028
:101A08002380B704238007050F1000002390E70206
:101A180003C7A700136727002385E700238007046F
:101A28001247732707800F1000007336068013765D
:101A3800860832C40F1000002380B70423800705EE
:101A48000F10000003C7F7001377C70FA387E7003D
:101A580003C7F70013671700A387E700372700407D
:101A6800A303B780034657801376F60EA302C780F8
:101A780011472394E70023800704A247F3A70780B0
:101A88000F1000009C4A93E787029CCA9C4A93E780
:101A980087009CCA730050109C4A93E787009CCA31
:101AA8007300501001000100218909C9B79700404F
:101AB80023AE0712B7C7004023AA0724930780085C
:101AC800F3B7078093F787083EC60F100000B717D3
:101AD8000040130770052380E704130780FA23806A
:101AE800E7040F10000003D7070246074583239039
:101AF800E70223800704B247F3A707800F1000000E
:101B0800410182809387C18F984309C79C4382977C
:101B180023AE018E73002030B7F70700DC53411164
:101B280023ACF18EB7170040984B1367070198CB89
:101B380003C707011377E70F2388E7001307800817
:101B480073370780137787083AC60F10000013070A
:101B580070052380E704130780FA2380E7040F1039
:101B680000001307000C6319E50203D78700136709
:101B7800070C2394E700B717004003C70701136752
:101B880017002388E70023800704B247F3A70780DC
:101B98000F1000004101828003C7A700937605203B
:101BA800C9C2118B39E703C7E70403C6E7041377F3
:101BB800F70F136636002387C70403C6A70013660A
:101BC80046002385C70003D6870083D587004206D1
:101BD80093E5050C2394B7004182A5470100FD1742
:101BE80093F7F70FE5FFB71700402394C700238743
:101BF800E70493770510DDCB371700408347A7002C
:101C080093E707012305F7009377F50185E3B727E5
:101C1800004003C7578013670701A382E7801D4769
:101C280015A0136727002385E700E1B72547636BF5
:101C3800F704B727004003C757801377F70EA3822E
:101C4800E780054742054181A383E780B717004035
:101C58001367050C2394E7002394A700C9C203C7A0
:101C6800570483C65704418B858A558F09F703C7E4
:101C78002701418B09D303C7A7001377D70F238503
:101C8800E700D5BD9377050199EBB727004003C757
:101C980057801377F70EA382E780094765B7B72700
:101CA800004003C757801377F70E85BF93778501E8
:101CB80081EFB727004003C757801377F70EA38239
:101CC800E78013071005BDBFB727004003C757803B
:101CD8001377F70EA382E78013077005A5B703C72C
:101CE800A7001377B70F61BF37E700E01C435443E1
:101CF8007D56A183E206D58F9306071890C2D0C2FD
:101D080017060000130646E097F6FFFF9386862F16
:101D18008C5E90DE23AEA18E11661305071010C1EC
:101D2800130707201388C18F10C30327080075FF06
:101D380037E700E011662320C7180F1000008CDE7B
:101D4800939687002320D710E1832322F7108280FF
:101D58000111814601468145114506CE8923930725
:101D68008008F3B7078093F787083EC60F10000076
:101D7800B7170040130770052380E704130780FA9C
:101D88002380E7040F10000003C7670413671700D8
:101D98002383E70423800704B247F3A707800F10C3
:101DA8000000F2400561828037E700E01C4354439D
:101DB800A183E206D58F1CC1FD572320F7182322E3
:101DC800F718828013178500B7E700E023A0E71013
:101DD800618123A2A7108280411181460146814575
:101DE8001145752913078008F337078093F787088B
:101DF8003EC40F100000B71700401306700523807B
:101E0800C704930680FA2380D7040F100000FD55FD
:101E18002396B70223800704A245F3A505800F1077
:101E2800000073370780137787083AC60F10000041
:101E38002380C7042380D7040F10000003C767045A
:101E4800136717002383E70423800704B247F3A727
:101E580007800F10000001A09307E0043305F50286
:101E680095473355F50201007D1575FD82804111B6
:101E780022C406C62A847D1442041305803E41808C
:101E8800E13F75F8B2402244410182802E96AA872C
:101E98000F70B678828000009305000273A0458019
:101EA80082457390153492402242B2424243D24353
:101EB8006244F244025592552256B2564257D257BE
:101EC8006258F25806499649264AB64A464BD64BB6
:101ED800664CF64C065D965D265EB65E465FD65F3E
:101EE8000961730020304111B7170040985F3AC666
:101EF800945F3247E39CE6FE324541018280B7E7B2
:101F080000E03707001023A0E720828041119307E3
:101F18008008F3B7078093F787083EC60F100000C4
:101F2800B7170040130770052380E704130780FAEA
:101F38002380E7040F100000C8DB23800704B247A2
:101F4800F3A707800F10000023AA0198410182809F
:101F5800B7170040130700032388E702854723AA21
:101F6800F19873002030797122D44AD006D626D24F
:101F78004ECE52CC930730032A891304D5FC63E76D
:101F8800A7003704C0A81304D4FC2A944800293DAC
:101F9800EFF00FA8B307A4406376A400B707C0A862
:101FA800A297898F3747F6A68117130707C6637D5F
:101FB800F7001245013D0945B25022549254025986
:101FC800F249624A456182802285893713070003F6
:101FD800B71700402388E702373700408347570088
:101FE80093F70704BDCB3714004083470403E20787
:101FF800E18763CF070C694579328347E40493048A
:10200800800893E7370073B70480137787083AC4CA
:102018000F100000130A700523004405930980FA85
:10202800230034050F1000002307F40423000404E0
:10203800A247F3A707800F10000083470403E207B5
:10204800E18763CE070013058057393513055034EF
:10205800E1341245853B014585B7010041B7930737
:1020680000032308F4024A855535F3B4048093F439
:10207800840826C60F1000002300440523003405F9
:102088000F1000008347A40093E787002305F4009E
:1020980023000404B247F3A707800F10000083470A
:1020A8000403E207E18763C40700EFF0EFFA1305C2
:1020B80050349D34B7170040130700032388E70204
:1020C800124509330545975000E0E780E0C161B744
:1020D8001245CD390D45CDB5411122C406C6371478
:1020E8000040A3010404EF00D02BE5BF37370040C0
:1020F800834747009946BD8B6394D70083475700B1
:10210800B73500401387C1A01388D1A097E8010014
:10211800938808E81385A1A02DA003C685008347EE
:102128000700834608001376F60F850793F7F70F25
:10213800639ED700835705008507C207C183231014
:10214800F50083C7A500F1FB730020308346070024
:10215800C6962380C6002300F700E5B7197106C2AA
:1021680012C416C61AC81ECA22CC26CE2AD02ED20F
:1021780032D436D63AD83EDA42DC46DECAC0CEC2BF
:10218800D2C4D6C6DAC8DECAE2CCE6CEEAD0EED2EF
:10219800F2D4F6D6FAD8FEDA9385C1988841E700DA
:1021A800050092402242B2424243D2436244F24482
:1021B800025592552256B2564257D2576258F25893
:1021C80006499649264AB64A464BD64B664CF64CC3
:1021D800065D965D265EB65E465FD65F0961730052
:1021E80020302303048015472303E48001002302E1
:1021F800A480828083076480E3CE07FE23030480E3
:10220800828083076480E3CE07FE03454480828092
:1022180083076480E3CE07FE2302A48082804111F5
:1022280026C44AC24EC006C61377F50BAD47AA8925
:102238002E8995446306F70019456537653F8D4437
:102248004E854537FD59FD1463983401B240A244C8
:102258001249824941018280135509011375F50F0E
:10226800453F2209CDB7011126CC06CEB704080098
:1022780051371545BD37713769372AC6A53F3245ED
:102288009377150089EB136515001375F50FF24068
:10229800E24405618280FD14E9FC0145CDBF397136
:1022A800B7F7070006DE26DC4ADA4ED852D656D4EF
:1022B8005AD25ED062CE03AB47027D57B7E700E043
:1022C80083AA070022C603AA470023A0E71823A26F
:1022D800E718B71B0040930770052380FB0493079A
:1022E80080FA2380FB0483C74B041147AA8993E72C
:1022F800070E2382FB04372400401305F00F230345
:10230800E4802E8C3289B684E93DED35938779FFD8
:1023180093F7F70F0947137BFB006362F712A14796
:10232800370708006307FB00B70707003E9C37879D
:1023380007007955637EEC02B3878401636AF7026C
:10234800A9476398F90689E481446D3526850DA06F
:10235800E2850945E93505090345F9FFFD14050C32
:10236800453D81C49377FC0FFDF7F53D69FD7D552B
:10237800B7170040130770052380E704130780FA96
:102388002380E70403C74704418B2382E704F25004
:10239800B7E700E023A0571123A24711E2543244C3
:1023A8005259C259325AA25A125B825B724C21614D
:1023B8008280A547639AF906A1478569631DFB02D8
:1023C8009387F9FFB3869700B374FC00B69493C75C
:1023D800F7FFFD8C33FC8701416B856B9387F9FF11
:1023E800B3F7870199E363FF340193D94900C147E3
:1023F800E3E637FF91BF9307F00FE9B78567C16937
:10240800FD17C9B71305800D63886901130500021C
:102418006384790113051008E2851135A93521D99E
:102428004E9CB3843441C1B7E2852D45CD3BCA9457
:10243800E30C99F00509F133A30FA9FED5BF9387E3
:10244800F9FF93F7F70F636FF70AA1476319FB06C4
:10245800B70708003E9C83C75B043707070093F75C
:10246800070299E337870700B70708003E977955B1
:10247800E370ECF0B3079C00E36CF7EE8947639ACE
:10248800F9048980D549E38104ECE2850945413B9B
:1024980011090327C9FF91472320E48003076480BB
:1024A800E34E07FE23033481FD17EDFBFD14110CE9
:1024B80081C49377FC0FE9FF7D3371F54DBD83C768
:1024C8005B043707070093F70702D5F33787070040
:1024D80079BF8547E384F9F2E2852D4589339389ED
:1024E800F4FFE38304E6313B93F7390091EB83264D
:1024F80004800327090093074900E398E6E43E892E
:10250800CE84F1BFB5476396F9001305900BD13916
:1025180025BDB1471305B00AE38BF9FE99476394CB
:10252800F904A1476315FB00B70708003E9CE28544
:102538002D45F53181440D4BA149E1316396640184
:10254800832704802320F9008504E39834FF832738
:10255800048013172C01635507002312F900EDB30B
:102568002322F900D5B39D476399F90281451305E4
:10257800B0047531BD442320090023220900FD5908
:10258800493193F77400CA9703C70700FD14398DC2
:102598002380A700E39634FF45BB91476399F90070
:1025A800130560063D39B931130590098DB7E38DE0
:1025B80009D8F15459BB23AC05FE1C4199E30CC161
:1025C80082803E8783A787FFEDFF232CB7FE82809A
:1025D800411126C2B7E400E04AC003A90400B707C6
:1025E800200006C622C43379F90023A0F4180F107E
:1025F800000009E523A02411014535A095659385C0
:1026080005D0C98D2A842105B3C5050833450508B9
:10261800EF10902E65D1FD572320050042A17CA123
:1026280023A024112105B2402244924402494101C9
:1026380082804111B7E700E04AC003A9070026C21B
:102648003707200006C622C4AA843379E90023A0EC
:10265800E7180F10000083A741A10144014685E354
:1026680001C8A285138541A197E000E0E7804054A6
:10267800A165268597F000E0E78080A50DA003C737
:10268800E7FF6319970205CCA285138541A197E05E
:1026980000E0E780E051A1652685EF208015B24073
:1026A80022852244B7E700E023A02711924402497B
:1026B8004101828011E03E8683A787FF4DB73E84A3
:1026C800E5BF37E700E01C43B70620002320D718F2
:1026D800F58F0F10000019C191C111E637E700E02E
:1026E8002320F71082802E960F70B650D5BF37E79B
:1026F80000E01C43B70620002320D718F58F0F10E1
:10270800000019C1014785E137E700E02320F710F1
:102718008280B386E50003A80600B306E5007D16AF
:1027280023A00601110775F6C5B737E700E01C437B
:10273800B70620002320D718F58F0F10000001C519
:102748003307C50011E637E700E02320F710828041
:102758000505A30FB5FEE31DE5FEF5B7B7E600E0F6
:102768009C42370620002A87F18F23A0C6180F1035
:1027780000000145B306A7008386060091E637E707
:1027880000E02320F71082800505EDB70111B7E7B7
:1027980000E026CA84434AC83707200006CE22CC68
:1027A8002A892E86F98C23A0E7180F1000009305BC
:1027B800F00432C633450608EF1010142A8401C508
:1027C8003246CA85FD3DF24022856244B7E700E003
:1027D80023A097104249D2440561828037E700E080
:1027E8001C43B70620002320D718F58F0F100000D0
:1027F80001C599C1014711EA37E700E02320F71026
:10280800054582800507E309E6FE3308E500B3863F
:10281800E500034808009422E306D8FE37E700E005
:102828002320F7100145828037E700E01C43B706F4
:1028380020002320D718F58F0F1000001307F6FF8C
:10284800BA952A966317C50037E700E02320F710EA
:1028580082809821FD150505A30FE5FEE5B737E74A
:1028680000E01C43B70620002320D718F58F0F106F
:10287800000001C53307C50019E637E700E023204B
:10288800F7100145828014210505E398B6FEE31C84
:10289800E5FE37E700E02320F710054582807971CF
:1028A80026D29384C1A222D4804006D64AD04ECEE6
:1028B80052CC56CA5AC85EC662C44DC437C9C9018B
:1028C800814B138B41A21309F93717DA0100130A58
:1028D800AA7E97DA0100938AAA7B97E90100938977
:1028E800A9823E2099EF5C44639A0B009CC0032C9C
:1028F800C4002285EF10B00C628489A823A6FB00CF
:10290800FDB783270B0082971C443307F540637695
:10291800F50003A789001D8F2A976368E9062E2012
:102928000820EF10106D5C405844A9CB0C4417D612
:1029380001000326E67DAE97BE8663E4B70063E434
:10294800C700B386C74014C4A28B3A8459F817D776
:1029580001000327E774894763E6E70097D701007A
:1029680023A00774B250225492540259F249624A81
:10297800D24A424BB24B224C4561828063940B0091
:1029880098C0B5B723A6EB009DB703274A021DCB15
:1029980063EDA7023385A7401C2099EF03479A01EE
:1029A80083A689006117B307A7003E8563E4E700A3
:1029B80063E4D7003385D74083A70A016374F50021
:1029C80023A8AA00A28B404451B703A78900BA974D
:1029D800D1B7011126CA06CE97D401009384C472D8
:1029E80022CC4AC84EC652C49C288844D9CFB7E7DF
:1029F80000E003A907003707200023A0E718337970
:102A0800E9000F10000003C7C1A119CB23A02711AB
:102A1800F2406244D2444249B249224A0561828066
:102A280017E70100130707A08357C70AA1CB9C44E7
:102A38000324870A6304F40497D90100938949653C
:102A480003A709012285630BF702138A41A2832792
:102A58000A0082976368A40C83270A00098C82976E
:102A680083A7090198443354F40AB307A4003E85A8
:102A780063E4870063E4E7003385E740B7E700E0F5
:102A880023A027119C44639BA70217D401001304B9
:102A98002460184883A741A26319A7088297944421
:102AA800374736FE130707C83697B307A7003E8592
:102AB80063E4E70063E4D7003385D74017E40100F7
:102AC800130444B95C5C89CB83A681B49C46370760
:102AD800CDFF7D17F98F9CC611E1884485475CD0EE
:102AE80097D7010083A7875F829715E15C5C99CF30
:102AF8005C5089CF978002E0E780806F978002E082
:102B0800E78020F397E7010023A807B6493B5C5C00
:102B1800E38007F003A781B41C47B7063300D58FBD
:102B28001CC7FDB59C443E9405BF82971448984441
:102B3800B387A6003E8563E4D700E3E1E7F8338571
:102B4800E740ADBF23ACA1A001C58547238EF1A006
:102B58008280AA8799E517D701000347E75B09C771
:102B6800D5B711476369B70017D70100130787580E
:102B7800B3C5E5209CC1828083A781A181CF411183
:102B880006C6829783C7C1A199E323AC01A0B240CE
:102B98004101828083C7C1A181E723AC01A0828063
:102BA8008280411122C426C206C64AC097E40100A9
:102BB800938444AA83C7340217D4010013048453AE
:102BC800B9C317D401001304A44C138901A3032724
:102BD80009001C2014300146B3A5E7208E21B5C991
:102BE80011C21CA00820636DD50697D70100238168
:102BF800074A83A741A2D5E7B2402244924402493A
:102C08004101828082971C40F5FF97D7010083C756
:102C1800A75085E3DC48858B89CFD84C9947631E3C
:102C2800F70097E7010023A107A4EF1000105C4408
:102C380082971C44D9D7829769B7D84C9D47E31A25
:102C4800F7FE97E7010023A107A2EF10000E1C482A
:102C5800C5B7850793F7F70F0546E3EFD7F651B7E2
:102C68003327E5200E2323100700239F01A083A705
:102C780081A2B347F5209C4382971C208326090034
:102C880003D7E1A13377E540B3A6D7209222518F2D
:102C98009AA299C385071CA018201C30E36EF7F48C
:102CA800A9B797D7010083A7A7461CC8CD3E83C7FD
:102CB8003402B9F383C7140299CBDC4C89EB97E74C
:102CC8000100A389079A978002E0E780E0F297D78E
:102CD800010083A7A7408DD31C4899DF18308326AD
:102CE8000900814763C7E702D84C9147E3E6E7F05C
:102CF80097D7010083C74771918BE39F07EE83C77E
:102D0800C1A1E39B07EE2244B2409244024941012B
:102D1800C9B133A6D7201222E31006EE8507D9B72A
:102D2800B7C700401387C72014431396264910C31A
:102D3800010001009387872617D501000325053771
:102D48009C436A0514C393C7F7FF99835D8D8280FE
:102D580023ACA1A28280411122C417E4010013040C
:102D6800648F1C4426C206C6858B97D4010083A4B1
:102D7800A47191EBEF20B0472244B24026859244DB
:102D880041016F107043982897E7010023A8078C2A
:102D98008947E301F7FE0146930550020145EF100C
:102DA8000029814517E501E0130585055D330146D6
:102DB80081450545EF10400E5C44858BC5DFB24068
:102DC800224492444101828097D7010083A7876FEC
:102DD800639B0716011122CC2A84094506CE26CA10
:102DE8004AC84EC6EF205048938981B303A609000C
:102DF80093078007138981B27CD2238E01A0832791
:102E08000900938481B4B7053300D8572285719B94
:102E180013671700D8D798431377F7CF98C3984309
:102E28001377F7CF1367072098C398401447CD8EC0
:102E380014C7B70603009386862534CA5457F59AF3
:102E480054D798433424137707F893F6F607558F29
:102E580098C3EF10904D83A60900370500827D15B1
:102E6800DC4293E71700DCC2032609000307840647
:102E78005C569375F703E605E98FCD8F5CD693050D
:102E8800A0039C4063D5E508F84FB70500074D8FB0
:102E9800F8CFB7C7898E938767ED1CC6B75755001B
:102EA800938757555CC28347A40683444406DD8C48
:102EB800894717D70100232DF77A97D7010023A157
:102EC800077A7C44BCDE97D7010083C7E72499C7FB
:102ED800FC52FDFF97D7010023A2077818289D47C9
:102EE8008145172500001305C5036306F70017057C
:102EF8000000130585E6B13910386244F2404249B2
:102F0800B249A685D244014505616F00F078930562
:102F1800200263DAE500F84FB70500F9FD156D8F5B
:102F2800B7050005ADB7B70500F96945FD15635745
:102F3800E500F84F6D8FB705000391BFF84F6D8F0F
:102F480013178729B1B7828097D701009387874DD8
:102F5800E853054754256390E60203C7470791479E
:102F6800631AF700011106CE2AC6EF10F020324589
:102F7800F240056191BD828083278511E5CB41111F
:102F880022C406C658258345E5049437D2272A84E7
:102F98001377C70F1395466063F7C5066351050697
:102FA800882793F6F60794B70546936627006314B7
:102FB800C5009366170054A4D8430907D8C303254E
:102FC80004114CB82E86CC430905EFF08FEF832708
:102FD80084115438D8433697D8C3DA27158FDAA71F
:102FE80089473CBC0347640397D7010083C7E70DB3
:102FF8006369F706B24022440145410182801367A4
:10300800170058A46DBF9376F60F635505028827FD
:103018008545136627006314B5001366170050A48E
:1030280054B8A384070085473CBC832784119C437C
:10303800D5FBC9B71367170058A454B8A384070071
:1030480003250411CC430905EFF0AFE7832784116A
:103058005438D8433697D8C3DA27158FDAA78D475F
:10306800E1B75C2493E707015CA469B70545828052
:10307800411183A701B122C406C6858B2A84CDEBF2
:1030880078298357051D63E5E70A4165130525F58A
:10309800970002E0E78080A041CD3C253EA583272C
:1030A8000412ADE32320A4122322A412854723117E
:1030B800F404232005007C2854415EA5583418A543
:1030C800054718B51385170217D701000327475C72
:1030D80015811C437D151375F50F9CC25C43DCC23A
:1030E8001C479CC65C47DCC61C4B9CCA5C4BDCCAB4
:1030F8001C4F9CCE5C4FDCCE0DC193860602130795
:103108000702C1BF8327441288C38357240423229C
:10311800A4128507B3C7070859BF17D701001307BB
:1031280067301E2785071EA7B240224441018280CE
:103138005C2423090400054593C747005CA4EDB748
:10314800142D854763ECD70A1C3D2A870145CDEB32
:103158005C2713F507013C2B99CB8346670397D768
:10316800010083C797F663ECF60001E5828049E524
:1031780082808357271E0357671EBA9721A083575B
:10318800271E75F90145ADCF9387C71217D50100E2
:10319800035545F8B3B5A70237460F00411113068A
:1031A8000624814622C426C206C67D543385A7025A
:1031B800971003E0E780E0B297D4010083C454F18C
:1031C800AA9497D7010083A7272F03A707099C4331
:1031D8003354E40AFDFB83A741A2829781476364C5
:1031E800A400B307A440B240224433B59700134566
:1031F80015009244410182808147B5BF0145828014
:10320800828003A781B33C5BFDFF0100010082803F
:1032180039C901116C0022CC06CE2A84EF20004B5C
:1032280015C9FD57630DF502B24797D5010083C54F
:1032380035EA63EBB700034594026244F240B38574
:10324800B74005616F10405F17D70100032747ECAF
:10325800BA97D5B76244F24005616F20A00BF240DF
:103268006244056182808280797152CC17DA01004C
:10327800130A4A1B26D283244A0906D622D44AD0E6
:103288004ECEC5C897D701009387C73CD44F154782
:103298006384E604DC532A8989CF978002E0E780BB
:1032A80020F5977002E0E780C07897D7010023A542
:1032B800073CFD596C002685EF2040411DE5172588
:1032C800000013056505EFF0FF8783A781B3370773
:1032D800100098C70547B8DB0D45B25022549254E8
:1032E8000259F249624A4561828063743501324469
:1032F800AA898440E1F0FD571305F00FE38FF9FC2C
:10330800914763F187029307B4FF2320F900232430
:10331800FA0A99E797D7010083A787DF2320F900E6
:10332800014565BF97D7010083A787DEED17A297F0
:10333800E9BF09455DB7797126D206D622D44AD0AD
:103348004ECE52CC56CA5AC85EC68347550303446C
:103358007513AA843E941374F40F9307400263F61E
:1033680087001304B4FD1374F40F03A9841383A90D
:10337800C413A38B841222864A85CE85970003E066
:10338800E780A052058915E503CBD412014A814A8A
:10339800337B6403930B500252864A85CE8597008F
:1033A80003E0E780805005890DC563916A031374B3
:1033B800FA0F238B8412B250225492540259F249C4
:1033C800624AD24A424BB24B45618280850A939A3F
:1033D8004A60050AE3127AFDE9BF83278509035687
:1033E8000504797193D60701BD8EB3C60608358EDC
:1033F80093575640898B135776485D8F93573640BD
:10340800918B5D8F93571640A18B5D8F9317160094
:10341800C18B5D8F9317360093F707025D8F931763
:10342800560093F707045D8F9317760093F7F70F0D
:1034380022D45D8F2A849357D6001355B60011897C
:10344800898B93558600C98F1355F6002582C98F3D
:10345800218AD18F13961500418AD18F1396350092
:1034680013760602D18F1396550013760604D18F72
:10347800139675001376F60FD18FA207C5455D8F99
:103488003307B70226D24AD04ECE032984138329A4
:10349800C4135AC806D652CC56CA369733470708BB
:1034A80013565740098A93577748D18F1356374098
:1034B800118AD18F13561740218AD18F13161700FE
:1034C800418AD18F1316370013760602D18F13164F
:1034D800570013760604D18F131677001376F60F6C
:1034E800D18F1358B7001356D70013784800098AAC
:1034F80013558700336606011358F7002583336692
:103508000601218B518F13161500418A518F13160E
:10351800350013760602518F1316550013760604EC
:10352800518F131675001376F60F518F2207D98F16
:10353800B387B7025EC6B697B3C7070813D5574017
:10354800098913D77748498F13D537401189498F8F
:1035580013D517402189498F139517004189498F41
:103568001395370013750502498F13955700137586
:103578000504498F139577001375F50F598D13D8E6
:10358800B70013D7D70013784800098B13D68700E4
:103598003367070113D8F700A58333670701A18BA9
:1035A800D98F13171600418BD98F1317360013774D
:1035B8000702D98F13175600137707041E06D98FF1
:1035C8001376F60FD18FA2073367F5003307B702DA
:1035D800130650024A85CE853697B98EB3C40608BD
:1035E80033F6C402137BF60F970003E0E780E02B65
:1035F800058905E9834AD412014A930B5002B38A1C
:103608009A02814493DA0A0126864A85CE85970074
:1036180003E0E780802905890DC563914A0313FB00
:10362800F40F230B6413B250225492540259F249F6
:10363800624AD24A424BB24B45618280050A137AEC
:10364800FA0F8504E39274FDE9BF8327C508035682
:103658008508797193D60701BD8EB3C60608358EE5
:1036680093575640898B135776485D8F935736404A
:10367800918B5D8F93571640A18B5D8F9317160022
:10368800C18B5D8F9317360093F707025D8F9317F1
:10369800560093F707045D8F9317760093F7F70F9B
:1036A80022D45D8F2A849357D6001355B60011890A
:1036B800898B93558600C98F1355F6002582C98FCB
:1036C800218AD18F13961500418AD18F1396350020
:1036D80013760602D18F1396550013760604D18F00
:1036E800139675001376F60FD18FA207C5455D8F27
:1036F8003307B70226D24AD04ECE0329040A8329BB
:10370800440A5AC806D652CC56CA369733470708D1
:1037180013565740098A93577748D18F1356374025
:10372800118AD18F13561740218AD18F131617008B
:10373800418AD18F1316370013760602D18F1316DC
:10374800570013760604D18F131677001376F60FF9
:10375800D18F1358B7001356D70013784800098A39
:1037680013558700336606011358F700258333661F
:103778000601218B518F13161500418A518F13169C
:10378800350013760602518F13165500137606047A
:10379800518F131675001376F60F518F2207D98FA4
:1037A800B387B7025EC6B697B3C7070813D55740A5
:1037B800098913D77748498F13D537401189498F1D
:1037C80013D517402189498F139517004189498FCF
:1037D8001395370013750502498F13955700137514
:1037E8000504498F139577001375F50F598D13D874
:1037F800B70013D7D70013784800098B13D6870072
:103808003367070113D8F700A58333670701A18B36
:10381800D98F13171600418BD98F131736001377DA
:103828000702D98F13175600137707041E06D98F7E
:103838001376F60FD18FA2073367F5003307B70267
:10384800130650024A85CE853697B98EB3C406084A
:1038580033F6C402137BF60F970003E0E780E00419
:10386800058905E9834A1408014A930B5002B38A73
:103878009A02814493DA0A0126864A85CE85970002
:1038880003E0E780800205890DC563914A0313FBB5
:10389800F40F230F6407B250225492540259F2498C
:1038A800624AD24A424BB24B45618280050A137A7A
:1038B800FA0F8504E39274FDE9BF797122D426D208
:1038C8002E84AA844146972503E0938525C10A855D
:1038D80006D6973000E0E780802B4146972503E025
:1038E8009385C5BF0808973000E0E780402A3C3040
:1038F80010088A85DC875C2026855C875C30DC863E
:10390800977002E0E78040EB0347F1011C20014576
:10391800631EF7000347E1011C3001456318F700F7
:103928000345D1013C201D8D13351500B25022549A
:10393800925445618280011122CC26CA4AC84EC6DB
:1039480006CEAA8417D40100032404BA130925005B
:10395800854905C09C303830858B6304F700405C8E
:10396800CDBF1946930544004A85EFE03FE7E318C9
:1039780035FFF24022856244D2444249B24905618A
:103988008280411122C426C24AC006C617D401004B
:10399800032484B593042500054901E8B240228533
:1039A80022449244024941018280A6851305A4025B
:1039B8002937E30525FF405CCDB7411122C426C253
:1039C8004AC006C617D40100032404B29304250094
:1039D800054901E8B2402285224492440249410146
:1039E8008280A6851305A401C93DE30525FF405C37
:1039F800CDB7011126CA644122CC4AC84EC652C46A
:103A080006CE2A841D4993096505054A3C4463E4AA
:103A1800F4000545A1A05834DC20631927050347A5
:103A280084026304F7008440D5B7D830834754052F
:103A3800E31BF7FE19469305640513856400EFE060
:103A4800FFD98547E311F5FED82483479402E31C88
:103A5800F7FCFA243E34E318F7FC0145F2406244CF
:103A6800D2444249B249224A05618280E31DF7FAED
:103A7800D83083475405E318F7FA1946CE851385DD
:103A88006400EFE0BFD5E31045FBC1BF011122CCB4
:103A980026CA06CE2AC42EC617D40100032444A47D
:103AA800854419E001450DA09C841830858B63047A
:103AB800F7000044FDB719469305A100130524003B
:103AC800EFE0DFD1E31795FEF2406244D24405618E
:103AD80082800000EFF04F8A7300000000000000B1
:103AE8009382C1A10383020023800200630F0300B5
:103AF800F32510342EC0970500009385E5FD7390DB
:103B08001534EF00405B7300203086DCEF00A05ACC
:103B1800E6508280000041114AC0138981B2032710
:103B2800090026C206C61C5F22C4938441B293D7FB
:103B38006748B5CF930700061CDF17D401001304AC
:103B480064B1184C930700086317F7009C409C4326
:103B580093F707041CCC1C4093F7070489CB83A771
:103B680041A2829748D81C4093F7F7FB1CC01C4021
:103B780093F7070289CF1C4003A781B3B706080053
:103B880093F7F7FD1CC05C5414C786077CD71C4804
:103B980093F7070489EF85475CC83707020083A7B6
:103BA80081B398C71307000C18C81854F8D3832793
:103BB8000900985F1357474811CF985F13670701AB
:103BC80098DF83A781B323A20706854717D701008B
:103BD800232AF7A89C40D8431357174819C7D84336
:103BE800759BD8C3D843799BD8C3B240224492442A
:103BF80002494101828005377300203097D70100C0
:103C0800938747A53707040088DB698F01CF03A78F
:103C180081B3FD5634D797C6010093866647D84EC0
:103C28000507D8CE1377850019CF984783A681B2A8
:103C38001367170098C71307000898CBD856719BCD
:103C480013671700D8D61377150001CFD84383A67A
:103C580081B213671700D8C3D856719B1367170032
:103C6800D8D61377650019CF1377450059C3984301
:103C78001367170098C383A681B2D856719B136740
:103C88001700D8D64167698F0DC397D6010083C640
:103C9800A680C18A17C701001307C778A5C2834643
:103CA800470793E60602230AD70637070200698FFB
:103CB80001CF984B1377070819C3054798CB83A7FB
:103CC80081B33707020098C7B70708007D8D0DC17B
:103CD80017C701000347577C058B97C701009387D7
:103CE80067741DCB03C7570713672700A38AE70626
:103CF8008280D84713671700D8C7B5BF83464707E0
:103D08000946BD8A6388C600834647070D46BD8AB3
:103D1800E39DC6F8914641BF03C75707118B69DB7E
:103D280003C7570713678700D1B783A681B317D78F
:103D38000100130727921C43858B91E75C43858B11
:103D480099E3FC52EDFB97D7010023AF07908280DF
:103D5800938681B22A8788421C5D93D75748D1E75A
:103D680081C51C59BD839CA115C69C42945BC6069F
:103D780093D7660163D6060093E707C0B3C7070861
:103D88008316060093975760B9C6BE968947B3C68F
:103D9800F60216A283A781B3BC4B083393D75748C2
:103DA8008DCF29C597D6010083A6468C93F60604C5
:103DB8009307950009459DCABA979C23054719455D
:103DC80093F6F7066394E60201459397476063DF2D
:103DD8000700394582801EA275BF2A97483313759C
:103DE800F5077D153335A00082800545828083A7BD
:103DF80001B399CB944BD04B9842518F98C29443BE
:103E08009C479842D98F9CC2138681B305481842B3
:103E180083A681B297D701009387C78363120505EC
:103E280003A806001368080823A0060183C6270212
:103E3800B3C5D52054479385A50C13981649232656
:103E480007010F100000184237060200860510C748
:103E58001306000890CB6CD354C72386A1B2828086
:103E680088421375F5F788C283C62702B3E5D520C3
:103E780054479385E50E1395164948C70F1000005F
:103E8800184237060200860510C71306000890CBB3
:103E98006CD354C70945D1B7411122C4AA8706C6B5
:103EA80026C22E85138481B3B285DDE71C40F85302
:103EB8007DFF3707020098C797C7010023A0077A3C
:103EC80097C401009384441FDC5085C7B7E700E01E
:103ED8003707200023A0E728B7F700E0938707D02B
:103EE800984B6D9B98CB984B1367870398CB7300BF
:103EF8005010F53D83A781B298431317772998C3CB
:103F0800D857719BD8D797C7010023AF077497C7B5
:103F1800010023A307741C40094798C3DC5099CBC0
:103F280037F700E0832707D193E787002328F7D0E6
:103F380073005010144017C701001307A7711C47DE
:103F4800858B91E75C47858B99E3FC52EDFBB2408A
:103F580022449244410182800D47639EE70497C73B
:103F6800010023AD076E97C7010023AB076E97C406
:103F7800010093846414DC5085C7B7E700E0370775
:103F8800200023A0E728B7F700E0938707D0984BD5
:103F98006D9B98CB984B1367870398CB7300501091
:103FA800B93583A781B298431317772998C3D8578F
:103FB800719BD8D7A5B70547E39EE7F697C60100DA
:103FC8009386860FDC5285C7B7E700E037072000E5
:103FD80023A0E728B7F700E0938707D0984B6D9B9D
:103FE80098CB984B1367870398CB730050101C40ED
:103FF800D04713171649D8C70F1000001C403707C1
:10400800020098C71307000897C5010023ACE564B0
:1040180003A781B218431357774819C71307E01845
:10402800F8D3D0C7DC52E5BD1307E01AD5BF83A784
:1040380001B389CFD44303A88700984233670701A7
:1040480098C2D447DC4B9842D98F9CC2054783A7B6
:1040580081B29505631EE50298431367070898C364
:10406800984F137707C01367A71398CF13078007D4
:10407800B8BB939735009387C70317C70100130789
:10408800675D1CD72386A1B219C2060610D78280A5
:10409800984309451377F7F798C3984F137707C0E4
:1040A8001367271398CF1307F007B8BB93974500FA
:1040B8009387C703D9B783A781B38847D847798D32
:1040C80011C588C783A741B391C382878280896756
:1040D80003A781B3938707F47CD383A681B483A70E
:1040E800060993D7A74991C783A7060993D7974984
:1040F80099E37C53EDF782804111B7E700E022C4D1
:1041080080433707200006C6798C23A0E7180F10D4
:10411800000011C199E5B7E700E023A08710014529
:1041280049A80D0533450508130740037199B3479E
:1041380005086362A70203A5C1BD83A641BD639FAD
:10414800A60017C70100032727FA71D7C207DD8D1C
:1041580005450297C9B703A581BDC5B77A2131EFD7
:104168005A21636CF704B306F740214817C60100CB
:10417800130606F26375D802832805000358660003
:10418800938687001D8FAA966117DAA223A01601CD
:104198002393060014C15EA1130788FF7AA27A222E
:1041A8006EA12105B307F7407EA2B7E700E023A080
:1041B8008710B240224441018280084149B7B7E7DD
:1041C80000E08C433707200023A0E718F98D0F1073
:1041D800000001E523A0B710828003A3C1BD83A816
:1041E80041BD9A87814663F8170903A807006367EA
:1041F800F5086365A80813878700636EE506F22350
:10420800216705076317E6001386F1AE1822050734
:1042180018A217C501001305A5E7D2237A21239315
:1042280007003297334707087AA16383670203A31D
:1042380081BD630FF30003D36600631B0300DE2216
:1042480023A0060121073E962106D2A27AA1B687AD
:1042580098436302170383A681BD630ED7007623B4
:1042680099EAD62352231843A106B296D6A398C337
:104278007E21A1077EA1B7E700E0A9BFBE86C2875D
:104288009DB7AA8703A7C1BD03A641BDB305B54025
:104298006314E6003E8529A8930687001843E3E9DE
:1042A800D7FEE3F7E7FE2E85E3E4D5FEE3F2E5FE6D
:1042B8008280411126C206C622C44AC097C40100A2
:1042C80083A4C41B6383041003A4C40AAA860545F7
:1042D80035C03C241307700A6390E70858301C3433
:1042E80017C90100130949E203268900B387E702C9
:1042F8000357C900B387E7021307003293870719EA
:10430800B3D7E70203A744093E97BA846364F7006A
:104318006364C700B304C74083A741A284C28297DD
:10432800B387A44063F5A40003278900BA9789EBF3
:104338001305F00FB24022449244024941018280A1
:1043480058309306204E3307D702E3F3E7FE93076E
:1043580080FA3CA40145F9BF1307800AE39AE7FCF9
:1043680083A741A282972A893545EF10E06FAD47B0
:1043780017C70100232EF72E58301C3417C601002A
:10438800130686D8B387E7025A261046B387E70292
:104398001307003293870719B3D7E70203A7440925
:1043A8003E97BA866364F7006364C700B306C740E4
:1043B800E310D9F817E502E01305E53DEFE08FF8C3
:1043C80083A781B30947F8D7A5B70545A5B73971BC
:1043D80056D297CA0100938AEA2783A70A033707A8
:1043E800080026DA06DE22DC4AD84ED652D45AD045
:1043F8005ECE62CC66CA6AC86EC6F98F97C40100E1
:1044080083A4C4076384071C83A9C40A83C79900CB
:1044180003A4C90092073E942820B1470505330537
:10442800F5025E203E9533450508EFE06F9AAA8CA9
:104438006305051A130DC5002324A5013420314650
:10444800370B0300B386C602231304000149138AFD
:1044580081B3938B81B2938D81B4130B8B15054C6B
:10446800EA9654C483C679009307D00783250A00C7
:10447800B386F602C1679CC5370833008606B4D1F7
:1044880083A60B0090421376F6CF90C29042137623
:10449800F6CF1366062090C203A50D0010453366BB
:1044A800060110C503A6090023A865059305500257
:1044B80090C672205444B2962324DD00143001467D
:1044C800CA96A301DD0003C5040897C6010023A509
:1044D8000618B13E83260A00CC4613961549D0C665
:1044E8000F10000083260A003706020090C6130644
:1044F800000823A8CA0003A60B00104213567648EA
:10450800631F860B1306E018F0D2CCC617C601004D
:10451800232C061417C601002320061423A08601A5
:10452800EFF0BF80EF10A04C83A64A00858AD9CA55
:10453800EA85268597F002E0E780002C0DE903461E
:104548005D0049C276204E20B29663DDB606B428D7
:10455800AC4803258D00918E8906B695EFE06F96DD
:1045680023020D0003465D007620B29676A003264E
:104578000A00310D3452FDFE342005091379F90F74
:10458800E362D9EE9C246685A381FC001C20A382EB
:104598000C002383DC002382FC006254F250D254C6
:1045A8004259B259225A925A025BF24B624CD24C8F
:1045B800424DB24D216117A301E06700A304130621
:1045C800E01A99B7FD562302DD0055B783A781B3DA
:1045D800FC5781C78547238EF1A0F2506254D2540C
:1045E8004259B259225A925A025BF24B624CD24C4F
:1045F800424DB24D21618280411122C406C626C2B5
:104608004AC02E848DCD13F91500814741476302B6
:104618000904131745003E97B1463307D70283A410
:1046280041A3B317F02833C90708BA949C40C8407F
:10463800829723A0040023A2040033448900B240D7
:10464800228522449244024941018280B356F448AB
:10465800E9F28507E39CE7FECDB7011126CA06CE2D
:1046680022CC4AC84EC6AE84A1C593F715000144B2
:104678004147B1CB93174500A2973147B387E7026B
:10468800938941A303A909003E998327090081C79B
:1046980003254900829731473307E40283A70900BD
:1046A800BA979C478DC733148028B3470408BD8C3C
:1046B800F24062444249B2492685D244056182806B
:1046C800B3D68448C5FA0504E31CE4FECDB723201D
:1046D800090023220900C1BFAA8703A5C1A211E1CD
:1046E80082803A216315B7001821E30BF7FE48458D
:1046F800FDB77971B7E700E022D4804352CC06D6E3
:1047080026D24AD04ECE56CA5AC85EC662C43A8A23
:1047180037072000798C23A0E7180F10000005E167
:1047280023A087100945B250225492540259F249E5
:10473800624AD24A424BB24B224C4561828083A7DF
:1047480041A2B6892A89AE8A328B938B41A382977C
:1047580003A70B008144B146C147338CD40233060A
:104768008701104235EEC165938505F04145EFF0AC
:10477800BF9819ED97C7010083A7079781C781459F
:1047880011458297B7E700E023A087102D4561BF48
:104798001387C1A21C43A1E308C323000500B31774
:1047A80090283EA183A70B0023260500232465013A
:1047B80023224501E29723A0270123A2570123A41E
:1047C80047016384090023809900B7E700E023A02C
:1047D8008710014589BF3E87DC47F5FF48C775BF8D
:1047E8008504E39CF4F6B7E700E023A08710214591
:1047F8001DBFB7E700E09843B706200023A0D718ED
:10480800758F0F10000097C6010083C67688637104
:10481800D50283A601A33325D5201621D58D0EA157
:1048280097C6010023AE068623A0E71001458280C3
:1048380023A0E7100D4582800111B7E700E022CCE4
:1048480080433707200006CE26CA4AC8798C23A0A1
:10485800E7180F100000BD4763E7A7043147330787
:10486800E50283A741A3BA979C4395CF3315A028A7
:104878002E89B345050801452EC6B93DAA8409C944
:10488800B245014597C000E0E780204A23A42401EF
:10489800B7E700E023A087100145F2406244D24404
:1048A800424905618280B7E700E023A087100945E7
:1048B800EDB797C6010083C626B283A741AB01476F
:1048C8006394E600014582808E23138687026394F1
:1048D800A5003E85828005071377F70FB287CDB70D
:1048E80097C7010083C757AFAA86850703A501AC00
:1048F800014712216307D60005071905E36BF7FE88
:10490800014582802A8703A581AC11E182801C457C
:10491800B227636BC70003584500B306C800635548
:10492800D7008146639406010841C5B703D3A700A1
:10493800938807016316E30091C192A13E858280A6
:104948008506C687B3C60608F1BF97C6010083C6A9
:10495800A6A883A741AF01476394E600014582807A
:10496800AE231386C7036394A5003E85828005079E
:104978001377F70FB287CDB7411122C406C697C780
:104988000100238B07B003A441B005C06C39014571
:10499800B315B028B3C5050897D000E0E780808438
:1049A800930710273305F50202942244B24081454B
:1049B800014541016FE0EF99411106C6383D19C71D
:1049C8003425631ED702B24041017DB73C2DE5DF97
:1049D8003825E30AF7FE3CA5814517E5FFFF1305D7
:1049E800E556EFE00F9797B7010083C7E77289C7CD
:1049F80083A781B35147F8D3B240410182803C2D4F
:104A080089C7E39AF6FC38A5C1BFD5FEEDBF4111B1
:104A18004AC017C901001309E9C38327890022C4C2
:104A280026C206C697C401009384C49F858BE050B4
:104A38009DCB97C7010023A307C283C74407C18B37
:104A480085CFEF00D07A83C7440793F70702E5DFE5
:104A580083C74407228593F7F70C238AF40697B097
:104A680001E0E780405AEF00907822852244B24066
:104A780092440249410109B783C75407858B91CBFA
:104A8800EF00F0768D47230EF406BC5822858297F6
:104A9800D9BF83C744071547BD8B6395E704834790
:104AA800B406034534060146930550025D8DEFF0C8
:104AB8000FD8014681450545EFF00FBE8327C90091
:104AC800858BD5D3228597C7010023AB07B897B04C
:104AD80001E0E780003B41F9B24022449244024998
:104AE8004101828083C744071947BD8BE39DE7F6E0
:104AF8008347B406034534060146930550025D8D8D
:104B0800EFF0EFD2014681450545EFF0EFB8832776
:104B1800C900858BA9DB228597C7010023A207B4AA
:104B280097B001E0E780600F7DB7411122C426C22B
:104B380006C67C2578452A84BD8B1CA91CA31D4765
:104B480064456395E7340547B8A08347F5058D4666
:104B58006393D7185E2DCDE37C491147B18B638DE4
:104B6800E70831476398E700034715068347F507C9
:104B78006304F7088547BCB0194693056403138599
:104B88004400EFD01FB4BC20990793F7F70FBCA0DF
:104B9800034704061377070401CFB83013670704E7
:104BA800B8B07844BA975838B8B3BC208507BCA0C9
:104BB80097C701002382078EBC2013F7F703050768
:104BC80018B80347E4051A07D98FBCA083475403D4
:104BD800858B91E70347440389476317F7007844B7
:104BE8001C2393E707041CA37C44183898B3B240ED
:104BF8002244924441018280A147BCB08357C40635
:104C080097C5010093850582138681B3DCA083577D
:104C1800C406034714067444A1831207BD8BD98FB9
:104C2800DCB2B4208547890693F6F60FB4A017C7FF
:104C3800010003476786631EF706183C9387E60062
:104C48008E07231AF4069387C708B387E7027945C6
:104C580010420948238A0507C1650CC6938707FBDC
:104C6800B3C7070893877716B3C7A70233C70708E0
:104C7800B387A70286073CD2BC3093E70701BCB0D4
:104C88007C44B6978346240693E60604B4B3B4205E
:104C98007C44B697D8A3B4207C4421837D8BB697F7
:104CA800834634069606558FD8B3BC208D07BCA022
:104CB80021B71042F947385205833357F7023C525F
:104CC80068528583FD8BAA977CD28D47238AF50687
:104CD8003347070855B71946639BC7125E2DC1E3D2
:104CE80093056503B8B013854400EFD09F9DBC20A1
:104CF8001385A4009907BCA0BC3093E72700BCB07B
:104D080083475403898B95CF0C58BC299DCB1946F2
:104D1800D105EFD01F9B78441C2393E707F81CA309
:104D2800BC20990793F7F70FBCA003470406137735
:104D38000704E30F07E6B430784493E60604B4B0FA
:104D480095B58347D40391C778441C2393E707F8A4
:104D58001CA319469305E403EFD0BF96D1B7A1472A
:104D6800BCB08357C506DCA08357C50603461506A5
:104D78006C45A1831206BD8BD18FDCB1B02017B56D
:104D880001001305256A938581B309061376F60F8A
:104D9800B0A097B7010083C727706398E704183C51
:104DA8009307E6008E07231AF4069387C708B3878C
:104DB800E70279488946230AD5069441C1658CC61D
:104DC800938707FBB3C7070893877716B3C707030B
:104DD80033C70708B38707038607BCD2BC3093E7FD
:104DE8000701BCB07C44B29771BD8C41B851F947FA
:104DF80005833357F702BC5103A845068583FD8B0D
:104E0800C297FCD1230AD50633470708C1BFA1477B
:104E1800BCB08357C506DCA08357C50603461506F4
:104E28006C45A1831206BD8BD18FDCB1B02017B5BC
:104E380001001305255F09061376F60FB0A097B792
:104E4800010083C7676583A581B3E391E7FA183C3E
:104E58009307E6008E07231AF4069387C708B387DB
:104E6800E702F9460948230A0507416588C593877B
:104E780007FBB3C7070893877716B3C7D70233C7AB
:104E88000708B387D7028607BCD189BF0547639E49
:104E9800E706B1471CB983475503898BA1CB0C5949
:104EA800BC29A9C71946D10513858400EFD07F8195
:104EB80078441C2393E707F81CA368441946930514
:104EC80064030905EFD0EFFF116797B7010083A7C7
:104ED8006762F98FE38C07CE7C24B98BE39807CE01
:104EE80078441C2393E707021CA3CDB18347D4035E
:104EF80089C79C2093E707F89CA068441946930546
:104F0800E4032105EFD0EFFB4DBF522D0C5593075D
:104F1800660093F7F7031CB913858400E5B7011100
:104F280026CA97B401009384E4729C4422CC06CE2E
:104F380017B401001304044F858B6850C9C32AC6EF
:104F480097B7010023AC0770EF00702A03474407A6
:104F5800894732456307F700034744078D47631CB9
:104F6800F70283A681B3BC5203574507858313070D
:104F7800C71263F2E702BC528583B1C39147034766
:104F88004407E31EF7FE6244F240D244056117B3BA
:104F980001E06700632F382D3C3D09CF34256309B4
:104FA800D7026388F60238A56244F240D24405610C
:104FB8006FD09FE199CF382509EF3CA5F5B72AC6F0
:104FC800EF00F02262443245F240D24405616DB2EE
:104FD800EDF7DC4CEDF70347440789476307F70013
:104FE800034744078D47E31CF7FC914703474407F1
:104FF800E31EF7FE49BF630E0530011122CC06CE31
:1050080026CA4AC84EC652C456C2582585472A845D
:105018006316F72C97B701009387C763D44F1547DA
:10502800638AE600D44F0D476386E600D84FAD4744
:105038006312F7026C386244F240D2444249B249E2
:10504800224A924A01450561B315B028B3C505083F
:105058006FF02FFA16311307006497B40100938498
:10506800643C3347D7029C20E8D0850793F7F70FB5
:105078009CA063CAE70097C000E0E780605A97B732
:1050880001002381073A78249D47631FF70483476B
:105098009406B1C38356040763ECF6020C24930705
:1050A80030041CAC1305300493F6F60F01469790B4
:1050B80002E0E780A0B322856244F240D24442492C
:1050C800B249224A924A056117C301E0670043CA00
:1050D80085062318D40693053002054597C000E0DD
:1050E800E780E04C2301A4060549238A2407183CDD
:1050F8008D47631CF70E97C000E0E780A0BC0D89C0
:10510800630F051463162517930760023CA49307E1
:1051180050023CAC9307700278243CBC854763027C
:10512800F70889659385F5701305102717BA0100EC
:10513800130A8AFD8349740197C000E0E780A049FB
:105148000E30835ACA002A8913060064B3855503B2
:10515800814613850532B335B50097F002E0E78044
:1051680040B8AA84B335590337460F0013060624FE
:1051780081463305590397F002E0E78080B683271C
:105188000A00AA948297B307950003278A00BE8570
:1051980063E4A70063E4E700B385E7404E85EFF0DA
:1051A800AFE983475403898BE9CB8347C403F1C72D
:1051B8000C58E1C5BC25F1C38947230AF4021946F6
:1051C800B10513056403EFD0CFCF0347C407894760
:1051D80063E9E70A22856244F240D2444249B2496F
:1051E800224A924A05616FD03FBE89467C346315D6
:1051F800D70213F7170019CB898B1307500291EBCD
:105208009307700238A43CAC814739B71307600292
:10521800C5BF93076002FDB799CF93F61700130730
:10522800500291E6898B13B717001307670238A459
:10523800230D0400D1BF3C2C130740026368F7001C
:10524800930750023CAC3C2C3CA47DBF850793F7E8
:10525800F70F3CAC13077002E364F7FEEDB71307D2
:105268007002930750023CAC38A4930760026DB5F6
:105278001307500293077002FDB78547230AF4020B
:10528800A9B70327C40A83A641A23C27ADC31C378C
:10529800583397B40100938424E79044B387E70216
:1052A800DA24B387E7021307003293870719B3D7C5
:1052B800E702032744093E973A896364F700636469
:1052C800C7003309C7408296B307A9406374A90091
:1052D8009844BA9703576407E3FEE7EEF240624446
:1052E800D2444249B249224A924A056182808324C3
:1052F8008409829663E9A400835764073385A44030
:10530800E37AF5ECE1BF97B7010083A767E0BE94A5
:10531800E5B7828001114EC697B9010093898910BB
:1053280022CC03A4C9094AC817B901001309C9DD69
:105338000357C90026CA835464088327040906CE84
:10534800B384E40237470F009306F72313070724B3
:1053580052C456C25AC0B694B3D4E40263EE97025C
:10536800138A41A2B384974083270A00829763E98E
:10537800A4023385A4406349050283570404A30F9C
:10538800040085072310F40483470414639E071060
:105398002285EFD05FFA21AA03278900BA97C9B7F7
:1053A80083278900BE94F1B783270A0082970327D1
:1053B80084086366E50A198D7E3C0357C9008E0789
:1053C800B387E7021307003293870719B3D7E702B9
:1053D80063ECA708B74A0F00138BFA23938A0A24B1
:1053E8008357040485072310F4048347041481E7D2
:1053F8002285EFD05FF4228597C001E0E780407DE9
:1054080063130524032604090327C4088326890097
:105418003297BA876364C7006364D700B307D7407D
:10542800783C0356C9002328F408050778BC0357BD
:1054380064083307C7025A9733575703B384E740C2
:1054480063F5E700998EB384F60083270A008297F4
:1054580063E6A4043385A440E34405F839BF8327F1
:105468008900998F3E9589BFA145228597C001E0A3
:10547800E780206EA305A40297B7010083A7C7C6DB
:105488006383071C6244F240D2444249B249224A2B
:10549800924A024B89451545056182878327890011
:1054A800A6973385A7404DBF2285EFD01FF32285ED
:1054B80097C001E0E780C071631705180355C9005C
:1054C80083576408B7460F001386F623B387A702ED
:1054D8009386062403270409230B0402832A8900E0
:1054E800B297B3D7D702636AF716B307F740832694
:1054F800C4082324F408014BB387E600BE8463E4A0
:10550800D70063E45701B38457411E302328940819
:10551800A1CB835604045A3037460F0056B0338760
:10552800E640B387E7023A301306062481468145F0
:10553800BA97B3C707083385A7023EB097E002E0E1
:10554800E780207A11CD2695B3349500A695AA87D1
:105558006314BB0063645501B30755412328F4085D
:1055680083270A008297AA8483270A008297E30D7B
:1055780095FE83270A0083248408829763E4A40E97
:105588003385A440630B050E035AC900835764088A
:10559800B7440F001387F423B38747039384042485
:1055A800BA97B3D7970217B70100034777B2BA97EC
:1055B80063E5A70CB3359502835A240252868146C7
:1055C8003305950297E002E0E780A0713389AA00CD
:1055D80033854A0337460F00130606248146814562
:1055E80097E002E0E780E06F15C1B3379502528675
:1055F8008146B385B4023385A402BE9597E002E0E4
:10560800E780206EB38AAA40231154033545A9299F
:1056180023AE890838348547631AF704930700FDD9
:105628007CA4814503A5C1B1EFD0AFD2954717B788
:105638000100232FF7023707100083A781B398C70B
:10564800060923A82707F2406244D2444249B249D6
:10565800224A924A024B05618280B3065701B387FA
:10566800F64071B583278900BE9419BF930710FCD3
:105678007CA4814503A541B145BF97B7010023A18B
:1056880007E4834709018DC303A581B0EFD04FEC30
:10569800624483274900F240D2444249B249224A2F
:1056A800924A024B05618287834594026244F24024
:1056B800D2444249B249224A924A024B0145056105
:1056C800B315B028B3C505086FF0AF92011122CC0D
:1056D80026CA4EC606CE4AC852C456C25AC0383523
:1056E8008547832405092A84AE896314F70C8357F8
:1056F8000508835AC50317BA0100130AEAA0035B19
:10570800CA0063FC571914296399E6180327851101
:10571800631507180327450A6311071874351D47D1
:10572800639DE6162A3DB38AFA409307204E330557
:1057380055030329440937460F00130606248146FA
:105748003305F50297B7010083C7879833592503B6
:10575800B335AB023E9933490908231324093305AD
:10576800AB0297E002E0E780C057B307950033B576
:10577800A7002E9503278A00BE8419E163E4E70099
:10578800B384E740B307690337470F009306F7234D
:105798001307072423A09900B697B3D7E702D69733
:1057A80063E4F4009D8C31A003278A00B307F74017
:1057B800BE94138941A28327090023A099008297E8
:1057C80063E2A4103385A440635D050A83270900BA
:1057D80017BB0100130B4B93829703A7090063695A
:1057E800E50E198D7E3C0357CB008E07B387E70281
:1057F8001307003293870719B3D7E70263EFA70CA3
:10580800374A0F00930AFA23130A0A248357040419
:1058180085072310F4048347041481E72285EFD019
:105828009FB1228597C001E0E780803A61E5832631
:1058380004098327C40803278B00B697BE8463E452
:10584800D70063E4E700B384E7407C3C8356CB0091
:105858002328940885077CBC83576408B387D7023C
:10586800D697B3D7470363E6F40A9D8C83270900CC
:1058780023A09900829763E1A40A3385A440E347F3
:1058880005F897B7010083C7B78463E6A70697B7FB
:10589800010023A787C20145B9A883576408374781
:1058A8000F009306F723B387670313070724B697F8
:1058B800B3D7E702E3F8F4EE03278A002697B30488
:1058C800F740C5BD97B7010083A78784BE94DDBDA7
:1058D80083278B00998F3E9531B7A145228597C0C4
:1058E80001E0E7800027A305A40297A7010083A78A
:1058F800A77F81EF7D55F2406244D2444249B249C4
:10590800224A924A024B0561828089451545829751
:10591800D5B71D8FBA9499BF83278B00BE94B1BFAA
:1059280083A781B298433706CEFF7D161377F7CF4A
:105938001367071098C303A781B4144737080300F7
:105948001375F51FF18E14C783A681B323A8060526
:1059580023A40700904B93F5F507130888151366E1
:10596800F60390CB90431366060890C3F04F137666
:1059780006E0498EF0CF23AC070423A00706505752
:10598800759A50D79043137606F84D8E90C3130638
:10599800401FF0D217B60100232806CC17B6010025
:1059A800232C06CA054690C29043B70533001376E8
:1059B800F6CF90C390431376F6CF1366062090C3B4
:1059C80010474D8E10C723A80605D8531317F7287C
:1059D800D8D32547F05201C6B04FE37DC7FED85350
:1059E8001317F748D8D3A853133545008280138777
:1059F80081B31443BC4ABD9BBCCA0100010001002D
:105A080001001C43B44B93F6F68FB4CB944393E652
:105A1800860094C3010001000100010083A681B241
:105A28009C4293F7F7CF93E707109CC203A681B473
:105A38001C46B706CEFFFD16F58F1CC61C4337075C
:105A48000300B8CB83A701B399CBD44390479842BE
:105A5800518F98C2944BDC4B9842D98F9CC297B710
:105A6800010023A707C0828083A781B39C438D8B45
:105A7800E9C74111B7E700E04AC003A9070026C2F9
:105A88003707200006C622C4AA843379E90023A078
:105A9800E7180F10000017B401001304A4BB584CFA
:105AA8008D47631AF70097B7010083A7279401462B
:105AB80081454545829719476391E4048347140259
:105AC80089CB834704026396970097B70100A383A5
:105AD80007BA584CA1476315F700930780101EB00A
:105AE800238E01A02937B2402244B7E700E023A063
:105AF800271192440249410182809D47639BF4002B
:105B080083471402F9D7034704028D47E313F7FCD0
:105B18006DBF544C6389E600584C6306F700584C37
:105B2800A147E31FF7FA83471402DDFB5C4C23000F
:0C5B3800F4028547A300F40265B78280E8
:105B440097010020938141D317A101201301414BF8
:105B540017B5FFFF1305454B97A5FF1F9385454ACE
:105B640017A6FF1F1306C66A63FAC5008322050041
:105B740023A0550011059105E3EAC5FE17A5FF1FF3
:105B84001305E55D02852A8309CA83830500230082
:105B940073007D16050385056DFA82802A8311C67C
:105BA4002300B3007D16050365FE8280B71700400D
:105BB40083C5870503C8970503C7970593F5F50FB4
:105BC4001378F80F13678700A38CE70403C79705BE
:105BD4001377B70FA38CE70403C7A7051367170050
:105BE400238DE704371700408347A705858BEDFF16
:105BF4000565C146371700409308F5FF0346A7051E
:105C040013661600230DC7040346A705058A6DFE17
:105C14000356C705FD16C2061346F6FF3376160172
:105C2400C182B297E1FEA1079183130505801D8D02
:105C3400A30C07054205230CB70441858280B717DE
:105C4400004003C777051A051377E70FA38BE70412
:105C540013974500598D136535001375F50FA38C03
:105C6400A70403C7A705C18991C513672700238D1E
:105C7400E70482801377D70FDDBFB717004003C74F
:105C840077051377E70FA38BE704130700F8A38DB9
:105C9400E7043D47238CE70413075003A38CE70470
:105CA40003C7A7051377D70F238DE704828037171F
:105CB40000408347A70593E71700230DF7048347A4
:105CC400A705858BEDFF371700408347A705E2073B
:105CD400E187E3CC07FE0355C70552055181828055
:105CE400B717004003C7E7040D8941111377C70FA5
:105CF400498F93068008F3B6068093F6860836C665
:105D04000F100000930670052380D704930680FAD1
:105D14002380D7040F1000002387E704238007049F
:105D2400B247F3A707800F10000041018280B71724
:105D3400004003C7E7020D8941111377C70F498F4C
:105D440093068008F3B6068093F6860836C60F10CD
:105D54000000930670052380D704930680FA2380FD
:105D6400D7040F1000002387E70223800704B247FB
:105D7400F3A707800F1000004101828041112A839C
:105D84000148930E407E130F0019930F4006931899
:105D9400030193D8080163EF1E0113030019337341
:105DA40065028542FD4363F0B20A8D4F214F930E85
:105DB400400689A87D13336EE3039308E016630E4F
:105DC4000E00336EF3039308D01663080E00937825
:105DD400330093B818009388D816C2981398080112
:105DE400135808016DB793F81500138EF5FF63710E
:105DF400BF04F908C2981398080193150E011358AB
:105E04000801C181E391F5FF8545630B0300B37875
:105E1400D5038145638608009375350093B5150055
:105E2400F105C29513980501135808018945D9BF96
:105E3400B3881341C2981398080193150E0113589F
:105E44000801C1818DB77D16329879463307C702A0
:105E540013D61700BE07420813580801329761464B
:105E6400B3F6C60213068070B386C6023697A166DF
:105E7400F58F4207D98FB716004003C7F602137790
:105E84000708A303E1000346710003C7F602137772
:105E94000708E314E6FE03477100B71600405DCF20
:105EA4001307800873370780137787083AC40F10E5
:105EB400000037170040930670052300D7049306AB
:105EC40080FA2300D7040F100000232A0703834617
:105ED400170393E60608A308D70223000704224702
:105EE400732707800F1000001166371700407D16D6
:105EF400545B4C5FAD8EF18EE5FE93068008F3B6DD
:105F0400068093F6860836C60F10000093067005C7
:105F14002300D704930680FA2300D7040F1000004F
:105F24005CDB8347170393E70704A308F702230006
:105F34000704B247F3A707800F10000041018280D5
:105F440003C7F60213770708A303E10003467100B1
:105F540003C7F60213770708E314E6FE034771004C
:105F640065D33DBF55714EDF86C7A2C5A6C3CAC15E
:105F740052DD56DB5AD95ED762D566D36AD16ECF6D
:105F8400AA8982C0EF00B06D93078008F3B7078039
:105F940093F78708BEC20F100000B717004013071D
:105FA40070052380E704130780FA2380E7040F10A9
:105FB400000003C7F7021377770FA387E70203C72D
:105FC400F70213678700A387E70223800704964735
:105FD400F3A707800F100000130B80C1334B650338
:105FE4009167938707E8130A30029546B347F50291
:105FF400330A4B033EC8FD873ED2BD67938707A68D
:10600400334AFA021357FA413ACA330740413AD4A1
:106014007D873ACC1307A0FB3307EB02B347F702A3
:10602400138729003ECEFD873ED68567938707FAFE
:106034003399E70063E4360133993701E1679387C5
:10604400076A3345F502930700103309A90233495F
:10605400F902930740063309F9029307D00733493D
:10606400F9029357F9413ED88547B3963701B39760
:10607400E7008D878D863EC436C6954763E9374B66
:10608400930750473687B307F7023D67130707A600
:10609400814A814B13048008371D0040930480FA21
:1060A400B3876703B307F040B3C7E7023ED0FD8769
:1060B4003EDA7337048013778708BAC40F100000E0
:1060C400130770052300ED04930D0D0423009D04B4
:1060D4000F10000003473D051377870FA309ED0454
:1060E40003473D0513671700A309ED0423000D04BE
:1060F4002647732707800F100000130C7005916C5E
:106104007337048013778708BAC60F10000093070B
:1061140070052380FD0023809D000F1000000347BD
:106124003D05A16613670702A309ED0403570D0596
:1061340033679701420741832318ED0403570D0584
:10614400558F2318ED0423800D00364773270780ED
:106154000F10000003473D0513770702630D073C4A
:1061640003473D05218B6DDF880097B0FF1FE78053
:10617400A0C37337048013778708BACA0F100000CE
:1061840023808D0123809D000F10000003473D05EF
:10619400A1661377F70DA309ED0403473D051367C3
:1061A4000702A309ED0403570D053367970142075E
:1061B40041832318ED0403570D05558F2318ED046F
:1061C40023800D005647732707800F1000000347F4
:1061D4003D05137707026307073803473D05218B05
:1061E4006DFF97A0FF1FE780A0022A873ADC97A0E3
:1061F400FF1FE780E0016257E30AE5FE03570D0540
:10620400064533679701420741832318ED0497B08D
:10621400FF1FE78020BB03473D05218B6DDF03573C
:106224000D0583462D0511667D16B386C602C24749
:10623400718F13D6F641BA96B388F640925733B7A6
:10624400E60032971D8FD247B3B61601158F63C689
:10625400E700631CF700637A1A01E247634BF732E5
:106264006395E700A25763E6F832894663F576330F
:106274007337048013778708BAD00F100000130710
:1062840070052300ED0423009D040F100000034754
:106294003D0593F6F90F1377870FA309ED04034720
:1062A4003D05558FA309ED0423000D0406577327FC
:1062B40007800F1000001306700503473D051D8B72
:1062C400631337377337048013778708BAD40F10F2
:1062D4000000130770052300ED0423009D040F1034
:1062E400000003473D0591661377F70DA309ED04FC
:1062F40003473D0513670702A309ED0403570D0582
:10630400558F2318ED0403570D05A166558F2318E7
:10631400ED0423000D042657732707800F10000097
:106324009306700503473D05137707026307073299
:1063340003473D05218B6DDF880097B0FF1FE78081
:10634400A0A67337048013778708BAD80F1000000B
:10635400130770052300ED0423009D040F100000B3
:1063640003473D0591661377F70DA309ED04034731
:106374003D0513670702A309ED0403570D05558F67
:106384002318ED0403570D05A166558F2318ED045A
:1063940023000D044657732707800F10000093064F
:1063A400700503473D05137707026303072E034770
:1063B4003D05218B6DFF97A0FF1FE78060E52A8CC8
:1063C40097A0FF1FE780C0E4E30C85FF03570D058A
:1063D40091660645558F2318ED0497B0FF1FE7809B
:1063E400609E03473D05218B6DDF7337048013776F
:1063F4008708BADC0F100000130770052300ED04B2
:1064040023009D040F10000003473D051377F70D8B
:10641400A309ED0423000D046657732707800F10AA
:10642400000003570D0583462D0511667D16B386BE
:10643400C602718FC25713D6F641BA9633B7E60037
:10644400329733882641B3B606011D8F158F6346F4
:10645400E000631A0726630808261305800C330737
:10646400E5020256D256B335050333050503BA9542
:10647400EFC0E2479306150033B5A6002E951357D7
:10648400F501BA9633B7E6002A971316F701858209
:106494000587D18E6346E0006313072E6381062EC1
:1064A4000356CD021582B305D60033B6C500329724
:1064B4006348E000631607361307F00F6372B736BC
:1064C40009476373572793078008F3B7078093F747
:1064D4008708BEDE0F100000B717004013077005D1
:1064E4002380E704130780FA2380E7040F100000D9
:1064F40003D7C70289668116558F420741832396C5
:10650400E70223800704F657F3A707800F10000063
:10651400BE402E449E440E49FA596A5ADA5A4A5BDE
:10652400BA5B2A5C9A5C0A5DFA4D696182802247F3
:106534009307504789BE7337048013778708BAC816
:106544000F10000023808D0123809D000F10000098
:1065540003473D0513670702A309ED0423800D00DB
:106564004647EDB67337048013778708BACC0F100B
:10657400000023808D0123809D000F10000003473D
:106584003D0513670702A309ED0423800D00664748
:106594001DB9E39F0BCC7246B2569315170013D363
:1065A400F80113951800B365B3003ADE46DCEFC07A
:1065B40002347257850B93FBFB0F6346E00031EF07
:1065C400E258638C08049306150033B5A600AA9517
:1065D40013D7F501BA9633B7E6002E9785827E0766
:1065E400558FF336048093F68608B6CE0F1000005C
:1065F40023808D0123809D000F1000008356CD025F
:106604003697420741832316ED0223800D00764717
:10661400732707800F100000E5B49306F5FF1335C8
:106624001500898D75B77337048013778708BAD23C
:106634000F1000002300CD0423009D040F10000060
:1066440003473D05558FA309ED0423000D04165798
:10665400732707800F1000008DB173370480137700
:106664008708BAD60F1000002300DD0423009D0420
:106674000F10000003473D0513670702A309ED044B
:1066840023000D043657732707800F10000059B9F3
:106694007337048013778708BADA0F1000002300D9
:1066A400DD0423009D040F10000003473D0513671C
:1066B4000702A309ED0423000D045657732707802E
:1066C4000F100000F9B99305800C3387E502338578
:1066D4000503B3B50503BA95154763733705A24798
:1066E400130750473387E702330660413306E60257
:1066F4003D67130707A63346E6029356F641EFC0FB
:10670400021F1306F5FF13351500898D13D7F50104
:106714003A963337E6002E979316F70105828DBB20
:10672400B247130750477DBF1307800873370780AC
:10673400137787083AC10F100000B71600401307FB
:1067440070052380E604130780FA2380E6040F1003
:10675400000003D7C602056601161377F70F518FA1
:10676400420741832396E602238006040A477327DF
:1067740007800F100000850A93FAFA0F1DBA33E65A
:10678400E60059CE0356CD02B335D0003307E040BE
:106794000D8F3305D04015826345E00051E36371EA
:1067A400A60809476370570593078008F3B7078065
:1067B40093F787083EC30F100000B7170040130774
:1067C40070052380E704130780FA2380E7040F1081
:1067D400000003D7C7027D8B2396E70223800704BA
:1067E4009A471DB373370480137787083AC50F108F
:1067F4000000130770052300ED0423009D040F100F
:1068040000000357CD02856681161377F70F558F65
:10681400420741832316ED0223000D042A4781BF5A
:1068240093078008F3B7078093F787083EC70F10D4
:106834000000B7170040130770052380E70413070F
:1068440080FA2380E7040F10000003D7C7029606DE
:106854003697420741832396E70223800704BA4709
:1068640065B1411113078008F337078093F7870850
:106874003EC40F100000B717004093057005238035
:10688400B704130680FA2380C7040F10000083C6E0
:10689400170393F6860EA388D70223800704A24623
:1068A400F3A606800F10000073370780137787085C
:1068B4003AC60F1000002380B7042380C7040F10CA
:1068C400000003C71703498F136707011377F70FF6
:1068D400A388E70223800704B247F3A707800F10B9
:1068E400000041018280011122CC06CE2A8497A0A7
:1068F400FF1FE780E0912295B707C0A863F5A700C2
:10690400B70740573E9593078008F3B7078093F77E
:1069140087083EC60F100000B71700401307700524
:106924002380E704130780FA2380E7040F10000094
:10693400C8DB03C7170313670702A388E702238092
:106944000704B247F3A707800F100000F240624427
:106954000561828041111307000211C57D151335AD
:1069640015001317450093078008F3B7078093F7C2
:1069740087083EC60F100000B71700409306700545
:106984002380D704930680FA2380D7040F100000D5
:1069940083C617031347F7FF758FA388E702238085
:1069A4000704B247F3A707800F100000410182805B
:1069B400914763EAB70897E702009387E7B38A052C
:1069C400BE9598413E97B71700409387470B0287BF
:1069D40094431345F5FF37170040E98E94C393069B
:1069E400070B9C42E98F9CC29307070A9843798D51
:1069F40088C3828090439346F5FF37170040758E15
:106A040090C31306070B1C42C98F1CC29307070AC5
:106A14009843F98E94C38280944337170040C98EFB
:106A240094C39306070B9C421345F5FF65BF94433B
:106A34001347F5FF758F98C3B71700409387070A6C
:106A44009843498F98C382809843498FEDB7914703
:106A540063EAB70897E70200938747AB8A05BE95B8
:106A640098413E97B71700409387470D0287944398
:106A74001345F5FF37170040E98E94C39306070DBD
:106A84009C42E98F9CC29307070C9843798D88C375
:106A9400828090439346F5FF37170040758E90C36C
:106AA4001306070D1C42C98F1CC29307070C984399
:106AB400F98E94C38280944337170040C98E94C3DF
:106AC4009306070D9C421345F5FF65BF9443134796
:106AD400F5FF758F98C3B71700409387070C984349
:106AE400498F98C382809843498FEDB73717004088
:106AF4008357870109C5CD8F231CF700828093C576
:106B0400F5FFED8FD5BF797122D43714004026D21A
:106B14004AD0035924028354040206D64209C2040B
:106B24004ECE52CC56CA13590901C1802DE11379B6
:106B3400F9F793F4F49F4209C20413590901C1807F
:106B440093078008F3B7078093F787083EC40F10B4
:106B54000000930770052300F404930780FA2300D0
:106B6400F4040F10000023112403231094022300C3
:106B74000404A247F3A707800F100000B250225468
:106B840092540259F249624AD24A45618280B7F569
:106B9400070081463000B105194597A0FF1FE78023
:106BA400007022478967F98FF1FB1369090893E4A0
:106BB400044093098008F3B7098093F787083EC01F
:106BC4000F100000930A700523005405130A80FA7D
:106BD400230044050F100000231124032310940202
:106BE400230004048247F3A707800F1000002945FF
:106BF40097A0FF1FE7804026F3B9098093F989081D
:106C04004EC20F10000023005405230044050F104A
:106C140000008357040293E707202310F4022300A3
:106C24000404924781BFB74700404147A381E7006E
:106C340009472380E70003C7070013674700238041
:106C4400E700130700FA2380E70003C71700136760
:106C54000701A380E70003C717001377E70FA3809A
:106C6400E7008280894737470040631DF50083476A
:106C7400170093E70704A300F700B7470040A38178
:106C8400A70082808347170093F7F70BEDB7894776
:106C94006308F50263E2A7021DE9B747004003C792
:106CA40007001377770F2380E70003C717001367E4
:106CB4000702A380E70082808D47630AF500828083
:106CC400B747004003C7070013678700E9BFB7470A
:106CD400004003C707001377770F2380E70003C73B
:106CE40017001377F70DF1B7B747004003C7070044
:106CF400B74600401377F70E2380E7002382A700EE
:106D040089679387177103C766001377070419E32C
:106D1400FD17F5FB8280B747004003C707009D4677
:106D2400374600401377F70E2380E7002396B70019
:106D3400AA950547C2052383E700C1813747004070
:106D440093170501C1836398B70037470040834711
:106D54007700F5FF828003487700E3E606FF834768
:106D6400050005052308F600E1BFB74700401147B9
:106D7400A381E74009472380E74003C7074013671F
:106D840047002380E740130700FA2380E74003C746
:106D9400174013670701A380E74003C71740137721
:106DA400E70FA380E740828089476305F50463E227
:106DB400A70205E5B747004003C707401377770FDD
:106DC4002380E74003C7174013670702A380E74007
:106DD40082808D476307F5028280B747004003C76E
:106DE40007401377770F2380E74003C717401377D3
:106DF400F70DE9BFB747004003C707401367870093
:106E0400C1B7B747004003C7074013678700E1BF16
:106E1400B747004003C707401377F70E2380E740C6
:106E24002382A740374700408347674093F707040E
:106E3400E5DF8280B747004003C707401377F70EAA
:106E44002380E7407D572382E7403747004083474C
:106E5400674093F70704E5DF034547408280B7178F
:106E6400004003D787009306000C1377070C630FC9
:106E7400D70403D78700137707101DC703D78700EC
:106E840083D787007D8B09EB93F70720A1C737557C
:106E9400E80113050580828037C59812FD8B130520
:106EA40005E03345F502828003D7870083D7870046
:106EB40013770720FD8B11C73755E80113050580AB
:106EC400CDB73725F40013050540E1BF216513054F
:106ED40005D082803725F400130505408280B7F77A
:106EE40000E088478280B717004083C767044111D8
:106EF40093F7F70F13F7D70F19C113E72700930779
:106F04008008F3B7078093F787083EC60F10000088
:106F1400B7170040930670052380D704930680FAC0
:106F24002380D7040F1000002383E7042380070481
:106F3400B247F3A707800F1000004101828041117E
:106F440093078008F3B7078093F787083EC60F10AE
:106F54000000B7170040130770052380E7041307E8
:106F640080FA2380E7040F10000003C76704136747
:106F740007012383E70423800704B247F3A70780AC
:106F84000F1000004101828032858147373700406D
:106F9400A14663C3A70082800346B700E30ED6FE72
:106FA4003386F5000346060085072304C700D5B7DA
:106FB40097E6FF1F9386460CAA878842178701200D
:106FC40013070773AA9763E9E7000A87130707FC07
:106FD4006364F7009CC282807D558280411122C483
:106FE40006C62A84AD3D2947B307E502B2408D8326
:106FF400B3D7870222449507B3D7E7023737004057
:10700400C207C1832316F7004101828071654111D3
:107014001305052006C6D937B7370040130770F8A3
:107024002381E7000D47A381E70013070004A38031
:10703400E70005472387E700B240410182803737E4
:107044000040834727001A0593F7F703C98F93F786
:10705400F70F2301F700828019CDB737004003C72B
:1070640017004D8FA380E70003C70700136787004D
:107074002380E7008280373700408347170093C599
:10708400F5FFED8FA300F7008280AA95C205C181A8
:1070940037370040A1463736004093170501C183B6
:1070A4006393B70082800348B700E30BD8FE83479D
:1070B400050005052304F600CDB7828017A3FF1F42
:1070C4006700E3DA15B1411193050010014506C6C6
:1070D400313C8D452965E93805658D458D3AA136E4
:1070E400B2400545410165B6411122C406C603C735
:1070F40005008947138501900544631CF702DC41B0
:10710400294403C7070083C71700A207D98F416723
:10711400130717EE639FE7002300D500814793F61A
:10712400F60F938541C01397070141836366D70225
:1071340001440346050001CE83A7419089CBDC437B
:1071440099C7938541C00145829723800190B2403D
:1071540022852244410182803307F6000348070058
:107164003387B70085072300070175BF03C70500F0
:107174008947631FF704DC4103C7070083C717006F
:10718400A207D98F4167130717EE639FE702328581
:107194002390060003C6119021C241112390C6001A
:1071A4009385C1CF06C697A0FF1FE7808051A380B7
:1071B400019083A7419089C79C4399C30145829755
:1071C400B240014541018280239006002945828016
:1071D400239006000545828001458280058909CDFA
:1071E40097E6FF1F938686954146914517E5FF1F55
:1071F400130585956F0031090145828009C523A2D5
:10720400A190014582804545828051476360C70251
:1072140041111385C1CF06C6A380C19097A0FF1F5B
:10722400E780204AB2400145410182801305E00F06
:10723400828017E702001307A79E9377050F9376C2
:10724400F500BA97B69783C507009357850093F660
:10725400F70093F7070FBA97B69783C607009357BB
:10726400050113F6F70093F7070FBA97B29783C790
:1072740007001356C501A206C207BE96120693570D
:107284008501BD8B32973E9703450700AE96620594
:10729400369582801D71A2CCA6CACAC82A84AE843F
:1072A400328997D502009385651E1306C0034800F2
:1072B40086CECEC6D2C4D6C2DAC0EFE0DF8C930746
:1072C400000C6307F90A930700106306F90A930791
:1072D40000086315F9081149A94922850147834724
:1072E40005000346150093162700E2074206D18FD6
:1072F40003463500A6960507D18F034625001105E0
:107304002206D18F9CC2E31C27FD9317290085090F
:107314003384F4008A09B304F0404A8B194A914A31
:10732400B3672B030325C4FFB1EB93178500618179
:107334005D8D01379307FBFFB3C727038A07938744
:1073440007048A9783A747FC3D8DB30794009C43A9
:10735400050BA98F1CC01104E3143BFDF6406644E1
:10736400D6444649B649264A964A064B2561828048
:107374001949B1499DB72149B94985B7E3572AFD50
:10738400E39557FD7D35D1B79C418346050013D75E
:107394008701358F834645002300E50013D7070195
:1073A400358F834685002302E50013D78700358F88
:1073B4002304E5000347C50083461500B98F23065F
:1073C400F500DC4113D78701358F83465500A300B0
:1073D400E50013D70701358F83469500A302E50026
:1073E40013D78700358FA304E5000347D5008346F0
:1073F4002500B98FA306F5009C4513D78701358F67
:10740400834665002301E50013D70701358F8346C2
:10741400A5002303E50013D78700358F2305E50076
:107424000347E50083463500B98F2307F500DC45A3
:1074340013D78701358F83467500A301E50013D761
:107444000701358FA303E5008346B50013D78700F2
:10745400358FA305E5000347F500B98FA307F500B1
:1074640082800347050097D702009387676B937662
:10747400F7001377070F3E9736970347070023005B
:10748400E500034715009376F7001377070F3E973F
:10749400369703470700A300E500034725009376CA
:1074A400F7001377070F3E9736970347070023012A
:1074B400E500034735009376F7001377070F3E97EF
:1074C400369703470700A301E50003474500937679
:1074D400F7001377070F3E973697034707002302F9
:1074E400E500034755009376F7001377070F3E979F
:1074F400369703470700A302E50003476500937628
:10750400F7001377070F3E973697034707002303C7
:10751400E500034775009376F7001377070F3E974E
:10752400369703470700A303E500034785009376D6
:10753400F7001377070F3E97369703470700230496
:10754400E500034795009376F7001377070F3E97FE
:10755400369703470700A304E5000347A500937685
:10756400F7001377070F3E97369703470700230565
:10757400E5000347B5009376F7001377070F3E97AE
:10758400369703470700A305E5000347C500937634
:10759400F7001377070F3E97369703470700230634
:1075A400E5000347D5009376F7001377070F3E975E
:1075B400369703470700A306E5000347E5009376E3
:1075C400F7001377070F3E97369703470700230703
:1075D400E5000347F5009376F7001377070FBA9792
:1075E400B69783C70700A307F500828003476500A9
:1075F40083477500A303E500034755002303E50013
:10760400034745002302F5008347B500A302E500C4
:1076140003479500A304F5008347A500A305E500EF
:10762400034785002304F5008347F5002305E5009F
:107634000347C500A307E5000347D5002306E5007B
:107644000347E5002307F500A306E500828083488D
:10765400050003484500194783458500B388E802BF
:107664008346C50097D70200938787EB3308E80267
:10767400BE9803C65800B385E5023E98034338001C
:1076840033466600B386E602BE9503C3450033461F
:107694006600BE9603C32600334666002300C50079
:1076A4000343580003C628003346660003C335006D
:1076B4003346660003C34600334666002302C50012
:1076C4000343280003C648000348480033466600C5
:1076D40003C3550083C525003346660003C3360043
:1076E40083C65600334666002304C50003C638002B
:1076F4008348150033460601034855002D8EB38890
:10770400E80283459500B18E2306D5008346D50053
:107714003308E802BE9803C65800B385E5023E98D4
:107724000343380033466600B386E602BE9503C3BE
:10773400450033466600BE9603C326003346660002
:10774400A300C5000343580003C62800334666005F
:1077540003C335003346660003C346003346660060
:10776400A302C5000343280003C648000348480099
:107774003346660003C3550083C5250033466600BF
:1077840003C3360083C6560033466600A304C5000F
:1077940003C63800834825003346060103486500C4
:1077A4002D8EB388E8028345A500B18EA306D500CB
:1077B4008346E5003308E802BE9803C65800B38543
:1077C400E5023E980343380033466600B386E6027A
:1077D400BE9503C3450033466600BE9603C3260028
:1077E400334666002301C5000343580003C628003E
:1077F4003346660003C335003346660003C34600C0
:10780400334666002303C5000343280003C648002B
:107814003346660003C355003346660003C336008F
:107824000348480083C52500334666002305C50088
:1078340003C6380083C65600834835003346060124
:10784400034875002D8EB18EB388E8022307D50056
:107854008346B5008345F5003308E802BE9803C6A5
:107864005800B386E6023E98034338003346660068
:107874003387E502BE9603C3460033466600BA97D3
:1078840003C72700318FA301E5000346580003C74F
:107894002800318F03C63600318F03C64700318F6D
:1078A400A303E5000346280003C74800318F03C63D
:1078B400560083C62600318F03C6370083C757009E
:1078C400318FA305E5000346480003C73800318F14
:1078D400358FB98FA307F5008280797122D426D21F
:1078E4004AD006D64ECE834705002E84B2842300A8
:1078F400F100834715001309060A2302F1008347A8
:1079040025002304F100834735002306F100834753
:107914004500A300F10083475500A302F10083470B
:107924006500A304F10083477500A306F1008347B3
:1079340085002301F100834795002303F100834769
:10794400A5002305F1008347B5002307F100834711
:10795400C500A301F1008347D500A303F1008347C9
:10796400E500A305F1008347F500A307F1009307A1
:10797400000863DED71A9307000C9309060C63D43E
:10798400D71A9305060E0A8501340A8585310A85BE
:10799400C93C9385040D0A85C53A0A854D390A8583
:1079A400B1310A857D3C0A85CE85F93A0A8545318F
:1079B4000A852D390A8575349385040B0A85E932C5
:1079C4000A8571310A851D310A85613C0A85CA859B
:1079D400653A0A85AD390A8511390A855934938582
:1079E40004090A8555320A859D310A8501310A85C3
:1079F4008D3C938504080A85413A0A8589390A85AC
:107A0400F5360A85B93C938504070A85B53A0A8593
:107A14003D390A85E13E0A85A934938504060A8521
:107A2400A5320A852D310A85D1360A851D3C9385F8
:107A340004050A85913A0A8519390A85453E0A855D
:107A44000D34938504040A8581320A8509310A8537
:107A5400713E0A853934938504030A8535320A85D3
:107A6400FD360A8561360A85ED3A938504020A8556
:107A7400213A0A85E93E0A85953E0A85DD329385D9
:107A840004010A8511320A85D9360A8585360A85A4
:107A9400C93AA6850A85CD38834701002300F4003E
:107AA40083474100A300F400834781002301F400CD
:107AB4008347C100A301F400834711002302F400AB
:107AC40083475100A302F400834791002303F40089
:107AD4008347D100A303F400834721002304F40067
:107AE40083476100A304F4008347A1002305F40045
:107AF4008347E100A305F400834731002306F40023
:107B040083477100A306F4008347B1002307F40000
:107B14008347F100A307F400B2502254925402594F
:107B2400F24945618280CE850A85B93851B5CA8546
:107B34000A85EFF07F8545B52D71B7072000232610
:107B44003111232E1110232C8110232A9110232864
:107B540021112324411123225111232061119389DE
:107B6400F5FFF91763F6370301448320C111228519
:107B74000324811183244111032901118329C11094
:107B8400032A8110832A4110032B0110156182807E
:107B940093F7F500AE84E9FB2A8A79D53689E9D6CC
:107BA4000545B28A2E8BEFB0424E2A8455DD13066A
:107BB400001081450A85EFD07FFE4A851306000830
:107BC4008A85EFF02FED0149B305240133052A011D
:107BD400930600080A8641090933E36799FEA299CE
:107BE40003C70900BD469307F7FF93F7F70F63E058
:107BF400F602B30794003E8683C6F7FF6399E60056
:107C0400FD17B306F640E3E9E6FE338BE44023A018
:107C14006A01A1BF411122C406C62A84EF60101C68
:107C24001307F5FFF55763EBE700018D3335A0002B
:107C34003305A040B2402244410182800145DDBFAA
:107C4400397122DC26DA2E84AA84AA85414613855A
:107C540041E606DEEFD03FF31306B4FE93855401EC
:107C640013840191080810C0EFD0FFF14D469D45E3
:107C7400138541E7EF60700210400C08138541E75B
:107C840032C6EFB01200324601CD0C08138541E72D
:107C9400EFD07FEF4D469D45138541E7EF60E076D9
:107CA4006254F250D254854717670120A306F7AAFD
:107CB4000546E94517650120130515AA21616F6082
:107CC400C074411106C69780FF1FE780605403A764
:107CD4008191B307E5406376E500B707C0A8998FA3
:107CE400AA972167130707D033F5E7029306803E6E
:107CF400B2404101B3D7E7023305D5023355E5025B
:107D0400B387D7023E958280411122C44164130592
:107D1400F4FF938541E206C6EFF0F0601305F4FF2B
:107D2400938541E1EFF030601305F4FF938541E062
:107D3400EFF0705F938541E31305F4FFEFF0B05E5D
:107D440017150000130505D6EF10114A2244B2405E
:107D540097D6FF1F938606E741469305100217D571
:107D6400FF1F1305E5E641016FF0F051797126D24A
:107D74004ECE52CCB6842E8ABA8981460147ED454F
:107D840022D44AD006D62A8932842315C100EFD0E2
:107D940040252AC621CD2286D28597A0FF1FE780E1
:107DA4004092CE854A85EFE000320589494415C1E9
:107DB400920497D7FF1F9387A7E1A69783D7A700BD
:107DC40001462C004A852314F100EFE0F0752A8463
:107DD40009C5ED452800EFD0E064B2502285225455
:107DE40092540259F249624A456182805544F5B77A
:107DF400797122D44AD04ECE52CC56CA5AC85EC6E5
:107E040062C406D626D22A89AE89328A0144138BEB
:107E140041E2894B514C8D4A03560A005A87A546C4
:107E2400CE854A85050499371374F40FAA841DC1BD
:107E34009307B5FE93F7F70F63ECFB000565130595
:107E440085389790FF1FE7802001E31754FD19A0A0
:107E5400E31D85FF83C7D19195CF26868946954535
:107E640017D502001305C5EBEF70103F228622548C
:107E7400B25092540259F249624AD24A424BB24B2E
:107E8400224C8946994517D502001305E5E9456159
:107E94006F70903CB250225492540259F249624A93
:107EA400D24A424BB24B224C4561828001110546B5
:107EB40093051008680006CE22CC26CAEF60E05D68
:107EC40017D4FF1F130484CE938441A0EF4080791C
:107ED400A301A40003C554001181EF30F003230271
:107EE400A40003C554003D89EF301003A302A4008D
:107EF40003C544001181EF3030022303A40003C5FD
:107F040044003D89EF305001A303A40003C53400AD
:107F14001181EF3070002304A40003C534003D89AF
:107F2400EF30807FA304A40003C524001181EF3047
:107F3400A07E2305A40003C524003D89EF30C07D45
:107F4400A305A40003C514001181EF30E07C2306CF
:107F5400A40003C514003D89EF30007CA306A400EF
:107F640003C504001181EF30207B2307A40003C55F
:107F74000400975401209384647D3D89EF30C079D7
:107F840083C75401A307A400130661008583938764
:107F9400170293055100130580252308F400EF30E0
:107FA4004079834751008345C1000145A308F4008B
:107FB400834761002309F40093070002A309F40036
:107FC400EF30E07B83C6E401230AA400054793074E
:107FD40010046384E60093072004A30AF4009307C3
:107FE4005004230BF400EF60605F7D157557930711
:107FF40010036374A70093070003A30BF4008347E3
:10800400140109469305F0072386F192834724015E
:108014002800A385F192834724002385F192EF6021
:10802400C04703478100830751006318F7000347E3
:108034009100830761006307F7021306F00F9305AD
:10804400F00F0145EF50E035834751000946930591
:10805400F0072304F100834761002800A304F10022
:10806400EF60A03A8547130671008545130550302B
:10807400A303F100EF70E22117D6FF1F130606B326
:10808400E14513057030EF70C22017D6FF1F1306A9
:1080940066B0D54513056030EF70A21FF24062440C
:1080A400D24405618280411106C60547AA8593071B
:1080B40000056304E5009307000417D6FF1F1306A9
:1080C400E6AE175501200345C569230AF600EF30D3
:1080D400006B17D6FF1F130666AD230AA600B24035
:1080E400E1451305703041016F70A21A97570120C2
:1080F40083C71767858317D6FF1F130626AB93879D
:108104001702E145130570302308F6006F706218FA
:1081140082800111054668009305100806CEEF60C1
:10812400C0378345C1001755012003458563EF30EF
:10813400006517D6FF1F130666A7230AA600E145AC
:1081440013057030EF70E214F240056182803971DA
:108154004ED65ECE06DE22DC26DA4AD852D456D279
:108164005AD0AA8BAE89EF10A05A51E9EF10805B68
:1081740059E583C70B001307300493F6B70F6386E2
:10818400E60013075004639CE70603C71B0093072C
:1081940000046316F70603C72B009307100263104D
:1081A400F70603C73B0093073002631AF704175B13
:1081B4000120130BAB5903470B0285476301F704F6
:1081C400834A0B00639D0A023546930530081385E4
:1081D40041DFEF60802C05469305000913858190EB
:1081E400EF60A02B138A819083470A006399370DAF
:1081F4004E86938541DF5E85EFA0D26A69E1F25035
:108204006254D2544259B259225A925A025BF24BE6
:1082140021618280B385FB0083C605006383E61871
:108224008507E3E937FF0145EFF0DF9E69F99144E3
:108234009307500263E93409CE84F114F9CC8547DD
:10824400639BF40803C44B0001491304F4FD137445
:10825400F40F4E86DE85138541DFEFD0DF9235467D
:1082640093053008138541DF23003A01EF60E019DC
:1082740005469305000913858190EF60001983C7B3
:108284000B00130770046391E70A8D47E399F4F632
:1082940099472309FB00930710066383FA089307A1
:1082A40020066381FA0893073004E39AFAF48D47B1
:1082B400A307FB00230A8B00A3092B01B5A8914750
:1082C40013075002B9BF33879B0003470700E30637
:1082D400F7F6850485B78947639FF40003C44B0010
:1082E40003C95B001304F4FD1309F9FD1374F40FBF
:1082F4001379F90FB9BF8D47E393F4F003C44B002E
:1083040003C95B0083CA6B001304F4FD1309F9FD70
:108314001374F40F1379F90F2DBF0149014415BFEC
:10832400854779B7894769B7130730046395E7042C
:1083340095E48D472309FB006254F250D25442590C
:10834400B259225A925A025BF24B03C5B19F1306EB
:10835400800C9305000221616F70302E854763986D
:10836400F40091472309FB00230A8B00F1B79147DE
:108374002309FB0081B713075004E39FE7FA91E454
:1083840097570120238D073C45BF85476395F4002B
:1083940023099B00D1BF8947E393F4E623099B009B
:1083A40011BF1387F9FFB307F7401147E379F7E4E7
:1083B400154685052800EFD00FFD0145814793053B
:1083C400D0041306E004954638003E9703070700DF
:1083D4001307F7FC1378F70FE3E305E33305C5024E
:1083E40085073A95E392D7FE81B5411106C622C4AA
:1083F40026C2EF10E031631A0512EF10A0326316A3
:108404000512EF106033175401201304243403477A
:1084140024019947631BF7049757012023A40732CB
:10842400930720108544231CF40023089400EF4094
:108434003044130520039790FF1FE780E0A1834594
:108444003401034544010546EF50801DFD57631375
:10845400F50C97570120238B072E130520039790C3
:10846400FF1FE780609FEF40F0408347240181EFC6
:108474001306F00F9305F00F0145EF4090729757E4
:1084840001202385072C0347240185476310F70245
:10849400834544011306F00F0545EF50C00383459F
:1084A40044011306F00F0545EF40B06F0347240164
:1084B40089476310F70203463401834544010945A3
:1084C400EF50600103463401834544010945EF4000
:1084D400506D034724018D476317F700014681451A
:1084E4000D45EF40507F0347240191476319F7007E
:1084F400834544011306F00F1145EF40D07D22441B
:10850400B240924403C5B19F1306401FC1454101C7
:108514006F70B0128347440103473401A3089400E9
:10852400A309F400230AE4000DBFB240224492449C
:1085340041018280411106C6EF10A02F83C74191EB
:1085440081CFC14517D50200130505A2EF708050F5
:10855400A38A0190238A0190B2402384019223A22A
:10856400019223870190A386019041016F20C07876
:10857400011122CC26CA938741E506CE03C6E70043
:1085840083C5F7008946AA84EF40902FFD572A84BB
:108594006318F502A94705466C00138741E2A54616
:1085A40026852306F100EFF06FFC1306401FC1453A
:1085B40003C5B19F97570120238A0718EF70F0076E
:1085C400F24022856244D244056182800111238EE7
:1085D4000190A38E0190A38A0190175701202329AB
:1085E400071622CC26CA975701209387271606CE52
:1085F40005472398E7001307000598DB1757012068
:108604002322071417570120230C0712138441E572
:108614000947975401209384A41298C40347040083
:108624002AC6238CE700584098C797570120A38B8C
:1086340007129757012023AF0712EF407023834797
:10864400040032459DE30345140089457115333513
:10865400A0002380A400EF50D069EF40D050014522
:10866400F2406244D244056182801937AA877D555D
:10867400E3C807FE2380F400CDB79D4763EFC7002E
:1086840085473396C7001375D60A930710040DE186
:10869400137626059307200401EE175501200345A0
:1086A400D50B0946930710046314C50093072004EF
:1086B40019462310C700130730042380E60013076C
:1086C400F004A380E600130740042381E6001307A7
:1086D4005004A381E6002382F600A382B6008280C0
:1086E40083D7A50017C7FF1F0357274F0111998F81
:1086F400C20722CC26CA06CE4AC8C1836547B284C3
:1087040036846380E706130700026386E7065D4745
:108714006390E7049755012083C55504FD1513079D
:108724006100340003C651E593B51500231301001D
:108734000149A13781CC19C803596100994763E005
:1087440027034A862C002685EFD0EFC3231024018B
:10875400F2406244D24442490145056182800149A4
:10876400F5B79757012083A767012380F400854755
:108774002310F400F1BF05469305100828002304D4
:108784000100EF50905183478100FD1793B7170004
:10879400E9BF2391A1922380B192B28711E2854768
:1087A400A38FF1900547238FE190894613F6F70FC5
:1087B400994517C502001305A5576F70E0290111EB
:1087C40006CE22CC2313010083C7519189CFA38AFB
:1087D40001908547C54517C5020013056572238AB4
:1087E400F190EF70202783C7E19199CB1387F19122
:1087F40083470700854663F9F600FD172300F70059
:10880400F24062440561828013842192035504007E
:1088140013076100340003C601928545238F01903C
:10882400A38F0190993D83C7C19181CFEFF06FC9A8
:108834002A86A146954517C502001305E54FEF703A
:10884400A021035504008547130661002C00A38E64
:10885400F190EFF0EFD9A38E0190238E01904DB7E4
:10886400238F0190A38F0190A38E0190238E0190FA
:10887400A38A019082809387C19003C7070035EBD8
:10888400011106CE22CC05472380E7002A84C93F84
:10889400F14517C502001305656E23130100EF703F
:1088A400601BEF206045A386019097570120A387A2
:1088B40007EA9757012023AD07E89757012023A320
:1088C40007E823870190A3840192EF40A07A13075D
:1088D40061003400228503C651E59145793B1306B6
:1088E40061002C002285EFF0AFD0F24062440561B4
:1088F4008280828079714AD017590120130909E5D1
:108904008327490026D2938441E5D84022D44ECE11
:1089140052CC06D685072A84AE89328A6390E70250
:1089240003C714008D47630BF7009780FF1FE78090
:10893400208E23ACA1908547238EF19083C7D190DC
:1089440085E7D94517C5020013058560EF708010CF
:1089540022851537FD59B250225492540259624A65
:108964004E85F2494561828093150A014E85C18185
:10897400EF208050AA8971F583274900D8408507E4
:108984002322F900638AE700E377F7FCF14517C572
:1089940002001305E5595DBFEF20A05D19C5E1454F
:1089A40017C502001305055755B72386019097573D
:1089B400012023AF07D8854709472324F900975797
:1089C40001209387E7D798C703C7040009C703C5E5
:1089D4000700EF40E073A386019023870190A384EE
:1089E400019283C70400230CF900EF40A068975755
:1089F400012023A907D483C714000547A308E9006D
:108A04008D46638CD706F117856593B71700130657
:108A140040069385058003C5B19F2384E192A38A10
:108A2400E1902326F90223A2019223130100EF709F
:108A3400C04003C614001307610034008545228535
:108A44002D3983C7C19181CFEFF0AFA72A86A14604
:108A5400954517C502001305252EEF60F07F854765
:108A6400130661002C002285A38EF190EFF04FB81D
:108A7400A38E0190238E0190F9BD99472313F10031
:108A8400B7574445938737F43EC4130661009307F0
:108A940010142C0022852316F100EFF06FB565BD8C
:108AA400C167F9176300F506411106C622C485475C
:108AB400639FF502753341641305F4FF938541E226
:108AC400EFF060061305F4FF938541E1EFF0A00594
:108AD4001305F4FF938541E0EFF0E0041305F4FF80
:108AE4002244B240938541E341016FF0C0038947BA
:108AF4006396F5008545EF0011784DDDB2402244C0
:108B0400410182808280011113076100340003C691
:108B140051E5894506CE22CC231301002A84EFF0C7
:108B2400DFB5130661002C002285EFF06FAC13054E
:108B34002003EFE0AFD8130661002C002285EFF08C
:108B44002FAB13052003EFE06FD7130661002C0051
:108B54002285EFF0EFA9F2406244056182801D7125
:108B640086CEA2CCA6CACAC8CEC6D2C4D6C2DAC0E1
:108B74005EDE62DC66DA83CA850093FA0A026395D4
:108B84000A0497590120938969BC8547A38DF9008C
:108B940003D4A50097C7FF1F83D727042A8A1D8CF7
:108BA40083C7E9014204AE8BB28436893A8B418093
:108BB40091EFF94763E7870EB717884A9387070849
:108BC400B3D78700858B99C3A14AEDA8CD4763EA43
:108BD400870CB717080093870708B3D78700858BDE
:108BE400A5C39387919003C7070039EB05478946CE
:108BF4002286914517C50200130585142380E700DA
:108C0400EF609065A1464A86914517C50200130599
:108C1400A513EF607064EF00502F2A8689469145B2
:108C240017C502001305C512EF601063894603C619
:108C34008192914517C5020013050512EF60D061BA
:108C4400EF00102DEF00702C83C781925D8D13759A
:108C5400F50F59CD31476305E4004D476319E40A24
:108C640083A78180B9EF9387A19003C7070031EBF5
:108C740005472380E700EF0050292A868946A1454D
:108C840017C502001305C50DEF60105D894603C6C4
:108C94008192A14517C502001305450DEF60D05B15
:108CA4000DA0EF00F02659DD130794FE420741831F
:108CB400A547E3E9E7F893075029B3D7E700858B85
:108CC40085C3C54AF6406644D6444649B649264A51
:108CD400064BF25B625CD25C5685964A25618280C3
:108CE400EF00B02283C781925D8D1375F50F35F5C2
:108CF400751442044180F547E3EE870617C7020066
:108D04001307C70F0A043A941C40BA978287751454
:108D1400420441807547E36F870497C60200938637
:108D240066150A0436941840369702876644F6405E
:108D3400B649964A625CD25C5A87CA86064B464953
:108D44002686DE85D644F25B5285264A8547256110
:108D54006FD0603C17F6FFFF1306C6EECA85268562
:108D640097570120A38F079EEF20B009A1BFB145FB
:108D740017C502001305052F23870190A3850190D1
:108D840023850190A3840190EF60D04C4A86A68588
:108D9400138521E9EFC03FDF35B781CF13874192B7
:108DA4001C4381CBFD171CC3E39E07F0238701906E
:108DB40011BF938BB19083C70B00E39507F0938C9D
:108DC400919203C70C0085476313F702938641E42D
:108DD4007008CA852685EFE03FD62A841DE1CD457B
:108DE40017C502001305C526EF60D046F1BB4A85BE
:108DF400EFA0422A4ACE2A847DD14A86A685EFC0B6
:108E04009FD8138CE19083470C0072466392073617
:108E1400BD47630FF60C8547B14517C5020013051E
:108E240025222380FB00EF60F042A1464A86AD452F
:108E340017C50200130545F4EF6010427246A146BF
:108E4400AD4517C502001305E5F3EF60F040A146F8
:108E54005A86AD4517C50200130585F3EF60D03F70
:108E640003C60C008946AD4517C50200130505F37A
:108E7400EF60903E724619C2034604008946A94534
:108E840017C50200130545F2EF60103D7247854790
:108E9400014663F4E700034614008946A94517C553
:108EA4000200130525F1EF60303B7247AD470146E0
:108EB40063F4E7000346B4008946AD4517C50200D4
:108EC400130505F0EF6050397247BD47014663F45E
:108ED400E7000346F4008946AD4517C502001305B3
:108EE400E5EEEF6070372285EFA0421BB54AD9BB8F
:108EF40083C7819203491400D9CB834724000347D5
:108F0400340093844192E2074207D98F0347540007
:108F1400E14517C502001305E510D98F0347440046
:108F2400231C01002207D98F9CC0EF60B03290400F
:108F3400A146D14517C50200130505EAEF60D031FB
:108F44009C4038081410B337F0004A868D4552858A
:108F54002300FC00EFF06FF230080C105285EFE0B4
:108F64003FE913052003EFE06F9530080C1052859C
:108F7400EFE01FE813052003EFE04F9430080C10D6
:108F84005285EFE0FFE62285EFA0421125BB83471F
:108F94000400938441E5A38024012380F400630743
:108FA40009009307D9FF93F7D70FA9E78547A3874C
:108FB400F9008347240003473400034BB400E2075D
:108FC4004207D98F03475400D98F0347440022072F
:108FD400D98FDCC005476301EB04D14517C50200F6
:108FE4001305C502EF6010272285EFA0220B930A18
:108FF4000008C9B985476307F9009377D90F11476A
:109004006394E700894765B789476305F9009D477D
:10901400E311F9FA8D4761BF99E7E14517C50200ED
:10902400130505FDC1B70349640083477400834CED
:10903400E4006209C2073369F90083479400336985
:10904400F90083478400A2073369F90023A42401AB
:10905400EF50C0581307F5FFF55763FFE706639514
:109064006C014A85EF5020548347A4001389818002
:10907400B1452386F4008347B40017C502001305E5
:1090840065F4A386F4008347C4002387F4000347F0
:10909400D400238AF90083A701932320F900A3872E
:1090A400E400A389E900EF60F01A03460900894649
:1090B400A54517C502001305A5D3EF60F0190329D0
:1090C400090063110906A385019083C704008DCBB1
:1090D40085472380FB0009BF6317A900E3960CF8BA
:1090E400EF50E05251B7E14517C50200130585EE74
:1090F400EF605016528523006C01EFF0DFA061B5DC
:1091040083C514008947E3E5B7FCD44003C6F900DE
:109114005285EF0020744DFDEF40E0248547230085
:10912400FC0095B58547E311F9ECEF00E06052854A
:10913400EFF0CFC9FD57631DF500D94517C50200EF
:109144001305C5E6EF6010112285EF903275ADBCB2
:10915400174501200345C55E23860190EF10F03AC0
:1091640009C55285EFF02FF1C5B7A38621917DB7CC
:1091740083A7818089EFC167E37CF6F49315060128
:10918400C1812285EF00500CE30F05DE91B7A28563
:109194005285EFF02FF6E30805DEB9B5712B85474C
:1091A400CA8526852387F900EF50504F21BE6923D5
:1091B4009547138441E52300F4009747012023A336
:1091C400075893071010054BCA852685239CF90080
:1091D40023886901EFD07FEE03C70400AD47631E07
:1091E400F70803C73400A9476314F700A38769018C
:1091F40003C73400AD476315F7008947A387F90017
:1092040003C73400B1476318F7008D47A387F900FB
:109214009D472300F400EF400015EF3070651305FF
:1092240020039780FF1FE78020C383C5140003C574
:1092340024000546EF40C03EFD57631BF5068547F5
:1092440005460C10138741E0ED4652852300F102D8
:10925400EFE0DFB11306401FC14503C5B19F974737
:1092640001202385074EEF60503D130520039780AE
:10927400FF1FE78060BEEF30F05F03C70400B14713
:10928400E312F7A485476319F9021306F00F930557
:10929400F00F0145EF40E010974701202388074A6B
:1092A4001306401FC14503C5B19FEF60103919BCB7
:1092B4008547A388F90055BF89476318F90083C51A
:1092C40014001306F00F0545F1B78D47E316F9FCBA
:1092D40003C6240083C5140009456DBFB129CA859E
:1092E4002685EFD09FDD8D47A387F900014685478A
:1092F400814501452388F9001747012023240744A9
:10930400A38CF900EF40C03175BAB7574445938731
:10931400D7F43ECAB7574441938757043ECC956768
:109324009387F7442316F100930700052307F10000
:1093340091679387B7542318F10093079005230985
:10934400F100B7574D459387479511464C0826853C
:109354003ECEEF90325551ED85472304F100A147ED
:1093640063F0270303C5540083C764006205C20782
:109374005D8D83C784005D8D83C77400A2075D8DF6
:10938400EFE05F8921C589472304F100B7574445BD
:109394009387D7F43ED083478100138741E38946FE
:1093A4002302F10215460C105285EFE03F9C130591
:1093B40040069780FF1FE78080AB1306401F974746
:1093C40001202385073893050010F1BD83C74400AD
:1093D40081EF23040100EFE01FCD0546930510083B
:1093E4002800EF5080025DB785472304F10005454E
:1093F400DDB711462C082685EF90D24A4DE902D0FC
:1094040002D202D4231601029D4763F0270303C549
:10941400440083C754006205C2075D8D83C774008E
:109424005D8D83C76400A2075D8DEFE0AFFE11CDB3
:10943400B7574441938757043ED08947A306F102A6
:10944400138741E389463946B9BF05469305100899
:10945400280023040100EF504004B7574441938788
:1094640057043ED083C7C1922302F10283C7B1924D
:10947400A302F102834781002303F102EF608063BA
:1094840083C7A1922304F1028547A304F102930741
:109494000020A303A1022315F102EF5020147D152F
:1094A4001335E5FF2306A102A306010251BF0D46B1
:1094B4006C002685EF90123F0DED03C7340093072F
:1094C40060041385440085456303F7008145EF403C
:1094D400007695679387F7442310F10293070005FC
:1094E4002301F102A301A102138741E38946114636
:1094F4005DBD0D460C082685EF90D23A15E98547E7
:10950400B54517C50200130565A9A384F192751921
:10951400EF604054938534004A86138541E4EFC0DC
:109524008FE69375F90F138541E4EF20A02941B527
:1095340011466C082685EF90F236E31A05E6CA85D3
:109544002685EFD09FB79147E3F327E783C744000D
:109554000547E36EF7E41308F00F1307F00F9306C3
:10956400F00F1306F00F9305F00F1305F00FEF50F3
:10957400800B35BDCA852685EFD03FB46FF08FF4DC
:1095840003C58192828023870190A3840192974727
:10959400012023AF071A0111854706CE22CC26CA23
:1095A40023130100174701202326F71AA3860190ED
:1095B4001DE2C54517C50200130545932384F192A6
:1095C40023A20192EF600049A3840190F240624417
:1095D400D244056182809307F00F6318F600624459
:1095E400F240D24405616FF0AFA72A84AE84EFF055
:1095F4002FA7268622851307610034009145EFF0DA
:10960400CF87130661002C002285EFE06FFE7DBF3B
:109614002167130707D0B377E5029306803E3355DD
:10962400E502B387D702B3D7E7023305D5023E95E7
:109634008280411122C406C62A849770FF1FE780E6
:1096440020BD63678500018DB240224441018280C0
:10965400B707C0A8818F3E95C5BF011122CC06CEA5
:1096640026CA4AC84EC652C4138441EA83474404F6
:1096740091EB7D55F2406244D2444249B249224AB8
:10968400056182802E89F5D5B28465D6832944018B
:10969400B299EF20907CE36E35FD834784049749AB
:1096A40001209389A90A9DE383476404054A05457B
:1096B400A387F900238849019747012023AC070AAF
:1096C400A38C4901EF300003230444058347640459
:1096D400A387F9009770FF1FE78080B3AA8901462A
:1096E400A6854A85EF30E062E34505F84E8591375B
:1096F4005C5823159400AA975CD85C480145A6974A
:109704005CC81C4C85071CCCB5B703C581EE8280B0
:10971400938741EA03C5470483C797045D8D3335B6
:10972400A000828003C581EE828003C5E1EE8280C1
:109734008547A387F1EE82804111A14503C5C1820B
:1097440006C6EF607018938741EA239407042385C3
:10975400070423820704B24041018280011126CA12
:1097640006CE22CC4AC84EC652C4938441EA83C76B
:10977400940403CA440483C9840485EF2A842E898B
:1097840003C5C182A145EF603014631C0A0223861D
:1097940001EE239401EE23A201EA23A401EA638AE1
:1097A40009000145EF20107585471747012023075D
:1097B400F7FAF2406244D2444249B249224A05616E
:1097C4008280EF10E030238601EE239401EE23A281
:1097D40001EA23A401EA638A09000145EF2090719C
:1097E400854717470120230BF7F6994517C5020053
:1097F400130545978946228697470120A38007F6DB
:10980400EF60802503D5840083C5740463140900C4
:109814001304F00F22866244F240D2444249B24912
:10982400224A05616FF03FD6A38701EE81450D45BD
:1098340035B783C7D1EE91CFA38601EE97470120B8
:10984400238E07F0C14517C50200130565AB6F6091
:1098540060208280011122CC4AC84EC652C456C22E
:109864005AC006CE26CA138441EA834744042A8B8D
:10987400AE8A328AB68905499DE38347940409492F
:1098840099EFEFF0FFCF2A8945E16381090A930735
:10989400FAFF93F7F70F09476373F70015498344F9
:1098A400440483479404B334900099C393E424009C
:1098B400EFF01FCD19C193E444008347840499C396
:1098C40093E484006306090689464A86A14517C5C0
:1098D40002001305A589EF60201889462686A14554
:1098E40017C5020013054589EF60001789465286A3
:1098F4009D4517C502001305E588EF60E015A146F4
:109904004E86954517C5020013054588EF60C014BF
:109914007D59F2406244D244B249224A924A024BEF
:109924004A854249056182800D4995BF114985BF29
:10993400814517050000130585D2EF1040072A89D9
:1099440015C189461D46A14517C5020013050582A8
:10995400EF60801089462686A14517C502001305CD
:10996400A5816DB74E86A146AD4517C50200130506
:109974006582EF60600E239701EA23A401EA23A223
:1099840001EA23AE01EA23AC01EA23AA01EA23ACEB
:1099940001EE23AA01EE23A401F023A201F023A0E7
:1099A40001F023AE01EE23AA01F023A801F023A6BF
:1099B40001F0238601EE238801EE85472305F40494
:1099C4002312F40423146401A3035405230344055C
:1099D4002326340123A401EC23A601EC23A801ECE3
:1099E40023AA01EC23AC01EC23AE01EC23A001EE8D
:1099F40023A201EE9770FF1FE780808117470120A3
:109A0400A30E07D417470120232607D617470120A2
:109A1400232007D417470120232007D61747012006
:109A2400231207D497470120938747D248CC08D004
:109A3400130700050546A14503C5C18223A43701C8
:109A440098DBEF60803FF1B5011122CC4AC806CE05
:109A540026CA4EC652C456C2138441EA83474404FC
:109A64002E89E9C72A8A630A05166388051683477F
:109A740054046396071683294400D56493840440F0
:109A8400B387344163EFB7141C40CE97B3F7970202
:109A94009D8C63F39500AE8497CAFF1F938A4ACFC7
:109AA4003385FA002686D285EFC0EF8D33069940C0
:109AB400B3059A005685EFC00F8D7C4CCA992322BA
:109AC400340163E237139760FF1FE78060741C481A
:109AD400784848CC8507050778C81CC80547639BA8
:109AE400E700A1464A86AD4517B502001305856E09
:109AF400EF5090761C4817470120232BF7C4584495
:109B0400639EE7008547A302F4049760FF1FE78084
:109B1400207048D00850EFF0DFB108D40546A145C5
:109B240003C5C182EF606031014579A805468347CA
:109B3400C404D9E385478946994517B5020013053E
:109B440025662306F404EF5030715040A1469D452C
:109B540017B5020013054565EF501070A1464A86FB
:109B6400994517B502001305A564EF50F06E10482F
:109B7400A146954517B5020013050564EF50D06D55
:109B84005044A146954517B5020013052560EF50D2
:109B9400B06C034654048946A14517B50200130569
:109BA4002562EF50706B704CA1469D4517B50200BD
:109BB4001305C561EF50506A8347440489C785453E
:109BC4000545EFF0BFB97D55F2406244D2444249A5
:109BD400B249224A924A05618280094689BF0D46EC
:109BE400B9B71146A9B7232E3405F1BD1D71A2CC16
:109BF40086CE138441EAA6CACAC8CEC6D2C4D6C287
:109C0400DAC05EDE62DC66DA6AD86ED6231F010033
:109C14009760FF1FE780C05F3C4C85073CCC8347BF
:109C2400440495C32A8A484CEFF0BFA0B7A70E009E
:109C34009387076063F9A702834754048DE785453A
:109C44000D45EFF0BFB10145F6406644D6444649A0
:109C5400B649264A964A064BF25B625CD25C425D88
:109C6400B25D25618280D569014D814493890940A3
:109C7400C16A97CBFF1F938BABB1094C854C0D4B3D
:109C84001C405840B387F9406373F700BA8763F107
:109C9400570793950701C181B1EF7C505285EA972C
:109CA4007CD0EFF01F993C50AA973CD063C1040EBE
:109CB40085476398F43A5C40F9EB83475404414583
:109CC400C1D79760FF1FE780A054AA89EF00D0593D
:109CD4002A894E85EFF0FF9508DC6309090E894651
:109CE4001376F90F994517B5020013056550C9A0FD
:109CF4009385FAFF2EC69760FF1FE78060513C48AA
:109D0400AA8D0840B24585071306E1015E953CC85B
:109D140003294403EF00305E3C540357E101AA8455
:109D2400BA973CD4631585017C5485077CD401E73C
:109D34003C5885073CD86E85EFF0BF8F5C5458586B
:109D4400AA975CD43C40B306274163F3A70028C01C
:109D54006369D5001C583E993309E9402A992328A0
:109D640024030357E1011C40050D137DFD0FBA9731
:109D7400B3F737031CC05C40998F5CC0E3CF04F099
:109D8400E38D94F119DB91D8E31C6DEF39B7894663
:109D940013F6F40F954517B5020013056544EF500B
:109DA400B04B5040A1469D4517B502001305C53F71
:109DB400EF50904A5048A146994517B50200130543
:109DC400A542EF50704985451145A5BD832944013D
:109DD400EF20B008E395A9F003476404238401EE5F
:109DE40097470120938787960145A387E700A38CB3
:109DF4009700A3889700A3049404EF20B00F834531
:109E04007404035584000546EFE0BF989760FF1F74
:109E1400E78000402AC6EF2030273245EFF07F81EB
:109E240048DCB14517B502001305854CEF5090424C
:109E340089460146954517B502001305A5FBEF5069
:109E4400B041034664048946954517B502001305DD
:109E5400A53AEF5070400854EFF08FFB2A86A146D4
:109E6400954517B502001305A539EF50F03E485447
:109E7400EFF00FFA2A86A146A94517B5020013058B
:109E8400A538EF50703D0858EFF08FF82A86A146A8
:109E9400A54517B502001305E537EF50F03B284000
:109EA400EFF00FF72A86A1469D4517B5020013056A
:109EB4002537EF50703A085CEFF08FF52A86A146FB
:109EC400A54517B5020013052536EF50F03848585C
:109ED400EFF00FF42A86A146994517B50200130541
:109EE4006535EF507037485CEFF08FF22A86A14653
:109EF400994517B5020013056534EF50F035085045
:109F0400EFF02FF3EFF0CFF02A86A1469D4517B569
:109F1400020013052533EF5030344850EFF06FF151
:109F2400EFF00FEF2A86A146A14517B502001305ED
:109F3400E531EF5070323048A1469D4517B5020017
:109F440013058531EF5050313054A146994517B56A
:109F540002001305E530EF5030307054A1469945A6
:109F640017B5020013054530EF50102F3058A146A5
:109F7400994517B502001305A52FEF50F02D704831
:109F8400A146994517B502001305052FEF50D02CB3
:109F9400304CA146994517B502001305652EEF50C4
:109FA400B02B7050A146A14517B502001305C52D6D
:109FB400EF50902A304C01C67C5033D6C702A146DC
:109FC400994517B502001305E52CEF50F028704CA5
:109FD400A1469D4517B502001305452CEF50D02727
:109FE4002850EFF0EFE22A86A1469D4517B50200FE
:109FF4001305452BEF5050260566A1467D16A9454D
:10A0040017B502001305852AEF501025A94517B589
:10A0140002001305252DEF50F023104CA14699455D
:10A0240017B5020013054529EF5010235048A146E7
:10A03400A94517B502001305A528EF50F0210356D2
:10A04400A400A146A54517B5020013052528EF5025
:10A05400B02083457404035584000146EFF0AFD269
:10A06400DDB685E0834754048DC35C400545E39D1C
:10A0740007BCA54517B5020013050526EF50901D32
:10A0840099B389470545E381F4BC5C404145E38DC0
:10A0940007BA054555BE17170120130767AF834755
:10A0A400C70063F5A7000356470011E633B5A700C0
:10A0B40013451500828014437D16938516000CC346
:10A0C40083C606000C472312C700B396F600CD8E54
:10A0D400A10714C72306F700D9B797170120938760
:10A0E40027AB944733D7A60098C703C7C700098F87
:10A0F4002386E700FD57B397A70093C7F7FF33F50F
:10A10400D700828097370120938787A803D66704F6
:10A1140019EE97370120239007AC014582809737C9
:10A124000120239A07AA0145B2404101828003A776
:10A13400877419E37D55828003A5C774411106C64F
:10A1440097250120938525A9029771D97D55E9BFEB
:10A15400971701209387C7A3D45BB84363E4E60051
:10A164007D55828017260120130686A203574604D4
:10A174008506D4DBB385E700050752075183231214
:10A18400E604D857C1662382A5042A97C11663F54D
:10A19400E600C176BD063697945BD8D73697C1667C
:10A1A400C11663F5E600C176BD06369798DB8C5F71
:10A1B400D85FE3F7E5FA973601209386669D03D7C7
:10A1C400660485058CDF130617004206418223933B
:10A1D400C6043E97856636972303A704FD160145FA
:10A1E4006313D60005B78280797126D24AD0B2842F
:10A1F4002E891306002E814522D406D62A84EFB078
:10A20400FF99814601473D4693970601C18363E266
:10A21400970431C703562400894763E2C704130532
:10A2240024008A85814781463D4885482310D5040A
:10A234002391D500B296C2062310F502C18263129F
:10A24400070581461396060141826360960601451F
:10A2540001A8B307D90083C707006379F6007D55C9
:10A26400B2502254925402594561828089CB8607A8
:10A27400A29703D7070005072390E7000547850643
:10A2840061B70356050005073393E800B297C20788
:10A29400C183035625008607C207C183338EC700D6
:10A2A40009058905E374C3F95DBFB307D90003C782
:10A2B400070015C306079307070233872700835750
:10A2C40007FE93851700938707038607A297231039
:10A2D400B7FE2390C7008506B5B79737012083C71B
:10A2E400A79FA9CF411126C2971401209384448AC1
:10A2F40022C403D44401973501209385E58D173595
:10A304000120130565A1228606C6F93D15E197359E
:10A3140001209385658CA295224403D66401B24042
:10A32400924417350120130525CD41016FF0DFEB71
:10A33400B240224492447D55410182807D55828001
:10A3440001114EC6AA893D454AC806CE22CC26CA6A
:10A3540052C456C22E89EFF01FD421CD138A29008E
:10A3640085448147C14A8607139407010545EFF0E8
:10A37400DFD64180B367A40083560A02C207C183B3
:10A3840063E2D70403560A003387D740635CC702ED
:10A39400938404028604CE9403D704000545BA9737
:10A3A400958F938707038607BE9983D709002310E7
:10A3B400F900F2406244D2444249B249224A924AE4
:10A3C400056182808504090AE39F54F97D55D5B758
:10A3D400397122DC4AD84ED652D456D206DE26DA59
:10A3E4005AD05ECE13894193170401201304447A92
:10A3F400138A8193B54A97B902009389A9F18347D7
:10A40400090091C7185C83270A006377F722834702
:10A41400D40063E3FA1C8A07CE979C43CE978287C5
:10A424008564138B8193971B0120938B6B76FD14AA
:10A4340083574402034709006395074C9D47D9A0FD
:10A4440097B40200938444F4096B0357A40183571F
:10A454008401636FF7244D46972501209385C577C2
:10A4640017350120130545B9EFF01FD863160516FB
:10A474008357440103576401BA97231EF4009707D6
:10A4840001202394077297070120239207729707EC
:10A494000120238007729947B5A093848193835741
:10A4A400240103470900639407180347E400854720
:10A4B40031CBB14781A84145EFF0FFBD19E101451A
:10A4C40029AA2145EFF07FC1AA84131B0501214568
:10A4D400EFF0BFC0135B0B01BD882147DA87639D92
:10A4E400E40E135B4B0011476318EB0E1377F50F63
:10A4F400A207BA977D47B3F7E70213750502C98F20
:10A50400E1EF8547A306F400DDBD0D45EFF0BFB8CC
:10A514005DD50545EFF07FBC2307A4000945EFF0A6
:10A52400DFBB1375F50F11ED8347C400184493F690
:10A5340077003357D700E19B2306F40018C48947FA
:10A54400D1B785476316F50A13060009A1451725F7
:10A55400012013056568EFB06FE413060007A545F5
:10A564001725012013054570EFB04FE361469D4563
:10A574001725012013054576EFB04FE2B7170808F9
:10A58400172701201307C7769387878013060012C5
:10A594009725012093854564172501201305C57768
:10A5A4001CC35CC3EFF05FC405E9130600029545C4
:10A5B4001725012013054562EFB04FDE1306000294
:10A5C4009725012093854561173501201305C5A200
:10A5D400EFF09FC1E30405E67D55F2506254D25476
:10A5E4004259B259225A925A025BF24B216182803B
:10A5F4008947E313F5FE914731B713050002EFF0E5
:10A604009FA9E30E05EA4145EFF03FAD2319A400ED
:10A614004145EFF09FAC835724014205418193C724
:10A62400F7FFC207C183E319F5FA8D47E1BD19C7E6
:10A63400185C9C406364F700094545B72145EFF079
:10A644009FA5E30E05E62145EFF03FA91375F50F2D
:10A65400EFF01FB051F183572401FD172319F400C3
:10A664003DBD3945EFF03FA3E30B05E41545EFF09D
:10A67400DFA613051510231AA4001545EFF0FFA556
:10A684000505231BA4001145EFF03FA51105231C6C
:10A69400A400130600148145172501201305C55392
:10A6A400EFB0CFCF9707012023910750954799BD6D
:10A6B4000D45EFF05F9EE30405E00D45EFF0FFA1CB
:10A6C4008357A40113871700A69783C70700231D88
:10A6D400E400A297DA972384A70485BB03452402E8
:10A6E4003DC5EFF05F9BE30C05DC03452402835476
:10A6F4000402EFF09F9E0357A401B387A400C2078E
:10A704008356C401C183BA97E3E8F6EC8345340267
:10A71400C207C183014609656390E70219C2231D7C
:10A72400F40097070120238607488357A401E39880
:10A73400D7CCEFF09FBA79BD1306170022972A975A
:10A744002304B7041317060141830546F1B79305A3
:10A75400E100173501201305258AEFF07FBEE300E1
:10A7640005D6E34B05E68357E1003D476366F702F0
:10A774000357A401231FF40093061700231DD400DC
:10A784002297896636972304F7040357A401835755
:10A79400C401E316F7C671BF41476391E7028357CB
:10A7A400A401E38B07E28D472310F40289472301B8
:10A7B400F4028357E401A301F402C1BF4547639740
:10A7C400E700B70703008D071CD0C1B74947E395DD
:10A7D400E7E0B7070700AD07C5BF9305E1001725FC
:10A7E400012013056553EFF0BFB5E30A05CCE3453B
:10A7F40005DE0355E1009307F00F63E9A700137525
:10A80400F50FEFF0FF94E30C05BEF9B393070010C6
:10A81400E30DF5C89307D011E3E0A7DC1305F5EFCA
:10A82400420541811317150097B702009387C7BEED
:10A83400BA9783D707002317A1002312F40297B70E
:10A844000200938767BBAA9783C707002304F40217
:10A85400A1474DB90345840211CDEFF0DF83E30036
:10A8640005C603458402EFF05F8783574402AA9725
:10A874002312F402A54779B19305E10017250120BD
:10A8840013058577EFF0DFABE30B05C2E34605D490
:10A894000357E100F547E3E1E7D49316170097B7B0
:10A8A40002009387A7B1B69783D707002313F40256
:10A8B40097B70200938787AEBA9783C70700A304AC
:10A8C400F402A94781B10345940211CDEFF0AFFC26
:10A8D400E30705BE03459402EFF03F80835764020B
:10A8E400AA972313F4020357640285669307F7FFBC
:10A8F400C207C183E3F2D7CE5C58E3EFE7CCAD47A0
:10A9040011B111C7185C83270B00E377F7D283D703
:10A914004B0403576402998FE58FC207C183A29742
:10A9240003C54704EFF0DF82E31805CA83574402E6
:10A93400FD172312F402EDBC8347C4001844130529
:10A94400000293F677003357D700E19B18C423061F
:10A95400F400EFF04FF4E30405B64145EFF0EFF7F0
:10A96400AA844145EFF06FF718585C54B70600010C
:10A974004207938606F05D8F93978400F58F9316B4
:10A9840085004205C2044181C1802181A180C98E14
:10A99400C58FC206C207C182D58FE31FF7C2B54770
:10A9A40095B683574400E39907C205453DB141116B
:10A9B40026C2AA844AC006C622C42E89EF10F049D2
:10A9C400A1C42A847D551DC8970701209387471C7D
:10A9D40009661306067581453E85EFB02F9C238AD0
:10A9E4000192172701201307A71A232497742326FB
:10A9F4002775054758D540DD20C10145B2402244A2
:10AA040092440249410182807D55CDBF21CDB9C90F
:10AA1400411122C406C61704012013046417834796
:10AA2400D4000547CD1793F7F70F6378F70208C0F2
:10AA34002312B400EFF0DF996347050005C1835783
:10AA44004400014581CFC54517B502001305859221
:10AA5400EF504000B947A306F4007D55B2402244AC
:10AA6400410182807D558280411122C406C61704AB
:10AA740001201304E4110347D400B947631AF70211
:10AA8400105CA146C14517B502001305258CEF40A3
:10AA9400B07C17B502001305A58CCD45EF40907B23
:10AAA400B947A306F4007D55B24022444101828097
:10AAB400EFF01F928547E315F5FC034704011C5C86
:10AAC40061F3585CE31EF7FAEFF0CFE371DD4DBF9D
:10AAD400970701209387C70B096641111306067572
:10AAE40081453E8506C6EFB06F8B3947A306E50066
:10AAF400B2404101828051CA411122C44AC006C6F3
:10AB040026C2AA872E84328919E17D55ADE99704BE
:10AB140001209384E40783C6D40039477D556380BC
:10AB2400E6062310090085669CC01387F6FF972765
:10AB3400012083D7470A23928400B307F74063E3D5
:10AB4400D700BA87985CBA9723ACF1928547238AD9
:10AB5400F192EFF0FF87238A019283D744001D8C82
:10AB6400231089009707012023A4070297070120D7
:10AB74002392070263550500B947A386F400B24047
:10AB8400224492440249410182807D55828021679A
:10AB9400130707D0B377E5029306803E3355E502E9
:10ABA400B387D702B3D7E7023305D5023E95828037
:10ABB400411122C406C62A849750FF1FE7804065CE
:10ABC40063678500018DB240224441018280B7074A
:10ABD400C0A8818F3E95C5BF4111C94517B5020074
:10ABE4001305859806C6EF40F066A14603D6C193C7
:10ABF400B14517B502001305E585EF40F065B24095
:10AC0400172601200326C67DA146AD4517B50200CF
:10AC14001305458541016F403064011122CC26CAD9
:10AC24004EC606CE4AC82A849750FF1FE780405E6E
:10AC3400AA84972901209389A96A3DC49377F400D3
:10AC4400A5E79387419598439306002F050798C37A
:10AC540083C78910B387D702A297A20723A6F194CA
:10AC640085466314D70023A8F1949750FF1FE7800B
:10AC7400205A2A8903C589101306C00BA285EF1038
:10AC8400205B19C9239E81927D55F2406244D244CF
:10AC94004249B249056182804A85EFF07FF113870A
:10ACA40041941C43AA971CC39750FF1FE78040564A
:10ACB40083C589102A899306C00B22861725012093
:10ACC40013050562EF10405855FD4A85EFF05FEE1D
:10ACD400138701941C43AA9726851CC3EFF05FEDEC
:10ACE400138781961C43AA971CC3138741961C4360
:10ACF400014585071CC351BF972701209387475EF1
:10AD0400A3840710239207108280011106CE22CC5F
:10AD14004EC626CA4AC852C42A849750FF1FE780E9
:10AD2400204FAA89D13FB14517B502001305858A82
:10AD3400EF405052D14763FC8702C94517B5020062
:10AD440013050588EF401051A1462286B14517A589
:10AD540002001305E571EF4030507D59F240624422
:10AD6400D244B249224A4A854249056182809727E2
:10AD7400012023A70766C1679724012093844456C2
:10AD840023A2F41023A2019623A4019623A00194E4
:10AD940023A2019423A40194239E0192854723AA0C
:10ADA400F194B7F70200B307F402138A01952384E0
:10ADB400841023A6F1942320FA009750FF1FE78004
:10ADC40020452A891306C00B81452285EF10404691
:10ADD4000DC1C94517A502001305457DEF409047F5
:10ADE40003260A00A146C14517A5020013054569BB
:10ADF4009DB74A85EFF0DFDB23A2A1940146A2852B
:10AE04002685EF20602701461307F00FC147B3865C
:10AE1400C40083C606006399E6040506E319F6FE3A
:10AE2400414401494E85EFF0BFD823A4A1946301A6
:10AE34000904E14517A5020013058575EF4090410B
:10AE4400A1462286C14517A502001305A564EF405B
:10AE5400B04033868400034606008946C54517A5DD
:10AE6400020013056564C5BD1374F60F7D595DBFFB
:10AE74008547A384F410DDB5011126CA06CE22CC81
:10AE84004AC84EC652C456C29724012093844445EE
:10AE940083C7941091CFAA8901CD2E8491C903A7A9
:10AEA4000410B7F70200938707F0998F63F9B7048A
:10AEB400C54517A502001305656CEF40B03903C6FC
:10AEC40094108946B54517A502001305255FEF4088
:10AED400B03803D66410A146B14517A50200130586
:10AEE4006557EF407037EFF03FE17D55F240624423
:10AEF400D2444249B249224A924A056182802E973D
:10AF040023A0E410130A0010930A001003D5441080
:10AF1400B307AA403E89C207C1836373F400228940
:10AF2400420913590901CE854A862695EFA0BFC56B
:10AF340083D74410330424414204CA97C207C1830F
:10AF44002392F410CA9941806392570303D5641085
:10AF5400930715002393F410EFF03FCC01C5EFF0F5
:10AF6400BFC751B797270120239E074645F00145E7
:10AF7400B5BF411122C406C626C24AC01724012007
:10AF8400130404368347941091C70327041095478C
:10AF940063EBE700EFF05FD67D55B2402244924464
:10AFA400024941018280035544100DC1130600106B
:10AFB400098E9305F00F2295EFA05FBE0355641030
:10AFC400EFF0BFC501C5EFF03FC1E9B797240120F9
:10AFD40083A40441EF1060682A891306000F9305C7
:10AFE400F00F172501201305A530EFA03FBBB7676D
:10AFF4005331938747A544C0014593C4F4FF1CC053
:10B0040004C42326240197270120A38F073CEFF0D3
:10B01400DFC041D5EFF05FBC41B7797122D406D6C9
:10B0240026D24AD04ECE52CC56CA5AC85EC662C444
:10B0340066C223AC019423AE019423A00196172485
:10B0440001201304E4298347941085C3FD54B250AE
:10B0540022540259F249624AD24A424BB24B224C20
:10B06400924C2685925445618280D1472A8AE3EF27
:10B07400A7FCAE8A328B9750FF1FE7806019AA8421
:10B084000146D2852285EF10307F2685EFF05FB22E
:10B094009389019683A709001389C1951440AA973F
:10B0A40023A0F9008327090044401844850723207E
:10B0B400F900B7675331938747A5832BC400E397FF
:10B0C400F6F893C7F4FFE393E7F8B7F702001387A2
:10B0D400A4FF9387A7EFE3EBE7F6EF100058E3171D
:10B0E40075F7DA855685EFF09F8C2DF1854A930C20
:10B0F4000010138B8195A68B63F49C00930B0010B6
:10B104009750FF1FE780C0105686D2852A8C22856F
:10B11400EF1090766285EFF0BFA983A70900850A36
:10B12400C20AAA9723A0F9008327090093DA0A0127
:10B1340085072320F9009750FF1FE780600D939542
:10B144000B012A8CC1812285EFF05F8C01C5EFF0E1
:10B154003F98EDBD6285EFF0BFA583270B00B38454
:10B164007441AA972320FB00D9F4EFF0FF8FAA843F
:10B17400EFF01F96E39D04ECB14517A502001305FB
:10B18400A53DEF40300D89460546A14517A50200AF
:10B194001305C533EF40500C03468410A1469D456A
:10B1A40017A5020013054533EF40100BA1460546D1
:10B1B4009D4517A502001305A532EF40F00903468B
:10B1C4008410B7F70200A1463306F6029D4517A581
:10B1D40002001305653113060610EF40F00703A5BE
:10B1E4008196EFF0DF9A2A86A146954517A50200BD
:10B1F40013050530EF40500603A58194EFF03F9905
:10B204002A86A146954517A502001305E52EEF40B1
:10B21400B00403A54194EFF09F972A86A14699456F
:10B2240017A502001305C52DEF40100303A50194D3
:10B23400EFF0FF952A86A146954517A50200130550
:10B24400A52CEF407001A1460146954517A50200C3
:10B254001305052CEF405000A1460146954517A55E
:10B2640002001305652BEF40207FA14603A64196FB
:10B27400954517A502001305A52AEF40E07DA146D8
:10B2840003A64195954517A502001305E529EF404E
:10B29400A07CA14603A60195954517A502001305B8
:10B2A4002529EF40607BA14603A6C194954517A5C7
:10B2B400020013056528EF40207A03A50900EFF08A
:10B2C4001F8D2A86A146954517A50200130545271B
:10B2D400EF40807803260900A146954517A5020092
:10B2E40013058526EF40407703250B00EFF03F8AD6
:10B2F4002A86A146954517A5020013056525EF404A
:10B30400A075B1B383A7019789CB411106C6829773
:10B31400B24023A6A196410182809387419794432A
:10B324001386160090C3972701209387270CB6979E
:10B334002380A7008280011122CC26CA4AC84EC6A7
:10B3440052C456C25AC006CE2A84AE840149138A16
:10B35400019793894197972A0120938A2A09138B8D
:10B36400C196631C9900F2406244D2444249B249F6
:10B37400224A924A024B0561828083270A0099C7B8
:10B38400228582972320AB000509E1BF83A709002A
:10B3940013871700D69723A0E90023808700EDB711
:10B3A400011122CC17240120130404085C40184422
:10B3B40006CE26CA8907636FF70444440347140181
:10B3C4009D478504BA9463CC970483470400898B12
:10B3D40099CFA1479306F00F858FB397F600B3D6A4
:10B3E400E64003470401F58FD98F2308F400A3082E
:10B3F4009400034704009347F7FF898B659BD98F1B
:10B404002300F4009727012023A207029727012095
:10B4140023A00702F2406244D2440561828093D59E
:10B4240034400DEF85476394F506034504007A051F
:10B434007D851375F50FEFF0FFEC9D88A30894004C
:10B4440083470400B1CC898BA1CF2147058F930793
:10B45400F00FB397E7002308F40061BF83470400AB
:10B46400FD15898B91CB9307F00FB3D7E7400347C2
:10B474000401D98F2308F400034504012EC6EFF01C
:10B484007FE8B2458547E382F5FAE3D8B7FA034586
:10B4940004007A057D851375F50FEFF0DFE971BFC0
:10B4A40097270120238A07F8A9B7972701209387B4
:10B4B400A7F703C707009376170091EA06050989E1
:10B4C40013651500719B598D2380A70082809376A4
:10B4D40047001DE191EA136747002380E70097279F
:10B4E400012023A907F482809847050798C7D84705
:10B4F4000607D8C76FF0DFEA89E6D8430507D8C343
:10B5040082809847050798C7D8470607136717002E
:10B51400CDB7011126CA4AC84EC606CE22CC52C4A3
:10B52400AA892E89814463CA2401F2406244D24428
:10B534004249B249224A05618280B387990003CA0D
:10B544000700850413557A0013148A016184EFF00F
:10B55400DFF5135564400589EFF03FF5135554406A
:10B564000589EFF09FF4135544400589EFF0FFF38C
:10B57400135534400589EFF05FF3135524400589D2
:10B58400EFF0BFF2058413751400EFF01FF213758A
:10B594001A00EFF09FF141BF411122C406C61724DF
:10B5A4000120130464E88347140189C70345040197
:10B5B400EFF05FD583470400B240E19B2300F40021
:10B5C40022449727012023A307E69727012023A1DC
:10B5D40007E697270120239107E64101828063C390
:10B5E400C5008280B307C5003307B50003C8070050
:10B5F400834607008505230007012380D7007D16B5
:10B60400F9BF79714AD04ECE5AC82E89AA89328B95
:10B6140081451306C00317250120130525DD22D417
:10B6240006D626D252CC56CA5EC662C4EFA00FD745
:10B6340023AA019623A8019689471304F9FF63CF2F
:10B6440027034A86CE8517250120130525DAEFA0A6
:10B654008FD32286814517250120130525D9EFF0C4
:10B664001FF8B250225492540259F249624AD24A03
:10B67400424BB24B224C014545618280B38789001D
:10B68400228503CA0700EF70F2202286CE85AA84A1
:10B69400EFA06FCF1306FAFF81452685EFF03FF444
:10B6A4001306E9FFD2852685EFF07FF3A947B34A55
:10B6B400F402B367F40291C3850A0149938BFAFF3C
:10B6C400294C631F59012685EF70521DEFF0DFEC02
:10B6D40083A5419717250120130545D1029B51B736
:10B6E400228A63832B01294A5285EF70B21AAA89F0
:10B6F400528663530A000146B30589034E85050942
:10B704005914A695EFA02FC8D2854E85EFF07FE09F
:10B714004E85EF70B21875B725479377F50F6347D9
:10B72400A70013850703620561858280138577036B
:10B73400DDBF13074006B367E502930630063345C1
:10B74400E5021307F003130505036205618563ED44
:10B75400F600138767FF9306900563ECE600938772
:10B7640077051397870161872380A5002300E600EE
:10B77400828013070003EDDB93870703DDB70547DA
:10B78400AA876399E50013050005639BB7001305B9
:10B7940080058280130500046394E7001305800488
:10B7A4008280930755001307250003C607008346CC
:10B7B4000500FD172300C500A380D7000505E39607
:10B7C400E7FE82808147FD1563C3B700828033079B
:10B7D400B500B306F5000348070003C60600850755
:10B7E400238006012300C700F9BF411122C403C40A
:10B7F400850006C6137404022DEC83CE05000948A7
:10B80400639B0E0703A84500834E080003481800F5
:10B8140022083368D801C16E137FD8FF851E630EDA
:10B82400DF018D679387279029446314F80222442B
:10B83400B240854741016FA0100E21E30547639094
:10B84400E604D845834606002300D70003A7819861
:10B8540011E7B2402285224441018280184375DBFE
:10B86400C845938771981D8D3335A000060502974E
:10B87400CDB72144F9BF0544E9BF2D44D9BF3544B0
:10B88400C9BF411106C622C403C48500418835ECF2
:10B894003DEF03C7050089476315F706DC41328590
:10B8A40003C7070083C71700A207D98F4167130690
:10B8B40047FE638AC7006365F602FD07C207C183BA
:10B8C40005476362F70285472390F600DC4583C78A
:10B8D40007002300F500B240228522444101828002
:10B8E40015176386E700239006002944EDB7CC457D
:10B8F40095472390F60015469760FF1FE78060DCAC
:10B90400D9BF239006000544F9B72144E9B72D4473
:10B91400D9B7C167F917630CF502411122C406C6F1
:10B9240085472A84639AF50022852244B240938590
:10B93400019841016FC0201F89476396F500854532
:10B94400EFE0601375D1B2402244410182808280CD
:10B95400411122C42A844165938501987D1506C648
:10B96400EFC0601C170500001305E5FA0588EFE039
:10B97400A00705C02244B2409796FF1F938646460F
:10B984004146C5451795FF1F1305454641016FC044
:10B99400800FB240224401454101828009C523A49D
:10B9A400A198014582804545828011476363A708B9
:10B9B40097A60200938606C30A0536951841AE87FA
:10B9C400B28536970287054761456397E700834749
:10B9D4000600A383F1980145828005476145E39DF4
:10B9E400E7FE834706002383F198F5B705476145D1
:10B9F400E394E7FE83470600A382F198E9BF054775
:10BA04006145E39BE7FC834706002382F198E1B795
:10BA140015476145E392E7FC41111385819715466B
:10BA240006C69760FF1FE780C0C9B24001454101C7
:10BA34008280094582801147AA876368A70417A7F3
:10BA44000200130767BB8A07BA979C432E85BA97EF
:10BA5400828783C771982300F5000145828083C7DC
:10BA64006198D5BF83C75198FDB783C74198E5B79F
:10BA7400411115469385819706C69760FF1FE7809D
:10BA840040C4B2400145410182800945828011458C
:10BA94006FA04FCD411193962500AA852D4506C66A
:10BAA4009750FF1FE780A07FB2400145410182808B
:10BAB400011122CC06CE3714004026CA4AC84EC60D
:10BAC40052C483447405034AB40583498405034975
:10BAD4009405EFA08F9A8347A40593F4F40F137A87
:10BAE400FA0F93E71700230DF40493F9F90F137970
:10BAF400F90FB717004003C7A705058B6DFF03D5E2
:10BB0400C705A38D4705238C3705A38C2705A38B75
:10BB14009704F2406244D2444249B249224A056140
:10BB2400828041119397050122C406C626C2C187AB
:10BB34002E8463D007029760FF1FE78080AF19C18E
:10BB4400EF4060082165218DB240224492444101B6
:10BB5400828093F7150013C51500FDF78964B3F7C8
:10BB640095009DC3EFE06150EFF07FF237F60200DD
:10BB7400130606E0896503C50199EF40002C258C66
:10BB8400131504014181C9B7916733F5F5004DDD03
:10BB940033C4F500F5B72D71232A9110FD74E98C97
:10BBA400232C811023282111232631112A84AE89C4
:10BBB4003289930600100A86A6852D45232E11107E
:10BBC4009750FF1FE780A06D131544014981139618
:10BBD4002900CA850A959760FF1FE78080AEA68575
:10BBE4008566014625459750FF1FE780406B0A860E
:10BBF400A6859306001029459750FF1FE780206A09
:10BC04008320C111032481118324411103290111CB
:10BC14008329C11015618280011183A7818F06CE0B
:10BC240022CC26CABD8B2147639AE700EFF0BFF60A
:10BC3400F2406244D244014505618280B7F70700AF
:10BC4400DC532A84B284BD8B939625006397E70066
:10BC54008567FD17F58F91C301A0A285014625458F
:10BC640036C69750FF1FE7808063B2462686A285BA
:10BC740029459750FF1FE78080625DBF1D714946CB
:10BC840097A502009385859817A502001305C5663C
:10BC940086CEA2CC9760FF1FE78040B401E917A5C8
:10BCA40002001305E597EF70A27A01A0B7F700E050
:10BCB40023A40700795798CB3D4798C30564B7E799
:10BCC40000E023A087180F1000001777FF1F130749
:10BCD40027E123A6E198130700F8A38AE740130697
:10BCE400C003814548089760FF1FE78000A4972799
:10BCF40001209387A7A93ECA896793870780231CDD
:10BD0400F1009D673ECEB7070105938707103ED02B
:10BD14009307B00F2312F10285472303F10297071B
:10BD24000000938767D7BEC497070000938707EF87
:10BD3400BEC69307B4D22314F10297B7FFFF9387CB
:10BD4400471A3EDA970700009387C7D63EDEB7F559
:10BD54000700970700009387C7D38146BEC07000D1
:10BD64009757FF1F93872720E10519453EDC97501D
:10BD7400FF1FE780C05219466C001305E102EF90E3
:10BD84009FE019466C00138541A0EF90DFDFD24796
:10BD940089C78357810163F3870001A04808EF40F6
:10BDA400C060AA8501C917A502001305A588EF7014
:10BDB400825501A0F6406644256182804111170531
:10BDC4000000130545D606C622C4EF40605B138409
:10BDD40001992300A4003128CD28034504002244FE
:10BDE400B24037F60200130606E0896541016F4050
:10BDF400C004397106DE13078008F337078093F710
:10BE040087083EC20F100000B71700409305700565
:10BE14002380B704130680FA2380C7040F100000A0
:10BE240083C6F70293F6A60FA387D70223800704DD
:10BE34009246F3A606800F1000007337078013772D
:10BE440087083AC40F1000002380B7042380C70476
:10BE54000F10000003C7F70213672700A387E70248
:10BE640023800704A247F3A707800F1000000545AD
:10BE7400EF90FFEBEFF0BFC18147014781460546D4
:10BE840085451305407EEF907FEF6800130640025E
:10BE940081459760FF1FE7804089B707C0A83ECA65
:10BEA400B787E803938707D03ECC9757FF1F938744
:10BEB40087033EC668009757FF1F938747043EC811
:10BEC400EF40407BF250216182800111054506CE8E
:10BED400EFA05FA813070003B71700402388E70209
:10BEE40023AA019813078008F336078093F686087F
:10BEF40036C40F100000930570052380B7041306A1
:10BF040080FA2380C7040F10000083C6E70093E67D
:10BF140086002387D70023800704A246F3A6068061
:10BF24000F10000073370780137787083AC60F1085
:10BF340000002380B7042380C7040F10000003C748
:10BF4400170313670702A388E70223800704B24795
:10BF5400F3A707800F100000F240B7E700E03707AF
:10BF6400001023A0E71005618280411122C406C697
:10BF74002A849740FF1FE780A02963678500018D0D
:10BF8400B240224441018280B707C0A8818F3E9508
:10BF9400C5BF41118D451D4506C6EFA07FA1EFA089
:10BFA400DFDC0545EFA05FE0B2408D45056541014A
:10BFB4006FA0FFA9411122C43714004026C206C64F
:10BFC4009307C40C856484C31945EFA07FE413046C
:10BFD400840D04C0B2402244924441018280411144
:10BFE40022C43714004006C626C29307C40C8564D5
:10BFF40084C31545EFA0DFE1EFA0DFE31304840D54
:10C0040004C0B2402244924441018280011122CCF6
:10C0140021644AC8130404D02A893304890226CA35
:10C0240052C456C206CE4EC65AC09740FF1FE78080
:10C03400201E9307803EAA8A1304743E3354F402EC
:10C04400014AB7140040A3810404EFF05FF9137BA5
:10C054001500AA89050A63110B029384840D856770
:10C064009CC0F2406244D2444249B249224A924AB4
:10C074005A85024B056182805685EFF01FEFE36419
:10C0840085FC85679384840D9CC0D1451795020077
:10C0940013058564EF30101C4E868946B545179507
:10C0A40002001305255BEF30301B5286A146B145D3
:10C0B400179502001305055BEF30101AA1464A8656
:10C0C400B145179502001305E55AEF30F01851BF3A
:10C0D400011106CE22CC26CA2A844AC8EFF09FED6D
:10C0E400EFF0FFEF93772500A9CBB71400409387B7
:10C0F400C40C056923A0270113050002EFA05FD13A
:10C10400135504011375F50FEFA09FD01355840048
:10C114001375F50FEFA0DFCF1375F40FEFA05FCF0A
:10C124009384840D624423A02401F240D244424902
:10C134001305803E05616FF07FED2AC6C145179552
:10C1440002001305E55AEF30F0103246179502004D
:10C15400130545538946A545EF301010F24062445B
:10C16400D24442490545056182804111B717004018
:10C1740006C6056722C426C223A6E70C2A84130533
:10C184000009EFA0FFC8135504011375F50FEFA0C4
:10C194003FC8135584001375F50FEFA07FC71375BF
:10C1A400F40FEFA0FFC685476317F402EFA09FC802
:10C1B400AA84EFA03FC82A84220433659400B240C5
:10C1C4002244B7170040056723ACE70C42059244AC
:10C1D400418141018280EFA0FFC52A84EFA09FC561
:10C1E400AA84D9BF01114AC83719004006CE22CC0F
:10C1F40026CA4EC69307C90C856923A037011305C7
:10C20400F009EFA0FFC0EFA0FFC22A84EFA09FC2F5
:10C21400AA84A2044204EFA0FFC1458CF240418DE0
:10C224006244232C390DD2444249B24905618280CB
:10C2340083C7819981EB3305A6020A052E95220551
:10C244006FF01FE90545828083C78199A5EB4111F1
:10C2540022C43384B60206C626C2AA840A043294CF
:10C26400EFF05FD5B7170040056723A6E70C094533
:10C274002204EFA0FFB9135504011375F50FEFA0C5
:10C284003FB921801375F40FEFA09FB80145EFA0CB
:10C294003FB81384041003C504008504EFA05FB7FE
:10C2A400E39B84FE2244B2409244B71700400567E2
:10C2B40023ACE70C514541016FF05FD50545828001
:10C2C400B386B602411106C6B7170040056722C4FB
:10C2D40026C24AC023A6E70CAA848A06B2960D4554
:10C2E40013948600EFA0DFB2135504011375F50F04
:10C2F400EFA01FB221801375F40FEFA07FB10145A9
:10C30400EFA01FB1014413090010EFA0BFB2B3871F
:10C3140084002380A7000504E31924FFB2402244CB
:10C32400B7170040056723ACE70C9244024941016A
:10C334008280411191451305000406C6EFA04FE722
:10C34400B71700409386870A9842B2409387870DB7
:10C354001367070498C2056798C3410182800111DD
:10C3640006CE4EC622CC26CA4AC852C456C29389A7
:10C374009199EFF01FFCEFF0DFC183C70900639CC4
:10C38400070C2945EFA09FD3A1462946B945179527
:10C3940002001305E52FEF30206C9740FF1FE78064
:10C3A40020E737298500096A2A845909B71A004009
:10C3B400130AFA8FEFF01FE3AA84631E250B854747
:10C3C400A1464A86B145179502001305652D2380C1
:10C3D400F900238C0198EF3020682285EFF0FFB834
:10C3E4009307803E3306F502A167938707D0A146E1
:10C3F400B945179502001305A52B3356F602EF3005
:10C40400A06583C70900A1EB8547D54517950200B0
:10C414001305052B238CF198EF30C063A1462686C3
:10C42400B145179502001305A527EF30E062228578
:10C43400EFF0BFB39307803E3306F502A1679387FD
:10C4440007D0A146B9451795020013056526335652
:10C45400F602EF3060600145EFF03FD1B7170040BE
:10C46400A3810704F2406244D2444249B249224AB9
:10C47400924A05618280A3810A042285EFF0FFAE0F
:10C48400E37AAAF2BDBFB7170040A381070405678A
:10C494009387870D98C301456FF03FCD42069306FD
:10C4A400C00B41826FF0DFE10145828015C5414731
:10C4B40018C51307002018C9370703038547130756
:10C4C40027102310F5002302F5002306F50058C9B0
:10C4D400230CF5000545828001458280896593859A
:10C4E40005711305800C6F00502841111305A00A33
:10C4F40006C6A52A13059004492A1305500571227E
:10C50400130500025922214549222545BD2A6145CA
:10C51400AD2A0545992A1305F003852A0145B12260
:10C524001305F0059D221305900685220D45352A35
:10C534000145A12A13054005892A0145B92213059D
:10C544004004A12215451522130500043D2A7D450A
:10C554002D2A7D451D2A1305C002052A19453122BD
:10C564001305F0061D227D450D225D45392A13056C
:10C574009004212A2145D5281305F00639227D454A
:10C5840029227D45192213052002012213050003E7
:10C59400E9282145DD2813050005C1281305F0030A
:10C5A400ED2013050006D1200945C5200145F128D9
:10C5B400130510065D280D45C92813050002F12056
:10C5C4000545E1201305000EC92013054008712814
:10C5D400054565281305300E49281305F00275201A
:10C5E400B2401145410151A0411106C6552AEFF050
:10C5F400DFEFB24041016FF07FEE0111494506CEF5
:10C60400AD2001455920EF00F0082800EF00501438
:10C6140085476309F500CD45179502001305850E7E
:10C62400EF304043F240056182804111414506C626
:10C634002D28B71700409386870A98429387870C62
:10C64400B2401367070298C29843A166558F98C3F6
:10C654004101828013051004828037F5020013051E
:10C6640005E08280130500048280B717004093869A
:10C67400C70A98429387C70C1367070298C2984366
:10C68400A166558F98C36FA0FFA3B7170040938688
:10C69400870A98429387870C1367070298C29843C6
:10C6A400A166558F98C36FA0FFA12167130707D018
:10C6B400B377E5029306803E3355E502B387D7028C
:10C6C400B3D7E7023305D5023E958280411122C4D7
:10C6D40006C62A849740FF1FE78080B363678500FE
:10C6E400018DB240224441018280B707C0A8818FE6
:10C6F4003E95C5BFA386A19A8280411122C43714F6
:10C7040000409307C40A984326C206C613678700ED
:10C7140098C39843856493840480458F98C30945DE
:10C724009740FF1FE780A0749307840A9843B240A0
:10C7340022441367870098C39843458F98C3924453
:10C74400410182809717012083C737010547639110
:10C75400E702B71700409386870A984205669387D5
:10C76400C70C518F98C298439166558F98C38280A5
:10C774000947639FE700B71700409386870C9842E8
:10C7840011669387C70A518F98C298438566F1BF93
:10C794000D47E39EE7FCB71700409386C70CC5B767
:10C7A4006FF0BFF54111854706C617170120230F07
:10C7B400F7F8EF20B002EFA01F91B717004093865F
:10C7C400870A984205669387870C518F98C29843CD
:10C7D400B2409166558F98C341018280411122C4B1
:10C7E4008D452A841305000406C6EFA06F9C854777
:10C7F400631EF400B71700409387870A9843B2403A
:10C8040022441367070498C341018280B71700408C
:10C814009387C70AE5B7411106C622C49740FF1F94
:10C82400E780009F2A840545EFF05FFB2285EFF047
:10C83400FFE9EFF09FE72A86A1461795020013054A
:10C84400A5EDB145EF3040212244B24029454101D4
:10C854001743FF1F6700A3614111054506C6EFF0AA
:10C86400FFF7B71700409386870A984205669387B7
:10C87400870C518F98C298439166558F98C3EFF0F7
:10C884007FECB2404101828083C7D19ABDE341115C
:10C8940006C622C4EFF07FD6B71700409386870AF6
:10C8A400984205669387870C518F98C29843916686
:10C8B4001384B19F558F98C3EFB07FF003450400F4
:10C8C40093050010EF30500017170120034797E934
:10C8D4008547631CF700034504002244B240C14568
:10C8E40041011773FF1F6700C3F0B24022444101A6
:10C8F40082808280011106CE22CC26CA4AC81389BE
:10C90400019A23000900EFF01FF19740FF1FE78011
:10C9140020902A84EFF01FE92285EFF03FDBEFF04F
:10C92400DFD82A86A146AD45179502001305C5DF59
:10C93400EF3080128D4797140120938424E1A3875C
:10C94400F4009740FF1FE780A08C2A84EFF0DFF00B
:10C954002285EFF0BFD7EFF05FD52A86A146A9451F
:10C9640017950200130505DDEF30000F9740FF1FF8
:10C97400E780008A2AC6EFF03FC73245EFF01FD5A3
:10C98400EFF0BFD22A86A14617950200130545DBB6
:10C99400AD45EF30600CEFF05FC9B71700409386E8
:10C9A400870A984205669387870C518F98C29843EB
:10C9B40091660545558F98C389472300F90023885C
:10C9C4000400F2406244D2444249056182802380DB
:10C9D400019A8280397126DAAA844AD852D406DEB2
:10C9E40022DC4ED656D25AD05ECE62CC66CA2E8A8D
:10C9F4003289EFF09FC66386041863040A18AA8973
:10CA04006371A9183304254163738A00528417178C
:10CA140001200347A7D48547B30B24016312F7060B
:10CA2400A1462286A9451795020013052588EF30F3
:10CA3400A002138A019A9717012023AD07D28347D6
:10CA44000A009DEBEFF03FDD83470A0095E797303E
:10CA5400FF1FE780E07B2A8AEFF0DFD45285EFF0F6
:10CA6400FFC6EFF09FC42A86A146AD451795020084
:10CA7400130585CBEF20507E97170120238007CE26
:10CA8400631209089730FF1FE78080782A89EFF046
:10CA9400BFDC4A85EFF09FC3EFF03FC12A86A14671
:10CAA400A945179502001305E5C8EF20F07A9730E1
:10CAB400FF1FE780E075EFF07FC1EFF01FBF2A860C
:10CAC400A146A54517950200130545C8EF20D07867
:10CAD40083C7019A95E79730FF1FE78060732AC6E2
:10CAE400EFF09FB03245EFF07FBEEFF01FBC2A8617
:10CAF400A146AD4517950200130585C4EF20D075F6
:10CB0400EFF0BFB2B747004003CB370003C91700AB
:10CB140083C7C19A137BFB0F1379090481C7194595
:10CB2400EFA04F94056C930CFCFF374A0040A28A97
:10CB340063638401E68A93950A01C1812685EFA087
:10CB44008F9D83476A0093F70704E5DF330454415C
:10CB5400D69471FCA3016A0183471A0093F7F70B7B
:10CB64003369F900A3002A01639D7901A94517954A
:10CB74000200130565BFEF20F06DEFF0FFD023A294
:10CB8400019AF2506254D2544259B259225A925ADA
:10CB9400025BF24B624CD24C21618280011152C47F
:10CBA400171A0120130A8ABA22CC26CA4AC856C2C6
:10CBB40003248A0206CE4EC6AA8A2E89EFF0FFA964
:10CBC40003470A018547AA84631DF7000DC963085A
:10CBD4000902AA896373A900CA8923AE0198014492
:10CBE4003DA06374A400631E09002285F2406244E0
:10CBF400D2444249B249224A924A056182800144A0
:10CC0400EDB7B309854063733901CA8979D485477F
:10CC14002286CE8556852386F19A1389C199EFF031
:10CC24007FDB2386019A832709004E9423248A02FA
:10CC340085072320F90063169404B1451795020073
:10CC4400130585B1EF20106103260900A14699451B
:10CC54001785020013054566EF20106003268A023B
:10CC6400A146A9451785020013058565EF20D05E0E
:10CC7400A1464E86A5451785020013052565EF20BC
:10CC8400B05D03258A029DB7411123A4D19A06C63B
:10CC940022C49717012083A7E7AD99E323A2019A41
:10CCA40085471384419A6306F60001C563C30500F2
:10CCB40081EAFD571CC07D55B24022444101828067
:10CCC40099E10840D5BF829608C0FDB7011122CC76
:10CCD40026CA06CE97170120938747A70D47230638
:10CCE400A100A387E700A38CB700EFF01F97AA84E5
:10CCF400014463479400F2406244D2440561828057
:10CD0400228685456800EFF0FFCC0504DDB76FF09F
:10CD14007F94970600009386A6E86FF0FFF6AA8733
:10CD24002E8589CD05476395E70085456F905FC8DB
:10CD340009476395E70085456F907FD18280411153
:10CD440022C406C6930700102310F500B707030397
:10CD5400938717205CC923020500232405002306BA
:10CD6400050023280500230C05002A84EFF00FF4A6
:10CD74008547631BF500034504007D151335150035
:10CD8400B2402244410182800145DDBF63020510A7
:10CD9400797122D42A84480026D206D6AE84EFF0D4
:10CDA4001FFA85476308F50223000400A30004006A
:10CDB40023010400A301040023020400A3020400CD
:10CDC40023030400A30304000145B25022549254E7
:10CDD40045618280B2472300A400A30094008346E7
:10CDE4008100014799CB6393A608371700400327B6
:10CDF400470A7D8F1D8F13371700D2462301E400A5
:10CE040003460101814781CE8547631AF606B717A9
:10CE1400004083A7470AF58F958F93B71700834681
:10CE24005100A301F40089E61347170093C71700C4
:10CE3400B3369000A303D4002302E400A302F40059
:10CE44002303040093F6140081CA85466316D700B1
:10CE54002303E400A30304008988A5D80547E396C7
:10CE6400E7F62303F400A303040085B7094601474A
:10CE7400E395C6F8371700400327470C9DBF894543
:10CE84008147E31EB6F8B717004083A7470C61B784
:10CE9400014582807971480006D6EFF05FEA854744
:10CEA4006311F502B24503458100EFF05FE70345E6
:10CEB4000101D245EFF0BFE629459740FF1FE78007
:10CEC400A0F9B250456182807971480006D6EFF02E
:10CED4001FE7AA8705470145639AE7001717012052
:10CEE4000347B7876317F70003458101B2504561D3
:10CEF400828089476315F70003459101C5BF8D47BB
:10CF0400E316F7FE0345A101D5B77971480006D6AB
:10CF1400EFF0FFE2AA8705470145639BE700171777
:10CF240001201307A78254576397F6000345B10104
:10CF3400B250456182800347F70089476317F700C1
:10CF44009707012083C7C77FF5D3EFF0FFF7CDB76D
:10CF5400411122C406C62A84EFF03FFBAA8522852C
:10CF64002244B24041016FF07FE2797106D622D4A7
:10CF74004AD026D24ECE52CC2A842E89EFF09FF18D
:10CF8400EFF09FF411E90545B2502254925402592E
:10CF9400F249624A456182808547AA8493591900FF
:10CFA40063E78702054463E3270185490149054A8C
:10CFB400A6852800EFF09FDD630D4501F145179527
:10CFC400020013052582EF20F028014575BF058076
:10CFD400D9BF8347E100638D47010509420913590D
:10CFE40009019740FF1FE78080E8E31389FC61BFD4
:10CFF40001440549A6852800EFF05FD9630825019F
:10D00400F145178502001305E57B75BF8347F100E1
:10D01400E38B27F70504420441809740FF1FE78014
:10D0240000E5E31934FDE145178502001305C577D2
:10D03400EF20502226868946C54517850200130530
:10D044006573EF2070210346A1008946BD4517850D
:10D05400020013056573EF2030200346B1008946B2
:10D06400BD451785020013052573EF20F01EB1BFDF
:10D074006FF0EFAE6FF02FC16FF04FC25545828055
:10D08400757126C34AC1AE843289ED451306400644
:10D09400680006C7CEDE22C5B689EF1000404A8676
:10D0A400A68568007922FD57631AF5007D55BA40BC
:10D0B4002A449A440A49F6594961828009472A84D4
:10D0C4009307A0FA6393E900814713F5F70F01472B
:10D0D4007C00D546631CE40023808700A38097006E
:10D0E40023812701A381A700238237010507950720
:10D0F400E312D7FE680013064006ED45EF10E0305A
:10D104001375F40FEFF04FBA55F11305240045B72A
:10D114001971A2DC1304E5FF86DE1374F40FD14702
:10D1240063E9870213064006ED456800EF10E03618
:10D1340095473304F40213064006ED45680093074F
:10D144000407338427009307A0FAA30FF4F8EF1021
:10D15400C02BF650665409618280411122C406C670
:10D164002A849730FF1FE780A00A63678500018D3A
:10D17400B240224441018280B707C0A8818F3E9506
:10D18400C5BF411106C622C426C24AC03284AE8439
:10D194009730FF1FE780C0072A89A28501462685AC
:10D1A400EFF03FB7AA844A85EFF03FFB1387819BDA
:10D1B4001C43B2400249AA971CC31387419B1C43DA
:10D1C40013D5F441924485071CC31387019B1C4368
:10D1D400A29722441CC341018280011122CC26CA99
:10D1E4004AC84EC652C406CEAE892A840149014AB1
:10D1F400FD54EFF0BFE8636BA900F2406244D244EF
:10D204004249B2495285224A0561828083472400FB
:10D21400638F370123009400A3009400230194003A
:10D22400A30194002302940005091504D9B7054A03
:10D23400E5BF011152C42E8AB28522CC26CA4EC63D
:10D2440006CE4AC8AA84B289EFF03FF98547014463
:10D254006312F502138914000144EFF03FE26364A2
:10D26400A4028D0401441309A00AEFF03FE16367AF
:10D27400A4027D54F24022856244D2444249B24918
:10D28400224A0561828083470900639647018347E8
:10D294001900E38137FF05041509C1B783C70400EA
:10D2A4009504E39927FD0504C9B7011122CC26CAC8
:10D2B4004AC84EC652C406CEAA84AE89328A13091D
:10D2C40015000144EFF09FDB6364A4007D541DA0AE
:10D2D400834709006399370383471900639547031C
:10D2E4009547B307F402BE9483C74400170701208F
:10D2F400232CF744F24022856244D2444249B24985
:10D30400224A05618280050415096DBF75711306F3
:10D3140040068145680006C722C526C34AC1CEDE41
:10D32400EF80DF8713064006ED456800EF10E01636
:10D334006000014981449309A00AEFF03FD4636C73
:10D34400A900EFF0BFD3BA402A440A49F659058D23
:10D354009A4449618280834734006393370185048A
:10D3640005091504D9BF7971FD573ECA3ECC230E79
:10D37400F100B7474646938767643EC8080891475B
:10D3840035469305300806D62306F100EF10E00772
:10D394006800054693050009EF102007B250456167
:10D3A4008280757106C722C526C34AC1CEDED2DC8F
:10D3B4000DE5130640069305F00F6800EF800FFE9D
:10D3C40013064006ED456800EF102004EFF01FF44B
:10D3D4001375F50FEFA0DFD3ADA88547AE896311B0
:10D3E400F5061306400681456800EF802FFB1306FF
:10D3F4004006ED456800EF10400A6000014A01490B
:10D40400FD54EFF0BFC7636BAA0013064006ED4559
:10D414006800EF00907F630E09024DBF834724002C
:10D42400639D370123009400A3009400230194001A
:10D43400A3019400230294000549050A1504D1B7F9
:10D4440089476308F50213064006ED456800EF00BE
:10D45400D07B600081441309A00AEFF03FC263E56A
:10D46400A406BA402A449A440A49F659665A4961BC
:10D4740082808145328A680013064006EF800FF2ED
:10D4840013064006ED456800EF102001600081445A
:10D494000149EFF0BFBEE3FAA4F683472400639288
:10D4A400370383471400639E4701FD572300F400AC
:10D4B400A300F4002301F400A301F4002302F40008
:10D4C400054985041504F1B7834734001504E38A3C
:10D4D40027F9850459B7757106C722C526C34AC101
:10D4E400CEDE8D476313F50405448545454597070E
:10D4F400012023858726EFF06FFDA38681820548EE
:10D504009307F00F1307F00F9306F00F1306F00FB5
:10D514009305F00F1305F00FEF10E010BA402A4402
:10D524009A440A49F659496182809147AE84630559
:10D53400F5008547631BF502130640068145680024
:10D54400EF80CFE513064006ED456800EF00F07468
:10D5540060000149EFF09FB2E372A9FC8347240005
:10D564001504E38397F80509F5B78947E318F5FA35
:10D574008145B289680013064006EF802FE2130646
:10D584004006ED456800EF00507160000149EFF07E
:10D59400FFAEE375A9F88347240063969700834799
:10D5A4001400E38337F505091504D5B7011122CC1E
:10D5B40026CA2A848544054693051008280006CE09
:10D5C4004AC82304010023069100EF00106D83472D
:10D5D4008100638B87021379F40F054693051008C5
:10D5E400680023062101EF0050624A85EFA0BFAB1B
:10D5F4009387B19F6310940203C507000566130661
:10D6040006C88965EF207003F2406244D24442495F
:10D614000561828003C507008965EF20F02AEDB714
:10D62400757122C54AC1CEDED2DC06C726C3D6DA5E
:10D634002A8AAE8932849730FF1FE78060BD2A8929
:10D6440013050010EF50122515E1F9451785020066
:10D6540013058525EF2000407D55BA402A449A449D
:10D664000A49F659665AD65A496182808547AA847E
:10D674006318F422970A0120938A4A0D83C78A010A
:10D68400C9E7170401201304A40B03450400EF00A9
:10D69400706A9307F00F6303F50008C417040120B0
:10D6A4001304040A184489476310F71C054523A88A
:10D6B400019A23AA019A23AC019AEFF0AF830345A0
:10D6C40004000146970500009385E5ABEFD0FF9475
:10D6D4002A840145EFF00F825DC4F94517850200E5
:10D6E4001305C518EF200037EFB08F97EFF02FAE7A
:10D6F40097070120238C0704854701452398FA00E6
:10D70400EFF0CF8DEFA01FE3A5A013064006ED4573
:10D714006800EF0090584E86D2856800EFF0FFB89D
:10D724007D57630EE50015473307E5021307070726
:10D734000A978346F7F91307A00A638FE602ED45BB
:10D744001785020013058514EF20C03089465286E0
:10D75400C145178502001305E50AEF20E02F89462D
:10D764004E86BD45178502001305050BEF20C02E1C
:10D774002685EF50B212CDB5930725001707012077
:10D784002300F7FC21BF9730FF1FE78060A82A849D
:10D79400EFF08F8FB145178502001305250CEF209C
:10D7A400602B22852164130404D0EFF01F9BB37710
:10D7B40085029309803EA146994533568502178513
:10D7C400020013056506B3873703B3D78702330610
:10D7D40036033E96EF2040284A85EFF01F983376B3
:10D7E4008502A146994533558502330636033356DF
:10D7F4008602330535032A9617850200130545036F
:10D80400EF20802583A7819B33F68702A146A1459B
:10D814001785020013054502B3D787023306360382
:10D8240033568602B38737033E96EF20E022A146A3
:10D8340003A6419BA145178502001305A500EF200F
:10D84400A021A14603A6019BA1451785020013054B
:10D854002500EF2060209707012023A507EE2685E9
:10D86400EF50D2030145D5BB130600108145268530
:10D87400EF80CFB25040834504002685EFF0CFFF00
:10D884005C400346840093050010850726855CC030
:10D89400EFF02FC82A89EFE05FDCE367A9FC65BFDE
:10D8A4005DFCEFF05FAC85454545EFF02FC245BF09
:10D8B40041118D451305000206C6EF904F99B71725
:10D8C40000409387C70C9843B2401367070298C37C
:10D8D40041018280011122CC3714004026CA4AC873
:10D8E4004EC606CE9307840D13070006AA892E8917
:10D8F40098C38D4513050006B284EF904F95638E4F
:10D9040009021304C40C8D456301090213050004C4
:10D91400EF90EF931C4093E707041CC0F24062446D
:10D92400D2444249B2490561828013050002EF9056
:10D934000F921C4093E70702CDB7A947E3E097FE97
:10D944006244F240D2444249B24905616FF05FF645
:10D95400411122C426C206C6BD440144EF208015ED
:10D96400FD142A94E5FCBD473355F402B240224429
:10D97400924441011375F50F8280B717004003A547
:10D98400470C35810589828003C7C19B9307A7FB98
:10D9940093F7F70FF94663EEF60013054006198D69
:10D9A400930780073305F50295476356F50215453D
:10D9B400828003C7419C930767FA93F7F70FA94640
:10D9C40063E8F60013055006198D93076009D9BF63
:10D9D40009651305C5D48280011185472306F1002A
:10D9E40006CE22CC26CA4AC897040120938404D6C2
:10D9F400EFF0BFF81389619C2A84238E019A238B4C
:10DA0400A4002300A900EFF0BFF4A38AA4000145F9
:10DA1400EFA0CFED0546930520086800EF00F0273E
:10DA240003C654018347C1000345090093354606E4
:10DA340093C515002382F19CA382B19CEFF09FE96A
:10DA440019E883C754010546930520086800230696
:10DA5400F100EF00901BF2406244D2444249056158
:10DA6400828079714AD006D622D426D24ECE52CCA8
:10DA740056CAEFF09FF0854717090120130909CD15
:10DA8400631BF50C938A619CAA84EF20A00203CA4D
:10DA94000A00230B99002A849389519C63110A0874
:10DAA40083C7419C238EF19A23A0019C93073006DF
:10DAB40063F2A70683C7090063909704054693059C
:10DAC40020086800EF00701D8347C1002382F19C89
:10DAD400834769012380FA00EFA0AFE32286225432
:10DAE40083C50900B25092540259F249624AD24A9B
:10DAF400054545616FF01FDEA30AA90023A0919C90
:10DB0400EFF09FE8E3ECA4FA85472380F90023A013
:10DB1400019C0DA8A30AA900A382019C45B783C751
:10DB2400090063819702A30AA9009307300663FFE3
:10DB3400A7009387019C8443850484C3EFF0DFE44A
:10DB4400E3F4A4FC8547E30BFAF88DBF23A0019C02
:10DB5400A382019CC5BF034769016312F706EFF076
:10DB64003FDFA30AA9002A84014597070120238ADD
:10DB740007BE2383019C238E019AEFA02FD7EFA029
:10DB84004FD99307300663E48700A382019C0546BE
:10DB940093052008680023068100EF001007B717DB
:10DBA40000401307000623ACE70C8D45130500065F
:10DBB400EF80FFE9A94763E48700EFF07FCFB2501D
:10DBC400225492540259F249624AD24A45618280EF
:10DBD40041118A871387F500BE88834607008507AD
:10DBE400A38FD7FEBA867D17E399D5FE8147C14638
:10DBF4003307F500034707003388F800034808009B
:10DC04003117B305F600334707012380E500850784
:10DC1400E390D7FE410182802A869775FF1F938582
:10DC240025341775FF1F1305A5346FF07FFA011112
:10DC3400854706CE2306F100639DF50041468145E4
:10DC4400B52B68000546C145952B0545F240056195
:10DC5400828017070120034757B1E311F7FE0145FE
:10DC6400F5B7397126DAAA84080806DE22DCEFF05B
:10DC7400BFFA41468145081085250546C1450A85F8
:10DC8400A12D8347010005476396E700170701208C
:10DC9400A30DF7AC14085000C1450810EF90DFE95C
:10DCA4002A8421C51946A6852800EF70DFED2800D7
:10DCB400EFD03FAF1946A2852800EF50A23E19EDE0
:10DCC40085472285170701202301F7AAEF50023D5B
:10DCD4000545F2506254D25421618280228597070F
:10DCE4000120238407A8EF50623B0145DDB7828001
:10DCF4008547A383F19C82808280411122C406C699
:10DD04002E84EF10B07BB7470F0093870724337638
:10DD1400F50222852244B240814541016F00021F71
:10DD2400797122D4B717004006D626D24AD04ECEF7
:10DD340052CCA381070493970501C1872E8463D233
:10DD4400070403C5F19C9740FF1FE780808EAA84D7
:10DD540019CD034705009307000B6317F7008345AC
:10DD640045002105EF70006C2685EF10D065216514
:10DD7400218DB250225492540259F249624A4561AB
:10DD8400828093F7150085C31776FF1F13060620BC
:10DD94009775FF1F9385C51E03C5F19CEFF04100E5
:10DDA40013451400F9B793F7050881CB41657D1538
:10DDB400EF104277134504086DBF93F7850085CBB8
:10DDC40081572312F10041652394019C2395019C02
:10DDD4002396019C854783C6F19C09464C0079151E
:10DDE4002387F19CEF70A0351345840059B793F74E
:10DDF400050191CF4165130780258146130640062E
:10DE0400D1457915EF108271134504019DB793F73D
:10DE14000502D5CB1389719C83470900ADEB93842C
:10DE2400F18103C7040083D7819C35CB416A231257
:10DE3400F1000147854781460546C9451305EAFFB8
:10DE4400231601002313F100EF70A0192AC421C185
:10DE54009389F19C03C609009307A0052300F500EC
:10DE64004C001305EAFFEF70E0100DE58547230031
:10DE7400F90083C7040003C509001306006493B7BF
:10DE84001700930500022380F400EF10107B134564
:10DE94000402C5B5C9454800EF70C058CDBF4165FF
:10DEA40003C6F19C4C0079152312F100EF70400C6D
:10DEB40079FD85472300F90083C7040093B7170051
:10DEC4002380F400E9B713F50504E30405EA41658A
:10DED4007915EF106264056613060696930500042F
:10DEE40003C5F19CEF1070751345040459B503473D
:10DEF4002500B5476314F70601114AC84EC6034905
:10DF0400C5008329050122CC52C406CE26CA014489
:10DF1400254A636A2401F2406244D2444249B24928
:10DF2400224A05618280B387890083C40700E5D44F
:10DF340033079400E341E9FE83C71700639B47015D
:10DF44009385F4FF1305240093F5F50F4E95EFA088
:10DF54000FA0850426944204418065BF828001118C
:10DF640017050000130505DC06CE22CCEF20404146
:10DF74001384F19C85652300A400938505960945C7
:10DF8400EF400001D1451D45EF4080009305400658
:10DF94002145EF30F07F930540063545EF30507F43
:10DFA4001786020013064692D5450145EF60207B93
:10DFB40085470D47700091451305F0402304F10097
:10DFC400A304F1002305E100A305F10002C6EF005C
:10DFD400821A3000854513058040EF00C2191306EC
:10DFE4009100854513059040EF00E2181306A10047
:10DFF40085451305A040EF0002181306B1008545BE
:10E004001305D040EF002217EF70106C0345040095
:10E01400EF70F01A4D45EF60B0114D45EF90902D23
:10E02400034504006244F240854505611753FF1F10
:10E034006700237C6FE0F15D014685450D456FE087
:10E04400915B82808280011106CE22CC26CA8D4744
:10E054006302F50A63EBA7007D15854763F7A70400
:10E06400F2406244D2440561828091476304F5041E
:10E074009947E317F5FEEFB02FFBC545178502005E
:10E084001305C59897F70020238F076CEF10901C99
:10E094006244F240D24489461946D54517850200A8
:10E0A4001305058405616F10301B97F70020238C3E
:10E0B400076A7DB7854783D4E500238AF19C17F767
:10E0C40000202302F76A2E84EFB08FE69307400600
:10E0D400E3F897F80355A4006244F240D24483C79E
:10E0E400C18213074006814613064006994505611F
:10E0F4006F00926AEFB04FF303C7419D85476314E5
:10E10400F700238A019C85441306F1008545130515
:10E114005030A307910017F4002013042463EF1078
:10E1240042178347E400639A970013054006EF8083
:10E13400FFF89730FF1FE780A0C18347040003471F
:10E144001401D98FE39E07F005661306062CC1451A
:10E1540003C5B19FEF10704E21B7011106CE19C54A
:10E1640009476305E500F240056182809305F100EB
:10E17400EFD07F8CCDBF17F700200347E75D8547BD
:10E18400631DF702011106CEEF10C23905C52AC678
:10E19400F945178502001305A588EF10B00B324628
:10E1A400F2408946C545177502001305E5740561FB
:10E1B4006F10900AF24005618280828001114AC882
:10E1C4002E899D6522CC26CA93060010AA84328427
:10E1D4009385052017F60020130686362D4506CEB6
:10E1E4004EC69730FF1FE780800B814797F60020CB
:10E1F4009386063563CA8700B7F70700DC532147C7
:10E20400BD8B639EE70001A03387F400034607003B
:10E214003307F90036972300C7008507E1BF9D69DE
:10E224009306001001469385092025459730FF1F6A
:10E23400E780E0069306001017F600201306463028
:10E244009385092029459730FF1FE78040059306F1
:10E25400001017F600201306A62E938509102D45ED
:10E264009730FF1FE780A003814797F6002093862D
:10E27400262D63CA8700B7F70700DC532147BD8BFF
:10E28400639EE70001A03387F400034607003307C9
:10E29400F90036972300C7008507E1BF1D64930585
:10E2A400041093060010014625459730FF1FE780B0
:10E2B40000FF930504106244F240D2444249B2493B
:10E2C4009306001017F600201306862729450561DA
:10E2D4001733FF1F6700A3FC2D71232C81102E849C
:10E2E4009D65232A911023282111930600102A8961
:10E2F400B2849385052017F60020130666242D4565
:10E3040023263111232E11109730FF1FE78020F9A7
:10E314008147854997F60020938686221306F00FDD
:10E3240063C897066387090C1306001097F500204D
:10E33400938505210A85EF701F859D65930600105E
:10E3440017F600201306C61F938505102D45973038
:10E35400FF1FE780C0F48147814617F600201306AB
:10E36400261E9305F00F63C39704C1C697F50020DA
:10E374009385051D2686A29533058100EF70BF8025
:10E38400B7F70700DC532147BD8B639FE70201A069
:10E394003307F400369703470700B305F9002380D9
:10E3A400E5006303C700814985079DBF3307F40077
:10E3B4003297034707003305F9002300E5006303A0
:10E3C400B700CE86850745B71D6493060010014645
:10E3D4009305042025459730FF1FE78040EC930602
:10E3E40000100A869305042029459730FF1FE78013
:10E3F40000EB8320C11103248111832441110329DB
:10E4040001118329C11015618280411122C426C2E1
:10E414004AC093060010AA842E8932849D6517F69B
:10E4240000201306E6212D4506C69730FF1FE7801E
:10E4340000E7814797F600209386862063CA870009
:10E44400B7F70700DC532147BD8B639EE70001A0AB
:10E454003387F400034607003307F9003697230097
:10E46400C7008507E1BF9306001001469D65254559
:10E474009730FF1FE780A0E22244B2409244024951
:10E484009306001017F600201306861B9D65294588
:10E4940041011733FF1F670083E0411122C426C2E4
:10E4A4004AC093060010AA842E8932849D6517F60B
:10E4B40000201306E6182D4506C69730FF1FE78097
:10E4C40000DE814797F600209386861763C887008D
:10E4D400B240224492440249410182803307F90048
:10E4E4003697034607003387F40085072300C700E7
:10E4F400F1BF854763EFA702011122CC26CA2A8403
:10E50400AE84680009469305900906CEEFF0FFF843
:10E514009307040133842700680009469305900992
:10E52400230E94FEEFF07FEEF2406244D244056184
:10E5340082808280854763F5A7001305F00F8280EF
:10E54400011122CC09462A8493059009680006CE5D
:10E55400EFF0BFF493070401338427000345C4FF9D
:10E56400894763F4A7001305F00FF2406244056184
:10E57400828001112306A100054668009305400925
:10E5840006CEEFF09FE8F240056182800111680039
:10E5940005469305400906CEEFF03FF0F2400345EF
:10E5A400C100056182800111935785012306F100A2
:10E5B40093570501A306F100931785004205418195
:10E5C4002181C98F114668009305500906CE23178F
:10E5D400F100EFF09FE3F2400561828001116800D1
:10E5E40011469305500906CEEFF03FEB8347C10077
:10E5F4000347D1000345E100E2074207D98F0347EF
:10E60400F100F2402205D98F5D8D056182800111F0
:10E61400680011469305500906CE02C6EFF0FFDEEE
:10E62400F24005618280797122D426D256CAAE8422
:10E63400AA8A3284930510090D4668004AD04ECE4A
:10E6440052CC5AC806D63E8B368ABA894289EFF034
:10E65400DFE48347D1000346C1007D8E8347E10098
:10E664007D8E9307F00F6316F6002316010023072F
:10E6740001009307F00F0343C10093781B00631458
:10E68400FB00937813009307F00F13FE3A00639690
:10E69400FA00135E1300137E3E009307F00F137508
:10E6A4003A006315FA00135533000D891307F00F70
:10E6B40093F719006395E90093575300858B9306EC
:10E6C400F00F137719006316D900135363001377FF
:10E6D40013009306F00F6394D4008344D10093068F
:10E6E400F00F6314D4000344E100060EB3E8C8013C
:10E6F4000E05B3E8A8009607B3E8F8001A07B3E8D4
:10E70400E80068000D4693051009A306910023074D
:10E71400810023061101EFF05FCFB25022549254CE
:10E724000259F249624AD24A424B45618280011140
:10E7340022CC26CA2E84AA840D46930510096800AB
:10E7440006CEEFF09FD58347C1000347D10083462F
:10E75400E1007D8F758F9306F00F630FD70013F7D9
:10E7640017009983858B2380E4002300F400F24092
:10E774006244D2440561828001478147EDB77971D3
:10E7840022D44AD04ECE2A84AE8932899305100908
:10E794000D46680026D252CCBA84368A06D6EFF0EB
:10E7A400DFCF8347C1000346D1008346E1009305D0
:10E7B400F00F33F7C700758F631EB70223000A00FA
:10E7C400FD572300F40089472380F40023800900C7
:10E7D4002300090097F7002023A807F697F70020E5
:10E7E40023AC07F8B250225492540259F249624AB7
:10E7F4004561828013F717002300EA0013D717003E
:10E804000D8B2300E40013D737000D8B2380E40025
:10E814002380C90095832300D900858B17F6002037
:10E82400130606F21CC683C60400054797F70020AA
:10E834009387C7F16383E6028D456385B60285E25B
:10E84400A387E70097F7002023A807F28347040073
:10E8540091EF85472300F60071B70947D5B7A38721
:10E86400B700CDB7D8D7A387E700CDB70547E39B5B
:10E87400E7F697F70020238507ECADB701111306DF
:10E88400F10085451305503006CEA3070100EF00C3
:10E894005220F24005618280011185471306F10080
:10E8A40085451305503006CEA307F100EF00721E14
:10E8B400F240056182807971170500001305E517A0
:10E8C40006D622D426D2EF10B02B9384C1822380A3
:10E8D400A400EF90AFDD1766FF1F1306A66CD545A5
:10E8E4000145EF50D067930500320D45EF30406A83
:10E8F400930500321145EF30A06993050064154576
:10E90400EF300069930500321945EF306068054423
:10E914003008914513057040A30681002307810048
:10E924002308810002CCA3070100EFF0D1041306F1
:10E93400D100854513050040EFF0F1031306E10013
:10E94400854513051040EFF011031306F1008545CA
:10E9540013052040EFF0310210088545130550409F
:10E96400EFF071014D45EF50B07C4D45EF908018AC
:10E97400EF908FB94D45EFC0BFFD4D45EF801F8629
:10E9840089472307F1008D47A307F100B7373233D6
:10E99400938707133ECCB7373637938747533ECE1A
:10E9A400B7070304938717203EC81306D100954781
:10E9B40085450145230AF100A3068100EFC0FFFE4F
:10E9C4001306E10085450545EFC03FFE1306F1003F
:10E9D40085450945EFC07FFD3008A1450D45EFC0D1
:10E9E400DFFC100895451145EFC03FFC138581827B
:10E9F400EFC0DFFA13850182EF805F80225403C5E4
:10EA04000400B2509254854545611753FF1F6700B7
:10EA140043DE2E86AA8501456F802FFF0111230650
:10EA2400A1008945680006CEA3060100EFF07FFE31
:10EA3400F2400561828001119397050122CC06CE34
:10EA440026CA4AC84EC6C1872E8463D4070203C5AA
:10EA5400C1829730FF1FE780C0BD19C1EF10A01617
:10EA64002165218DF2406244D2444249B249056194
:10EA7400828093F7850089CFEFB04F972A8611C51E
:10EA8400A14503C5C182EF10403B13458400D9BFA3
:10EA940093F7150085C31766FF1F1306E64F97F516
:10EAA40000209385A59903C5C182EF0062551345E3
:10EAB40014004DBF93F7250013C52500C5F713F5C2
:10EAC40045004DD19389019E83A709001389C19DF7
:10EAD40083250900850763ECF5009307400501458C
:10EAE40017F70020232CF7C8EFF05FF395A083A756
:10EAF400419EB20585660146BE9505459720FF1FD8
:10EB0400E780E079AA841375F50F31C5EFF01FF1A2
:10EB140093075005C54517750200130565F217F7ED
:10EB24000020232DF7C4EF00F072894613F6F40F8A
:10EB3400C54517750200130565DDEF00F071294521
:10EB44009720FF1FE780A0329720FF1FE780402017
:10EB54001345440001BF9386819D98428327090091
:10EB64000507850798C22320F900A54663F5E6004A
:10EB740093076005ADB703A709000507E3FFE7F4B2
:10EB84002285CDB51305E00F6FF05FE9411122C472
:10EB9400930600102A8417F60020130666AA9D65C2
:10EBA4002D4506C69720FF1FE780606FB7F7070063
:10EBB400DC532147BD8B6393E70001A0930600104B
:10EBC40001469D6525459720FF1FE780406D17F698
:10EBD40000201306E6A6230086002244B2409306D2
:10EBE40000109D65294541011723FF1F6700236B12
:10EBF40001451723FF1F6700231B1387019D8357BC
:10EC04000700797122D4850706D626D217F400208E
:10EC1400130484832310F700834704005147938728
:10EC240007F993F7F70F6364F724177702001307C4
:10EC340027D28A07BA979C43BA97828783461400DF
:10EC4400835524009307000517F700202328F7B203
:10EC540023A6D19EB76703009205BE9523A4B19E57
:10EC64009387319D03C7070001E705472380E70029
:10EC740017E600201306867D09459720FF1FE780CD
:10EC840000629374F50F85C4CD4517750200130512
:10EC9400A5D6EF00305C89462686C5451775020067
:10ECA4001305C5C6EF00505B8547A38AF19C2685F2
:10ECB4002254B250925445616FF05FD6392683577F
:10ECC4002400376703009207BA9723A4F19E130721
:10ECD400000597F6002023A3E6AA83564400138474
:10ECE400419E10401387019E6395C7001043630340
:10ECF400D6061CC014C323AE019C23AC019CA3897B
:10ED0400019C1440238B019CA38A019CB7770300C8
:10ED140063EAF6001C4337D70600FD17B207B6971F
:10ED2400637DF7021305F00FEFF05FCFDD45177534
:10ED340002001305E5CAEF00F05110402254B2500E
:10ED44009254A146E14517750200130565BD45615E
:10ED54006F00905023AC019C6DB72254B250925472
:10ED640003C5C182914545611753FF1F670063A81E
:10ED740083461400835524009307000517F70020E9
:10ED8400232EF79E23A6D19EB76703009205BE9556
:10ED940017E600201306866B0D4523A4B19E972029
:10EDA400FF1FE780C04F1374F50F05C4C9451775DD
:10EDB40002001305A5C1EF00F04989462286C54526
:10EDC40017750200130585B4EF0010498547A38A1F
:10EDD400F19C9387619D03C707003365E40023809A
:10EDE400A700F9B52398019CEFF09FE00D45EFF0E3
:10EDF400FFD91306F00F9305F00F0145EFE06FDA2A
:10EE040029459720FF1FE78080062254B250925470
:10EE140045611723FF1F6700A3F3B7076003890742
:10EE24003EC6D145B707109368003EC8230A0100C7
:10EE3400EFF03FBEB250225492544561828083C6A3
:10EE4400519D054797F7002093874790639DE600FF
:10EE540013075005C945177502001305E5B598DB7E
:10EE6400EF00503F71BF1307400598DBE1B7CD4574
:10EE740017750200130505B3EF00D03D03460400E7
:10EE84008946C94517750200130545ABEF00D03C10
:10EE94002254B250925445616FF0DFCE411122C426
:10EEA4002E862E84AA8517E500201305E55906C68B
:10EEB4009730FF1FE780E0802389819C2244B24081
:10EEC40041016FF09FD34111854706C617F7002013
:10EED400A30BF7882389C19CB7170040A3810704BB
:10EEE40017E50020130545569720FF1FE780607D36
:10EEF400B24041016FF07FD083D7C19F9DC35D476E
:10EF04003E866373F7005D464206B7E757004182C9
:10EF1400938707403306F602894503C5B19F6F0006
:10EF2400D07182804111014506C622C426C2EFD0A9
:10EF3400FF8A1305401F9720FF1FE78040F3814598
:10EF44007D55EF70FFA681457D55EF705FB0371496
:10EF540000401307000E9307840D98C38D451305D5
:10EF6400000EEF70DFAE9304C40A85679CC08D4524
:10EF74000565EF70FFA395671304C40C1CC08D4591
:10EF84001565EF70DFAC894513050021EF705FA2B2
:10EF940089450965EF70BFAB0D651305958288C07F
:10EFA4008D45EF70FFA0216581451105EF705FA0CD
:10EFB40081452165EF70BFA92244B2409244854542
:10EFC4001305000841016F70BF9EB7E700E03707E3
:10EFD400040023A0E7180F10000082801965411176
:10EFE4008D45130505E306C6EF709F9C8145130507
:10EFF4000010EF70FF9B15658545130585CCEF70F8
:10F004003F9B8D457165EF709FA437256000854552
:10F014007D15EF70DFA389450965EF705FA3B7170E
:10F0240000409386870A984205669387870C518F20
:10F0340098C298439166B240558F98C341016F00BE
:10F04400F017411106C622C426C2EFA00FEE2DE52B
:10F0540017E400201304846F0346140185476318E2
:10F06400F6049384019F83C60400B9E617E70020E1
:10F074001307076D83470700A9C78347F400638616
:10F08400C70089466393D70085468347840185EF8B
:10F0940003478700A386018201489307F00F0146C6
:10F0A40081450145EFF02FD885472380F40083473D
:10F0B400140199E32388019EB24022449244410101
:10F0C40082808D46D9B7FD1793F7F70F0546E36D98
:10F0D400F6FCA38601820347870003464401834567
:10F0E400340101489307F00F05456DBF011122CC8F
:10F0F4002A84680006CE9720FF1FE780E0CAB7E79E
:10F1040000E03707001023A0E7180F1000001305D4
:10F11400607E81470147814639468D45EF601FC6B1
:10F12400014521C0994763E187027D141374F40FEC
:10F13400954763E58702177702001307A7910A042E
:10F144003A941C40BA9782879307700C630AF402BE
:10F154009307200D370505006306F4021D4511A031
:10F164000545EF700FF0F240624405450561828069
:10F174000945C5BF0D45F5B71545E5B71945D5B7DB
:10F18400370510007D15EF700FF6F1BF797106D6C3
:10F1940022D426D24AD04ECE52CCEFA0AFD841EDE5
:10F1A4001384419F8347040099E72389019EA38820
:10F1B400019EEFD03FCE2800EFD09FD903498100B4
:10F1C40085479384319F9389B19F6310F9048347E2
:10F1D400910085CF83C70400CDE3034A0400EFD038
:10F1E4001FB30347E1009387219F631E27052380F4
:10F1F400E700A388019E637C4507E145177502007B
:10F204001305C586EF00100511A883C70400B5E7F0
:10F2140003490400EFD0BFAF637B2505EF908FB1A6
:10F2240085472380F400130600649305000403C596
:10F234000900EF009040B250225492540259F2490E
:10F24400624A4561828083C70700E39627FB034730
:10F25400F100E312F7FA9386119F83C7060085072E
:10F2640093F7F70F2380F600E36AF7FA69B7834749
:10F27400040085072300F4007DB797E70020238767
:10F28400074C854717E700202302F74E1306401F5B
:10F29400238A019EA389019E2389019EA388019E3E
:10F2A400C14571B717E700200347474A85476314F0
:10F2B400F7006FF0BFED3D654111130505A606C6C5
:10F2C400EF00A077EFF01FC60145EFF03FE20145E4
:10F2D4009710FF1FE780A0420545EF70AFE7B7170F
:10F2E4000040130700032388E702B24023AA0198D1
:10F2F40041011723FF1F6700A3A5797193970501A7
:10F3040026D206D622D44AD04ECEC187AE8463DC40
:10F3140007009720FF1FE780C03119C1EF00B00A32
:10F324002165258DB5A293D7B500858B638B070E18
:10F33400EFA00FBE01C9056513050580258D4205A3
:10F344004181B9A217E4002013044440EFA0CFBECA
:10F354008329C40285476391F90AEFD0AFD92A897A
:10F3640063093501EF90CFCF97E700202380073E54
:10F37400D9B72308A400A307A40097E7002023819A
:10F38400A73C05468145014597E7002023A4073E95
:10F3940097E70020A388073CFD59EFE06FA8631BA3
:10F3A400350197E700202383073AEFD04FE2EF902F
:10F3B4002FCB51B78947054681450145A307F40082
:10F3C400A30C24012308240197E7002023AC07366B
:10F3D40097E7002023AE073697E7002023AC0738D1
:10F3E40097E70020238E0734EFE08FA3E30B35FB70
:10F3F4008547A308F40081B78345440103453401DC
:10F404000546A30CF40017E7002023270736EFE096
:10F414002FA1FD57E31EF5FC97E700202388073250
:10F4240079B793F71500A5CF17E40020034464339C
:10F43400EFE0AFD405476304E5006317E400238CD1
:10F44400019E239B019E11A89386819F83C706007A
:10F454006368F70085072380F600EFE08FE039A8A2
:10F464009386619F83D7060015671307F7458507C1
:10F47400C207C183E367F7FC2390F6000566130611
:10F4840006C8854503C5B19FEF00301B13C51400A2
:10F49400B250225492540259F2494561828093F742
:10F4A4000510C1C397E700209387472A03C70700C5
:10F4B40083C617011384B19F03450400558F11EFD0
:10F4C40083C687010547636AD70083C6B701639B78
:10F4D400E60097E70020A388072897E70020A38287
:10F4E400072819A803C77701F94605071377F70F0B
:10F4F40063EFE600A38BE7000345040013060064F2
:10F5040093050010EF00701313C5041051B71306D0
:10F51400401FC14597E70020A3850724EF00F011A1
:10F52400E1BF93F705019DC3EFA0CF9F01C513C5AC
:10F534000401B9BFEFF0FFB017E700200347E7214C
:10F544008547E306F7FEEFF0FFD5D5B793F725001F
:10F55400638E0716EFA0CF9B19C913060064894573
:10F5640003C5B19FEF00700D13C5240015B7EFA0BC
:10F574006F9B65F5938901A083A70900F5D71389CB
:10F58400C19F8357090099CFDD463E8763F3F60098
:10F594005D47998FC207C1832310F90081C7EFF03B
:10F5A400BF95D9B7EFA04F999306E1001307F10077
:10F5B4001306D1006C001305B100EFF04F9C17E760
:10F5C40000201307E71797E6002023A5061A97E6FD
:10F5D400002023A906168346870097E7002023A965
:10F5E4000716C16714C78346B10017E4002013044B
:10F5F400E415FD171CC4930700051CD81387F6FFF8
:10F604008547A30CF4002318F4001377F70F1306AF
:10F61400D00F6373E6080347F10097E700202383C4
:10F6240007148D476312F704EFD09FA42945972050
:10F63400FF1FE78060828565130640069385058079
:10F6440003C5B19FEF00607F29459720FF1FE78026
:10F65400A080EFD03FA2B7A7987B23A0F90093071F
:10F6640080162310F90025BFEFD09FA029459710DD
:10F67400FF1FE780607E054681450145EFD05FFAB4
:10F68400FD576317F50097E700202381070C6DBF32
:10F694008547A308F4004DBFE39FF6FA8947230C7E
:10F6A400F4008347C100A309F4008347D100230A6F
:10F6B400F400EFD0FF9B29459710FF1FE780C07926
:10F6C400834544010345340105464DBF93F70504C2
:10F6D40091C7EFF0BFAB13C504045DBB0564B3F77A
:10F6E400850099CB13060064856503C5B19FEF00BF
:10F6F400C07433C58400A1B193F7850095CF938777
:10F70400A19F03C707001384B19F05E30547238026
:10F71400E700EFF06F981306400603450400A14587
:10F72400EF00A07113C58400A5B3238D019EEFF0F3
:10F73400EF941306803ED5B78967ED8F95CF9387F5
:10F74400919F03C707001384B19F19EF05472380D6
:10F75400E700EFE07F8E1306400603450400896549
:10F76400EF00A06D096575BEA38C019EEFE09F8C30
:10F774000566130606C8D5B713F50502E30A05D0D6
:10F78400EF80BFC613C5040221B32547AA87636768
:10F79400A7009307050313F5F70F8280130765FF8E
:10F7A4001377F70F95461305F00FE3E8E6FE93870A
:10F7B4007703D5B7011122CC26CA4EC652C406CE51
:10F7C4004AC897E400209384A4FB0144138A41A00F
:10F7D4009949B307440103C9070005048904135573
:10F7E4004900EFF09FFA238FA4FE1375F900EFF0A0
:10F7F400DFF9A38FA4FEE31E34FDF2406244D24439
:10F804004249B249224A05618280411106C6EFE0AD
:10F81400FFD7930760066301F50213056006EFE066
:10F824005FD5B2400548854705478946014681456D
:10F83400014541016FE03FDFB24041018280011187
:10F844009305F1001305E10006CEEFE05FEE0347F8
:10F85400F1008546A386E1828347E100639ED700D9
:10F86400630CF700B7A7987B23A0F1A09307801639
:10F87400239EF19EEFF04FE8F2400561828079719A
:10F88400054506D626D222D44AD04ECEEF70AFA775
:10F89400130550349710FF1FE7800028B717004066
:10F8A40083C44704EFF00FE88922EFC02FBDEFC0F7
:10F8B400EFD0EFF03FF09945138541A0EFE06FBA28
:10F8C400EFF0B1489D888D476392F4020145EFD073
:10F8D400FFCD1305F00FEFE0DFC91306F00F93051A
:10F8E400F00F0145EFD0FFABEFE07FD217E9002026
:10F8F4001309C9E5854923223903EFF01FF1EFE02D
:10F904009FFBEFF0914BEFE08FE517050000130527
:10F91400059FEF00F0261384B19F2300A400014546
:10F9240097E70020238B07E297E70020238007E472
:10F93400EFC0DFEAEFE04F8A8D47639FF40085450F
:10F94400454523083901EFD06FB803450400C1458C
:10F954009740FF1FE780E0E90345040085641386B0
:10F9640004C88545238C019E239B019EF921EF70D9
:10F974000FDD0145EF702FD7238D019EEFE08FEB54
:10F984000546930510086800EFE03FB10347C10046
:10F9940085476318F70003450400138604C8896586
:10F9A4006929EFF0DFE9EFE07FC38545130500081F
:10F9B400EF700F809710FF1FE78000724111C1455F
:10F9C400014506C6EF708F92B71700401307000871
:10F9D4008545414523ACE70CEF706F87B2408D45F8
:10F9E4001305000841016F708F86411106C6EFF0C0
:10F9F400FFFCA38601A0238601A0239501A0EF703C
:10FA0400EFE0716513050520EF704FDD0145EF70E0
:10FA14000FE395450545EF702FE4B7E700E0238D2C
:10FA24000740B2403707000423A0E7104101828059
:10FA340001C599C16F706FE582803737004011C5E9
:10FA44008347570093F7070491C382807D154205CD
:10FA54004181F5B76FF0DFFD011122CCB687368402
:10FA640006CE97660200938626028DE7930704016B
:10FA74008A973547238AE7FE2947A38AE7FEEFF0F2
:10FA84003FFB930524004800EFF09FFAF2406244E4
:10FA940005618280FD1793F7F70F13870701330879
:10FAA40027001377F6003697034707001182230ACD
:10FAB400E8FE65BF411122C426C206C64AC04144BD
:10FAC400EF60AF9B938401A123A801A0EF602F9E58
:10FAD4009C407D141374F40F3E9588C065F8118121
:10FAE40088C0814513050008EF609FEC89450945EE
:10FAF400EF60EF94EF608F8BB71700402D47238C96
:10FB0400E7042A8923A801A04144EF604F9A984052
:10FB1400B30725017D14BA979CC01374F40F75F4D0
:10FB240013074006B3D7E7029306C0157D551308A3
:10FB34005006B387E70291839CC0B387D70293062C
:10FB44001066B3D7D70297660200938626F5B3876B
:10FB5400E702014783D506003386F54063E4B70026
:10FB64003386B7406374A6003A8432850507137759
:10FB7400F70F8906E31007FFB7170040A38D0704AA
:10FB8400238D070413050008A38C07048545EF6043
:10FB94003FE213054006B240018D224492440249DB
:10FBA4001375F50F41018280184183A785FF6319FE
:10FBB400B7001CC1FD5723AC05FE238FF5FE8280E0
:10FBC400232CF6FEC5BF411122C437E400E026C24F
:10FBD40004403707200006C6F98C2320E4180F10D0
:10FBE400000009E9232094101545B24022449244B0
:10FBF400410182800347E5FF9307F00F6306F70096
:10FC0400232094101145D5B79730FF1FE780205B60
:10FC1400014523209410D1BF41114AC037E900E0C7
:10FC240022C403240900B707200006C626C27D8C1F
:10FC34002320F9180F10000089E5232089101545A9
:10FC44001DA0AA8497F7002083C757442E8563F527
:10FC5400F400894763EF9700EFF0FFF6B7E700E0A1
:10FC640023A087100D45B240224492440249410129
:10FC7400828083A785FF99E703C7E5FF9307F00F09
:10FC84006309F700EFF03FF4B7E700E023A0871023
:10FC94007DB7238F95FE138541A19720FF1FE78031
:10FCA4008091A16526859740FF1FE78080B40145B8
:10FCB400232089104DBF23AA01A082804111B7E7F8
:10FCC40000E026C284433707200006C622C4F98C0C
:10FCD40023A0E7180F10000097F7002083A7873FA1
:10FCE4001384018391C782971C40AA971CC021A04A
:10FCF40083A741A2EDFB0840B74703009387D73F92
:10FD04003305F502B7A72600938737ECB2403E953A
:10FD140008C02244B7E700E023A0971092444101B1
:10FD24008280B7E700E09843B706200023A0D718E5
:10FD3400758F0F10000097F6002083C63635637E5A
:10FD4400D50083A601A33325D5201621B3F5B640EB
:10FD54000EA123A0E7100145828023A0E7100D45E2
:10FD640082807971B7E700E026D284433707200008
:10FD740006D622D44AD04ECE52CCF98C23A0E71812
:10FD84000F100000930705FF93F7F70F7D4763609B
:10FD9400F70A31473307E50283A741A3BA979C4387
:10FDA400D9C7135445003D893315A028AE89B345FE
:10FDB400050822852EC69740FF1FE780E0912A8917
:10FDC40031C9B245228517FA0020130AAA33EFF08D
:10FDD4005FF583A741A282978357CA002A8481468C
:10FDE4003387370313060064B3B7370313050732A9
:10FDF400B335E500BE95EF20526EB3078500832628
:10FE04008A003E8763E4A70063E4D7003387D740C2
:10FE14002324E900B7E700E023A097100145B2507E
:10FE2400225492540259F249624A45618280B7E7EA
:10FE340000E023A097100945DDB7797122D437E497
:10FE440000E04AD003290400B707200006D626D2D2
:10FE54004ECE52CC56CA5AC85EC63379F900232016
:10FE6400F4180F10000097F7002083C73722637639
:10FE7400F50083AB41A263970B00B7E700E023A032
:10FE8400271199A097FA0020938ACA2703AB8A0006
:10FE9400B74736FE938707C83E9B83D7CA002E8A8E
:10FEA400AA84B385C702B2898146B3B7C702138552
:10FEB4000532B335B50013060064BE95EF20F26138
:10FEC4006370AB02232024110145B2502254925492
:10FED4000259F249624AD24A424BB24B456182808E
:10FEE400829B83D7CA002A8413060064B385370330
:10FEF4008146B3B7370313850532B335B500BE95D4
:10FF0400EF20B25DB307850003A78A003E8463E453
:10FF1400A70063E4E7003384E740D2852685973061
:10FF2400FF1FE780607B01C900C5B7E700E023A09D
:10FF34002711054559BF93E504F04145B3C50508AC
:10FF44009730FF1FE780401B11E997F7002083A734
:10FF5400671985D7A6851145829705B71387C1A26E
:10FF64001C4389EF08C385472326050000C52311D8
:10FF7400450104A11CB12322050045BF3E87DC478F
:10FF8400F5FF48C7CDB77971B7E700E026D28443BF
:10FF94003707200006D622D44AD04ECE52CC56CAB9
:10FFA4005AC85EC662C466C2F98C23A0E7180F1053
:10FFB40000002DC12A892E8AB28AB6894144B14CE7
:10FFC400138B41A3130C0003B30B940383270B007F
:10FFD400DE979C43A5E3135544409375F40056867D
:10FFE4001375F50FB315B028B3C50508EFF0FFE49A
:0CFFF40031C183270B00DE9723A02701FA
:020000021000EC
:1000000023A247016384090023808900B7E700E049
:1000100023A09710014521A023A097100945B250B5
:10002000225492540259F249624AD24A424BB24B8C
:10003000224C924C456182800504E31984F9B7E7AC
:1000400000E023A097102145D9BF011122CC37E44D
:1000500000E026CA04404AC84EC652C406CEB707BE
:1000600020002A892E8AB289FD8C2320F4180F10D3
:100070000000EFF0DFDCD2854A859730FF1FE78074
:10008000E06501ED232094102145F2406244D24402
:100090004249B249224A0561828097F7002083D7FE
:1000A0006707B38537032A89130600648146B3B70F
:1000B000370313850532B335B500BE95EF203242C4
:1000C0002322A900232094100145C1B7011126CA9B
:1000D000B7E400E04AC803A9040022CC4EC6B70723
:1000E000200006CE52C4AA892E843379F90023A0B9
:1000F000F4180F1000009730FF1FE780205E17FAFA
:100100000020130AEAF805E5A2854E85EFF0BFC18D
:1001100083470A006381370523A024111945F24063
:100120006244D2444249B249224A05618280231185
:100130000500A2854E85EFF01FBF83470A00638646
:10014000370123A024110145D9BF1387E1A11E2344
:10015000C18F1EA3FDB79387E1A19A23598C82A377
:1001600065BF01114AC837E900E022CC0324090029
:10017000B707200006CE26CA4EC67D8C2320F9186C
:100180000F1000009307F00263E6A704B144B30424
:100190009502938941A383A70900A6979C439DCB11
:1001A0009375F5001181B315B028B3C50508EFF0BC
:1001B000FFF183A709000145A69723A0070023A20A
:1001C000070023208910F2406244D2444249B249D8
:1001D00005618280B7E700E023A087100945E5B7F5
:1001E0004111B7E700E026C2844306C622C43707A0
:1001F0002000F98C23A0E7180F1000009730FF1F94
:10020000E780C04D19E90145B2402244B7E700E05C
:1002100023A09710924441018280004583A741A208
:10022000829797F70020938727EE6367A402984789
:10023000B74636FE938606C83305A4403697E37466
:10024000E5FC13070064B335E502D2278146330588
:10025000E502EF20D2284DBF98473A94C9BF41111B
:1002600006C623A0A1A20295B24097F7002023ADB5
:10027000A7E201454101828041115146814517F5B0
:100280000020130525E706C622C426C223A601A224
:1002900023A001A223A201A2238E01A023AC01A0CE
:1002A0009710FF1FE780A04813068002814517F5CD
:1002B00000201305E5DD9710FF1FE7804047EFF0B2
:1002C000E13997F70020938727DFE82BFC3B17F4F1
:1002D00000201304E4DB85453E958D473305F50288
:1002E00093070004938441A339051375F50F337503
:1002F000F50A994728A03305F5021305052433456F
:1003000005089730FF1FE78060DF88C03DC53020BB
:10031000994781453306F602130606249710FF1FFE
:10032000E780E0409C403820938481A29387072493
:100330009CC0B347F72023A8F1A2EFF01F98312902
:100340001C3094401736FF1F1306663133C7D72081
:1003500010C3138717001377F70F1736FF1F130605
:10036000E6293347D72010C313873700890718B011
:1003700093F7F70FB3C7D72090C3B24022449244FB
:100380004101828097F60020938686D02A87BC227E
:100390008832637BF5001306150083A781A290B213
:1003A000B347F52098C382801305F00F82801C416B
:1003B000FDC7370700F07D8FB7060020894763111E
:1003C000D70E5A21411122C406C62A8461C7194694
:1003D0009305F00F69059710FF1FE78080480547D8
:1003E0008D476309E50A1C4491C7585899475DC376
:1003F000185C4DC31306C003814517F50020130593
:10040000A5CB9710FF1FE78080321306C003A2859B
:1004100017F50020130545CA9710FF1FE780A02A93
:1004200097F70020938747C9DA2701E713070010E1
:10043000DAA7F82719E30547F8A79A2B19E36D47C0
:100440009AABF83719E31547F8B7B82B19E3054706
:10045000B8ABB83B19E3F837B8BBD83B11C79376B4
:1004600037000983F4ABF8BBD82B19E35547D8AB59
:10047000182C01E71307C00398AF9C5791C78297C8
:1004800097F70020239AA7C0FD572388F1BCEFF00F
:10049000BFDE8147B24022443E85410182808947C8
:1004A0003E85828079714ECE97F900209389C9C527
:1004B00083A7090006D622D426D24AD052CC8297EE
:1004C00013090064B335250303D6C900814617FA22
:1004D0000020130AEABB32C633052503EF203200A1
:1004E00083248A012A8401456386840232463305C7
:1004F000944063EF840003A589008146B335A902C7
:100500003305A902EF20A27DB3079540338587000C
:10051000232C8A00B250225492540259F249624A62
:1005200045618280011122CC0A852E84414697457F
:1005300002009385A5F906CEEF502FE51808332465
:10054000E420035704FFF240624497F7002083D76A
:1005500087BC37450F00BA97130505243355F502BC
:100560000561828097F7002083D7E7BA51471D4580
:10057000637CF702794719456378F7021307200374
:1005800015456373F7021307B0041145637EF70046
:10059000130740060D456379F70013076009094505
:1005A0006374F70013B5B70F8280411122C426C2CD
:1005B0002E84AA8406C6058CEFF08FF0B327A40220
:1005C000B2402244338597001375F50F92444101E0
:1005D0008280411122C426C22E84AA8406C6058CBC
:1005E000EFF00FEEB327A402B24022443385970008
:1005F00033450508924441018280411122C426C23C
:100600002E84AA8406C6058CEFF08FEB3335A40246
:10061000B2402244269592444101828041114AC051
:1006200017F90020130949A98327890206C622C4A5
:1006300026C28DCF829797F40020938464A59E24D0
:100640002A848DC733F7A70A33470708B3D7A70A09
:10065000B3C70708B307F74051476359F70083272B
:10066000C90291C38297EF90912082A4B2402244A4
:100670009244024941018280011122CC23AC01A2A3
:1006800017F40020130444A35C5406CEAA8581C746
:100690002AC68297B245C9C59C410545B5CF9C4540
:1006A000A5CFDE25B5CBFE25A5CB9C2981CB7C280B
:1006B0007838BA976342F506DC41B9CF1306400299
:1006C00017F50020130545A49710FF1FE780A0FF32
:1006D00097F70020938747A3984323A2E1A2183CF1
:1006E00019EFCA279307805737460F003305F502E5
:1006F0001306062481468145EF20625E08BC183C43
:100700009D4763E4E700A1471CBC170500001305E3
:10071000A5D9EFF0DFB40145F24062440561828063
:1007200097F7002023A4079897F700209387C79D89
:100730001717FF1F1307075F98C337873200FD564F
:10074000130727A194C7D8C797F700202386079CD3
:10075000B7C7004023A4D726A5BF011122CC17F4A8
:10076000002013046495084406CE26CA4AC801E94D
:100770000545F2406244D2444249056182805C589A
:10078000E5DB185C75D77000854582971844B24741
:10079000E300F7FE4A249305E00417F9002013094B
:1007A000298F9730FF1FE78060952320A90269D128
:1007B00052249305F00F81449710FF1FE78020F724
:1007C0007C240326090263C1F40232859730FF1F9F
:1007D000E780209F014597F7002023AB078C97F710
:1007E000002023A9078C71B74E241844B3879502C3
:1007F000898185043385E7001C5C08C28297C9B7EC
:10080000011122CC17F400201304048B1C4426CAC7
:100810004EC656C206CE4AC852C45AC0AA84AE8931
:10082000B28A6388071A585839CB1307F01F6366DA
:10083000A71017FA0020130AAA8503290A026312D7
:1008400009044A249565938515E09730FF1FE780DA
:10085000E08A2320AA022A861DC14E245C5808443F
:10086000898182971C4403290A022322FA028947BC
:10087000639EF402C1479305090C6381F90429457D
:10088000BDA003274A02E384E7FE4A2495659385C9
:1008900025E09730FF1FE78060862A896DD14E24BE
:1008A0002A865C58084489818297D1B78D47639A1C
:1008B000F404C1479305490DE393F9FCB82193076C
:1008C000A0056312F7069E21639F97044E8691054B
:1008D00056859710FF1FE78000DF83270A02638792
:1008E00027014A859730FF1FE780A08D0145F24020
:1008F0006244D2444249B249224A924A024B0561BB
:10090000828091476397F4009305890EE39999F6E5
:1009100075B793070010E394F4F6A147E3E137F7C6
:100920009305090F61BF83270A02E38A27F54A85E9
:100930009730FF1FE780E08899B71D67637FE50662
:10094000130705E099463347D702562417EB0020DA
:10095000130B0B743307D702330AF70083274B02BC
:100960006396470103290B02631109024A24930588
:10097000E0049720FF1FE78060782A8909D14E2480
:100980005C582A8689815285829791451307A00574
:1009900093F5C50FB307B900B4236399E602962314
:1009A0006394960291054E86CA9556859710FF1F4F
:1009B000E78060D183270B021DB7A166F916E3E03B
:1009C000A6EC3307E54051B7AC33D9B783270B0208
:1009D000A9BF97E5002083A5A56DE38205EA9147AD
:1009E0009306A00593F7C70F3387F5003023E3186C
:1009F000D6E81223631B960091074E86BE95568556
:100A00009710FF1FE78020CCD5B53C33E1BF97E7B7
:100A100000209387676A984721C7985F31C385464E
:100A20006310D504411122C417E400201304446666
:100A3000105006C615C2CE2748508981029708502B
:100A40009720FF1FE780E07797E7002023A2076643
:100A500097E7002023A00766B2402244410182802C
:100A6000828001114AC817E900201309E9644EC6C3
:100A70008329890022CC26CA52C406CE56C2AA8433
:100A80002E84328A638D091A8327890399EB2945BD
:100A9000F2406244D2444249B249224A924A056134
:100AA000828083274903E5D79307F01F63E0A70CF3
:100AB00097E900209389C95D83A7090295CF032593
:100AC000890083A749026395A7048947639FF404BB
:100AD000C147E31EF4FA03A509021305050C9307A9
:100AE000A0053CA106A12286D28511059710FF1F03
:100AF000E78060BD014569BF0355C9009305E00467
:100B00009720FF1FE780805F23A0A9024DF941B71E
:100B10008355C9008327490303A609028981829767
:100B20008327890023A2F9024DB78D47639AF40009
:100B3000C147E31EF4F403A509021305450D45B7AB
:100B400091476399F400E31494F403A50902130593
:100B5000850E71B793070010E39BF4F2A147E3E819
:100B600087F203A509021305050F95BF9D676373FF
:100B7000F506930705E01947B3C7E7020357C90015
:100B800097EA0020938ACA50B387E702BE9983A7E9
:100B90000A02A1CB83A74A026391370703A50A0281
:100BA00091479305A0051308F00F13F7C70FB3067D
:100BB000E500B0226313B60683D80600B032639C0A
:100BC0009804B307F64063C6870411072286D285CE
:100BD0003A9529BF21677917E36BA7EAB307F54078
:100BE00071BF0355C9009305E0049720FF1FE780FC
:100BF000E05023A0AA0259FD59BD8355C90083279F
:100C0000490303A60A0289814E85829723A23A03EB
:100C100071B723900601B28749BF3386870011065A
:100C20001308F00B6374C8002D459DB5ACA21306E4
:100C30003400719A1106B29786A2BCB279B797E9CF
:100C400000209389E94483A709029DCB03A50902EB
:100C500091471308A0059305F00F13F7C70FB306CC
:100C6000E500B0226310060583D80600B032639712
:100C70009800B307F640E3DA87F48EA2B287F1BF9B
:100C80008347E9000355C9009305E0043305F502E5
:100C9000334505089720FF1FE780404623A0A9029F
:100CA00055F5F5B30356C9008345E900B385C50280
:100CB000338687001106E3E9C5F62381060185BF67
:100CC00001458280011106CE2EC6EF80704919C5FC
:100CD000B245F2402A2105616FC0106AF2404945D1
:100CE00005618280A38201A6238201A623A001A61A
:100CF00023AE01A423AC01A423AA01A423A001A430
:100D000023AE01A297E7002093874742370684036A
:100D100090D33707B40037C6070098C3130606B848
:100D20003747A000D8C3D0D33707100041669306D9
:100D3000070AB70550009308060194C723A41703B8
:100D400093860501930816F8D4C723A61703B706A0
:100D5000D007B7087F001308070513850601410770
:100D600023A81703B0C393081600938606051386BD
:100D70001500D8CBF8C323A8070188CF23AE0700FE
:100D800023AA170323AC070223AE070223A40704F8
:100D9000F0C7B4CB23AA0704ACCF23AE0705B8D362
:100DA0003707A000F8D71307000AB8DB1307C01CE9
:100DB000F8DB37071400B8DF0547F8DFE8D323A4D2
:100DC0000706930710F817E700202321F73E8280DB
:100DD000011152C42A8A214522CC26CA4AC84EC6CD
:100DE00006CE2E84B2893689BA849700FF1FE78029
:100DF000607E05C9930700FD1CA19947A30045012A
:100E00003CA12303250164B123123501AA85228563
:100E10006244F240D2444249B249224A05616FE03D
:100E2000FFDFF2406244D2444249B249224A05619E
:100E3000828023A0A1A6828023AEA1A4828023ACBD
:100E4000A1A4828023AAA1A48280011122CC26CA57
:100E50004AC806CE4EC62A89AE840144B309890029
:100E600063699400F2406244D2444249B249056148
:100E70008280EFE0FFE4B3470508A1832380F900F7
:100E80009307140093F7F70F850963F89700CA9743
:100E9000090488A31374F40FD1B73E84D1B741116C
:100EA00022C417E400201304A4306A20C16706C6D8
:100EB000FD17630CF50017E6002003466651938585
:100EC00041A4EF80700BFD577EA0B2402244410147
:100ED000828009C925151375F50F1335850E134545
:100EE000150082800145828023900500D1C279716E
:100EF00022D426D252CC56CA5AC806D64AD04ECE92
:100F00005EC62A8B2E8AB28A3684814463F05407E7
:100F1000B307940083C907001389140033490908F3
:100F200063860904B387290163C2FA04B307240165
:100F300083CB07005E85EFF0DFF90DC99387F9FFDA
:100F40002310FA0063906B03050933052401B250A6
:100F5000225492540259F249624AD24A424BB24B4D
:100F600045618280CE94B3C404084DB70145C5B72E
:100F700001458280011122CC26CA4AC84EC606CE3F
:100F800097E400209384C4222E89D0C88CC8C8C49A
:100F90002A8441469305F00F4A859710FF1FE7808A
:100FA000408C8549631B35038848C145EFF0FFE954
:100FB00041469305F00F22859710FF1FE780608A56
:100FC0000549631625036244C844F240D2444249AD
:100FD000B249C14505616FF05FE7414681454A85E9
:100FE0009710FF1FE780E087E31435FD75BF41468A
:100FF000814522859710FF1FE780A086E30525FD28
:10100000F2406244D2444249B249056182804111B2
:1010100022C426C22E84AA8413060002814517E545
:1010200000201305E51806C64AC09700FF1FE78099
:10103000007017E900201309A91797E70020238BF8
:101040008738A3019900EFC07035854719C18147E2
:1010500049452300F900B24022449244024941012B
:1010600082809DC91DC985476318F500DC3193E76F
:1010700007FCDCB10545828089476316F500DC3149
:1010800093F7F703FDB78D47E316F5FEDC3193F7D1
:10109000F70393E70704F1BF014582808DC10DC1BD
:1010A000DC311307000C054593F7070C638AE70052
:1010B0001307000409456395E7000D45828001454B
:1010C0008280411122C4005D06C626C21DC8AA84C2
:1010D000085009C59720FF1FE780A00E485009C59A
:1010E0009720FF1FE780E00D085409C59720FF1FD8
:1010F000E780200D22859720FF1FE780800C23AC1E
:101100000402B240224492444101828009ED97E7F3
:10111000002083C7070A17E500201305E50A81CBE5
:101120001385C1A4828017E500201305E50982809C
:1011300017E500200345E507828017E50020032519
:10114000E507828017E5002003258507828097E761
:10115000002083A727078843828017E70020130712
:101160002705544B9C4285079CC228339307F00FF8
:101170006307F50091651723FF1F6700C36782802F
:10118000011122CC06CE2E8432C6EF80700D91471D
:10119000B245631CF50083A741A589CF9C4399CB39
:1011A00022856244F2400561828783A7C1A599C365
:1011B000DC43F5B7F24062440545056182807971F0
:1011C00022D42A844A214ECE06D626D24AD097204F
:1011D000FF1FE780C077938941A631E583C40900EA
:1011E0009307F00F639AF40083C551A62685EFF0AC
:1011F0007FAD19E1238201A64A20EF807006914756
:10120000631CF50097E70020938787FA5620FA239E
:101210006394E6007D57FAA3B250225492540259C7
:10122000F24945618280582504212A893AC6EFF0A7
:101230005FE94A85EF8010404A20EF80A07D83C798
:101240000900324799C3E38197FA9307F00F5220C0
:10125000E384F4FA74202820A685EFF07FB769BFF5
:1012600079715AC82A8B2E854ECE52CC56CA06D6D4
:1012700022D426D24AD05EC62E8AB28AB689972058
:10128000FF1FE780C06C7DC5045D2A89E5C49C50C2
:101290001305400391E361459C5489C793074501B9
:1012A00033C50708638609009307C50133C50708DE
:1012B000DC5089C79307750133C507089700FF1FE6
:1012C000E78040312A845DC5614681459700FF1F54
:1012D000E780E04597EB002083CB4BE863940B005D
:1012E000834B0900930700FD1CA0A947A3006401DC
:1012F0003CA0230354018C502312440113058401A4
:1013000091C908C47146130A44039700FF1FE78080
:10131000803B52858C5491C948C45146130A4501FB
:101320009700FF1FE780203A5285638C090008C8A8
:101330007146CE85130AC5019700FF1FE780A038CC
:101340005285CC5099C548C85D469700FF1FE7807D
:101350008037A2855E85EFE07F8C2254B250925494
:10136000F249624AD24A424BB24B4A850259456120
:101370006FF03FD5B250225492540259F249624A5A
:10138000D24A424BB24B4561828001114EC6AA89B6
:101390002E8526CA06CE22CC4AC8AE849720FF1FCF
:1013A000E780E05A21C917E90020034929DB6314CB
:1013B00009000349050019459700FF1FE7808021B8
:1013C0002A840DC9814519469700FF1FE780203602
:1013D000930700FD1CA0B947A30034013CA046A020
:1013E000A2856244F240D244B2494A85424905612D
:1013F0006FE0DF82F2406244D2444249B249056163
:101400008280797162C42A8C2E8526D24ECE52CC2F
:1014100056CA5AC85EC606D622D44AD0AE84B28B0B
:10142000368BBA8A3E8AC2899720FF1FE7802052F6
:1014300035C52A8941459700FF1FE780A0192A84F6
:1014400031CD414681459700FF1FE780402E17E5CB
:1014500000200345A5D019E103450900930700FDCD
:101460001CA0BD47A30084013CA023047401A30475
:10147000640123055401A305440146A02326340139
:10148000A2852254B25092540259F249624AD24A79
:10149000424BB24B224C45616FE04FF8B2502254A0
:1014A00092540259F249624AD24A424BB24B224C00
:1014B00045618280011126CAAA8439454AC84EC6B0
:1014C00052C406CE22CC2E8AB28936899700FF1FDD
:1014D000E780401015CD9307000D1EA1B1472A8467
:1014E000231245013CA1CE85190519469700FF1F1F
:1014F000E780601D23062401A2856244F240424930
:10150000B249224A13F5F40FD24405616FE00FF19E
:10151000F2406244D2444249B249224A0561828083
:10152000411126C206C622C44AC097E40020938413
:1015300024C8B8309307F00F6308F7042A893945A7
:101540009700FF1FE78000092A841DCD930700FD47
:101550001CA1A30025012301050097E50020938528
:10156000A5C60D0519469700FF1FE780C0159E24EC
:10157000A285A8303EA49C305CA42244B240924490
:10158000024941016FE08FE9B2402244924402498E
:1015900041018280011156C2AA8A314526CA4AC831
:1015A0004EC652C406CE22CC5AC0AE84328AB68908
:1015B0003A899700FF1FE780E0013DC92A8426850C
:1015C0009720FF1FE780A03809C55825A147631160
:1015D000F70417EB0020034BDBBD930700FD1CA0B5
:1015E0009D47A30054013CA046A0231344012314AB
:1015F000340123152401A2856244F240D2444249B9
:10160000B249224A924A5A85024B05616FE00FE1C6
:1016100017EB0020034B1BDCE3910AFC83A701BA04
:101620009C47C5DFCA864E86D2852685829775B7C8
:10163000F2406244D2444249B249224A924A024BA1
:1016400005618280411126C2AA84214522C406C6B2
:101650002E849700FF1FE780E0F715C5930700FD74
:101660001CA1C5473CA13C30AA853CB15E205EA1CF
:101670007C207CA17C307CB12244B24026859244FF
:1016800041016FE0AFD9B2402244924441018280CF
:1016900041114AC02A89714526C206C622C4AE84B9
:1016A0009700FF1FE78000F33DC5930700FD1CA1D5
:1016B000F5473CA1BC302A849385C4003CB1DE20B0
:1016C00031051946231CF5FEFE20231DF5FE9E2440
:1016D000231EF5FEBC24230FF5FEBC34A30FF5FE3C
:1016E0009700FF1FE78020FEBC28A2854A853CA802
:1016F000DE285EA8FC287CA8FC387CB89C2C1CAC9E
:101700009C3C1CBCBC2C3CAC2244B24092440249E0
:1017100041016FE0AFD0B2402244924402494101FE
:10172000828001114AC82A89614526CA4EC606CE62
:1017300022CCAE89B2849700FF1FE780A0E925C1C3
:10174000930700FD1CA1BC302A84938584001CB142
:1017500095473CA1FC3011051946A30FF5FE9700F3
:10176000FF1FE78040F6DE2023063401A2853EA459
:10177000BE2C4A857EA4DE2C1EA8FE2C3EA883C764
:1017800004025CA883C714025CB8BE30F240D244A5
:101790007EA862444249B24905616FE02FC8F24019
:1017A0006244D2444249B24905618280411122C457
:1017B00006C617E400201304A49F3C208DC7AA8509
:1017C00019461385C1A49700FF1FE780C0EF2820AA
:1017D0009385C1A4EFF0FF882244B2401385C1A4D1
:1017E00041016FC0603CB24022440145410182800A
:1017F000411126C206C622C44AC097E40020938441
:10180000249BB8309307F00F6300F7042A89294519
:101810009700FF1FE78000DC2A841DC5930700FDA9
:101820001CA1A147A30025013CA1BC209385C1A414
:101830001105A30FF5FE19469700FF1FE780A0E8EA
:10184000A830A285EFE08FBDB8208D47631DF7005B
:1018500083A781A589CB9C4799C72244B240924473
:10186000024941018287B240224492440249410127
:101870008280797122D406D626D24AD04ECE52CC5E
:1018800056CA09444DCD2A890A212E8A51449720EF
:10189000FF1FE780C00BAA845DC197EA0020938AEE
:1018A0002AB383C74A0005474944FD1793F7F70F4A
:1018B0006377F7085825A1476314F70063110A08F6
:1018C0009C5C4544ADEF9165938545711305C0025D
:1018D0009720FF1FE780808288DCAA894D4425C1BC
:1018E0001306C00281459700FF1FE78040E483573D
:1018F00009009386490036852391F90071469305C6
:10190000490036C69700FF1FE780E0DB8947238048
:10191000F900DC24B2460356090083C50A00E1172A
:1019200013B51700EF80707B2A8463060A00D28506
:101930002685EF80807E01C42685EFF08FF8B250B7
:101940002285225492540259F249624AD24A456190
:10195000828097E7002083C7E7A7FD1793F7F70F6B
:1019600005476377F70801114AC806CE22CC26CA7C
:101970004EC652C4328989472DC22A8AAE8936841E
:101980009720FF1FE780A0FCAA84D14739C548559E
:1019900009C59720FF1FE780C082F1454A8597005F
:1019A000FF1FE780E0DEC8D4AA85CD471DC5D82437
:1019B000A147631DF70209C8382D12299306250196
:1019C0005285EF80A07B2A84D820936747006384E8
:1019D000090093676700DCA0A287F2406244D2440A
:1019E0004249B249224A3E85056182800144E9BFED
:1019F000C9473E8582809307000463EAA70097D712
:101A000000209387A7723325F5200A218280416543
:101A10007D158280011122CC2A842E8526CA06CE0D
:101A2000AE849720FF1FE78080F20DCDB7470F00EF
:101A30009387F723094563E2870281450A8541467A
:101A40009700FF1FE780A0CEA68560800A854180B1
:101A50004081A3010100EF805054F2406244D2441F
:101A6000056182804945D5BF97E700202383A7966B
:101A700082806F80F060797152CC2A8A328526D2BA
:101A80004AD04ECE56CA5AC85EC662C406D622D4C2
:101A90002E8CB28A368BBA8B3E89C289C684972037
:101AA000FF1FE780C0EA05C92A84631A0A189377E2
:101AB0004B000343450085CF1363230163940B164A
:101AC00063100914639F090885E81C5C1373B3FF56
:101AD00023026400C5EBB250225492540259F249D9
:101AE000624AD24A424BB24B224C45618280137308
:101AF000D3FF13630301D9B71363430023026400C8
:101B00009C484146A6851CD4130584019700FF1FFD
:101B1000E78060BB63130C12638C0B0A485409C541
:101B20009710FF1FE780E069F1455E859700FF1F72
:101B3000E78000C648D4005C59DC1C5091EB9165ED
:101B40009385357171459710FF1FE780205B08D0A2
:101B500008500DC17146DE859700FF1FE780A0B6D3
:101B600011A81363430023026400D9F8005C630CDE
:101B70000C0235D0639A0902A5E029A0005C21DCA3
:101B8000639409022254B2509254F249B24B224C4F
:101B9000CA865A860259424BD6855285D24A624A33
:101BA00045616FF0EFEB05D85C5091EB9165938543
:101BB00025715D459710FF1FE780405448D048507D
:101BC00045DD5D46CE859700FF1FE780C0AF6DB74E
:101BD000005C11D0E39A09FC1C5491EB916593854C
:101BE000157151459710FF1FE780405108D40854E4
:101BF00051D95146A6859700FF1FE780C0AC59B761
:101C00001363430023026400E39C04EEE3080CF634
:101C1000485405EDF1454A859700FF1FE78040B71E
:101C200048D431A81363430023026400E39A04EC10
:101C3000E3060CEEE31E09FCFDBDE31B09FC005CA2
:101C4000E30B04E8E39B0BEE35B79710FF1FE7802B
:101C50004057C9B7011126CA52C406CE22CC4AC881
:101C60004EC62A8AAE849720FF1FE78040CE35C13A
:101C70002A8939459700FF1FE780C0952A8431C91A
:101C800097D9002083C9894D6394090083490900CD
:101C90009307000D1EA0AD473CA0930569001305F6
:101CA000340019469700FF1FE780E0A193F7140066
:101CB0005CA493D4144844B423154401A28562441F
:101CC000F240D2444249224A4E85B24905616FD062
:101CD000FFF4F2406244D2444249B249224A0561CB
:101CE000828001114EC652C456C206CE22CC26CAEC
:101CF0004AC8AA8A2E8AB2899720FF1FE78020C58A
:101D000035CDAA841305C0029700FF1FE780808CA1
:101D10002A842DC517D900200349494463140900BA
:101D200003C904009307000D1EA0E9473CA093855A
:101D300064001305340019469700FF1FE780A09840
:101D4000D285231554011305C40041469700FF1F97
:101D5000E7806097CE851305C40141469700FF1FB9
:101D6000E7806096A2856244F240D244B249224A9A
:101D7000924A4A85424905616FD05FEAF240624467
:101D8000D2444249B249224A924A0561828003A55F
:101D9000C1A301CD411106C69710FF1FE780604225
:101DA000B24023AE01A2410182808280411122C44F
:101DB00006C626C24AC02E849720FF1FE78020B99E
:101DC00029CD00D517D9002003494939AA846314C5
:101DD000090003490500414597F0FE1FE780807F19
:101DE0002A8405CD9307000D1EA1A5473CA1DC3038
:101DF000938564001105A30FF5FE19469700FF1F98
:101E0000E780608C9C54A285B2405CC4224492441A
:101E10004A85024941016FD07FE0B240224492449A
:101E20000249410182805D71A2C4A6C286C6AA840D
:101E30002E849720FF1FE78080B10DC954251147DC
:101E4000AA874945639FE6009C5F91C3E02B97A654
:101E500000009386E6950A86894526854080EF80B6
:101E6000C022B64026449644616182805145D5BF68
:101E700097D7002083C70756FD1793F7F70F05473D
:101E8000637AF704411126C206C622C44AC0B2844E
:101E9000894715CA2E899720FF1FE78040AB2A8407
:101EA000D14715C1630609005C2193E727005CA1B7
:101EB0004146A685130584019700FF1FE780A08097
:101EC0009C481CD48147B2402244924402493E853A
:101ED00041018280C9473E858280011122CC26CAF9
:101EE00006CE2A84AE849720FF1FE78040A619C93A
:101EF0006C0022854486EF80E01EF2406244D244AA
:101F0000056182805145D5BF6F70D02AC1671387A4
:101F1000E7FF6391E50283A7C1A591EB4945828064
:101F20004945B240224492440249410182809C4387
:101F3000F5D78287411122C426C24AC006C6FD17C2
:101F40002A892E84B2846394F50283A7C1A589C728
:101F50009C4399C3829711C5A6854A85EFE09FD619
:101F600069F1238221A7A38291A601455DBF2E8539
:101F70009720FF1FE780A09D45D51C210D45E392CA
:101F800027FB22852244B2400249A68592444101A2
:101F90006FB0903E9307000463E1A7064111C1674B
:101FA00022C426C206C6FD172A84AE840945638072
:101FB000F502C5476312F4022E85EFB0504397D760
:101FC00000209387A7163324F420014506A0B240D1
:101FD00022449244410182809307A0036316F400D7
:101FE0002E85EFB0303AE1BF9307B003E319F4FC5C
:101FF00013F5F50FEFB05039D9B7094582800111BB
:1020000006CE2AC6EFE01FCEEF103076EF10405517
:10201000EFD02114324597D7002093876719130713
:1020200000F0BAA3238207007D5797D7002093873B
:10203000273AB8A388A3F240954505616F608047B1
:10204000757126C306C722C54AC1CEDED2DCD6DAF8
:10205000DAD8DED6E2D4E6D2EAD0EECEAE849397DA
:10206000556063D9075217DA0020130A6A36034510
:102070000A00130B200A930BF00F97F0FE1FE78066
:10208000805BC167FD172A84130C1009954C394DEC
:1020900097DD0020938DCD113ECC15E01395F468AB
:1020A000BA402A449A440A49F659665AD65A465BB7
:1020B000B65B265C965C065DF64D496182801C200D
:1020C000639A670103C93D00E2452A202286EFF0AA
:1020D0002F8BD1A003492A00639A87091C30639093
:1020E00097032285EFF0AF8D2285EFD01FAE034519
:1020F0000A0097F0FE1FE78000542A8479BF63939B
:10210000A7194A208567A507631AF5040C4497D9D7
:1021100000209389E909882115E51946850517D519
:1021200000201305650A97F0FE1FE780C05903C71A
:1021300009008547631CF70289472380F900EFB047
:1021400070265DB703C7090085476311F70297D76B
:102150000020238F0704EFF0AFBC79B7096793071E
:10216000C70063EDA70405076369A702E30E79F7CB
:10217000A2854A85EFD09FAA9DBF37070018130795
:10218000F770B357F748F5C383A781A5B1DF9C4328
:10219000A1DF2285829729F9D1BFF977F917AA978C
:1021A0002947B3C707086362F70C174702001307F4
:1021B000E79BB3C7E7209C43BA978287F977938759
:1021C000A7FCAA97F146B3C70708E3F8F6FA390760
:1021D000E31EE5F883A7C1A5E38807F0DC43E385A8
:1021E00007F00965A285390595A883298400E38F46
:1021F00009F603C7090097D70020938767FB19EBFF
:1022000003C7290083C619002207558F9AA703C761
:10221000390098B394230947E39AE6F403C7090009
:1022200001CB97D70020238507F803C5090025B700
:102230008C338A270D4798A3EF60602AFDB71C44B2
:102240008823EFF0EFDA4DB583A701A6E38E07E808
:102250009C43E38B07E80965A2852D05829725BF7E
:102260001C449C23E39407F041B5896793871704C6
:10227000E31EF5EE83A701A6E38807E69C43A2854B
:10228000F1FF9DB53D47639EE7044A2089671387A8
:10229000D7006306E500138797016318E50083A75D
:1022A000C1A5E38307E4DC43D9BFCD07E310F5EC18
:1022B000C16717D70020035707F0FD17631DF7000C
:1022C00083A7C1A5E38207E2DC43E38F07E009654A
:1022D000A2854D0561B783A741A5E38707E09C432D
:1022E000EDB71307E003E393E7E83C200547639E5F
:1022F000E7107C20938AC1A3639A070E83A70A0084
:102300006381070E83C90700214968309307840061
:10231000BE853ECEEFE09FD868B0130640028145EF
:10232000681097F0FE1FE78080403C301946930507
:102330008400A307F1027C304818A309F10297F04A
:10234000FE1FE78040385E207010CA852318F10216
:102350007E244E852313F1041E282314F1043E2805
:102360002315F1045C282306F104FD57A306F104AC
:102370002317F104EFF0EFBA3C309DE3DD478358BB
:1023800004010358E40074304E203EC23E28130777
:1023900084003EC0CA8705464E85EF70F00228B023
:1023A00083A70A0081C71145EFF07F9E938941A65C
:1023B00003C50900E30A05D283C551A6EFE09F904B
:1023C000E30405D23430930710036389F6005220EA
:1023D00083C509004A873685EFE09F9F238201A6C7
:1023E00021B397D9002083C9D9DC39BF83A781A540
:1023F00097D9002083C9F9DB99C3DC4399E31149DC
:1024000029B7814501458297DDBFF91793F7F70F8B
:1024100013077002E36CF7D4173702001307C7776E
:10242000B3C7E7209C43BA9782877C20938AC1A3D5
:10243000A9EB83A70A00A9C383C907002149683013
:1024400093772500B1CF05891307440168B0228630
:10245000CA854E853ACEEFF0CFAC3C307247A9F337
:10246000DD478358C4010358A40174304E203EC296
:102470007E2C3EC0CA8705B797D9002083C979D37F
:1024800075BF83A781A597D9002083C999D299C325
:10249000DC4399E3114965B7814501458297DDBF6A
:1024A00013078400BA853ACEEFE05FBF724779BF69
:1024B00083A701A6E38A07C2DC43E38707C222851C
:1024C00082971DB183A701A6E38007C29C47F5B799
:1024D00022868D454A20E5BE9305A10213051031E1
:1024E000EFC0514C6C1013052031EFC0B14B72207E
:1024F0008357C1024A2063E7C70016240357A1028D
:1025000063F7E60093050002EFB0606DF1BE637300
:10251000E6007AA063F3D7001EA45A2436241224BE
:102520006E2001488147EFB0406B7DBE2286B145E9
:1025300055B783A701A6E38907BADC47BDBF22854B
:10254000EF00E07655B683A701A6E38F07B89C4B52
:10255000ADB72285EF00A07F41BE0145EF00700EB0
:1025600061B683A781A5E38307C0DC43E38007C08E
:10257000814505458297DDBE83A781A5E38807BE17
:10258000DC43E38507BEA2850945EDB722869305A6
:10259000600289B793F7150099CB83A701A689C775
:1025A000DC4399C30145829713C51400D5BC93F74A
:1025B000250081CF83A781A591C7DC4381C78145D1
:1025C0000545829713C52400E1BC13F54500E309D6
:1025D00005AC83A701A417D40020130464BD99CBD4
:1025E00085475CA083A781A591C7DC4381C781454E
:1025F0000545829748446C10EF80A0066810EFF004
:10260000EF9A97D7002083D787B481CF1306006451
:102610003386C702914517D50020034565DBEFD00F
:102620001F8213C54400ADBC011122CC2A8455453C
:1026300006CE26CAEFF02FBCAA8413054002EFF0A5
:102640008FBB2AC613055002EFF0EFBAAA86228587
:1026500062443246F240B3359000D24405616FB017
:10266000A05F397122DC06DE0D472E84631AE50077
:10267000BA259625F2212830CE21EFE0BFF189A8B6
:1026800009679306D700AA876319D504BC21A9C39B
:102690001384C1A30C408DCDDC87BC311946910554
:1026A0004808A309F10097F0FE1FE780C0019307D7
:1026B00000F03ED61C40231801002313010202D46F
:1026C000882370008145EFF0CF850545EFF02FECB2
:1026D0000545F2506254216182809306E700E309C8
:1026E000D5FE930637016319D500A82175D101479E
:1026F00081460146814551B76507E30BE5FC31474B
:102700006319E50017D500200345B5AAEFE09FF354
:10271000C1B7130760026319E50017D50020034510
:1027200055A9EFE0FFF66DB741677D170145E392CC
:10273000E7FAD831C947E31DF7F8F625D2250A2470
:10274000AE25EFB06052854711C55D45EFF0AFAAE9
:10275000B337A0004C202A2030007C84EF70200387
:102760003C84BDF79305A10013051031EFC0912300
:102770006C0013052031EFC0F1223C851A246373ED
:10278000F7001EA43C863A2463F3E7003EA41E240F
:102790003A246373F7003EA42A20EF00C1517A2443
:1027A000562432240E242A2001488147EFB00041EC
:1027B00005B741114AC006C622C426C217D9002057
:1027C000130909C1034779009307F00F6302F70665
:1027D000AA8439CD6825510597F0FE1FE78080DF78
:1027E0002A8439C59307000D1EA1D9473CA1DE20DC
:1027F0005EA1FC207CA1FC307CB19C241CA5DC34B7
:102800005CB5F02470A515C28C48510508C897F036
:10281000FE1FE78040EBA285224403457900B240C9
:102820009244024941016FD06FBF23280500E5B7EC
:10283000B24022449244024941018280C16793869A
:10284000E7FF2A87639BD50083A7C1A399CF9C2369
:102850000D45639DE7006FB0A035FD1749456397AF
:10286000F50083A7C1A3E5FB8280494582803971C9
:1028700022DC06DE26DA4AD84ED652D456D25AD0B8
:10288000182185472A84630BF700102593069500CD
:102890009305E1010545EFE02FE51DE9814701457D
:1028A00014201147638DE60203A701A718338D4654
:1028B0006307D7028DC705C711ED0145F250625479
:1028C000D2544259B259225A925A025B21618280F3
:1028D0001C21F9B78546631DD7028D8BF9DF0830BF
:1028E000930524002EC6EFE06FFB08B0138941A7C3
:1028F00083270900AA8981448DC3B245138A81A721
:10290000130BF00F83470A0063EBF400814481A0AE
:102910008946E314D7FA858BD1B7054545B7832798
:102920000900939A4400D6979823630C670598335F
:10293000631937051946138527002EC697F0FE1F29
:10294000E78000EAB24515CD83240900D69418200B
:102950009147C1E8E303F7F683240900B9DC834615
:102960000A0081471306F00FE389F6F403C8040058
:1029700013850401630BC800850793F7F70FAA843A
:10298000E5B7850493F4F40FB5BF98A01C30138508
:10299000240019469CB097F0FE1FE780C0D208249F
:1029A00091659385F57105059700FF1FE780007518
:1029B00005C1182091476314F702C8C41024930579
:1029C00094000505A30FC5FE97F0FE1FE780A0CF7A
:1029D0001C24A1F708207D1513351500C5B588C442
:1029E000F1BF6311F706C8441C2405C11021630D13
:1029F000F604182091476317F706C84419C59700D5
:102A0000FF1FE780007C23A60400082491659385BE
:102A1000E57105059700FF1FE780406E05C118208E
:102A20009147631AF704C8C4102493059400050560
:102A3000A30FC5FE97F0FE1FE780E0C808243335DA
:102A4000A000ADBD88444DB793059400050597F0EF
:102A5000FE1FE780E0D88547E31DF5F85545EFE018
:102A60009FF99DBF884455D19700FF1FE78060758F
:102A700023A4040059BF88C445BF397122DC4AD859
:102A80004ED652D406DE26DA56D25AD05ECE2A84EC
:102A9000130925000831CA85138A01A7EFE00FE06A
:102AA00008B083270A000D47AA899C33639DE7007D
:102AB000138A41A783270A008144938A81A7639FD1
:102AC000070E05452DA0EDD7144C70389305E10095
:102AD0000545EFE06FC1AA841DC903270A0085469A
:102AE0001C2118336310D7028D8BF9F30145F25086
:102AF0006254D2544259B259225A925A025BF24B52
:102B0000216182808946858BE314D7FAF9BF1C20A6
:102B100011476385E7002D47E39AE7FC938A41A7B5
:102B200083A70A00014A938B81A7E9D303C70B004F
:102B3000B3470A0863E4E700A5FC4DBF03A50A00FC
:102B4000131B4A001C205A9518216310F7021C31F0
:102B5000639D37011946CA85090597F0FE1FE78076
:102B600020C801C583A40A00DA94050AC1B783A965
:102B7000840059A80C4C1385190097F0FE1FE780BC
:102B800020C685476317F5085545EFE0DFE64DC1E0
:102B9000B1BF1C2011476385E7002D47639DE70007
:102BA000C8C470380505A30FC5FE0C4C97F0FE1F76
:102BB000E78060B1B5A888C4EDB7850403C70A00F3
:102BC000B3C7040863F8E70603250A00139B440013
:102BD0001C205A951821E312F7FE1C31E39F37FDA4
:102BE0001946CA85090597F0FE1FE78060BF71D5B9
:102BF00083240A001C201147DA946385E7002D47DF
:102C0000E397E7F683A9C4007C3803C60900E30311
:102C1000F6F64E859700FF1FE780A05A6838916549
:102C20009385E57105059700FF1FE780204D35F17D
:102C3000E39904E803C70A0083240A008147930646
:102C4000F00FE3F0E7E88C20138604016387D500DA
:102C50008507B284B3C70708EDB7E38404E61C20F8
:102C6000CA85138524009CA01C3019469CB097F09F
:102C7000FE1FE78040A5683891659385F5710505CD
:102C80009700FF1FE7808047E30D05E2182091477A
:102C9000631DF700C8C470380505A30FC5FE0C4CB2
:102CA00097F0FE1FE78020A229BD88C4EDB701116F
:102CB0004AC806CE22CC26CA17C90020130949717A
:102CC000034779009307F00F630DF706AA8435C90F
:102CD000614597F0FE1FE780E08F2A843DC193078E
:102CE000000D1EA1D5473CA1BC30938584002EC6A3
:102CF0003CB1DE205EA1FC207CA1E830EFE00FBA01
:102D0000B24568B019461305840097F0FE1FE780AE
:102D1000809BFC24A285034579007CA49E281EA8E4
:102D2000BC283CA8BC383CB8DC285CA8DC385CB8C3
:102D3000FC287CA86244F240D244424905616FC03D
:102D4000FFEDF2406244D244424905618280411164
:102D500026C206C622C497C4002093846467F83054
:102D60009307F00F6309F7022A8415C5194597F0F8
:102D7000FE1FE7802086AA8519CD9307000D1EA1AE
:102D8000DD473CA15E202244B2405EA1E83092447F
:102D900041016FC0BFE8B2402244924441018280A9
:102DA000011126CA938441A79C4006CE22CC4AC872
:102DB0004EC652C48DC32A89AE89131A45000144F8
:102DC000884063124403638A09049700FF1FE78069
:102DD000403F23AA01A6F2406244D2444249B2498C
:102DE000224A05618280B3078500884709C9970098
:102DF000FF1FE780003D9C40A29723A407009C4052
:102E0000A297C84709C99700FF1FE780803B9C40F5
:102E1000A29723A60700410465B755DD22868145A8
:102E200097F0FE1FE780A090944081477D5613F7EE
:102E3000F70FE37227FB13974700369710A3850718
:102E4000FDB7797152CC138A01A783270A0006D6F1
:102E500022D426D24AD04ECE56CA5AC85EC6D5CF44
:102E60002A89938A81A7814409ED83A641A791CA43
:102E700003C60A0081479305F00F13F7F70F636944
:102E8000C70213953400210597E0FE1FE780807488
:102E90002A8415E9214597E0FE1FE780A0732A8464
:102EA00025C1C5679387073D1CC12322040099A053
:102EB00013974700369718236305B700850493F4EA
:102EC000F40F85075DBF930700FD1CA18547A30094
:102ED00025013CA124B1F1D8130985002322250145
:102EE0008149138B41A7930BF00F83C70A0063F34B
:102EF000F9009DEC83270A00A2858823EFC01FD22A
:102F000003C50A008145EFF0BFE903250A009700D9
:102F1000FF1FE780002B23A801A6B2502254925431
:102F20000259F249624AD24A424BB24B4561828011
:102F300083250B0093974900BE959C2163837703FB
:102F40002300F9009C3113052900FD14A300F900AA
:102F50001946890593F4F40F97E0FE1FE780A076E9
:102F60002109850993F9F90F49B783A701A7B1C7CB
:102F7000411122C406C62A8415E10945EFE0BFA726
:102F80002A8601C9854517C5002003456544EFC061
:102F90001FEB0545EFF04FE92A8419C9854517C590
:102FA00000200345E542EFD06F922285EFF07FE9E4
:102FB000B2402244054541018280014582808967F3
:102FC0009386B7006316D5009C4588236FF0FFF900
:102FD0009386C7006317D5009C458546882319C989
:102FE000F5B793861704E301D5FE9387270481463E
:102FF000E304F5FE36858280011106CE22CC26CA76
:103000004AC84EC652C456C255CD3C312A8999CFC2
:10301000444189CC5945EFE01F9E8149938A01A71D
:10302000131A45608347390063EBF900F2406244AC
:10303000D2444249B249224A924A0561828083873A
:10304000840263C8470783A70A00A5C72685EFF057
:103050001F8225C18824510597E0FE1FE780805715
:103060002A8421C99307000D1EA1B5473CA19C20CD
:103070001946938524003CB18387840215057CA101
:103080009C30A30FF5FE97E0FE1FE780C0639024FD
:1030900050A415C61305440108C89385940097E011
:1030A000FE1FE780406283A70A00A2858823EFC045
:1030B000FFB685099384940293F9F90FA5B72328E5
:1030C0000400D5B783A701A7B5D3EFF09FD762441B
:1030D000F240D2444249B249224A924A014505612E
:1030E0006FF08FD4797106D622D426D24AD04ECE34
:1030F00052CC56CA5AC85EC645CD3C312A899DC3BA
:1031000044418DC05945EFE01F8F89048149938A5E
:1031100001A7130B00FDC14B131A4560834739000B
:1031200063EDF900B250225492540259F249624AB6
:10313000D24A424BB24B456182808387D40063C43C
:10314000470783A70A00A5C3514597E0FE1FE78004
:1031500060482A8429C923006501A30005002301D2
:10316000750183C7E4FF1946A6853CB18387D40067
:1031700015055CB583C7F4FFA30FF5FE97E0FE1FAE
:10318000E7806054FC20938574001305C4003CB4B0
:10319000194697E0FE1FE780005383A70A00A28527
:1031A0008823EFC0BFA7850993F9F90FC104BDB704
:1031B00083A701A7A5DBEFF0DFC82254B2509254D9
:1031C0000259F249624AD24A424BB24B014545612B
:1031D0006FF08FC5797106D622D426D24AD04ECE52
:1031E00052CC56CA5AC85EC662C466C2630A052279
:1031F0003C312A8995C7404105C45945EFE0AFFFEE
:1032000009048149138A01A7914B354C173B0200F1
:10321000130B8BA2931A45608347390063EFF900C3
:10322000B250225492540259F249624AD24A424B55
:10323000B24B224C924C456182808307A40063CA42
:10324000571583270A0063860714834CE4FF93F71E
:103250000C01CDC793870CFF93F7F70F6369FC0050
:10326000B3C767219C43DA978287230F04FE1305B7
:10327000E4FFEFF09F80630E05108347E4FF63EFE8
:10328000FB1005476398E70A514597E0FE1FE7806A
:103290006034AA84630F050E930700FD1CA1C1478B
:1032A000A30005003CA18347E4FF1946A2853CB179
:1032B0008307A40015055CB58347F4FFA30FF5FE53
:1032C00097E0FE1FE78020407C2419469305F40018
:1032D000BCB41385C40097E0FE1FE780C03E65A024
:1032E0008547230FF4FEA30A040051B78947230F33
:1032F000F4FEB5BF8D47E5BF9147D5BF93F78C006E
:1033000099C3AD47EDB713F71C0093F74C0011C7F5
:1033100099C39547F9B7A147D9BF13F72C0011C737
:1033200099C3A5477DBF9947D9B799C3A947C1B7E5
:103330009D4775BF4838510597E0FE1FE7808029FB
:10334000AA8421C99307000D1EA1B5473CA183475C
:10335000E4FF1946A2853CB18307A40015057CA1B2
:103360008347F4FFA30FF5FE97E0FE1FE780A0352B
:103370005038D0A419C61385440188C88325640138
:1033800099BF23A8040083270A00A6858823EFC0DD
:10339000FF88850993F9F90F7104BDBD48381305FD
:1033A000050297E0FE1FE780E022AA847DD1930703
:1033B000000D1EA1C9473CA18347E4FF93FC0C0606
:1033C0001946B3E797013CB18347F4FFA285150581
:1033D000A30FF5FE97E0FE1FE780E02E7C20194644
:1033E0009305F400BCB47C3013853401DCA41C24A8
:1033F000DCB41C34FCA48307A400FCB45E249EA8A7
:103400007C24BCA897E0FE1FE780E02B503890BCDE
:1034100009C613850402C8CC95B723AE0400A5B72E
:1034200083A701A7E38E07DEEFF0BFA12254B250BD
:1034300092540259F249624AD24A424BB24B224C50
:10344000924C014545616FF02F9E03A701A705CB64
:103450001823AA870D456315F7024111854517C545
:1034600000200345E5F606C6EFC05FC6130500035E
:10347000EFF03F9DB240014541016FF0EF9A4945A1
:10348000828079714AD0138901A78327090006D663
:1034900022D426D2CDEB17C40020130464F35820A5
:1034A000C947298B51CB9165AA849385D571114564
:1034B0009700FF1FE78080C42320A900CD472DCDB2
:1034C00078309307F00F6314F7009C207CB011460E
:1034D000A68597E0FE1FE780001F930531011305C5
:1034E000F041EFA0415C97C70020938767CCA023F1
:1034F000034731013334800011C30904130510025E
:10350000EFE06FCF1376F50F0589E14715C5154537
:1035100032C6EFE04FCEBC20E8841945230AF10003
:10352000EFE06FCD3246AC30E8867C0838085408AE
:103530002285EFA02072AA87B250225492540259D9
:103540003E8545618280C547C5BF97C7002083C7B8
:1035500067E8A18B138581A691E301456FD0DF8DCC
:10356000238C01A6FD5717C70020A306F7E623AA60
:1035700001A623A801A697C70020938767C5170750
:103580000000130707A498C317070000130707A735
:10359000D8C317070000130727B598C717070000FF
:1035A000130787C3D8C717F7FFFF1307C72098CBA8
:1035B000938781A617F7FFFF1307872898C317F78C
:1035C000FFFF1307470AD8C38280411122C426C2D5
:1035D00006C6138481A7AA8408208545EFF04FFC16
:1035E00097C7002083C707DFA98BADC717C5002089
:1035F000130505BE04A0EFD0DF83938441A79C4050
:1036000099C74D45B240224492444101828008202E
:1036100019E10145C5BF91659385B5711205970004
:10362000FF1FE780A0AD88C069DD1020814512062C
:1036300097E0FE1FE780A00F142090408147FD55C2
:1036400013F7F70FE377D7FC1397470032970CA3D4
:103650008507FDB70145238C01A6EFD08FFD55BF2F
:1036600003A501A401CD411106C69700FF1FE78005
:1036700040B5B24023A001A44101828082800111A3
:103680001305700306CEEFE00FB72AC613058003BB
:10369000EFE06FB62AC413059003EFE0CFB52246E2
:1036A000B245F240AA86054505616FA0E0595D71FB
:1036B0001305D00386C6A2C4A6C2CAC0EFE0AFB34A
:1036C0002A841305C003EFE00FB3AA841305E003B7
:1036D000EFE06FB22A891305F003EFE0CFB18A87DC
:1036E0001377F50F9376F90F13F6F40F9375F40F24
:1036F0000545EFA0A056B6402644964406496161B0
:103700008280011122CC06CE26CA0D472E84631773
:10371000E504B831E947CA2197C40020938444A93D
:103720006315F700FE206387A7049700FF1FE7805B
:103730000022722011C172A53A2416244E2028308E
:10374000EFD05FE55A20FE206314F700FD57FEA07E
:103750000545F2406244D2440561828009674D0705
:10376000AA87631CE500BC2131476385E700454714
:10377000E390E7FEEFD0AFF2E1BF31476319E50018
:1037800017C50020034515C5EFD0DFEBD1B71307F0
:1037900060026319E50017C500200345B5C3EFD0EB
:1037A0003FEF7DB741677D170145E394E7FAD831D4
:1037B000C947E310F7FACC212A2030002314010076
:1037C000EF50F07771B71971A2DC138401A41C408B
:1037D00086DEA6DACAD8CED6D2D4D6D2DAD005457D
:1037E000638A070C9305F1051305F041EFA0A12BA7
:1037F0009305F1051305F041EFA0E12A97C70020DA
:103800009387079BBC230347F105B337F00011C32F
:1038100089071840BEC6283393054700EFD07F8440
:103820001840AAC40D452C23AEC2EFE0CF9CAAC01D
:103830001145EFE04F9C832A04002ADE654503C74B
:10384000AA0003CBBA003ADCEFE0EF9A2A8469457C
:10385000EFE06F9AAA847145EFE0EF992A896D45F0
:10386000EFE06F99AA897545EFE0EF982A8A7945CC
:10387000EFE06F982648B6476257F25606469645DF
:103880001375F50F137AFA0F93F9F90F1379F90FEE
:1038900093F4F40F2ACC1314446002D002CE52CA1F
:1038A0004EC84AC626C422C25AC093884A0005455B
:1038B000EFA06034F6506654D6544659B659265A8D
:1038C000965A065B09618280411122C44AC006C62D
:1038D00026C2138911A9834709001307E00F2E841C
:1038E0006382E7041307F00F6385E702114597E051
:1038F000FE1FE78020CEAA8509CD930700FD1CA1FD
:1039000089473CA1854700B13CB103450900EFC0A0
:10391000EFB0F9572300F900B24022449244024923
:1039200041018280AA84114597E0FE1FE78080CA8A
:10393000AA857DD1930700FD1CA1894700B13CA158
:1039400024B12244B2409244024903C501A9410175
:103950006FC0CFAC79714AD0138901A483270900C5
:1039600022D406D626D24ECE52CC4544D5E797C4B3
:1039700000209384E4A5DC204944958BD1CF2E8A86
:1039800091652388A1A8AA8993857571314597F01F
:10399000FE1FE780A0762320A9004D4435CD2300EB
:1039A0003501A30005002946D285090597E0FE1FD1
:1039B000E78060D10327090091463C2363E7F606C0
:1039C000CD4691CF0546F546638BC7000946C946EB
:1039D0006387C7000D46C1466383C700D54634A33D
:1039E000930571001305F041EFA0E10B9C83C5E343
:1039F00017B700200347E77B8D47631AF708EFD01E
:103A0000CFF32C00EF60F0452800EFD03FDA4545BA
:103A1000EFD07FFE25E50144B25022852254925416
:103A20000259F249624A45618280ED1793F7F70F18
:103A300095460544E3E2F6FE972602009386462368
:103A4000B3C7D7209C43B697828789473CA319A068
:103A5000230107006545EFD01FFA9307F007E30144
:103A6000F5F8032709003C2393E707043CA38DBF27
:103A70008547E9BF9947D9BF9147C9BF130600647D
:103A80003306C50288209145EFC06FBB69B7EFF0E0
:103A90009FD32A8449D1EFF0BFBCBDBF011126CA14
:103AA000938401A49C4022CC06CE4AC84944B1C3A9
:103AB0009C230D44639FA70217C900201309499155
:103AC000034509008945EFC06FE0034509009145B2
:103AD000239601A8EFC08FDF9C400147814680B349
:103AE0001306F100854785450145DC87EFA0801569
:103AF0002A84F24022856244D24442490561828090
:103B0000011106CE22CC26CA4AC84EC68547631983
:103B1000F5061384C1A81E20A1CB17B700200347C8
:103B2000676939E31307B003636CF70297C4002099
:103B30009384048A88208945EFC04FD912209307C7
:103B4000006488203306F6028945EFC04FAF239604
:103B500001A8F2406244D2444249B24905618280E0
:103B6000938747FC1EA0F5B783A701A4FDD3624449
:103B7000F240D2444249B249882305616FF01FF2F6
:103B8000938901A483A70900E9D717C90020130965
:103B9000298483474900918BCDDF89476311F5065E
:103BA0002D45AE8497E0FE1FE780C0A22A8455D140
:103BB000930700FD1CA1E547A30005003CA1BC3014
:103BC00015051946230FF5FEDC2093855400A30F3D
:103BD000F5FE97E0FE1FE78000AF0345590093070D
:103BE000F00F6315F50083A709008823A2856244BE
:103BF000F240D2444249B24905616FC02F82034569
:103C000009008945EFC08FCC6244F240D24442495A
:103C1000B249239601A805616FF09FA497B70020D1
:103C200083C7477B958B89CB83A701A881CB854729
:103C3000A387F1A86FF0BFA44945828041458280E7
:103C4000A38701A8854501456FA0800097B7002094
:103C500083C74778958B91C785472387F1A86FF075
:103C60001FA549458280238701A8814505456F909E
:103C7000307F9307C01C63FCA7000945828009457B
:103C8000F2406244D2444249B24905618280011146
:103C900022CC06CE26CA4AC84EC62A8431CDAE8969
:103CA00091652105938565713345050897F0FE1FE1
:103CB000E780C044AA8461D5138981A8032509003F
:103CC00009C597F0FE1FE780C04F1385840088C0A8
:103CD000228681452320990097E0FE1FE78020A5DA
:103CE000832709002286CE85884397E0FE1FE78060
:103CF000809D83270900C2A383A701A495CB97B712
:103D0000002083C7276D958B95C783A781A891CF86
:103D10009843D6236244F240D2444249B249054610
:103D20008D45054505616F90707101478146DDB78E
:103D30000145B9B74945A9B79307C01C63FCA70063
:103D4000094582800945F2406244D2444249B24961
:103D500005618280011122CC06CE26CA4AC84EC611
:103D60002A8431CDAE8991652105938555713345FE
:103D7000050897F0FE1FE7806038AA8461D5138993
:103D800041A80325090009C597F0FE1FE78060439D
:103D90001385840088C0228681452320990097E0FE
:103DA000FE1FE780C098832709002286CE858843BE
:103DB00097E0FE1FE780209183270900C2A383A715
:103DC00001A495CB97B7002083C7C760958B95C793
:103DD00083A741A891CF9843D6236244F240D244AE
:103DE0004249B24905468D45054505616F905065CC
:103DF00001478146DDB70145B9B74945A9B79307E2
:103E0000C01C63F4A70009458280797122D406D6CC
:103E100026D24AD04ECE2A8439CDAE89916521056D
:103E2000938575713345050897F0FE1FE780002DD7
:103E3000AA840945A9C4138901A80325090009C555
:103E400097F0FE1FE780E0371385840088C0228644
:103E500081452320990097E0FE1FE780408D83274E
:103E600009002286CE85884397E0FE1FE780A08563
:103E700083270900C2A383A701A489EB0145B2509F
:103E8000225492540259F2494561828097B700202A
:103E900083C74754958B4945FDD36C001305D0303B
:103EA000EFB04130B24793F7070FE9DB83A701A8D2
:103EB0009443D2238D450545EF905059C9B783A748
:103EC00081A889CFD2238C43411106C697D0FE1F0B
:103ED000E780607FB24001454101828009458280D0
:103EE00083A781A895C303A741A8894719CF522367
:103EF0000C43411106C697D0FE1FE780C07CB2403C
:103F000081473E854101828089473E85828083A723
:103F100081A895C303A701A8894719CF52230C4351
:103F2000411106C697D0FE1FE780E079B240814775
:103F30003E854101828089473E85828097B7002077
:103F400083C74749918B99CF41111385C1A706C6F5
:103F5000EFC05FEFB240FD5717B70020231DF724D5
:103F60004101828001456FC0FFEDFD572388F1A814
:103F7000F957A388F1A8A38701A8238701A823964E
:103F800001A823A401A823A201A823A001A897B7F0
:103F9000002093872725170700001307471F98C3A2
:103FA00017070000130707B6D8C317070000130749
:103FB000C78198C717F7FFFF1307A76CD8C717F774
:103FC000FFFF1307076F98CB97F7FFFF9387A77340
:103FD00023AEF1A68280411126C2938401A49C40A5
:103FE00006C622C495CB2A840D4597D0FE1FE780D4
:103FF000605EAA8519C9930700FD1CA18D4700B119
:104000003CA19C408823EFB07FC119C42244B24038
:10401000924441016FF0CFE4B24022449244410106
:10402000828079714AD0138901A48327090006D6BA
:1040300022D426D24ECE6380070E98338547AA84B9
:1040400097B900209389C9166301F70483C7490013
:104050008DE70D4597D0FE1FE780C057AA8501CD9B
:10406000930700FD1CA1914704B13CA183270900DF
:104070008823EFB0BFBAEFF0AFDE0545B25022544F
:1040800092540259F2494561828083A781A889CB65
:104090009443D2239305E1000545EFC0FFE411ED01
:1040A0000145EFD05F952A8631C2894517B50020BA
:1040B00003450532EFB0BFD815A81C21858BEDD381
:1040C0000545EFD05F939307B0032A8463F0A704FC
:1040D0005D6613060670894517B500200345452F18
:1040E000130444FCEFB07FF6239681A883270900D0
:1040F000094798B383C7490091C797B70020238B1E
:10410000070AA5BF2685EFF01FED85BF9307006462
:104110003306F50251BF014595B7411122C42A84E7
:104120000D4506C697D0FE1FE780C04A19CD9307FC
:1041300000FD1CA1CD4700B13CA12244B240AA859C
:1041400003C501A941016FB07FADB24022444101D6
:104150008280411122C42A840D4506C697D0FE1FD5
:10416000E780404719CD930700FD1CA1ED4700B142
:104170003CA12244B240AA8503C501A941016FB008
:10418000FFA9B2402244410182805A21011189666F
:1041900006CE22CC26CA13866600AA876316C700FD
:1041A0009C4701458C2351A8138606046365E604E9
:1041B00013865603636FE600138696006307C708ED
:1041C0001386A6006303C712A1066305D70601453F
:1041D00085A8F9769386A6FC3697A9463347070843
:1041E000E3E7E6FE97260200938606AA3347D72028
:1041F00018433697028713861605630AC7169386F7
:104200002605E316D7FC1C45802383C7E1A8228539
:10421000639207160D4597D0FE1FE780A03BAA8545
:1042200019CD930700FD1CA1F14700B13CA103C5C6
:1042300001A905AA9C4705458C23EFF0EFE8054549
:10424000F2406244D2440561828003A701A4014583
:1042500065DB9C47882359E585471CB30545EF90EE
:10426000F014F1BF1C45938411A91307E00F8023BC
:104270009C20638BE7021307F00F6384E70211456C
:1042800097D0FE1FE7800035AA8501CD930700FD7A
:104290001CA1894700B13CA1A30105008820EFB013
:1042A000FF97F9579CA061BF938401A49C400145EE
:1042B000C1DB05E805447D454085EFD0CFF3688636
:1042C00013050002EFD02FF39C40C8851307B100FF
:1042D00080B374001306A10085450545EF90901644
:1042E000B9BF2285EFF03FCF99BF9C476244F240AF
:1042F000D244882305616FF0DFD21C4509458C2329
:104300002DBF1C4588232DE16C001305D030EFA094
:104310007169B247414793F7070FE382E7F29305CC
:10432000B10013056031EFA0F16788858545EF90F6
:10433000301231B71C45802383C7F1A822858DE751
:104340000D4597D0FE1FE780E028AA85E30905EE1A
:10435000930700FD1CA1D14700B13CA183A701A494
:104360008823EFB0BF8BE1BDEFF03FDBC9BD1C453B
:10437000882301C5EFF0FFDDD9B585450545EF90F0
:10438000300E75BD411122C417B4002003448404CB
:1043900006C6158809CC17B500201305A5E4EFC0A3
:1043A0001FAA4D44B240228522444101828001452A
:1043B000EFC0FFA8C5BF9821937625009377D70F4C
:1043C00099C29367270093F6F70713174560635464
:1043D000070093E607081378850093F7760F6304C8
:1043E000080093E786009376050299CE93E70702CB
:1043F0009CA1635707001C2293E7C7001CA2828080
:104400001375A5026DF9828093F7F7FD9CA1E34433
:1044100007FE9377A502E5F37DF11C22CD9BF9BF42
:104420002D45631C0710011126CA4AC84EC606CE88
:1044300022CC9821BE8989472E89B684631EF70451
:10444000DC413284983394232207558F8D669387FD
:1044500046A01316576063C9C7029386F69F63DDB3
:10446000C602F5779387F75F3E978D47C845334778
:10447000070863E7E702972602009386A68333477F
:10448000D7201C43B6978287938766AA630EF608E7
:10449000938686B8630FD60823900400054525A0AF
:1044A00097D0FE1FE780C02B334605083356360BE6
:1044B00092A08325C9001DA01E2109479AA01CA017
:1044C000A1831CB00145F2406244D2444249B24942
:1044D0000561828099479EA01946AA85228597D0BA
:1044E000FE1FE780401EF9BF85479EA01C211CA02F
:1044F000D1BF05C9A1479EA01E211CA01E21A183DA
:104500001CB03E213CA03E21A1833CB05E215CA0BA
:104510005E21A1835CB07E217CA07E21A1837CB042
:1045200055B72390040079BF85479EA0DC459C23A6
:104530007DBFE1479EA06146ADBF8280797122D4E4
:104540004AD006D626D24ECE52CC56CA3A899821A7
:1045500089472E84631DF7025C40B684B28503C888
:10456000170094238D6722083368D800938627A00C
:10457000131858606301D8102A8A63CC0601938609
:1045800007A0630BD802938717A0630CF808854730
:1045900011A8138737A06309E80A138767AA8D4714
:1045A000E317E8FEB250225492540259F249624A8B
:1045B000D24A3E8545618280484432C697D0FE1F6C
:1045C000E780001A9D4733450508E36D25FD938A72
:1045D00041AA83C70A00B3099900B24563D43701E1
:1045E000B547C9B748442686B3C909084A9597D044
:1045F000FE1FE780400D03C60A00484481450506BA
:10460000330636414E9597D0FE1FE780401283A7B0
:1046100081AA99E3814779B79C438145E5DF5285BB
:1046200015A0AD47E31009F8E39CE4FA1C32182208
:10463000A207D98F58441EA383A781AAE1DF9C4318
:104640008545E9DB8297F9B703C7F1A98D4739DBC7
:10465000AD47E31909F49947E394F4F8484419463F
:1046600097D0FE1FE780200683A781AAC5D79C4369
:10467000D5D38D456DB703C76184218B8D471DD37D
:10468000AD47E31109F28547E39CF4F41822930740
:104690000008E3E9E4F05C4498A3ADBF411122C4F3
:1046A0000944A3848184A38381842383818423A4F4
:1046B00001AA238901A8238201AA239101AAA38F19
:1046C00001A8A14719468145138581A906C6A38281
:1046D000F18497D0FE1FE780800523828184B7078D
:1046E000A0001387C183938707051CC3B707E8039E
:1046F0005CC3238C818285476146814517B50020C4
:10470000130585C2A38BF182238B8182A38A8182C8
:10471000238A01A897D0FE1FE780600113060013CB
:10472000814517B50020130525AD238A8182A38911
:1047300001A897D0FE1FE78080FF9717FF1F938780
:104740002788B2402244170700001307A7CD98C35B
:10475000170700001307C7DED8C323A407004101D1
:104760008280797122D426D206D64AD04ECE52CC3F
:10477000A1472E84B28463EBA7001717020013072A
:1047800067543345E5201C41BA9782879307100888
:10479000630CF51863ECA70093072004630AF51473
:1047A00093070008630DF514094581A093072008BD
:1047B000E31CF5FE85476399F502082293772500EF
:1047C00085E783C7E1A91387F7FF97B50020938595
:1047D000A5A2120792072E97A1075047BE9591A256
:1047E0009307800F63FBB7006145B2502254925487
:1047F0000259F249624A45618280138A8184834763
:104800000A0017B900201309299F9207CA97C847C1
:1048100019C597F0FE1FE780C09A238201AA1306EC
:1048200014001376F60F91659385057132858349DF
:104830000A0032C697F0FE1FE780408C83470A00CB
:104840009209CA99920723A6A900CA97C84749DDC9
:104850003246814597D0FE1FE78060ED83470A000E
:104860002286A68592073E990325C90097D0FE1F90
:10487000E78060E5238281AA014585BF8947E395EA
:10488000F5F61E222391F1AAC5BF8547E39EF5F4F4
:104890001C22A38FF1A8CDB79947E397F5F41946E9
:1048A000A685138581A997D0FE1FE780C0E1E9B7EF
:1048B000A147E39BF5F22146A6851385C183E5B7A1
:1048C0008547E393F5F21C22A38BF18275B7E1478C
:1048D000E39CF5F06146A68517B500201305C5A435
:1048E000D9B78547E392F5F01C22A389F1A869B7EF
:1048F0008547E39BF5EE1C222383F184B5BF8547F2
:10490000E394F5EE83C781841387F7FF97B5002002
:104910009385858E12072E97920750478820A1070E
:10492000BE95EFF05FA989BF8547E39FF5EA83C78E
:1049300001AAD9BF630F052E938721A99823631A73
:10494000072E054798A397B700209387E78A8946E3
:1049500098A717B700202316078A1387418A94A3C4
:104960009386418ED8C7D4C37D576302E52C137755
:10497000150085450DCF17B60020231C0688094772
:104980009386818D1386918498ABD4CBD0CF854606
:104990002384E1842380E7021387C18CD8D394AFAA
:1049A0002384D70217B70020231D07868D45137770
:1049B000250031C7139745003E979386818D0946A0
:1049C00054C313887184854610A314A723260701B6
:1049D0002315070013871500334707082380E1AA32
:1049E00012073E9710A314A71386818C938621AAE1
:1049F000890550C32315070054C7B3C505081377AD
:104A0000450031C7139745003E979386818D09462F
:104A100054C313886184854610A314A72326070175
:104A2000231507001387150033470708238FE1A8D4
:104A300012073E9710A314A71386418C9386F1A901
:104A4000890550C32315070054C7B3C5050813775C
:104A5000850021C7139745003E971386818D50C36B
:104A60000546894610A71386518414A32315070011
:104A700050C7138715003347070812073E9714A342
:104A80009386018C54C3A14614A7938681A98905F6
:104A90002315070054C7B3C505081377050121C7BF
:104AA000139745003E979386818D094654C313881A
:104AB0004184854610A314A7231507002326070168
:104AC000138715003347070812073E9710A314A752
:104AD0001386C18B9386C183890550C323150700B4
:104AE00054C7B3C505081377050221C713974500BE
:104AF0003E979386818D094654C3138881838546EA
:104B000010A314A7231507002326070113871500F8
:104B10003347070812073E9710A314A71386418B4B
:104B200093867183890550C32315070054C7B3C505
:104B300005081377050421C7139745003E97938610
:104B4000818D094654C313886183854610A314A739
:104B5000231507002326070113871500334707088D
:104B600012073E9710A314A71386818B938641A941
:104B7000890550C32315070054C7B3C5050813772B
:104B8000050831C7139745003E971386818D50C3A2
:104B90005146894610A71386518314A32315070095
:104BA00050C7138715003347070812073E9714A311
:104BB0009386018B54C3854614A797A6002093863D
:104BC000A67689052315070054C7B3C505081375D4
:104BD000051039C1139745003E979386818D54C3C4
:104BE000094685461385418310A314A723150700A2
:104BF00048C713871500334707081207BA9713876A
:104C0000018BD8C3138731A9890590A394A7239555
:104C10000700D8C7B3C505089706FF1F9386463A15
:104C2000414617A500201305255D6F2010664D45F0
:104C300099B3014582800111FD1522CC06CE328444
:104C400026CA3E864AC813F8F50FAD4763E8070B3E
:104C50003A8917170200130727093348E8208327EA
:104C60000800B684BA9782878545EFC04FBA01E540
:104C7000EFF04FF10145F2406244D24442490561F0
:104C800082808945EFC0AFB87DF52285EFE0FF93C4
:104C9000D5B7914532C6EFC08FB7324669FDCA8598
:104CA0002685EFC02FADEFF0EFEDEFF02FA9EF501D
:104CB0005076C9B7A14532C6EFC06FB5324645FD43
:104CC000CA852685EFC00FAB2285EFE01F90EFE08D
:104CD000DF87EF50307279BFB14532C6EFC02FB3D6
:104CE000324651F9CA852685EFC0CFA82285EFE06C
:104CF000DF8DEFE09F85EF50F06F75B70945A5BFD9
:104D000079714ECEAE896C0022D426D24AD006D616
:104D10002A89B284EF00B0292A840DE1CE854A8524
:104D2000EFA051622A8419E93245268797B601001F
:104D30009386C6E02D468145EF009041B250228512
:104D4000225492540259F249456182807547AA87DC
:104D50006365B702114701456378B702ED1593F516
:104D6000F50F61476361B702971602009386C6FA92
:104D7000B3C5D52098413697028793F5F5071307F9
:104D80002005638AE50001458280C8478280884308
:104D9000828088478280C84382809307F00F630F28
:104DA000F506011126CAAA841305000222CC4AC8BE
:104DB0004EC652C456C206CE2E8AB28AB6893A89E7
:104DC00097D0FE1FE78000812A844D450DC89307C8
:104DD00000FB1CA0A3005401231144012302340151
:104DE00013058400614663050902CA8597D0FE1F3A
:104DF000E780608DA2852685EFA05FE20145F24045
:104E00006244D2444249B249224A924A05618280B0
:104E1000814597D0FE1FE7808091E9BF09458280D8
:104E2000011122CC06CE2A844C86D08697F0FE1F34
:104E3000E780E0B10DC15425214797A70020938753
:104E40002759639EE600E82378009306E0070146B1
:104E5000A285EFF09FF4F240624405618280C8337E
:104E600078009306E0070146A285E5B79307006442
:104E70003306F6026FB06F9115C1411122C406C608
:104E80002A8408219307D00F63E6A700EFB06FAD27
:104E9000FD571CA0B240224441018280828079717A
:104EA00022D406D626D24AD04ECE9E2509448DEB7A
:104EB000AE846C00AA893289EF00700F2A840DE15C
:104EC000A6854E85EFA0114D2A8419E932454A87FF
:104ED00097B601009386C6CB4D468145EF0050271B
:104EE000B2502285225492540259F249456182807F
:104EF0001A219307000B6310F7025C214947639A5C
:104F0000E700183985476398E7002A2185456F3007
:104F100000526D47CDBF8280011122CC26CA4AC8FB
:104F200006CE2A84AE84328936C697F0FE1FE7800B
:104F300000A215C95025A146324797A700209387A4
:104F40002749631DD600E823CA862686A2856244C7
:104F5000F240D244424905616FF03FE4C833CA864B
:104F60002686A285EDB7F2406244D2444249054507
:104F7000056182806FF0DFD8239405006FF03FF267
:104F800023A8A1AA828023A6A1AA8280011122CCF3
:104F900026CA06CE2A84AE8497F0FE1FE780209BA7
:104FA000A6852285EFA0110A05E92285648697F07F
:104FB000FE1FE780C0990DC15425214797A7002007
:104FC00093870741639FE600E82378009306F00784
:104FD0000146A285EFF07FDCF2406244D2440561D5
:104FE0008280C833DDB7797122D44AD0AE8706D625
:104FF000BA8526D24ECE7547328436896364F7046B
:105000002147636CF70015476388E7021947638DF2
:10501000E708C167FD1785441DA037061400DD179A
:1050200013060620B317F0287D8E49EE19677D8F91
:1050300025EB93F71710F1DFC167FD17894463165D
:10504000F40221A813F7F70793062005E313D7FC12
:1050500041677D17631EE6048D442EC6EFA0510202
:10506000B245330495403344040833858400334506
:105070000508EF304048AA87B3C9040821C9630472
:105080000900231089002254B25092540259B305EA
:105090003041F2493E85456117E3FE1F6700A31EBC
:1050A000C167FD17954461BFC167FD179D4441BFAE
:1050B0001307200D8D44E39AE7FA1304C600334426
:1050C000040865B7C167FD178D4495BFB2502254DF
:1050D00092540259F24945618280011122CC26CABC
:1050E00006CED0212E841307000281469945AA845A
:1050F000EFF07FEF2AC621C51E20502093055400F3
:105100007C803E207C8189477C82930780025C837F
:1051100097C0FE1FE780205B5C208A8526857C8403
:10512000EFA0511B2A8411C5324597E0FE1FE7808E
:105130004009F24022856244D244056182804D4498
:10514000CDBF397122DC26DA4AD806DE89472A84A7
:10515000AE8436896306F600C14709456315F60437
:1051600032C6A9C04C082285992532460DEDC1777B
:105170008507A6851305D1013ECC230EC10097C03B
:10518000FE1FE78040542C082285EFF01FF501ED4B
:1051900052454A8797B60100938666921D462C08B1
:1051A000EF00007B0145F2506254D2544259216114
:1051B0008280397126DA4AD84ED63289AE8936864F
:1051C000BA84814613071002D94522DC06DE2A8400
:1051D00032C6EFF05FE12ACE1DCD3246A685231AF6
:1051E0003101F084231B210197C0FE1FE780A04DF1
:1051F00022854C08EFA0B1202A8411C5724597E0A2
:10520000FE1FE78000FCF25022856254D2544259BE
:10521000B259216182804D44FDB7011122CC06CEE6
:1052200026CADD472A846390F50A5439B1441C49E3
:10523000B38696023287B697904314436306D6022C
:105240000A20230601006C00EFA0311F0824B1657D
:10525000938505B8EFA03FB1E5473CA097B70100A3
:105260009387679D5CC099A85623D223E31AD6FC86
:1052700088470C4797C0FE1FE7808056AA870A2000
:1052800089E7230601006C00C1B75C385828850700
:1052900093F7F70F5CB863F5E702B38797021848F6
:1052A000BA979847D623B2238E23EFF09FF049F99F
:1052B0000824B165938505B8EFA0FFAAD94431A8A9
:1052C0007C285C86C9B70A21AE846C0023060100E5
:1052D000EFA0B1168547E39BF4F6F24062442685C1
:1052E000D24405618280011122CC06CE26CADD4758
:1052F0002A840A216398F508EFA08158522C3E2891
:105300004E286D162A96334606083307F64052ACEF
:10531000AA86334707080A206372B7061388C6FFB8
:10532000B388E54063D40803AE97918FB3C60708EE
:105330001C4C0E283E97EFF0DFE709ED0824B1651D
:10534000938505B8EFA03FA2D944B1A0ED16B3C62E
:105350000608F9BF0A20230601006C00EFA0F10D3A
:105360000824B165938505B8EFA0FF9FE5473CA0F1
:1053700097B701009387278C5CC0F9B785475C8697
:105380006C00E9BFAE846C0023060100EFA0F10AB7
:105390008547E397F4FCF24062442685D2440561D8
:1053A000828079714ECEAE89C16526D20147AA842A
:1053B00089461386C18AFD15054522D406D64AD0F2
:1053C000EF10E06C054429C92A8913073002814691
:1053D0001146F5452685EFF01FC12AC655440DCD6F
:1053E0000357A900CE860146788411477885054782
:1053F00018A1B2472C002685A38007003247FD572D
:105400003CA332473CB3EF10C05D2A8411C532453E
:1054100097E0FE1FE780E0DAB250228522549254D2
:105420000259F24945618280411106C6EFF01F9290
:1054300019C5B240410117E3FE1F670083D8B2408F
:1054400041018280011106CE2AC6EFA0612A3245B1
:10545000914523A801AA23A601AA97A70020A38902
:10546000A7F6EF302005F24005616F204075797195
:105470004AD006D622D426D201499397556063D8E4
:10548000070417A500200345B5F42E8997C0FE1F19
:10549000E780601A2A844DC518219307000A631E0D
:1054A000F70885474C08DC85EFA04131AA841DC56B
:1054B0009C8599C7084409C597E0FE1FE78060D026
:1054C0002A208545EF20B076CD476398F406B25088
:1054D000225492544A850259456182808347610172
:1054E00091CF71476361F7064D476376F706938660
:1054F000C7FE130730143357D74831CF03A7C1AACB
:1055000001C7034751013DC79C8599C7084409C598
:1055100097E0FE1FE780E0CA5247B7070001938774
:1055200007F07D8FB7071200938707106307F70016
:1055300003476101ED47630EF7082285EFA0EFE80E
:105540001319F96869B7138717FE1377F70F9306D6
:105550000002E3F5E6FA858B8DCB83A701ABB5C3DB
:105560002A201306B1004C0882979C85AA84BDE7C7
:10557000C5D4B9B75C8699472308F1002A206C008E
:1055800023170100EFA0414341B783A7C1AA85CBF0
:105590002A201306B1004C088297AA8435D5834788
:1055A0005101E39707F023089100834761012A2006
:1055B0006C005C8623170100EFA00140D5BD994423
:1055C000F9BF9C8599C7084409C597E0FE1FE7808D
:1055D00040BF2A208545EF20906585B7084449D90A
:1055E00097E0FE1FE780E0BD61B75D71A2C4A6C26F
:1055F00086C6CAC04EDE52DC56DA5AD85ED6A547F9
:105600002A84B2846392F50E834745021A2232221D
:1056100085072302F5029307F7FFB307F602D4408C
:10562000B3C70708B697542503CB070003C9170073
:105630008547638BF60493178900B3E767014167D9
:105640007D17638AE70A1A2863F7E70A502485075B
:10565000B3C7070885467EA40A209305E400631BB0
:10566000D6007C84930720307C869307800278855F
:105670005C872C00EFA0014A0824B165938505B82A
:10568000EFA06FEE59458DA83307C70223900400A1
:105690008149014A930B3501B34A0708E3FD59F9E3
:1056A000B620DC402C2813865900ED163E965E8508
:1056B000B3C60608EFA041081DC1630B3A01C840FC
:1056C000B220B3053501529597C0FE1FE780A0FFB9
:1056D000BE203E9A9E20334A0A0885079EA0BE201F
:1056E000BE99B3C909085DBF5822A9476311F702E3
:1056F0008347450289CF0145B64026449644064972
:10570000F259625AD25A425BB25B6161828034289C
:10571000130934014A8689451385418EEFA0C101E2
:1057200029E934284A8689451385018EEFA0C100F6
:1057300029E134284A8689451385C18DEF90D17FB0
:105740000DE934284A8689451385818DEF90D17EF5
:105750000DE1DC2009476380E702ED1793F7F70FAF
:1057600029476368F70013079048B357F700858B04
:1057700099E3054551B78347440285072302F402A4
:10578000BE2075BD411122C406C62E8497E0FE1FBF
:10579000E780601209C93C25138717006315E400F0
:1057A00093F707F83CA5B2402244410182804111A1
:1057B00022C406C62E8497E0FE1FE780C00F1DC1DD
:1057C00011C008C01C251307E00F5D456388E70082
:1057D0001307F00F59456393E7000145B240224497
:1057E000410182800945DDBF411122C42A8421057F
:1057F00026C206C64AC0EFF02FE82420A51493F471
:10580000D40F81E858248547631DF7041C483149AB
:10581000A1E3FD57230104001CB423020402130575
:10582000C4002244B240924402496146814541018C
:1058300017C3FE1F6700A3EFB38724033E950845F7
:1058400009C597E0FE1FE780C097850493F4F40F25
:105850005C280848E3E2F4FE97E0FE1FE7806096CC
:105860004DBF084C75F975B7411122C4416406C695
:1058700026C29307E4FF6301F502AA849DE197E045
:10588000FE1FE780400309E91305F4FF97E0FE1FC0
:10589000E780600211C106A1B24022449244410156
:1058A000828085476392F50497E0FE1FE780A000A1
:1058B0002A847DD1FD571EA11C241307F00F63829B
:1058C000E7021307E00F6389E7003420083401473B
:1058D0005146A685EFF06FCC2285EFF0FFF0FD5723
:1058E0001CA4230504004DBF8947E397F5FA8545BD
:1058F000EF40A01855F1268597E0FE1FE780A0FB3A
:105900002A845DF951BF21C5011122CC06CE18258C
:105910009307F00F2A846308F70234210E2108351B
:1059200001475D46EFF06FC73820E1476318F70085
:105930000A206C0023060100EFA02130F9571CA4B7
:105940002285EFF07FEAF240624405618280828026
:105950009307F00F6306F706011122CC26CA2A84AA
:105960004AC84EC652C4B689328A3A89930685001F
:10597000AE847946AA8517050000130505F906CE01
:10598000EFF0CFCEA30424012301440123223401EC
:1059900085C01305C4006244F2404249B249224A1C
:1059A000A685D2446146056117C3FE1F6700A3D1D7
:1059B000F2406244D2444249B249224A056182809F
:1059C0008280238CA1AA8280411122C406C69547F9
:1059D0002A846391F506834745028546850723029D
:1059E000F5021E2258423022FD17B3C70708631E76
:1059F000D602B3C7E72098239C330145A207D98F6D
:105A00007A2463F0E7020A2085075EA49305C400A8
:105A1000EFA081090824B165938505B8EFA0AFB464
:105A20005945B240224441018280C946B387D7021A
:105A3000BA97D1B75822A9470545E314F7FE0345A5
:105A4000440213351500F1BF411122C406C69D471B
:105A50002A846396F5048347450285072302F502ED
:105A60001E225842FD17B3C7E72098239C33A20794
:105A7000D98F7A25014563F0E7020A2085075EA4E5
:105A80009305C400EFF06FE50824B165938505B870
:105A9000EFA06FAD5945B2402244410182805822A7
:105AA000A9470545E319F7FE0345440213351500E0
:105AB000DDB7411122C426C206C6B5472A84B28486
:105AC0006394F5048347450285072302F5020A2102
:105AD000EF90115B9E201307F5FF014563C1E702BC
:105AE0007A240A209305C400BA977EA4EFA0A106E9
:105AF0000824B165938505B8EFA0EFA65945B240DB
:105B0000224492444101828058229D470545E31872
:105B1000F7FE0345440213351500D5B7411122C4E1
:105B200006C6C5472A846390F5061E223A22FD1751
:105B3000B387E7020347450205072302E5025842FF
:105B4000B3C707083E973C333823A207D98F416774
:105B50007D176397E7000145B240224441018280EE
:105B6000138717005AA57A25E3F7E7FE9305C500CA
:105B70000A21EF90717F0824B165938505B8EFA0E5
:105B80008F9E5945D1BF5822A9470545E316F7FC1A
:105B90000345440213351500C1B7011126CA4AC88E
:105BA0004EC656C206CE22CC52C4BC211547AA8A84
:105BB0002E89B289B684639EE7023686CE854A85F1
:105BC000EFF09FE02A84631E051085470345990086
:105BD0006393F910D820A9476319F70C054A834647
:105BE00029000345990001476946D685EFF0EF9AF1
:105BF000F9A83547638CE7086361F7041D47638B99
:105C0000E7062547638EE706A547638FF90A054433
:105C1000034599002687CE860146D685EFF0EF979B
:105C2000054A19E5CE852685EFF04F92133A150007
:105C30005DD4D9476306F40259A84547638EE7044B
:105C40005D47E393E7FCD82585473686CE854A85B0
:105C5000631AF704EFF06FDC8547054AE306F5FAAF
:105C6000F2406244D2444249B249924A5285224AA1
:105C7000056182803686CE854A85EFF0FFDC99B7D4
:105C80003686CE854A85EFF05F962DBF3686CE8567
:105C90004A85EFF01FE23DB73686CE854A85EFF0A4
:105CA000FFE70DB7EFF02FE445BF26878546014695
:105CB000D685EFF08F8EE31305F285452685EFF04C
:105CC000EF88133A150021BF9E20B1F3054A4A859B
:105CD000EFF09FB171B7A547E39CF9F29E208DFBD1
:105CE000F5BDA547E396F9F29E20E39307F2054A36
:105CF00089B79E216399071C397126DA4ED652D492
:105D000006DE22DC4AD8A021ED47AA89AE84328A79
:105D10006313F40203C781AB9307F00F0144631DC3
:105D2000F7049947F2506254D2544259B259225A58
:105D30003E8521618280F547631DF40683C681ABF1
:105D40001307F00F9947E38FE6FC97E0FE1FE7800B
:105D500080B62A8415C1302505C29317466063D4E6
:105D600007008147C1B7F5454E85EFF06F8B3C24A6
:105D700093E707F83CA4F5B7D62090448C308820F0
:105D80003800EF90B16CAA8751FDB420380001466D
:105D9000CE8503C581ABEFF04F80AA8741F5B247AE
:105DA00099C323000A00BC207547E39CE7FA79F009
:105DB0004DBF97E0FE1FE78000B02A895DD185477F
:105DC0006317F404CE2088443000EF90512DAA8749
:105DD00031F98347290015476382E702E51793F7F6
:105DE000F70FC14663E1F6043317F02813775744E1
:105DF00011E7639AD7028327090195C7B0203400C1
:105E0000CA854E85EFF07FD92300AA0099BF3821BB
:105E10009147E31987F05841E30607F0CE20884404
:105E2000300002976DB7034599009797002083C70C
:105E3000375A6381A702B42038000146CE85EFE0CF
:105E4000DFF52A8409E9AC202800EFE03FF019C112
:105E500023000A000144034729008D476318F70413
:105E60003C840357C90063F4E7002316F900835507
:105E7000C9004E85EFF08F91179700200357C72474
:105E8000ED4763F5E7028357C900DD4663F0F6028C
:105E90009386370063D1E6021166938547001306A7
:105EA0000629B3C505084E85EF70904D4A85EFF081
:105EB000BF93A28785BD11669305B00F130606290F
:105EC000B355B70ACDB799473E858280011106CEFA
:105ED00026CA4AC822CC4EC652C497940020938446
:105EE000244F88249307800291653305F50293853A
:105EF0006570138941AB3345050897D0FE1FE780D5
:105F0000E01F90249307800281453306F602232088
:105F1000A90097C0FE1FE7808081832709004D45B7
:105F20009DCB0144130A8002FD599C24636DF40249
:105F300017050000130525DCEFF08F84170500001E
:105F400013058584EF90D10617050000130505920F
:105F5000EF30D0290145F2406244D2444249B2496F
:105F6000224A05618280B307440303250900614684
:105F7000814505041374F40F3E9523103501230168
:105F80000500231435012305050023020502310510
:105F900097B0FE1FE780A07949BF0145828017971F
:105FA000002003477743814763E4E700014582808F
:105FB0009221938645006314A6002E858280850772
:105FC000B685DDB71DC5411122C406C63821930729
:105FD000D00F2A8463EBE7000E2128310147F946F0
:105FE0005D46EFE09FDBF9573EA0B24022444101FD
:105FF00082808280179700200347173E8147FD5615
:1060000063E3E700828016A12301050085071105DF
:10601000C5BF01458280938591859307000285461F
:106020009CA1FD57238CF184A38BF184238BF184F5
:10603000239AD184239A01AC23A801AC23A601ACF6
:1060400023A401AC1386C1849387818E5CC2A38C88
:1060500001AA97F7FE1F938727F8094718A298A36C
:1060600098AB2380E7022388E7021387018D94A76A
:10607000D0C794AFD8DB1385418E0D471386818D31
:106080009386C18A238CE702C8C323950700D0CB2F
:10609000239D0700CCCFD4D3238407022395070286
:1060A00023A60702239D070203A7C1ABD8DF97F7FA
:1060B000FE1F9387A7F1170700001307870B23A084
:1060C0000700D8C323A407008280411106C6EFF061
:1060D0001FED09C52821B240410182800145E5BF7D
:1060E000411122C426C24AC006C6AA842E8932841F
:1060F000EFF0FFEAAA8711E94165CA857D15EFF047
:106100001FEAAA87454581C786A3A0A30145B240DF
:106110002244924402494101828021E309483547E3
:10612000639E0603011106CE22CC182210322206ED
:10613000598E32C6B377F64085E7CC452A842EC403
:10614000EFF0BFF832460147630EC5002285624476
:10615000A245F24005616FF0BFF82D473A85828075
:1061600013070008F24062443A850561828083C8C3
:106170000500094863910803DC4103C807009C330C
:10618000A207B3E707010D6813082890639507017C
:1061900089476FF09FF80545828001114EC606CEF3
:1061A00022CC26CA4AC89389718503C70900930780
:1061B000F00F630FF7022A892945AE84328497B025
:1061C000FE1FE7802041AA8505C59307100B1EA17D
:1061D0002302050002A562442311250166A1F240B5
:1061E00003C50900D2444249B24905616F901FA31B
:1061F000F2406244D2444249B24905618280411171
:1062000026C2AE8483A5C1AB22C406C62A84EFF0A1
:10621000DFEB098909C922852244B240A685924450
:1062200041016FF00F98B24022449244054541016C
:106230008280411122C426C24AC006C6AA84130421
:1062400045001309850B1E209DC3084409C597D03E
:10625000FE1FE78000F722853146814597B0FE1F7B
:10626000E780E04C3104231A04FEE31E24FDB24013
:106270002244FD579EA00249924441018280979694
:10628000002083C6761583A741AC01476394E600DE
:10629000014582808E231386870B6394A5003E857B
:1062A000828005071377F70FB287CDB7AA8703A5BA
:1062B000C1AC01C95A216314F70008458280084126
:1062C000CDBF8280411106C6EFF05FFE09C50845CB
:1062D000B240410182800145E5BF797122D4138427
:1062E000450026D24AD052CC5AC82E8A06D64ECE67
:1062F00056CA5EC622892287014B81448146814766
:10630000BD45122345CAB5EE46233E23B286A69765
:10631000B3C70708050B3107E315BBFEADC4916594
:1063200093854570268597D0FE1FE78020DDAA8BD8
:1063300039C90C44D1C9814A8149522033853B0176
:1063400097B0FE1FE78020385E200844BE99B3C98D
:10635000090897D0FE1FE780C0E663980A0031095C
:10636000854A832589004A84E9F931468145228599
:10637000850A97B0FE1FE780803B63826A0531097A
:10638000CDB7630ED6000145B25022549254025943
:10639000F249624AD24A424BB24B45618280322373
:1063A000E313F6FE5223B294B297B3C40408B3C702
:1063B00007088DB78547E3E367F70545F1B723265F
:1063C0007A0123149A00D5BF1309C400854A814974
:1063D00049BFAA8703A581AC11E1828018453A27FD
:1063E0006314F700110582800841FDB7411106C60C
:1063F000EFF03FFE09C50A21B2404101828001450C
:10640000E5BF411106C6EFF0DFFC09C52821B24007
:10641000410182804145E5BF411122C42A8409051A
:1064200006C6EFE07FA5FD573CB0B24022444101D3
:106430008280411122C4416406C626C29307E4FF4C
:106440006301F502AA849DE197D0FE1FE780804991
:1064500009E91305F4FF97D0FE1FE780A04811C19A
:1064600006A1B24022449244410182808547639252
:10647000F50497D0FE1FE780E0462A847DD1FD57C2
:106480001EA13C201307F00F6382E7021307E00F01
:106490006389E70028300147F9465146A685EFE0B9
:1064A000DF8F2285EFF05FF7FD573CA02302040049
:1064B0004DBF8947E397F5FA8545EF30005C55F10C
:1064C000268597D0FE1FE780E0412A845DF951BF01
:1064D0005D71A2C4CAC086C6A6C24EDE52DC56DAC0
:1064E0005AD82E84AC21F9472A896392F50497D0B3
:1064F000FE1FE780203F2A8405C138219307D00F73
:1065000063ECE70028310147F9460146CA85EFE010
:10651000DF882285EFF05FF00145B64026449644BF
:106520000649F259625AD25A425B61618280832ADB
:106530000400B7070001938707F037071200B3F78D
:10654000FA0013070710B28981446388E7022EC658
:1065500097D0FE1FE7800039B245AA8419CD50219B
:1065600009CE93174660E3C907FA4A85EFE05F8BCF
:10657000DC2093E707F8DCA045B7138A8185034741
:106580000A009307F00F1945E309F7F8E147E3E63E
:10659000B7F893D71500FD17170702001307C78335
:1065A000B3E7E72003A80700E30908F603AB4700B9
:1065B000E3050BF6B3CA0A0863850A00C947E39EE0
:1065C000F5F4562010440C3008203808029831F5B4
:1065D0002C084A85029B1DCD183021F33820230A50
:1065E000A100B9472308E1006314F702E2479823AA
:1065F0009C33A207D98F0C084A85FC81EF90C13BE0
:1066000001DD14080546D9454A85EFE0FF9031B712
:10661000BC84D5B734209147E380F6F003450A00E7
:1066200038080146CA85EFE04FF7E31805EE2C2045
:106630002808EFE0AFF119C1238009001840B7071F
:106640000001938707F07D8FB7071200938707102B
:10665000E304F7ECE38204EC3C2031BF411122C497
:1066600006C62E8497D0FE1FE780C02709C95C218B
:10667000138717006315E40093F707F85CA1B24095
:10668000224441018280397152D42E8A4ED693051C
:10669000E100AA89528522DC4AD856D25AD05ECE71
:1066A00006DE26DA3289368BBA8BBE8A97D0FE1F79
:1066B000E7808025054425C1AA8428873944EFF066
:1066C000FFBE31C90328450063070804D6875E87EB
:1066D000DA864A86A6854E8502982A840DED9307B0
:1066E000E00F638AFA02982089476316F702DC40BC
:1066F00098239C33A207D98F0D6713072790639CBB
:10670000E7008347190003460900D285A2075D8E82
:106710004E85EFF09FA8F25022856254D254425920
:10672000B259225A925A025BF24B216182807971EE
:1067300022D422214ECEAA89228556CA06D626D236
:106740004AD052CC5AC85EC662C4AE8AEFF03FB39C
:1067500005E52285EF90D115594411E10144B2506D
:106760002285225492540259F249624AD24A424B3B
:10677000B24B224C4561828003C78900854763077D
:10678000F700EFF01FAB03D52900E9B7AA85AA846B
:1067900013858900EFF07FB42A8415CDFA20962462
:1067A000D044CE2003D52900E147EFF0DFEDD947F3
:1067B0002A846318F50023A604002685EFF07FA73E
:1067C00071BF19E1268575BFDE2026852390FA006A
:1067D000EFF03FA669B713894400014AB94B594C01
:1067E0003D4B8355090085CDE14763077A01035787
:1067F000C900D94711E3E1470357290083564900EF
:106800000326890003D52900EFF0FFE72A846310EF
:10681000850323240900050A3109E3146AFD26854E
:10682000EFF03FA12DD0D947E31BF4F205BF65D5AA
:10683000835709002390FA00F9BF0111708793076D
:10684000E00F1306E1000147894606CEEFF0BFE3F3
:10685000F2400561828079714AD00359850022D4C3
:1068600026D22A84AE844A859305210106D697D084
:10687000FE1FE780600979C51C252AC693F7070229
:106880009DC7A881EFF01FA4B245AA8711E9239004
:1068900024013945B25022549254025945618280F4
:1068A0002A204946829701C51E249EA0E5B70359B8
:1068B00024004A85EFF0BF9C01ED41657D15EFF0A6
:1068C0001F9C09E51E2425459EA0E9B7231025013C
:1068D000130745008147BD46122339EE3147B38780
:1068E000E7029305840031462EC691073E9597B086
:1068F000FE1FE78040DDB2453146480897B0FE1FD5
:10690000E78060DC52242A2041478146DD45EFE0E4
:106910008FED2ACE09E51E2445459EA0A5BF0C4853
:10692000522497B0FE1FE78000DA2A204C08EF902F
:10693000E1732DD15945B9BF85073107E39ED7F8DB
:1069400025459DB705458DB7797122D42A840A253E
:106950004AD02E899305E1004ECE06D626D2B289C2
:1069600097D0FE1FE78040FA2DC91C25AA8493F713
:1069700007028DEF18389307200511E35C203624B9
:1069800050440E242A200147EFF0FFCF21E11C38AC
:10699000B9E32A20EF90C169AA8759458DCFB2503B
:1069A000225492540259F249456182802887EFF0BF
:1069B0007F91AA870DC52A204946A68582975DD971
:1069C0001E242310F9001C3899E7D1BFD947E319D9
:1069D000F5FE238009000145D9B70545D5B73945EE
:1069E000C5B7797122D44AD04ECE52CC56CA06D6FB
:1069F00026D2AA892E8AB28A368997D0FE1FE780CE
:106A000060EE09440DC53C211307E00FAA845D44E4
:106A1000638FE7001307F00F5944639AE70063920E
:106A20000A02D2854E85EF90A16C2A8421C1B25012
:106A30002285225492540259F249624AD24A45614F
:106A4000828003550A009305E1002317010097D0C7
:106A5000FE1FE78060EB2887EFF0BF9AAA85054606
:106A60004E85EF2090612A844DDDD1B79307F00F5A
:106A7000E30FF9FA938624007946A68517F5FFFF00
:106A800013058554EFE08FBEA38124014DB77971C2
:106A900026D24ECE52CC56CA5AC85EC606D622D48C
:106AA0004AD062C466C2AA8A2E8BB28B368ABA8951
:106AB00083A481ACB9C0804483DC44000149035CF9
:106AC000A400631499018440F5B73E2463F757018D
:106AD0000509410433490908EDB7E36BFBFE63097F
:106AE0000A000C204840D2865E86EF80F1446DD1CA
:106AF0006384090023908901A284B2502254025970
:106B0000F249624AD24A424BB24B224C924C268501
:106B10009254456182809A21B621854763E1E6045B
:106B20001DCFD42101111386550022CC1385418E2F
:106B30002E84894506CE32C6EF801140C14719C95F
:106B4000542032462E200A200147EFF05FF4A94777
:106B500011C18147F24062443E85056182803E85D5
:106B600082802E860A22AE21854763E1A50219CDD7
:106B7000542241110147150606C6EFF05FF1A947FF
:106B800011C18147B2403E85410182803E858280AD
:106B90002E860A22AE21854763E1A50219CD542233
:106BA00041110147150606C6EFF07FEEA94711C156
:106BB0008147B2403E85410182803E8582803971A5
:106BC0004ED6BE2183D9050006DE22DC26DA4AD85D
:106BD00052D456D25AD05ECE62CC66CA63E4371520
:106BE0002A8A054563830912416BAE8A231401008A
:106BF00002C6014401497D1B894B054CC94C83D514
:106C00002A000147814601464E8523130100EFF01B
:106C10001FE8AA8471C509EC1307200293066100DE
:106C20005A8695455285EFE00FBC2A84630E050E07
:106C300038849C2025C718856301870541476394E4
:106C4000E70ABE244146130524001CA0BE24A183EC
:106C50001CB0CC4097B0FE1FE780E0A649043C84FE
:106C60008507B3C707087C8463FC2707BE246389B4
:106C700067078509B3C9090859B763967707BE2422
:106C80000946130524001CA0BE24A1831CB0CC40DF
:106C900097B0FE1FE78020A31104D1B722C6035985
:106CA0006100B82413052400638F770133599903D9
:106CB0002305710118A0BE244146A1831CB0CC401D
:106CC0001379F90F41BF2305810118A0BE24135980
:106CD00029001379F90FA1831CB0CC4009464DBFA0
:106CE0003C8429459DC32C005285EF90810709CD36
:106CF00034001546D9455285EFE00FA211C5324543
:106D000097C0FE1FE780E04B0145F2506254D25419
:106D10004259B259225A925A025BF24B624CD24CFF
:106D2000216182800545D5B74545C5B703C701AF89
:106D3000854763F7E706011122CC26CA4AC806CE6A
:106D40002A84AE84328997D0FE1FE780A0B911C58E
:106D500038219307E00F6307F704631B09002285BE
:106D60006244F2404249A685D24405616F900135E4
:106D70008A209305E1002317010097D0FE1FE780CA
:106D8000A0B82887EFF0EFE7AA8505462285EF2017
:106D9000D02E71D5F2406244D244424905618280CE
:106DA000594582805D45FDB7411122C406C626C201
:106DB00093F705022A84328585C3EFF08FE4AA8514
:106DC00005462285EF20702B95476305F500BD47EA
:106DD0006315F502214515A093F78500B6849DC380
:106DE000EFF02FE2AA8505462285EF20102909C57C
:106DF0009C3481C79C2491C30145B24022449244F3
:106E0000410182809397456063D70700EFF06FDF01
:106E1000AA850146D1BF89890D45F9FDF9BF797170
:106E2000AE8622D42A848A229305E10106D636C68C
:106E300097D0FE1FE78040AD11C90C252285225452
:106E4000B246B087B25045616FF01FF6B25022547F
:106E5000054545618280411122C406C693F70502AB
:106E60002A8432858DC3EFF0CFD9AA8505462285C5
:106E7000EF20B0201547AA876305E5003D47631D55
:106E8000E502A14715A893F7850099CBEFF06FD7DE
:106E9000AA85054622852244B24041016F20F01D9B
:106EA0001397456063570700EFF0AFD5AA850146F9
:106EB000D5B7898991E18D47B24022443E85410191
:106EC00082807971AE8622D42A848A229305E101D8
:106ED00036C606D697D0FE1FE78000A3B24609C982
:106EE0000C2522852254B087B25045616FF0BFF661
:106EF000B25022540545456182803E257971416733
:106F000022D426D24AD04ECE06D6231701007D17B2
:106F1000AA84328436898149638DE7009420D04069
:106F2000138517001307E10033450508EFF03FB65E
:106F3000AA899420D04089451385418EEF80C17F76
:106F400015C5A2242285EFF06FCA09C57D142A94C5
:106F5000334404086304090023108900B25022540A
:106F6000925402594E85F249456182809420D04066
:106F700089451385018EEF80217C61F59420D040F6
:106F800089451385818DEF80217B11C9E38C09FA36
:106F90003C87E39987FA03D4A9007D1455BFA22446
:106FA00055BF397122DC26DA4AD84ED652D456D291
:106FB0005AD05ECE06DEBE8B9C252A8AAE84C18B5B
:106FC000B28A36843A89C289468B9DEF94208947DC
:106FD0006383F6065685EFF06FAD05CD8328050077
:106FE0006389080222866254F250925A5A88CE87E8
:106FF000025BB2595E87CA86F24B4259A68552851A
:10700000D254225A216182883285EFF0AFABAA8731
:1070100009ED3945F2506254D2544259B259225ABC
:10702000925A025BF24B216182802946A6855285E5
:10703000829749DDC5B7DC4003C3170098238D67ED
:1070400022033363E3001386479013175360E3432F
:10705000E6F81386F78F634BE60293862780630F6B
:10706000D70863C8E604F977938707803E9385477E
:1070700033430308E3E067F62D45E39D0BF8DC445A
:107080009023CC432310C90022850DA2F577938766
:10709000F76F3E938D473343030863EE671017F78E
:1070A00001001307A7CD3343E32083270300BA97DA
:1070B000828793873780E31FF7F02D45E39C0BF41D
:1070C00085472310F900DC4481459C231CA0AA2499
:1070D00005053345050897D0FE1FE780E0828357FA
:1070E00009005DE591072310F9001146814513055C
:1070F000140097A0FE1FE780806371A02D45E39BDD
:107100000BF0DC446C0083C917009823A209B3E993
:10711000E90011472310E9009C234E851CA0DC44A4
:107120009C331CB097C0FE1FE780007EAA8431CD3F
:107130003086C1659306E100FD158329C500EFF097
:10714000DFDB19E99420D04089451385018EEF805B
:10715000A15E19E1FD577C8703C7090089476310C9
:10716000F70283A5490009461305440097A0FE1FB6
:10717000E78060558357090089072310F9003C8791
:107180003CA0A1833CB0014571B523173101C5BFB7
:1071900018218907BA972310F9003E251CB03E2517
:1071A000A1833CA010214C411305340097A0FE1F81
:1071B000E7806051C9BF2D45E39E0BE42310D90041
:1071C000DC449C231CA0DC449C331CB06DBFC84431
:1071D00097A0FE1FE780C058334705081D45E36BA5
:1071E00077E36380EB02B386790163C6E600330779
:1071F0007741B3490708CC44231039014E86DE9508
:1072000061B58149CDBF2D45E3960BE0CC44528555
:10721000EFE0BFEB89472310F90008A0218108B0F7
:107220009DB72D45E3980BDE89472310F90049BF30
:107230002D45E3910BDEDC441D472310E900982324
:1072400018A0983318B0BA2338A0BA23218338B0D5
:10725000D82358A0FA2358B0FE23A1837CA025B7D9
:107260005D71A6C2AA842A214EDE52DC56DA5AD8B3
:107270005ED662D466D26AD06ECE86C6A2C4CAC0BA
:10728000AE8AC16BEF80C15F130CF5FF2A8A81497A
:10729000978D0020938DCD0A938C01AD138B41AD5A
:1072A000FD1B334D0C08DE2463F6F90083D70D0077
:1072B00063CD8701AA209785002093856508EF801C
:1072C000514C2A841DCD59442DA89C449305E100BE
:1072D000B3A7F92003C917009C2322093369F900D9
:1072E0004A8597C0FE1FE7802062AA851DE923908A
:1072F0002A0103A54D0009C597C0FE1FE78060EC79
:107300000544B6402285264496440649F259625AFD
:10731000D25A425BB25B225C925C025DF24D6161CB
:10732000828083C8440083A60C003087AA206A8824
:1073300081475A87EFF0FFC62A8419C923902A0192
:1073400003A54D005DDD97C0FE1FE78080E755BFB8
:1073500083A74D0099EFAA20514781465E86BD451F
:10736000EFD07FC823A2AD0009E523902A01454450
:1073700049BF83D70D0003570B003E976347470172
:107380003307FA407D172310EB0003A54D00035689
:107390000B0083A50C003E95850997A0FE1FE78092
:1073A000803283D70D0003570B00B3C90908BA9781
:1073B0002390FD00CDBD397126DAAA842A214ED64C
:1073C0005AD006DE22DC4AD852D456D25ECE62CCE7
:1073D00066CA6AC82E8BEF80A14AAA89D424AE243B
:1073E0008A2478001386D400EFF06FEA05C1938BEE
:1073F000B9FF2A84E5190149138C01AD938C41AD85
:1074000033CA090863497901631B09109E24294581
:107410002310FB009DA8035DC10083C844008326A0
:107420000C00AA205288814766876A86A285EFF001
:107430005FB719C9AE2422859306E1006A86EFF092
:10744000DFAB2A8461F0C9B783D70C009228E3131D
:10745000F6FE83250C00C84897A0FE1FE780403841
:1074600071D9978900209389A9ED83A7490095EFE9
:10747000AA204166454781467D169D45EFD0BFB69F
:107480001DE19E2445452310FB00F2506254D25466
:107490004259B259225A925A025BF24B624CD24C78
:1074A000424D2161828023A2A900AE24835AA40008
:1074B00022859306E1006A86EFF03FA42A84E383E5
:1074C0000AF883A749001307190033470708CA972A
:1074D0002380570183A7490093DA8A009306290085
:1074E000BA972380570113073900110983A7490070
:1074F000B3C60608334707083349090811C930875E
:10750000B69790A383A749002182BA9790A3DDBDC7
:10751000B697FD5694A383A74900BA9794A3AA20CF
:10752000978500209385C5E11359290023902501F3
:10753000EF80B10E39D9594589BF411122C406C621
:1075400093F705012A84328585C3EFE09FEBAA8576
:1075500005462285EF20603295476305F500BD475B
:10756000631DF502214515A893F7450099CBEFE07F
:107570005FE9AA85054622852244B24041016F2079
:10758000C02F93F7050491C7EFE0BFE7AA85014636
:10759000DDB713C5F5FF05890605B2402244410158
:1075A0008280797122D426D252CC06D64AD04ECED1
:1075B00056CA5AC82A8AAE840144DE206364F400A5
:1075C000014581A083AA04009319140013891900AE
:1075D000B327542103CB0700B3872A0188239305DF
:1075E000E10022053365650197C0FE1FE780C031C9
:1075F0001DE123806A019C4005453E99034709002F
:1076000098B3B250225492540259F249624AD24A73
:10761000424B456182800C2530875285EFF0FFF1A7
:1076200001CD9C40BE9903C7090098A39C403E9998
:107630000347090098B3F1B7050433440408B5BF04
:107640000111AE8722CC2A848A239305E10006CE5D
:1076500097C0FE1FE780402B09C90C252285624494
:107660003087F24005616FF05FEDF24062440545FE
:107670000561828039715AD02A8B2A2126DA4AD8AC
:1076800006DE22DC4ED652D456D25ECE62CC66CA1C
:10769000AE84EF80E11E2A898346CB008355AB0080
:1076A00003558B0078001306DB00EFF04FBE630B31
:1076B0000514C16A130AA9FFAA8B0144938901AD7D
:1076C000978C0020938CCCC7FD1A6D19334A0A0899
:1076D000035CC10083C58B0003552B006286EFF06D
:1076E000DFE56310051483484B0083A609000355AA
:1076F0002B0052888147138741AD6286DE85EFF00B
:107700005F8A6310051215C883D72C0003D741ADDB
:1077100011076395E700A29763C2270797850020AA
:10772000938505C2BE2103552B003354F40282A178
:10773000EF80F10815C1594505A003552B004947B5
:1077400081465686C545EFD01F8A23A2AC0015E1BD
:1077500083D7AB0045459EA0F2506254D2544259A3
:10776000B259225A925A025BF24B624CD24C2161BE
:10777000828083D741AD91072391FC0083A74C0001
:1077800003D7AB006286A29798A383A74C00130788
:10779000140033470708BA9703D7AB009306E100FC
:1077A0005E85218398A38355AB00138C41ADEFF028
:1077B000CFF403A74C003C87130624003346060889
:1077C00032971CA303A74C0093063400A183B3C6D1
:1077D000060836971CA3AA8B03A54C00110433445A
:1077E000040803560C0083A50900229563910B023F
:1077F00097A0FE1FE78020ED83570C00A29733C4AB
:10780000070809FC83578B0029459EA0B1B797A0B4
:10781000FE1FE78040EB83570C003E94334404087E
:1078200045BD83D7AB009EA0E31A04EE83578B00BF
:107830009EA01DB71D71A6CACAC8AA840359850097
:107840002A21A2CCCEC6D2C4D6C2DAC05EDE62DCA9
:107850006AD886CE66DA6ED6AE8AEF806102130BE6
:10786000D5FF01447115138CD400938B01AD138A9D
:1078700041AD178D0020130DADACB3490508635D14
:107880006411D424AE241307E10162864A85EFF027
:107890000FA0AA8C630205100359A500B0870C2520
:1078A000AA2032C6EFF07FC9631D050E83C84400CD
:1078B00083A60B003246AA204E8881475287E68570
:1078C000EFF02FEE79ED15C483570A0003572D0012
:1078D00089076302F70697850020938565A6BE2178
:1078E000AA20B357F4029EA1EF80C15B0DC1594598
:1078F00039A8AA2041664D4781467D16A545EFD09F
:107900008FEE2322AD001DE123902A014545F6406C
:107910006644D6444649B649264A964A064BF25B27
:10792000625CD25C425DB25D2561828083570A0051
:1079300089072311FD0083570A00A29763DE6705BC
:1079400083274D0003D7AC00930D2400A29798A382
:1079500083274D0003D7AC0005043344040821837A
:10796000A29798A303254D0003560A0083A50B0098
:10797000B3CD0D086E9597A0FE1FE780C0D4835746
:107980000A00BE9DC167FD1733C40D08E309F9EE77
:10799000050933490908E5B5294515FC23902A0155
:1079A000BDB76DDC0DBF1E21411126C206C622C423
:1079B0004AC0444189EB8947B2402244924402497B
:1079C0003E85410182809420D0402A8489451385D8
:1079D000418EEF70715611C93C202547E51793F78A
:1079E000F70F637DF700E147C1BF9420D040894580
:1079F0001385018EEF70515465F175BF1389418570
:107A0000835609008547CDDA1A203697C166E3C54B
:107A1000E6FA916593852570314597B0FE1FE780A2
:107A2000E06DAA84CD4749D93146814597A0FE1F14
:107A3000E780E0CF1A208355090001468147B386CD
:107A4000F500B3C6060863E7E70201C62E972310C8
:107A5000E90023A004002146A2851385440097A0D5
:107A6000FE1FE78040C6138781AC1C4381CF3E8751
:107A70009C43EDBF50401395470085072A9636A6D4
:107A8000054675BF04C3814705BF011106CE22CC50
:107A900026CA4AC809E90944F24022856244D24410
:107AA0004249056182802AC6AA84280036896C84EE
:107AB0005085EFF05FEF2A8465F1E30F09FCBE24E7
:107AC000F9DB916593855570314597B0FE1FE780CE
:107AD000E062AA8705C1BA249386C1AC23200500C1
:107AE0005AA198422324250101C7BA861843EDBF45
:107AF0009CC25DB74D444DB7938791AB98230DE37E
:107B0000054798A3058909CD97D6FE1F9386064C95
:107B10004146914517D5FE1F1305054C6FF0FFF642
:107B200001458280A38BA184828041677D17631504
:107B3000E5002E856FE00FCC411106C6EFE02FC6A1
:107B400009C5FD571EA123010500B24041018280F5
:107B5000011126CA06CE22CC4AC88547AA84639062
:107B6000F5042685EFE0AFF121E941699305F9FFBE
:107B70001307E10089461386018D0545EFE03FF1CB
:107B80002A847D1905C44C442685EFF01FFA3087FE
:107B900022858146CA85EFF04FB62A84E5B789472A
:107BA0006396F5008545EF10506D45DDF240624467
:107BB000D244424905618280EFE0AFE77DB74111D1
:107BC00022C406C626C21784002013046480083429
:107BD00023A201AC23A001AC23AE01AA49C19307A3
:107BE000200C3305F502916593851570938441ACA3
:107BF00019053345050897B0FE1FE7802050103463
:107C00009307200C81453306F60288C0190697A019
:107C1000FE1FE780C0B19C40183481459386470021
:107C20007D5563E6E5069306800BB306D702014651
:107C30000507FD55B69723A0F1ACBE868EA2ACB267
:107C4000ACA22382060005069906E369E6FEF95612
:107C500096A399463307D702BA9723AEF1AA17F530
:107C6000FFFF13052587EFD00FB217F5FFFF1305B0
:107C7000259FEF70513417E5FFFF1305C57BEF100B
:107C8000F056B24022449244014541018280239E35
:107C9000A6FE36861388460B231006002324060012
:107CA0003106E31B06FF85059386860B9DBF4111B8
:107CB00006C622C42A84EFC07F9EEFE0CFB503A59D
:107CC000C1AB238B8184EFE0EFB2238C818422440B
:107CD000B240170500001305E5E741016F10105190
:107CE0009397556063D7072E797103C5618522D4B8
:107CF0004AD006D626D24ECE2E8997A0FE1FE78008
:107D000080932A8451C918219307000B6313F70845
:107D10008547938401ADDC849C402315010081EFED
:107D2000EF00807091659385357097B0FE1FE780F6
:107D3000E03C88C031C961468145177500201305B4
:107D4000256097A0FE1FE780809E834944008947F5
:107D50006393F908D12D977400209384645E8AA000
:107D60002A20A685EF70317CAA869E202A201A241C
:107D70008DEE6363F7001EA40E24EFD02FA12285A1
:107D8000EFD00F979C8491C74C2013058400EFD04F
:107D9000AFE92285EF707FE3B25022549254F2494A
:107DA0001315F9680259456182806363F7001EA4C8
:107DB0001E24D94597760020938686580D469EA0AE
:107DC000EFD08F958D4545DD17750020130545577C
:107DD000EFD08FE56DB79387A9FF93F7F70F49476A
:107DE000E36FF7F817E70100130747FAB3C7E72077
:107DF0009C43BA9782879305A1002285EFF0AFDB01
:107E0000AA8435DDD9476394F40A85092A2093F9B9
:107E1000F90F977600209386A6524E86D945EFD06B
:107E2000AF8F31DDCE854DB79305A1002285EFF0F0
:107E30007FA0F9B7835984006C004E8597C0FE1F60
:107E4000E78080ACAA842DC12A2041669306E10018
:107E500055477D16AD45EFD00F999779002093894E
:107E6000294E23A2A900AA8655CD83484400035871
:107E7000E10030862A20A68581474E87EFF06F9279
:107E8000AA846312050E2A20CE85EF804107E308FD
:107E900005EE2A20D945CE862D46EFD0EF87AD4599
:107EA000E30F05EC4E852DB72315310185441830BD
:107EB000D147E306F7EC5C20977900209389494885
:107EC0002A202380F9003C85CE85238299002391C6
:107ED000F900EF70712EE30405EA2A20CE860546EC
:107EE000D945EFD06F83E30C05E8854565BF83591D
:107EF00084006C004E8597C0FE1FE780E0A0AA8436
:107F000045D52A2041669306E10059477D16B545BF
:107F1000EFD06F8D977900209389894223A2A90021
:107F2000AA8609E51E24C5447C8551B783484400D0
:107F30000358E1003E2430862A20A6854E87EFF0C4
:107F40004F86AA840DE12A20CE85EF70D17EE3080A
:107F500005E22A20D945CE863546EFC0FFFBB54560
:107F6000E30F05E081B7D94703A549006397F40003
:107F700097B0FE1FE780E02419B597B0FE1FE78099
:107F800040241E247C8525B79305A1002285EFF0AF
:107F90002FADBDB59305A1002285EFF0AFED8DB5F6
:107FA000130691009305A1002285EFE0FF9989BD9A
:107FB0009305A1002285EFE01F8AAA84E31405E45B
:107FC000A30401006DBB9305A1002285EFE02FF60D
:107FD00005BD01458280F1C6011156C2AE8A8545B4
:107FE00026CA4EC652C406CE22CC4AC82A8AB284B9
:107FF000B689EF109028D1470DC103C711AF83C7D1
:10800000D1AE014999E03E89BA871317490003A40C
:1080100001AE3A94636DF900D547F2406244D24410
:108020004249B249224A924A3E8505618280362001
:108030001307040191C605091379F90F3A84D9BFD2
:10804000A1C89565938525C01305000297B0FE1F52
:10805000E780C00A48C469D11306000281451309AC
:1080600009049790FE1FE780806C23000400231111
:108070002401231344019C3403A741AE998C1CA412
:108080005C4491849180C4AF23A08900814771B77B
:108090002326040023000400231344012304540175
:1080A000E5B785473E858280AA8683C511AF03A7C1
:1080B00001AE81476394F5000145828032233A8501
:1080C00019C2E30CD6FE850793F7F70F4107DDB71A
:1080D000AA8603C611AF03A701AE81476314F60059
:1080E000014582802E233A8581C54C23E38BD5FE42
:1080F000850793F7F70F4107D5B7AA8683C5E1AE89
:1081000003A741AE81476394F500014582801223A5
:108110003A8519C2E30CD6FE850793F7F70F41079E
:10812000DDB7AA8603C8D1AE83A701AE01476314A9
:10813000E80001458280B2233E8509CAF223631715
:10814000D600D04701C63222E306B6FE05071377F4
:10815000F70FC107E9BF411126C2444522C406C634
:108160002A8495C0C84409C597B0FE1FE780600502
:10817000C84809C597B0FE1FE780A004268597B0C0
:10818000FE1FE78000042285414681459790FE1F2F
:10819000E780E059FD571CB4B240224492444101AB
:1081A0008280011122CC2A842A2106CE2EC6EF100D
:1081B000205A324622858145EF00104E22856244C6
:1081C000F24005616FF03FF905C53E21411122C41F
:1081D00006C62A8491CBDD45EF00104F228522444C
:1081E000B24041016FF03FF7B2402244410182802A
:1081F0008280411122C4B1471304C5FFB307F402C2
:1082000026C2977400209384241506C6A697BA2721
:108210006315B702C84315C19307F00F6305F60055
:108220001C21639CC70097B0FE1FE78080F9B1470F
:108230003304F402A29423A20400B24022449244E4
:1082400041018280411122C42E8426C24946AA845B
:108250008145228506C69790FE1FE780404D8DC858
:10826000D82C83A741AE1207BA979A231AA0BA2333
:10827000FE233AA003D781AE5AA09A207AA0BA2052
:108280001AA4DA203AA4FA205AA49A241EA87AA49E
:10829000B24022449244410182802A8683C511AFB4
:1082A00003A841AE83A601AE014701456393E500F3
:1082B00082809C2281CFDC4691CBDC2F9207C29733
:1082C0006316F6009307150013F5F70F05071377EC
:1082D000F70FC106E1BF130600643386C50293069B
:1082E0009500AA8517050000130545EE6F70FFC9BC
:1082F000411122C406C62A840835EF709FE6FD5757
:108300001CB4B240224441018280011122CC4AC8EF
:108310004EC652C456C25AC006CE26CA2A89AE8953
:108320000144138AD1AE938A01AE1D4B83470A00E4
:108330006365F40463990902938911AF138A01AE4E
:10834000930AF00F83C709006364F4061144A14443
:1083500022851306F00FCA850504EFF09FE9334428
:108360000408E31794FEF2406244D2444249B24901
:10837000224A924A024B0561828083A40A00931725
:108380004400BE949C208DC3FE20639F270163950B
:108390006901AA20EF10C03B26854E868145EF007B
:1083A000B02F2685EFF03FDB05041374F40FBDBF3B
:1083B00083240A0093174400BE949C208DC39C34F0
:1083C000638F5701FE20639C27012685EFF05FF243
:1083D0002685D145EF00502F2685EFF0DFD7050425
:1083E0001374F40F85B7C167F917630BF5024111D8
:1083F00022C406C685472A846399F5002285224453
:10840000B240814541016FF05FF089476396F50006
:108410008545EF1080667DD1B240224441018280C3
:1084200082809D456FF07FEE03D581AE8280011181
:1084300006CE68876C8603C7C1AE85476318F70010
:1084400070009305E1000545EF504074F24005616E
:108450008280A947631DF6029C319821A207D98F1B
:108460001EA1BC31B821A207D98F3EA1DC31D82191
:10847000A207D98F5EA1FC31F821A207D98F7EA176
:108480009C359825A207D98F1EA5014582800545F8
:1084900082809147631EF6009C319821A207D98FF4
:1084A0001EA1BC31B821A207D98F3EA1014582800F
:1084B000054582809387C5FF0D47B3C60708636EE5
:1084C000D70031473387E702977700209387C7E8C3
:1084D000BA97A8A38EA3014582800945828093079D
:1084E00040203355F50A71152394A1AE2388B1AE0F
:1084F000A387B1AE8280956541111905938535C07A
:1085000006C63345050897B0FE1FE78020BF01C9A6
:10851000B240E955410117B3FE1F6700C3D6B24010
:1085200041018280A38801AE238801AE238701AE7A
:10853000A38601AE238601AE85474111A385F1AE26
:1085400006C622C426C22A84238501AE239401AE26
:1085500023A001AEEF10A028177500201305C5DF7A
:10856000130600038145238981AE9790FE1FE780A3
:10857000001C138481AD08209384D1AE1DC5956580
:10858000938545C0120597B0FE1FE78020B723A250
:10859000A1AE01CD1C30102081459CA02387C1AE27
:1085A00012069790FE1FE78080189C201775002008
:1085B000034585E2138411AF3E951375F50F95655C
:1085C00008A0938555C0120597B0FE1FE78000B341
:1085D000938401AE88C025CD102081451206979066
:1085E000FE1FE780C01498401420814725077D5660
:1085F0006399F604EF10E03EB1473305F502956547
:10860000938565C03345050897B0FE1FE78000AF2E
:1086100023AEA1AC2A8401CDEF10A03C3146330635
:10862000C502814522859790FE1FE78040102244B5
:10863000B240924417050000130525DB41016F107D
:10864000E03A850710A393F7F70F410755B7A388C2
:1086500001AEA38601AE79BF411126C206C622C46F
:108660004AC0AE849397556063D70708138921AF3A
:10867000034509009790FE1FE780E0FB2A8431C57F
:10868000182193070009631FF7021831CD476312C1
:10869000F706938601AF28219C2217780020034813
:1086A00098A213066400814501476318E50291C151
:1086B0009CA29C2281CB03450900854597B0FE1FF3
:1086C000E78060132285EF704FD01395F468B240B5
:1086D000224492440249410182800E220507137709
:1086E000F70FAE9793F7F70F09068545B3D7070B3A
:1086F0006DBFC529C1BF13F5150071D9EF00904EAC
:1087000019C983C701AF81CB854503C521AF97B098
:10871000FE1FE780400E13C5140055BF0547637E5A
:10872000C7029C319421A207D58F1EA16399E7004F
:10873000BC31B821A207D98F3EA1014582800947EB
:10874000E39DE7FEBC31B821A207D98F3EA1DC3101
:10875000D821A207D98F5EA1CDB705458280914768
:10876000631EF6009C319821A207D98F1EA1BC314F
:10877000B821A207D98F3EA101458280054582809C
:108780009147631EF6009C319821A207D98F1EA144
:10879000BC31B821A207D98F3EA101458280054591
:1087A0008280A1476318F6029C319821A207D98FD5
:1087B0001EA1BC31B821A207D98F3EA1DC31D8213E
:1087C000A207D98F5EA1FC31F821A207D98F7EA123
:1087D000014582800545828089476319F6009C31F6
:1087E0009821A207D98F1EA101458280054582806C
:1087F0003E2279714ECE06D622D426D24AD0130715
:10880000F007AE896371F70209473AC47C863000ED
:1088100093F5F50FEF00B072B25022549254025902
:10882000F249456182805A22D9462A89328463F707
:10883000E6007E2263F4F6006379F700231401005A
:10884000300093F5F90F4A85F1B70A2202C4EFF020
:10885000DF8AAA8435C5EFF05FA49C246369F50024
:108860001146A246CE854A85EF00B06475B7340044
:1088700026869305F00F4A85EFF0EFF575F1A247D4
:108880001A24DC479AA33A20BAA35A20DAA37A2002
:10889000FAA3DA209AA7DC4495C793F4F90F22864D
:1088A000A6854A858297C167FD172A86E31BF5FADC
:1088B00022459947F9451CA144A1EFF0DFA1A9BFCA
:1088C000094645B7014671BFA947631DF6029C31B1
:1088D0009821A207D98F1EA1BC31B821A207D98F38
:1088E0003EA1DC31D821A207D98F5EA1FC31F8214D
:1088F000A207D98F7EA19C359825A207D98F1EA5E6
:1089000001458280054582809C211CA19C311CB1BF
:10891000BC31B821A207D98F3EA182802322050055
:10892000D82189476304F70005458280F6210111AB
:108930004EC606CE22CC26CA4AC80D47AE896379F8
:10894000D7049C4584339023A033A204D18CB02358
:10895000220493874400518C639CD7029307C4FF81
:108960002A89B3C707086361F70203A589002311A9
:10897000990023108900F15597B0FE1FE780A09061
:108980002322A900014531A02285EFF0EFF171FD0E
:108990000545F2406244D2444249B24905618280B1
:1089A000797122D426D22E8406D64AD01C201947AB
:1089B000AA84B2856390E70630202800EFF03FDA02
:1089C0000DE92884EFF04FEE0C302A890DC92E8670
:1089D000171700001307A7CC34009D452685EF002C
:1089E000102C4A850946814545294A85EFF0AFF6A6
:1089F0000145B25022549254025945618280894700
:108A00007C803C840A867C813C857C822685EF00C4
:108A10001053F9BF49476395E70232202800EFF071
:108A20005FD861F917750020130505935E25E9D31A
:108A3000183068253C00C9460146A685FD244DBF77
:108A40005147639DE70032202800EFF09FA055F1C9
:108A50000C3030002685EFF0BFD959BF59476398D5
:108A6000E70432202800EFF0DFA241F52C842685B0
:108A7000EFF02FEB15C5584534851E23B697B3C7C5
:108A800007081EA3B5D75C47A5D783C701AFADD3F1
:108A9000854503C521AF97B0FE1FE780C0D589BFCC
:108AA00089473EC03C840C300A867C8285B70C30F6
:108AB000231001000A86A1BF5D71A2C456DA86C6E2
:108AC000A6C2CAC04EDE52DCAA8A88312E8432C6C3
:108AD000EFF00FE0B24501ED0144B6402285264497
:108AE00096440649F259625AD25A61618280230241
:108AF000050023110500834904008547AA84639972
:108B0000F90030202808EFF07FC12A8405491DA014
:108B10009D476391F90418218D47E31FF7FA302030
:108B200028080549EFF0DFC52A8409E50546814597
:108B300026859D262685EFF0AFFB88243C0801475B
:108B4000CE862286D685D522E30909F82685EFF060
:108B50008FE061B7CD47639BF90018219147E31D72
:108B6000F7F630202808EFF03FC745B7D547E39523
:108B7000F9F6034A05008947E310FAF63020280881
:108B80000549EFF07FD42A8455F583570102A1EB04
:108B9000B8841306F003DC44930607FCB3C606084A
:108BA000636AD600B085D94663F6C600B486D94557
:108BB00063EDD500BAA30145EF009039054903568E
:108BC0000102D28526858D2CB5B7AC87BAA3D2A376
:108BD0008EA3F6A385479CA0014A0149CDB7014A5F
:108BE000F9BF7971AA8522D426D22221AA84280825
:108BF00006D64AD0EFF09FD2F24599E53DE1854592
:108C00002285EFF0DF8275A0BC8415476395E706E7
:108C1000B8858D4763F7E7046800EFF0FFCE03598E
:108C2000E100DD4763FB27018C86B7071700850746
:108C3000100822853EC8EF009030BC85110963857D
:108C400027012285EFF0EFFD1C8672466C00858BB4
:108C50001106228591CFEFF03FE601C52285EFF0A6
:108C60004FFC884449DD97A0FE1FE780805541BF37
:108C7000EFF01FD3DDB711476389E7001387A7FF24
:108C800085463347070863ECE6023147F117B3879F
:108C9000E702176700201307276CBA979A2371D34E
:108CA000A8233008A2850D204DFDB8849147E31814
:108CB000F7F4B250225492540259456182802C0834
:108CC0002285012E59FDF5B701114AC82A8931457F
:108CD00026CA4EC606CE22CCAE89B2849790FE1F1D
:108CE000E780408F29C19307000A231135011EA197
:108CF0002A842146110595C0A6859790FE1FE7801E
:108D0000809CA2854A85EF607FF10145F240624474
:108D1000D2444249B2490561828081459790FE1F45
:108D2000E780E0A0F9BF0545D5B701114AC82A89F7
:108D30001305000226CA4EC652C456C25AC006CEF9
:108D400022CCAE8A328BB6893A8ABE849790FE1FB7
:108D5000E780408821C9930720FA1CA1A300650180
:108D60002311550123024501A30235012A846146DE
:108D700021059DC0A6859790FE1FE780C094A2851F
:108D80006244F240D244B249224A924A024B4A8596
:108D9000424905616F609FE881459790FE1FE7801B
:108DA0000099F1BFF2406244D2444249B249224A9A
:108DB000924A024B056182805C45797122D406D6C5
:108DC0002A84AE86A5C3BA23F885130720066394C8
:108DD000E504FA2303D681AE3357C70AB22B9E2B84
:108DE0001377F70F918F93F7F70F01E6890793F742
:108DF000F70FBA97FD17B3C7E702FC863E206E2037
:108E00000824FC8401473C080146EFF01FF2B250F1
:108E1000225445618280D82F83A741AE1207BA97AA
:108E2000FE23E1BF2EC61946814528089790FE1FF4
:108E3000E780E08FB246D9B7797122D406D626D220
:108E40002A8491CD08242E866E202254B25092544A
:108E5000814701479306000645616FF01FEDB2841C
:108E6000280059469790FE1FE780608C648499E43F
:108E70003E2048446C007C85EFF0CFBC6E20082477
:108E80003C000147930600060146EFF01FEAB2508E
:108E90002254925445618280797106D6814799E5C2
:108EA0003E2170867C845C4589EF3C002E866E21D5
:108EB0000825014793060006EFF03FE7B2504561F1
:108EC0008280BE237C85D5B7411122C406C61C21F1
:108ED00011472A846392E7022E866E210825814776
:108EE0000147CD46EFF07FE449466E202244B24070
:108EF000154541016FF0EFAF13F7B70F89466317C0
:108F0000D7000146EFF05FF35146C5B70D476398B0
:108F1000E7002244B240014641016FF0FFF7B24042
:108F20002244410182809A21B14771173307F70229
:108F30009767002093874742BA97D84301EBD841FF
:108F4000AAA70145D8C3BA219AA782805945828031
:108F5000797126D2444522D44AD006D62A842E8955
:108F6000B1C4C84419C597A0FE1FE780802523A679
:108F700004009E206E2008247C85BE2001479306B5
:108F800040067C869E244A867C879C483EC83E20BC
:108F90007C843C00EFF07FD9A38E240123A8040039
:108FA000B2502254925402594561828028003146C1
:108FB00081459780FE1FE78080773E206E20082441
:108FC0007C8401473C00930640064A86EFF0FFD5BB
:108FD000C1BF797152CC2A8A8A2126D206D622D4E0
:108FE0004AD04ECE56CAAE84EFF00F8C6300051205
:108FF00040452A89630C04107E21639947111E2481
:1090000063880710542C938A41AE03A70A00920686
:10901000FD1736977A23B3C707081EA46316F70017
:1090200093053006EFF05FD95C48B5EBC840834943
:1090300015001C21A209B3E9F900BE2013872900FD
:10904000631AF702F95597A0FE1FE780C023C8C036
:1090500023913401034589002686D285EFF0DFC6CF
:109060001DEDB250225492540259F249624AD24A3A
:10907000456182809565938515C04E8597A0FE1F3A
:10908000E780C00748C8C840231C3401F95597A0A1
:10909000FE1FE780401FBE20C8C0F917BEA0484889
:1090A0002DCDB220362C1E2C3308D60063C90707FD
:1090B000582C83A70A0095451207BA97BE2363CAA6
:1090C0000705CC4036959780FE1FE780C05F3A2C9D
:1090D000BE20BA971A2CB3C707083EAC6398E702C4
:1090E0000357290003458900300078845848D28509
:1090F0007C853AC6EFF05FBD11C5484897A0FE1FBA
:10910000E780200C232A0400232C0400054591BF8E
:1091100099454A85EFF0EF88D5BFA545DDBF91455C
:10912000CDBFBE21CDCF011126CA06CE22CC03D79A
:1091300081AEAA846D45636FF7082E84484091453F
:1091400097A0FE1FE78020143E20AA861CA13E2087
:10915000A1831CB11E203CA11E20A1833CB1322062
:10916000C167F917110633460608639DF4022AC445
:10917000314532C69780FE1FE780C045AA854D4520
:10918000B1C9930700F93246A2469CA1F957BEA186
:109190008947DCA1F2A194C503C521AFEF601FA8E8
:1091A00001450DA881452685EF40D02B01E91387A5
:1091B00001AF1C23F5D7FD171CA3DDB78947630258
:1091C000F5029D476301F502C9476300F502FD47BB
:1091D000E30FF5FCF2406244D244056182806D45A4
:1091E00082805145C5BF1145F5B70945E5B7011165
:1091F00022CC4AC831441309C5FF3304890226CA68
:10920000976400209384441506CE26945C409DCF3D
:1092100003C701AF0DC768843EC62A241E242C0054
:109220007C85EFF01FF011C5484097A0FE1FE78036
:1092300040F9B1473309F902CA9423A20400054555
:10924000F2406244D2444249056182800145CDBF6B
:10925000797126D244454ECE52CCFE20BA2883D90D
:1092600081AE06D622D44AD056CAB3D9F90A2A8A80
:109270009E282DCF998F4E8463D4370133C40708BD
:1092800089452285EFF02FA72A89CD4A31C5BE2016
:109290002AC660857C84BE2899EB9E281309250088
:1092A0001CA19E28A1831CB1637434058228BE28AA
:1092B000CC4422864A85BE959780FE1FE780A04059
:1092C00003556A002C00EFF0DFE5AA8A15C54A8530
:1092D00097A0FE1FE780E0EEB2502254925402594C
:1092E000F249624A5685D24A45618280890761B750
:1092F00079143344040865BFBA289E203A949A280A
:10930000FD17B3C70708334404089EA0A2A86376DC
:10931000E400F9F3FD57DCBCC1B781455285EFF09D
:109320003FC35DBF797122D44ECE56CA5AC85EC6BD
:1093300062C406D626D24AD052CC9389A1AE03CAC3
:109340000900938A01AE054B5284930BF00F138CE6
:10935000D1AE83A40A0093174400BE9403C904004D
:1093600063176907DC44A5C7D84735C39A2329C7C3
:1093700083C701AF89CF2685EFF09FEDAA8505E968
:10938000050483C7D1AE6351F40223808900B25033
:1093900022549254F249624AD24A424BB24B224C76
:1093A0004A85025945618280238501AECDB7268565
:1093B000EFF01FBA0149E1BFDC3F639A77019305E3
:1093C00020062685EFF05F9FDC44A38E07008347CD
:1093D0000C0005041374F40F6363F4000144E31AF2
:1093E00044F7C9BF4111154506C6EFF05FE009C556
:1093F0000545B240410182801945EFF05FDF6DF90C
:109400001145EFF0DFDE6DF51D45EFF05FDE6DF12C
:1094100003C5D1AE79DDB24041016FF0BFF09E21AE
:109420000D47F117B3C70708636FF704DC4141111B
:1094300022C406C626C22E84A9CB8545AA84352D12
:1094400039C92685992BC167F917638DF40019E98D
:109450003E2089CB162019476391E60403D781AEDD
:1094600063FDE70283C701AFA285268599C7224421
:10947000B240924441016FF0DFCA2244B2409244AC
:1094800041016FF05FAA094582800945B24022443C
:109490009244410182805145D5BF6D45C5BF797168
:1094A00026D252CCAA842E8A5D4589454AD04ECE1A
:1094B00056CA06D622D4B289B68A3A89EFF0AF836B
:1094C00035C12A84014563060900D6851305440089
:1094D0000299935785003CB093074500230044014F
:1094E0007C85954728A07C84A300340122C683C7CD
:1094F00001AF2C00268585C7EFF0BFC2AA8411C535
:10950000228597A0FE1FE780C0CBB250225402599B
:10951000F249624AD24A2685925445618280EFF030
:109520009FA0E9BFCD44D5B7797126D24AD052CC9D
:1095300056CA2E8906D6BE8522D44ECE9947B2840D
:10954000368ABA8A6312F9062A220944EFE0DFB5A7
:109550002AC635C15C4583596500BE239EA0B2472B
:10956000154723805701BAA31387B1AE1023930583
:10957000160093F5F50F0CA3D0A399E1854614A32B
:1095800051476317E9001547BAA0DC479A249AA708
:109590005287A686CA854E85EFF07FF02A84324531
:1095A0000DC4EFE05FBB01A842867400AA89EFE01A
:1095B0009FA22A844DD5B25022852254925402593A
:1095C000F249624AD24A45618280F945EFE0BFD054
:1095D000DDB79E211CA19E21A1831CB1BE213CA10F
:1095E000BE21A1833CB1114582809E211CA19E21F8
:1095F000A1831CB1BE213CA1BE21A1833CB1DE21CF
:109600005CA1DE21A1835CB1FE217CA1FE21A183AE
:109610007CB1214582809E211CA19E21A1831CB189
:10962000094582809E211CA19E21A1831CB1BE21DF
:109630003CA1BE21A1833CB1DE215CA1DE21A1833E
:109640005CB1FE217CA1FE21A1837CB19E251CA5DD
:109650009E25A1831CB5294582809A218546AA872B
:1096600018A19A21218318B19A216319D700BA2130
:1096700038A1BA21218338B1114582800945631D83
:10968000A700BA211945B8A3BA212183B8B3DA21BA
:10969000D8A3DA212183D8B382809E211CA19E21E8
:1096A000A1831CB1BE213CA1BE21A1833CB11145C7
:1096B0008280797126D24AD04ECEB2842A89AE8970
:1096C00029468145480022D406D636849780FE1F5D
:1096D000E780E00564868DE03E207C8283D781AE02
:1096E0007C845C4491CBD42F03A741AE9E27920685
:1096F00036973A237C8578834A851707000013073D
:10970000A7F2540013F6F90FD545EFF05FD92A8977
:1097100011C195E085471CA0230204000146814544
:109720002285EFF06FF1B25022549254F2494A85EB
:109730000259456182802285EFE0FFA1EDB7B28634
:10974000170700001307A7F12E8685456FF03FD558
:10975000011168874165700001489307F00F0D47BC
:1097600097060000938626E799457D1506CEEFF013
:10977000BFDBF24005618280B28701482E86114727
:10978000970600009386A6E6C9456FF0FFD9B2861A
:1097900017070000130767E82E86CD456FF03FD00E
:1097A000011122CC26CA4AC84EC606CEAA842E89EA
:1097B00017640020130444BD976900209389C9BF32
:1097C0001C4081C7CA85268582971104E31A34FF9D
:1097D000F2406244D2444249B2490561828041115B
:1097E00022C406C626C2176700201307E78C7C2B0D
:1097F000783B176400201304A4BD1CB4BA9793F7F8
:10980000F70F1CA4B5C71305C0033385A702A565D0
:109810008505938441AF97A0FE1FE780208E10241A
:109820009307C00381453306F60288C09780FE1F68
:10983000E780E0EF14249C4001477D566341D70246
:109840002244B2409244130600038145176500206C
:10985000130585B341011783FE1F670043EDB2A3D3
:109860002382070023A6070205079387C703F9B7DA
:10987000B2402244924441018280411122C426C256
:109880004AC006C62A892E84B28497A0FE1FE780AC
:10989000000C09EDC167F91751456313F900014543
:1098A000B2402244924402494101828054555C21D5
:1098B00095C213F727014146630BC700C18B3D4595
:1098C000E5D3BC2E0145E3FD87FC3145D1BF1545ED
:1098D000F5D4F9B7C18B0145E1F71545D1B77971D9
:1098E0004AD0416922D426D24ECE52CC56CA5AC84A
:1098F00006D6AA84014497690020938969AD138A2A
:1099000041AF930AC0037D19054B83C78900636487
:10991000F400014525A83307540383270A00BA97AA
:10992000BA236316270105041374F40FF9BFC83373
:10993000300093856700EF4021311946A685280045
:109940009780FE1FE780C0E9E31F65FDB2502254F7
:1099500092540259F249624AD24A424B456182808E
:109960004166AA869765002083C505A703A741AF76
:1099700081477D166394F5000145828003582700D6
:109980003A856306C80003480700E308D8FE850748
:1099900093F7F70F1307C703F1BF411106C697A04E
:1099A000FE1FE780C0FA09C54A29B2404101828002
:1099B0000145E5BF03A741AF9766002083C6C6A156
:1099C0001107814701456393F6008280102301C689
:1099D00005051375F50F850793F7F70F1307C703F1
:1099E000DDB7176500200345259F8280176700209B
:1099F0001307879981473A86B1460C4391E5B3C76F
:109A0000C72088C30145828085071107E397D7FEE9
:109A10004D458280411106C622C497A0FE1FE780F3
:109A200000F30DCD2A842A218545EFF07FD74854D5
:109A300009C59790FE1FE780C07822851306C003F2
:109A400081459780FE1FE78080CEFD573EA0230210
:109A500004000145B2402244410182800945DDBF36
:109A6000411106C697A0FE1FE78060EE09C5482594
:109A7000B240410182800145E5BFC167F917630526
:109A8000F502411122C406C62E8497A0FE1FE7806E
:109A900000ECAA87014589C7DC237D8C3335800023
:109AA000B24022444101828005458280411122C496
:109AB00006C62E8497A0FE1FE78060E901CD5A29D3
:109AC000AA87054563048700C2AB0145B240224422
:109AD000410182800545DDBF29CD01114AC8416998
:109AE00022CC26CA4EC652C456C206CEAA8401440F
:109AF000976900209389C98D138A41AF930AC003E7
:109B00007D1983C78900634BF400F2406244D2445C
:109B10004249B249224A924A05618280B3075403FE
:109B200003250A003E953E216383270182940504A4
:109B3000C9BF828083A741AFC16617660020034674
:109B4000A689890701450147FD1691456313E60083
:109B5000828003D807006309D80003C8A7006315F3
:109B6000B80005051375F50F05071377F70F9387F1
:109B7000C703E9BF83A641AF176600200346C68529
:109B8000910601478147631FE600858393C7F7FF6E
:109B90000545B3C707086361E5023315A0283345BF
:109BA000050882808C2299C1CE36CD8F05071377A8
:109BB000F70F9386C603C1BF93F61700F9FE05059C
:109BC00085831375F50FC1BF797156CAAA8A2E8590
:109BD00026D24AD04ECE52CC5AC85EC662C406D6F1
:109BE00022D4AE84328B368CBA8B3E8AC2894689A7
:109BF00097A0FE1FE780A0D53DED41657D1597A09C
:109C0000FE1FE780C0D42A84554531C81946DE8539
:109C100013056400A30284019780FE1FE780A0AAB9
:109C20008357010326A0230264013EA88357410302
:109C300023005401232604025EA8230644012317AF
:109C4000340123182401EFF0FFF20AB8232A04029A
:109C50002685232C04028145EFF09FB40145B250C4
:109C6000225492540259F249624AD24A424BB24BB0
:109C7000224C456182804545DDB79756002083C65A
:109C8000A67503A741AF81476395F60041657D1531
:109C900082800E3B1306C7036394A5002A238280AB
:109CA000850793F7F70F3287C5B74166175800202D
:109CB0000348887283A641AF01477D16954811433A
:109CC0006314E80001458280BE223685638EC70298
:109CD000CC5A9DC9BC31AC2189CD938597FD93F5B4
:109CE000F50FE372B3FE9387D7FA93F7D70F89EF97
:109CF00082809385F7FD93F5F50FE3F6B8FC938723
:109D0000D7FA93F7D70FE1D305071377F70F9386A9
:109D1000C6037DB741669755002083C5E56B03A751
:109D200041AF81477D1625486394F5000145828047
:109D300036233A85638BC600545B81CAB43293865E
:109D4000E6FD93F6F60FE374D8FE850793F7F70F59
:109D50001307C703D1BF011122CC2A84494506CE7F
:109D6000EF707FC91DC12AC6228597A0FE1FE7801C
:109D700000BE01CD624432460E39F2401755002034
:109D80000345356505616F608F8BF2406244056164
:109D9000828079714ECE52CCAE892A8A93053005E5
:109DA000414526D24AD056CA5AC806D622D4328B4A
:109DB0003689BA8A9790FE1FE7804034CD4429C97E
:109DC0002A84894463810904414681452312610143
:109DD0009780FE1FE780A0955686CE8522859780C6
:109DE000FE1FE780408E2146630F0902CA852800C6
:109DF0009780FE1FE780208DA28650002C005285A0
:109E0000EF30505CAA8422859790FE1FE780603B6C
:109E1000B25022540259F249624AD24A424B268534
:109E2000925445618280814528009780FE1FE7801B
:109E30000090D9B7411122C4405926C206C6AA844F
:109E400029CC085409C59790FE1FE7808037285811
:109E500009C59790FE1FE780C036685809C59790DE
:109E6000FE1FE7800036285C09C59790FE1FE7803B
:109E70004035685C09C59790FE1FE7808034032554
:109E8000040809C59790FE1FE780A03322859790AC
:109E9000FE1FE780003323AA040222448E38B2401A
:109EA0009244175500200345D55241016F600FA21F
:109EB000411126C206C622C4AE8497A0FE1FE780C9
:109EC00000A931C9032345032A84630603048328B8
:109ED000C307032883078327430703270307834612
:109EE000630003560300834523002685EF70BFB847
:109EF0002285EFF03FF4EFF0FFE111CD2244B240B4
:109F00009244175500200345D54C8545410117A3C0
:109F1000FE1F6700438EB24022449244410182807A
:109F2000411122C426C206C6AA842E8497A0FE1F11
:109F3000E780E0A15C5989CF9E23639B970085470A
:109F40006318F4002244B240924441016FF09FEE46
:109F5000B2402244924441018280411106C622C48B
:109F600026C2EFF09FD40DCD44592A8495C8BC2059
:109F70008DC783A7C1AF89C7DC4399C32685829764
:109F8000B8309307F002631DF7002A202244B24044
:109F90009244814541016FF0BFF183A781AFE1BFDA
:109FA000B2402244924441018280411126C24AC0FB
:109FB00006C622C4AA842E8997A0FE1FE780209996
:109FC00005CD405955C01E206390970A3C301307B9
:109FD00010026391E7083C20BDCB7C5403270408A2
:109FE000DE2B15E313F7170019CF18545A23058BEE
:109FF00019CB930720023CB0B2402244924402495C
:10A0000005454101828013F7270001CB18545A23DC
:10A01000098B01C793074002F9BF918B81CB1C5478
:10A02000DE23918B81C793076002F1B783A7C1AF8D
:10A03000E1D7DC43F1D32285829738309307F002D1
:10A040008145E31BF7FA2685EFF09FE675B783A7F6
:10A0500081AFF9BF1307A0026398E700630409000A
:10A0600013092003CA85C5B7631C0900268597A07C
:10A07000FE1FE780C08D09C55C2193E707015CA145
:10A08000A6854A85EF706FB085BF011126CA994732
:10A090006C85AA842E858D4522CC4AC806CE32898D
:10A0A00036847C84EFE02FC52AC61DC9AA854A855F
:10A0B00002942A8419E52C002685EFF04FB62A84F5
:10A0C00011C532459790FE1FE780A00F2685EFF05F
:10A0D0009FC8F24022856244D24442490561828091
:10A0E0004D44EDB7411122C42E862E8497160000F0
:10A0F0009386A66A894506C626C24AC02A89EFF019
:10A10000DFF80C20AA844A85EFF09FDAB24022449F
:10A110000249268592444101828083A781AF85CB85
:10A120009C4395C71D71A2CC86CE984110082A8405
:10A130003AC8D84185453ACA829711C548862A202F
:10A140006C00EFF03FFAF640664425618280828021
:10A15000AA872E8591CFFC5781CF982398A1983359
:10A1600098B1B82BB8A1982FDC4BB8B1DCC1828074
:10A17000414681451773FE1F6700635B83A7C1AF2C
:10A1800081C79C4791C382870945828003A701B696
:10A190001DC75843AA8705450DC703A507084111E8
:10A1A00006C6930605021306050C9305050613055E
:10A1B00005040297B2401375F50F410182800545F1
:10A1C000828082804DC9357122CD2A840A2126CB16
:10A1D00052C556C35AC106CF4AC94EC7DEDE2E8AC3
:10A1E000B28A368B9790FE1FE7806076AA8431C5CD
:10A1F0000C182285EFF0DFF53C20938B6400A9CB8F
:10A20000EF601FF32A89014583C95400EF601FF0F6
:10A21000AA840C100818EF10803A08542C10EF1084
:10A22000A03ADE88A68B5AC04E88DE874A87141073
:10A230003010D6855285EF208062FA406A44DA44B5
:10A240004A49BA492A4A9A4A0A4BF65B0D6182800A
:10A25000EF601FEEAA89014503C95400EF601FEBB0
:10A260002ACE08540C10EF1080352C100818EF106F
:10A27000A035F2484DBF8280AA8701CD18554145CF
:10A2800011CBFC5781CB28333D476375A700882F3E
:10A290008280414582806DC5411122C406C626C216
:10A2A000AA872E840945E1C998337D761306F67F87
:10A2B00098A1B8234D4598B1B833B8A1D823B8B107
:10A2C000D433DA21858AA2061377F7EF558FDAA106
:10A2D000D433334707081377F7DF93D61648A6061B
:10A2E000558FDAA1D433334707081377F7BF93D6D6
:10A2F0002648AA06558FDAA1D43333470708718F51
:10A3000093D63648AE06558FDAA1F42333470708B3
:10A31000799B858A558FDAA1F42333470708759B0B
:10A32000898A558FDAA1F423334707086D9B918AF8
:10A33000558FDAA1F823DE21218BDD9BD98FDEA199
:10A34000EF706FEBAA845145EF70EFEA383093F469
:10A35000F40FAA8749456360970293F7F70F63EC00
:10A36000E70018209147614563E7E700183085470B
:10A3700063E3E7000145B2402244924441018280F8
:10A380000945828015C52A87AE87094585C54111D3
:10A3900006C6143313851700194694A193052700A8
:10A3A0009770FE1FE7802032B24001454101828054
:10A3B0000945828082800DC9AA872E8709459DC5DF
:10A3C000411106C6B423903313052700A206D18E8F
:10A3D00096A12146938537009770FE1FE780A02E37
:10A3E000B2400145410182800945828082801DC1C1
:10A3F0002A87AE8709458DC141113E8541469305A7
:10A40000170006C69770FE1FE780E02BB24001459B
:10A4100041018280094582808280AA87094591CBCB
:10A4200089C99C333D4761456365F7009CA101459F
:10A430008280828005C52A87AE87094595C1411172
:10A440003E85130600049305170006C69770FE1F8D
:10A45000E7806027B2400145410182800945828042
:10A4600082801D71A2CC2A84084586CEA6CA230606
:10A470000100042135479387F4FF93F7F70F6360DA
:10A48000F70A17C701001307279BB3C7E7209C43B0
:10A49000BA9782870C08EFF01FE0C947631AF504EA
:10A4A00099475C862A206C00EFF0DFC3F6406644D3
:10A4B000D644256182800C08EFF03FF60DED2A208E
:10A4C0009790FE1FE780A048A14711CD5825631A39
:10A4D000F70403A7C1AF9D4719C7184309C7100860
:10A4E000A6850297AA875C8629A00C08EFF0BFEC2E
:10A4F00079D51C86C5FB2A20EFF0FF8545BF0C08E7
:10A50000EFF05FE8F5B71C312308F1004DBF0C08F0
:10A51000EFF05FF2F1BF0C08EFF07FEDD1BF9D4788
:10A5200049B703A781AF45BF411122C406C626C261
:10A530004AC01821930720092A846314F7101C319C
:10A5400039476391E70A5621096761078147639498
:10A55000E608938401B088403DCD0C4403C9050052
:10A56000631D09001C2185052146A9CB290597708B
:10A57000FE1FE78040159C40B1CF49459770FE1FF4
:10A58000E78040052A841DC1930710FC1CA1A3008D
:10A5900025018C400905414689059770FE1FE7801B
:10A5A00080129C40A2858833EF504FE788409790F7
:10A5B000FE1FE78000C123A001B029A809059770FC
:10A5C000FE1FE7804010EF30A05F05494DF59C402D
:10A5D000238027018547B2402244924402493E85A8
:10A5E000410182801307E003639BE706382195470A
:10A5F0006317F7024A21EFF0AFC69147E31CF5FC61
:10A6000083A781AFE1DB9C47F1D772244A209305F1
:10A6100064002244B2409244024941018287A1472A
:10A62000631BF7006C204A202244B2409244024946
:10A6300041016FF09F97930600038147E31DD7F810
:10A64000D5B79306000A8147E317D7F8EFF07FE10B
:10A65000084449D19790FE1FE780A0B6A5BF814767
:10A660009DBF011122CC06CE26CA4AC8094415CD89
:10A67000AE8409449DC92A898D456800EF60EFFCCE
:10A680001C8726866C0093F7F70393E707044A8537
:10A690005C87EF20C0132A8409E90D466C001385FE
:10A6A00034009770FE1FE7800002F240228562446A
:10A6B000D2444249056182805D714EDE86C6A2C4E5
:10A6C000A6C2CAC052DC56DA5AD85ED6894955C9E4
:10A6D000328989495DC6138B45002A8AAE8A334B7D
:10A6E0000B08930530055A859790FE1FE78000A15F
:10A6F0002A84CD4959C5EF609FA5AA845686D28584
:10A7000093DA840013DA040193FBF40F1305440079
:10A7100093FAFA0F137AFA0FE1809770FE1FE78021
:10A72000E010A301740123015401A300440104A01B
:10A73000EF605FA1AA85414608089770FE1FE78079
:10A74000E00E214734005A86A2850808EF20A02E8B
:10A75000AA891DE121462C0023007901A30059019B
:10A7600023014901A3019900130549009770FE1FB9
:10A77000E780C00BEF607F9E22859790FE1FE780E9
:10A7800040A4B640264496440649625AD25A425BD7
:10A79000B25B4E85F25961618280411126C2AA8462
:10A7A0002E854AC006C622C42E899790FE1FE780D8
:10A7B000001A79C1405979C05C30094793F6B70F48
:10A7C0006387E60011471305E00F6393E7081E2037
:10A7D0000945639F2707130984004146A6854A85DA
:10A7E0009770FE1FE78020EE4146A6851305840181
:10A7F0009770FE1FE78020ED383085469307F7FEFF
:10A8000093F7F70F63ECF6049304C40383A701B630
:10A81000C14526858DC79C4F9DC382979306C40270
:10A820002686CA852285EFF0FF993C2081CF2285BC
:10A830002244B2409244024941016F00507EEF60D1
:10A84000CFE0E9BF3830C947E303F7FE3CB001452C
:10A85000B24022449244024941018280930710058C
:10A86000E317F7FE3C20E5D722852244B24092440C
:10A87000024941016F10E0000945D9BF4945C9BFF0
:10A8800039C9011122CC26CA06CEAA842E840945D4
:10A8900095CD0D468D0528009770FE1FE780A0E23C
:10A8A0001C8570002C0093F7F70393E707042685B7
:10A8B0005C85EF10D07119E90D46A285680097708C
:10A8C000FE1FE780E0F17D153335A000F2406244C1
:10A8D000D2440561828009458280011152C42A8ACE
:10A8E00032854EC656C25AC006CE22CC26CA4AC8A7
:10A8F0002E8BB28AB6899790FE1FE780400509ED3E
:10A900008944F24062444249B249224A924A024B87
:10A910002685D244056182805C592A89C544F5F3B5
:10A920004D45EF704F8D1374F50F5145EF70AF8C9F
:10A93000E38809FC03C78901E36487FC9377F50F7B
:10A94000E3E0E7FC93053005130540089780FE1F00
:10A95000E780C07A232AA9022A84CD445DD1130658
:10A96000400881459770FE1FE78060DCA30104006A
:10A9700023014401230264012310540123263407D8
:10A9800023240402A302040063070A002285EF00C7
:10A990005063AA8419E18144ADB74A85EFF08FC9AD
:10A9A0008DB7397122DC06DE26DA4AD84ED652D46B
:10A9B00056D25AD05ECE62CC66CA0944630A0610EB
:10A9C000BA84094463060710AA8B2E89328B368C11
:10A9D0009790FE1FE780A0F7AA8A514475C9930596
:10A9E000300541459780FE1FE7804071AA894D449C
:10A9F00065C198309C2003CA340022075D8FBC20BB
:10AA0000620AC207D98F336AFA0083A78A0263E613
:10AA100047017D5709446398E70A6307090083C724
:10AA20004A000544898BC5C3214681450A85977034
:10AA3000FE1FE780C0CF930C4C0093053005B3CCCC
:10AA40000C0866859780FE1FE780406B2A894D447D
:10AA50003DC96286DA8511059770FE1FE78000DD2B
:10AA60001146A6854A859770FE1FE78020DC414687
:10AA700093858A014E859770FE1FE78020DB214772
:10AA80008A866686CA854E85EF10F07A2A841DE58F
:10AA900021468A8528009770FE1FE78020D921462D
:10AAA0009385440028009770FE1FE78060D3854798
:10AAB000631EF502D2855E85EF704FAF4A859780A1
:10AAC000FE1FE78000704E859780FE1FE780606F55
:10AAD000F25022856254D2544259B259225A925AA3
:10AAE000025BF24B624CD24C216182800544F9B783
:10AAF000797122D406D626D24AD04ECE2E84939790
:10AB0000556063D60704975400209384648CA83062
:10AB10009770FE1FE78020B22AC609CDEFF0DFA0B4
:10AB2000B24511E5A8209307F00F631FF5002E85AD
:10AB3000EF50AF891319F468B25022549254F2497D
:10AB40004A85025945618280EF504F8DE5B713F970
:10AB5000150063070900EFF04FC013491400E9BF67
:10AB6000E1DD854421A0850493F4F40FEFE07FE755
:10AB7000E3F4A4FCB3179028B3C90708E18FE5D725
:10AB80004E85EFF08F8FC167FD176305F500DD453A
:10AB9000EFF00FB23349340145B723A001B023AE23
:10ABA00001AE23AC01AE975700209387A78117070A
:10ABB00000001307075D98C3170700001307472E0F
:10ABC000D8C317F7FFFF1307071D98C79747002043
:10ABD0009387877E171700001307874298C31717BC
:10ABE0000000130707FDD8C31717000013078727B6
:10ABF00098C782809747002083C7C77DA18B0147F4
:10AC000089C7174700201307E77B23AEE1AE014554
:10AC100082809747002083C7E77B918B014789C7D4
:10AC2000174700201307477923ACE1AE0145828026
:10AC3000011106CE2AC6EFF05FF6324599459747D7
:10AC40000020A388A778EFD0FF86F24017F5FFFF1A
:10AC50001305452D05616FE07FD91C5599C321452A
:10AC60008280411122C426C22A84AE8413050004C6
:10AC70009305300506C64AC09780FE1FE78000484E
:10AC800008D479C513060004A6859770FE1FE780D7
:10AC900080A37454B82A93778700EDCB1C54BC234F
:10ACA000A18BEDC783270408C5E79305300513057D
:10ACB00000109780FE1FE7806044AA872320A40825
:10ACC0000D45C1CB74549C309832D1CB3337E00062
:10ACD0000E07936707016C545CB0B829058B19CB3C
:10ACE0001854854638230D8B6316D70078201367D8
:10ACF000170078A00327040809C778201367870086
:10AD000078A00547639DE70C1309840041468145FF
:10AD10004A859770FE1FE78080A181451305840155
:10AD200041469770FE1FE78080A09304C40383A769
:10AD300001B6C1452685B5CF9C4FA5CF8297832705
:10AD40000408BDCB2285EF00D0339307000549C12D
:10AD50002145B24022449244024941018280A147E8
:10AD60003DFBBC20918B91E7BC2A918B99E38547F1
:10AD70009DB79820942295473307F70297B70100B3
:10AD80009387070FBA97B6979C23B1B79C3081C7BA
:10AD90009032E14729F2BC205D8F118B69DB98204E
:10ADA000954794223307F70297B701009387070E60
:10ADB000D1BFEF608F8961B722859306C4022686D2
:10ADC000CA85EFF02FC02285EF00702551F1C147F1
:10ADD0000A203CB08145EF60FFE701459DBF13F7B6
:10ADE000870141C7C18B930484004146A1CB8905EB
:10ADF00026859770FE1FE780008D8145130584012D
:10AE000041469770FE1FE78080927C201309C4039F
:10AE1000C14593E747007CA083A701B64A8595C743
:10AE20009C4F85C78297832704089DC32285EF0026
:10AE3000502519FD930720053CB045B7814526856F
:10AE40009770FE1FE780A08E4DBFEF600F80E1BFBF
:10AE50009306C4024A86A6852285EFF0AFB6228506
:10AE6000EF00F01BCD4769D9E5B5094785456388F3
:10AE7000E70093F7D70F11476396E70089450A204B
:10AE8000EF605FDD7C2093E747007CA08327040808
:10AE900081C7930710054DB7C54779BF3C21638330
:10AEA0000726397122DC06DE26DA4AD84ED652D47D
:10AEB0003C31130750052A846395E7080349750060
:10AEC000138A01B69309C50393573900AA978427BB
:10AED00083270A00C1454E85B5C39C4FA5C3829701
:10AEE00083270A00A1C79C47B1C30325040813792F
:10AEF0007900B3D62441858A93050504180893E6A2
:10AF000006084E861305050882971375F50F19ED8F
:10AF100041460C081305C4029760FE1FE780A07A23
:10AF20002285EF00D00F930760053CB0F2506254C9
:10AF3000D2544259B259225A21618280EF50FFF017
:10AF400045B7130710026392E7021C550327050853
:10AF5000DE2361EB13F7071069C778555A2B137777
:10AF6000071061C3930770023CB03C3013077002B6
:10AF7000639FE70C3C5885E3930530057145978046
:10AF8000FE1FE780A01728D819C571468145976034
:10AF9000FE1FE780C0792458A1C8BC2C89E7228510
:10AFA000EFF08FADA8AC2858814541469760FE1F51
:10AFB000E780E07728583D472C2D9387F5FF93F7DE
:10AFC000F70F6364F700EF505FE8EF407FCF3C5826
:10AFD000A1458AAB13852701EF503FE72C580A2083
:10AFE000EF003033631A0510930780023CB00A204B
:10AFF0009790FE1FE780A095414609C57E2513D690
:10B0000017003E966254F250D2544259B259225A15
:10B01000174500200345F53B0606854521616F4035
:10B020001FE213F7072009CB78545A2B1377072018
:10B0300001C7930790020DBF93F707409DD77C543B
:10B04000DE2B93F7074095D39307B00231BF130768
:10B0500080026397E7023C5899C78E2B0A2013861B
:10B060002701EF0070301C54DE2313F7072029CF8F
:10B0700078545A2B1377072021CB93079002BDB742
:10B0800013079002639BE700EF602F8BAA850A20CD
:10B09000EF00902C9307A00291BF1307A0026390CA
:10B0A000E704EF60EF88AA85854701456384F500D2
:10B0B000814505452EC6EF606F852A86B2450A2078
:10B0C000EF0030261C54DE2393F707409DC37C54C9
:10B0D000DE2B93F7074091CF9307B00201BF130710
:10B0E000B0026398E700EF60EF85AA850A20EF00C1
:10B0F000102B9307F00215BD38309307F002E318C8
:10B10000F7EE2DB58280411122C4405926C206C6F1
:10B110007C54AA84DE2B13F7071011C718545A2346
:10B12000137707100DE313F7072011C718545A239C
:10B130001377072009EB93F707408DCB1C54DE23D0
:10B1400093F7074085C7930710023CB02285EFF0C4
:10B15000FFD438309307F002631EF7002244AA2080
:10B16000B2409244814541016FE09FD49307F002C1
:10B170003CB0EDB7B2402244924441018280397123
:10B1800022DC405926DA4AD84ED606DE2A89AE8419
:10B19000B289630204382A211E20639FA7103C2035
:10B1A000638607389387E5FF93F7F70F2D47636FA3
:10B1B000F73617B70100130727CFB3C7E7209C4323
:10B1C000BA97828722856254F250D2544259B259BA
:10B1D000B28521616FF07FA84146CE851305C40476
:10B1E0009760FE1FE780204E22859D25383093070B
:10B1F0004005631AF700930790053335A0009314B8
:10B2000035003CB05DA893066005D147E317D7FE33
:10B210009307A005DDB71309C4054A854146CE85CD
:10B220009760FE1FE780204A032504084DC53C3087
:10B23000130790056397E700228555259307E005DE
:10B2400095A81307A0056392E7087C3013D7370051
:10B25000229714279D8BB3D6F640858A83A701B623
:10B2600093E60608B1CB9C47A1CB930505081808C7
:10B270004A861305050482971375F50F15ED4146AF
:10B280000C081305C4049760FE1FE78060557C30EE
:10B290004D47850793F7F70F7CB0E36FF7F88545C7
:10B2A000174500200345F5129780FE1FE780A05444
:10B2B000930750053CB031A8A144F2506254425962
:10B2C000B2592685D254216182801307C005E385D7
:10B2D000E7F68144DDB7930984004A86CE8522854E
:10B2E0001408EFE03FEE41469305C4040808976058
:10B2F000FE1FE780E04E71D18A861306C403CA851B
:10B300004E85EF10E069A1440DE12285EFE0DFF604
:10B310002A870A209747002083A7470B81460146CA
:10B320008A858297B334A0008E0493072002D1BD92
:10B330000C22EFE0FFB771BF38309307200263178C
:10B34000F71E7C5889EB9305300571459780FE1FE9
:10B35000E780C0DA68D86858630A051C4146CE8584
:10B360009760FE1FE780203664582285EFE0DFF00B
:10B37000A8AC930730023DBF383093073002631703
:10B38000F71A1E2268582146938529001EA94905EF
:10B390009760FE1FE78020337C54DE2B13F72700D5
:10B3A0002DC718545A23098B2DC39307400219B790
:10B3B000383093074002631BF7163C5C81EB8545F0
:10B3C0005D459780FE1FE78060D328DC285CE302A0
:10B3D00005F083C709004146CE857CA99760FE1F12
:10B3E000E780602E93075002F1B538309307500282
:10B3F000631EF712285C1946938519004105976072
:10B40000FE1FE780402C7C54DE2B918B95CF1C5483
:10B41000DE23918B95CB9307600269BD7C5C89EB41
:10B420009305300551459780FE1FE78020CD68DCED
:10B43000685CE30305E84146CE859760FE1FE78020
:10B4400080287C5C7D5798CB4A85EFF0DFCB51B5E7
:10B450000325040813060004CE8513050504976030
:10B46000FE1FE78040262285EFE05FD23C301307C5
:10B4700000056395E700930740052DBD13071005F0
:10B48000E38FE7E013072005E395E7E483A701B620
:10B49000E38407E29C47E38107E2832504089304E1
:10B4A0008400180893850508814626862E85829794
:10B4B0000A201008A685EF60DF829307B005DDBB88
:10B4C00038309307E0056313F706832504084146E7
:10B4D0004E859760FE1FE780A030AD44E30F05DC8A
:10B4E000032504084146CE859760FE1FE780A01D16
:10B4F0002285EFE07FD82A872C580A209747002022
:10B5000083A7C7EC814601468297B334A0008E041E
:10B5100093071002FDB1AD47E39DF5DA14222E2109
:10B52000130665000821EF50FFF865B39D4471B321
:10B53000AA87094541C6D9C11CA29C211CB29C31D5
:10B540003CA2BC213CB2BC31A30206005CA2DE21BD
:10B5500093D787485CB2DA211377072001C793E7B6
:10B5600027005CB2DE2193F7074089C75C3293E77E
:10B5700047005CB2DE211317B028F98F89C75C320F
:10B5800093E787005CB223030600DE21858B7CA253
:10B59000DA21098B01C793E727007CA2DE21918B7A
:10B5A00089C77C2293E747007CA2DE21A18B89C753
:10B5B0007C2293E787007CA20145828082802E86D0
:10B5C000AA8505456FF0DFF62E86AA8509456FF03E
:10B5D0003FF68DC52A87094505C7411106C6AE87C6
:10B5E0008D4694A1138517004146BA859760FE1FCA
:10B5F000E780600DB24001454101828009458280AB
:10B6000082808DC52A87094505C7411106C6AE87C8
:10B61000914694A1138517004146BA859760FE1F95
:10B62000E780600AB240014541018280094582807D
:10B6300082808DC52A87094505C7411106C6AE8798
:10B64000994694A1138517004146BA859760FE1F5D
:10B65000E7806007B2400145410182800945828050
:10B6600082809DC92A87094515CB411106C69D4692
:10B6700094A11623AE871385370094B11623214673
:10B68000A182B4A1930527009760FE1FE780A00365
:10B69000B2400145410182800945828082808DC58A
:10B6A0002A87094505C7411106C6AE87A14694A160
:10B6B000138517004146BA859760FE1FE780A000FA
:10B6C000B24001454101828009458280828085C95E
:10B6D0002A8709451DC7411106C6A54694A1142312
:10B6E000AE871385270094B119469305170097601C
:10B6F000FE1FE78040FDB2400145410182800945BF
:10B70000828082808DC52A87094505C7411106C6FA
:10B71000AE87A94694A1138517004146BA85976064
:10B72000FE1FE78040FAB240014541018280094591
:10B730008280828095C52A8709450DC7411106C6BA
:10B74000AE87B14694A11385170013060004BA858D
:10B750009760FE1FE78020F7B240014541018280DB
:10B760000945828082808DC52A87094505C7411118
:10B7700006C6AE87B54694A1138517004146BA8523
:10B780009760FE1FE78020F4B240014541018280AE
:10B79000094582808280AA87094581C999C71547D2
:10B7A00098A19C2301459CB182808280AA8709458B
:10B7B00081C999C72D4798A19C2301459CB18280DE
:10B7C00082800DC55D718A8586C6A2C42A84EFE099
:10B7D0003F980A200A8697060000938686DE9D45DC
:10B7E000EFE0BF8AB64026446161828005458280D1
:10B7F0000DC55D718A8586C6A2C42A84EFE05F9577
:10B800000A200A8697060000938646DC9D45EFE0F5
:10B81000DF87B640264461618280054582805D7184
:10B82000A2C49305C5022A8441460A8586C697604C
:10B83000FE1FE78040E90A200A86970600009386EB
:10B8400086D9C545EFE07F84B64026446161828099
:10B850005D71A2C49305C5032A8441460A8586C644
:10B860009760FE1FE78020E60A200A869706000000
:10B87000938666D9C545EFE05F81B6402644616195
:10B88000828083A701B6A9CB9C435D71A2C486C602
:10B890002A841305E00F8DCF032504089305050CBA
:10B8A00013050508829783250408130600040A85FA
:10B8B000938505089760FE1FE780E0E00A20970661
:10B8C0000000938666E70A8693051004EFE0EFFB1D
:10B8D000B6402644616182801305E00F8280317199
:10B8E00022DD2A840A2126DB06DF4AD94ED752D52B
:10B8F00056D35AD15ECF62CD66CB9780FE1FE780CC
:10B9000000053C58AA8489EB930530057145977072
:10B91000FE1FE780A07E28D82858CD4705C971466C
:10B9200081459760FE1FE78080E003290407228598
:10B93000EFE09F94230DA9003C20138901B6638298
:10B940000712832709008DE39307E00FFA506A542A
:10B95000DA544A59BA592A5A9A5A0A5BFA4B6A4C2B
:10B96000DA4C3E852961828003AC0701E30E0CFCB2
:10B97000032B0408EF50CFFBAA8B0145EF500FF9C2
:10B98000DC303458130B0B029309C403130AC405AB
:10B99000938A64002A8736C0B337F0009308010405
:10B9A0005688B33670015286CE855A85029C1C5447
:10B9B000B8232307E1029833A306E1029C23230660
:10B9C000F10283270900C9D383AB4701E38E0BF64D
:10B9D000DC30B337F0003ECEEF508FF52A8B0145B7
:10B9E000EF50CFF203270408F2472AC03AC2B33817
:10B9F000600156887810930684004E86D2858800B0
:10BA0000829B7C54B82B2305E1029833A304E10206
:10BA10009C232304F1028327090003AB4701EF5065
:10BA20002FF12A890145EF506FEE83C854009C081E
:10BA30002A883EC2B3381001B3372001381093066C
:10BA400084015286CE8556C08800029B0A20970644
:10BA50000000938686D19008C545EFE00FE3AA87E2
:10BA6000F5B5D43083270900032B0408B336D00082
:10BA700083AC070136CEEF50AFEBAA8B0145EF50F8
:10BA8000EFE83C58F246130B0B02130AC405930966
:10BA9000C403938A64002A88930801044E86D285E1
:10BAA0003EC05687B33770015A85829C1C54930B55
:10BAB0000103B8232307E1029833A306E1029C2384
:10BAC0002306F1028327090083AC4701DC30B3373A
:10BAD000F0003ECEEF50CFE52A8B0145EF500FE34B
:10BAE000F2472AC0B3386001568878109306840064
:10BAF0004E86D2855EC28800829C8325040841461A
:10BB00005E859760FE1FE780A0CDAD47E31B05EE85
:10BB100035BD2E86970600009386E6B1C5456FE0D9
:10BB2000CFD65D71B287A2C44C802A84BE8513052E
:10BB30001100194686C69760FE1FE780C0B80A86C6
:10BB40002285970600009386C6B8A145EFE0EFD3A3
:10BB5000B6402644616182802E8697060000938657
:10BB600046B4C5456FE06FD25D71B287A2C46C80E8
:10BB70002A84BE8513052100214686C69760FE1FD4
:10BB8000E78060B40A862285970600009386A6ADFA
:10BB9000AD45EFE08FCFB6402644616182802E86AE
:10BBA00097060000938646B6C5456FE00FCE7971C3
:10BBB00022D406D626D24AD03C31130730052A8437
:10BBC0006385E708130750056396E7080349750086
:10BBD0009307A0053CB193573900AA97842783A700
:10BBE00001B61305C503C145B1CF9C4FA1CF8297C4
:10BBF00013797900B3D62441858A93E6060883A792
:10BC000001B69DCB9C478DCB03250408180813066D
:10BC1000C403930505041305050882971375F50FF2
:10BC200001ED1305C40241460C089760FE1FE78032
:10BC300080A92285EFF0BFBEB2502254925402591F
:10BC400045618280EF506FA065B7930790053CB1C6
:10BC5000814675B7130710026391E7027C550327ED
:10BC60000508DE2B79EF13F7170061CF18555A231B
:10BC7000058B61CB930720023CB03C3013072002B8
:10BC80006398E70E3C5889EB930530057145977032
:10BC9000FE1FE780A04628D82458A5CC2285EFE0D7
:10BCA000AFDDA8AC2858814541469760FE1FE7806C
:10BCB00000A828583D472C2D9387F5FF93F7F70FE1
:10BCC000636BF70283C7C1B6CDC3414681450808FF
:10BCD0009760FE1FE780A0A5194697350020938541
:10BCE000A54E08089760FE1FE780E09D30580C08BD
:10BCF0002E85EFD0B043EF30BFFC3C58A1458AAB56
:10BD000013852701EF506F942C580A20EFF07FE045
:10BD100001E5930730023CB00A209780FE1FE780C0
:10BD200000C3414611C172252254B25092540259A7
:10BD3000173500200345F5690606854545616F40C6
:10BD40000F9013F7270001CB18545A23098B01C712
:10BD50009307400215B7918B8DD31C54DE23918B32
:10BD6000E38D07F09307600201BFEF500F8E61B7BC
:10BD7000130730026396E7023C5899C78E2B0A20BE
:10BD800013862701EFF05FDE7C54DE2B13F72700CC
:10BD900039CB18545A23098B39C793074002A5BFE2
:10BDA00013074002639CE700EF502FB9AA850A20D1
:10BDB000EFF09FDA9307500239DDB9BF1307500245
:10BDC000639CE702EF50CFB6AA85054599C185452A
:10BDD00001452EC6EF508FB32A86B2450A20EFF0F8
:10BDE0005FD47C54DE2B918B95C31C54DE23918B46
:10BDF00091CF9307600205B7130760026398E700CD
:10BE0000EF504FB4AA850A20EFF07FD97C54032766
:10BE10000408DE2B09EF13F7071011CB18545A232F
:10BE20001377071009C7930770023CB031B513F7B9
:10BE3000072009CB18545A231377072001C793070B
:10BE40009002E5B793F7074089CB1C54DE2393F7A4
:10BE5000074081C79307B002C9BF9307F002F1B74B
:10BE6000397122DC26DA4AD84ED606DE52D42E8923
:10BE7000B289AA849780FE1FE78060AD4059414691
:10BE800081450A859760FE1FE780608A35C4035AA2
:10BE9000040063139A06383093071002631FF702F9
:10BEA0008327040899CF2C58A1C95285EF107052EE
:10BEB0000545F2506254D2544259B259225A216176
:10BEC00082808A861306C4059305C4031305840083
:10BED000EF00102D15E18A85C9BF2C5891CD9E2900
:10BEE000639C37012146C9054A859760FE1FE7809C
:10BEF000208F19C12C5855BF26859780FE1FE780DB
:10BF000000A52A8455D54C55B9C19E2963913705A2
:10BF10002146C9054A859760FE1FE780608C8547EA
:10BF20006317F50283C7B18589C74C54BC3D639242
:10BF3000A70CBD452685EF1070449737002083A7D6
:10BF4000A71A81C789451D45829701459DB7138969
:10BF5000B1B683470900973900209389E915858B8D
:10BF60008DCF583083C741B66319F70219469385C0
:10BF700051B6130564009760FE1FE7806086854711
:10BF8000631DF50083A7090381C791451D4582976D
:10BF9000BD452685EF10903E21BF03C7C1B683A7DC
:10BFA000090331CB03470900098B09CB81C79545AC
:10BFB0001D4582972685EF101042DDBD81C78D4556
:10BFC0001D4582974146814508089750FE1FE7802E
:10BFD00000761946973500209385051F080897506D
:10BFE000FE1FE780406E0C082E850A86EFD01014E5
:10BFF0008A85268565BD8545C5FF6DBF797122D4CB
:10C00000405926D24AD04ECE06D6AA892E89B2846D
:10C01000630404622A211E20638BA7002149B250C9
:10C0200022549254F2494A850259456182803C204B
:10C03000639207629387F5FF93F7F70F3147636BBE
:10C04000F76017A70100130727E9B3C7E7209C4350
:10C05000BA9782871C54F9F3930530051305000441
:10C060009770FE1FE780800908D44DD9982091472A
:10C0700063F4E7000D4965B798308547E3ECE7FEC8
:10C0800013060004A6859750FE1FE780C06318546E
:10C090007C54A30204005443D04BFD75858A758EF1
:10C0A000D62B9385F57FF99AD18ED6ABD04B5443DE
:10C0B000758ED62B098AF59AD18ED6ABD04B5443C8
:10C0C000758ED62B118AED9AD18ED6ABD04B5443B8
:10C0D000758ED62B218ADD9AD18ED6ABD04B5443A8
:10C0E000758ED62B1376061093F6F6EFD18ED6AB5F
:10C0F000D04B5443758ED62B1376062093F6F6DF7D
:10C10000D18ED6ABD04B5443758ED62B13760640CA
:10C1100093F6F6BFD18ED6ABD44B5043F18ED22BD3
:10C1200093D6B648AE066D8ED18ED6ABBC2B03250A
:10C130000408A18BEDC73C23A18BF5C3E31005EEEA
:10C1400093053005130500109770FE1FE78000FB74
:10C150002320A40805D17C54A30204009830943312
:10C1600099E649CB5C3093E707015CB021A0A14779
:10C170005CB06DFB2285EFF0AFE76C54BC29858B7A
:10C1800089CB1C54BC238D8B89C77C2093E7170077
:10C190007CA08327040889C77C2093E787007CA0C4
:10C1A0005C300547639EE70A4146814513058400DC
:10C1B0009750FE1FE780A057814513058401414633
:10C1C0009750FE1FE780A05683A701B61305C4034E
:10C1D000C145C1C79C4FD1C3829703270408C147FB
:10C1E00019C3930700050A203CB08145EF509FA674
:10C1F000014935B5B82B118B11E7B820118B19E324
:10C200008547A5B79823942095473307F70297A74A
:10C2100001009387E7C5BA97B6979C23B9B719C5AC
:10C220009770FE1FE780E0F9232004087C549833C0
:10C2300009C7983019C3E1470DBFB82B118B01E72F
:10C24000B820118B55DF9823954794203307F702C8
:10C2500097A70100938787C37DBFEF401FBFB5BF7E
:10C2600013F7870135C3C18B130584004146B1C361
:10C2700089059750FE1FE78000458145130584011D
:10C2800041469750FE1FE780804A7C201305C40377
:10C29000C14593E747007CA083A701B68DC39C4F9F
:10C2A00099CF82978327040891CF930720053CB04C
:10C2B00081B781459750FE1FE78060477DBFEF4003
:10C2C000DFB8CDB7CD47E5B7094789456386E700B5
:10C2D00011476397E70085450A20EF50BF9721A0DB
:10C2E0001947E38AE7FE7C2093E747007CA0832779
:10C2F000040881C7930710055DBFC5474DBF414680
:10C30000A6851305C4049750FE1FE780C03B3C3050
:10C3100013076005639EE700854517350020034538
:10C32000550B9770FE1FE780004D9307500541B7EE
:10C3300045476384E7029306C4021306C4039305CA
:10C3400084002285EFD01FE82285EFF04FCD3339EE
:10C35000A0000E09D1473CB0D9B1C94789BF9309A4
:10C36000C4054E854146A6859750FE1FE780A0353F
:10C370000325040879C13830930690056318D70067
:10C380002285EFF0EFCC9307E00515B79306A005E3
:10C390006318D706783003A601B693563700A296E5
:10C3A00094266309062A032886006305082A1D8B44
:10C3B000B3D6E640858A0A8793E606089305050802
:10C3C0004E8613050504029841468A851305C40468
:10C3D0009750FE1FE780C040133915002285EFF00B
:10C3E0002FC77C30CD460A09850793F7F70F7CB03D
:10C3F0001307600563F4F6001307E00538B005B1D4
:10C400009306C005E316D7DE03A701B6630407242D
:10C41000032887006300082493050508930484001B
:10C420000A87814626862E8502980A200A86A685D6
:10C43000EF503F8B9307B0059DBD8A864E869305CE
:10C4400084002285EFD01FD841469305C4040A8595
:10C450009750FE1FE780C0388547E312F5BC228560
:10C46000EFF00FBF93071002E30305E445BE383039
:10C47000930770026310F71E7C5889EB9305300513
:10C4800071459770FE1FE78060C768D868586303DE
:10C49000051CA68541469750FE1FE780C0226458C0
:10C4A0002285EFD07FDDA8AC9307800209B5383034
:10C4B000930780026310F71A1E226858214693855D
:10C4C00024001EA949059750FE1FE780C01F7C5419
:10C4D000DE2B13F7072035C718545A23137707208C
:10C4E0002DC393079002E1B3383093079002631392
:10C4F000F7163C5C89EB930530055D459770FE1F90
:10C50000E780C0BF28DC285C630605144146A68589
:10C510009750FE1FE780201B9307A00249BB3830CD
:10C520009307A0026318F7121C22285C1946938512
:10C5300014007CA941059750FE1FE780C0187C5469
:10C54000DE2B93F70740A1C71C54DE2393F7074067
:10C550009DCF9307B002A1BB38309307B002631B95
:10C56000F70E7C5C89EB9305300551459770FE1FF3
:10C57000E780C0B868DC685CE30205AA4146A6858E
:10C580009750FE1FE78020147C5C7D5798CB03D525
:10C5900029008145EFD0DF91A1B938309307F0042D
:10C5A000E3FEE7A603250408E30A05A61306000434
:10C5B000A685130505049750FE1FE780C01022854D
:10C5C000EFF02FAC2A892285EFD05FBC3C301307F7
:10C5D0000005639FE70003D6E90085451735002075
:10C5E000034535DF0606EF309F8593073005A5B379
:10C5F000130710056395E70093076005A9BB1307B0
:10C600002005E39EE7A09307C005B1B33830930738
:10C61000E005E315F7A0032504084146A6859750D9
:10C62000FE1FE780400A2285EFF06FAB2A8993074F
:10C63000100215B30C22B9BF8547E39BF5BA032856
:10C6400046003C32382214322E2110220145EF40A0
:10C650005FDB79BE1D49E1B28147C1463307F50072
:10C66000B388F500182383C808003308F60085074F
:10C67000334717012300E800E392D7FE82803D474D
:10C6800081477D583306E5001422B388E5007D1705
:10C690008606D58F2380F8001C229D83E31407FFB4
:10C6A00082800147C1469377F70F63FDC700B30748
:10C6B000E5009C233388E5002300F8000507E31418
:10C6C000D7FE8280918F93B717009E07E5B70111BF
:10C6D0004AC84EC62E89AA8993053005414506CE23
:10C6E00022CC26CA52C4328A9770FE1FE78000A16E
:10C6F0002A849305300541459770FE1FE78000A00E
:10C70000AA845DC059C1414681459750FE1FE7800C
:10C7100000024E852286A685EFD04021AA8929E114
:10C720008307040063D90704A6852285EFF03FF54F
:10C730004A86979501009385657D2685EFF0DFF1A8
:10C740008307090063DE0702A6854A85EFF03FF301
:10C750005286979501009385657B2685EFF0DFEF84
:10C7600022859770FE1FE780C0A526859770FE1F63
:10C77000E78020A50DA0CA852285EFF05FF0C9B73C
:10C78000D2854A85EFF0BFEFE1BF22859770FE1F8B
:10C79000E78020A3CD49F2406244D2444249224A74
:10C7A0004E85B2490561828075D5CD497DBF8147EF
:10C7B0004146B306F5003387F500182303C8060089
:10C7C00085073347070198A2E395C7FE82800111D0
:10C7D00026CA4EC6AE84AA89930530051305000308
:10C7E0004AC806CE22CC32899770FE1FE78000919E
:10C7F0002DC51306000381452A849750FE1FE7804C
:10C8000000F34146CE8522859750FE1FE780000247
:10C81000A6850D461305D4019750FE1FE780000141
:10C8200013060402930504012285EFD02010AA8488
:10C830000D469305D4024A859750FE1FE78000FFFE
:10C8400022859770FE1FE780C097F24062444249FC
:10C85000B2492685D24405618280CD44FDB75D7121
:10C8600052DC62D42E8A2A8C93053005130500030E
:10C87000A6C2CAC04EDE56DA5AD85ED686C6A2C452
:10C88000B28B368BBA84BE8A4289C6899770FE1FE6
:10C89000E780C086630405101306000381452A84DF
:10C8A0009750FE1FE780A0E84146E2852285975019
:10C8B000FE1FE780A0F7414681450A859750FE1F7D
:10C8C000E780E0E61D46DE850A859750FE1FE7807B
:10C8D000E0F51D46DA85130571009750FE1FE780CD
:10C8E000E0F433392001B334900041468145080813
:10C8F00023072101C4879750FE1FE78040E31946B4
:10C90000D68548089750FE1FE78040F2CE8519462D
:10C910001305A1019750FE1FE78040F113090401A0
:10C920004146D2854A859750FE1FE78020F08A85D0
:10C930004A85EFF0DFE7930904024E86CA85228517
:10C94000EFC0D07EAA840DE94146CE854A85975036
:10C95000FE1FE78040D70C084A85EFF05FE54E8662
:10C96000CA852285EFC0907CAA8446454146CE8583
:10C970009750FE1FE78080EB22859770FE1FE780AF
:10C980004084B64026440649F259625AD25A425B64
:10C99000B25B225C2685964461618280CD44D5B726
:10C9A00001114EC652C4AE892A8A9305300513057B
:10C9B000000326CA4AC806CE22CCB28436899760C4
:10C9C000FE1FE780A07335C52A84D2854146975063
:10C9D000FE1FE780A0E5130A0401CE85214652859B
:10C9E0009750FE1FE78080E4A68521461305840149
:10C9F0009750FE1FE78080E3930904024E86D2859C
:10CA00002285EFC0B072AA844146CE854A859750F0
:10CA1000FE1FE780A0E122859760FE1FE780607A15
:10CA2000F24062444249B249224A2685D244056115
:10CA30008280CD44F5B739715ECE62CCAA8B2E8C44
:10CA400041459305300506DE4ED652D45AD066CA0B
:10CA50006AC8B289B68C3A8D22DC26DA4AD856D218
:10CA60009760FE1FE78080692A8A9305300541455B
:10CA70009760FE1FE78080682A8B63040A1415E51F
:10CA800052859760FE1FE780C0734D44F2502285A7
:10CA90006254D2544259B259225A925A025BF24B12
:10CAA000624CD24C424D216182802A86D2855E85BD
:10CAB000EFF0FFC12A8401CD52859760FE1FE78009
:10CAC00040705A859760FE1FE780A06FC1B793053D
:10CAD000300541459760FE1FE7804062AA849305B8
:10CAE000300541459760FE1FE7804061AA8AF9C47E
:10CAF00009ED26859760FE1FE780A06C5285976040
:10CB0000FE1FE780006C4D446DBF1389F900135977
:10CB1000494013F6F900630509047D1933490908F2
:10CB200029E2131549005686D2856295EFF0DFB2EF
:10CB30004146814526859750FE1FE78040BF8149C9
:10CB4000B3C7090863F827051DC426859760FE1F33
:10CB5000E780206756859760FE1FE7808066A9BF43
:10CB60000149131549008A856295EFF09FB35686F7
:10CB7000DA850A8565BF939549000A86E295268580
:10CB8000EFF09FAD26868A855E85EFC0305A2A84F5
:10CB900085097DB75DF80A86D6852685EFF0DFAB7F
:10CBA00026868A855E85EFC070582A846A86A685A7
:10CBB00066859750FE1FE78000B141BF21D14D44EB
:10CBC00051BFE30405EC81B739715ECEAA8B59459C
:10CBD00026DA4AD84ED652D456D25AD062CC06DE85
:10CBE00022DC034C01042E8BB28A368A3AC6BE89F7
:10CBF0004289C6849750FE1FE780C09D25CD91676E
:10CC0000938717E91EA185473CA12A84B2452105D7
:10CC1000638A0B04930710033CB019468145975073
:10CC2000FE1FE780C0B023035401A3034401230A7D
:10CC3000840123126401231734012318240126A838
:10CC4000A2856254F250D2544259B259225A925A91
:10CC5000025BF24B624C172500200345657721618A
:10CC60006F20DFFBA301040019469750FE1FE780E9
:10CC700080A555BFF2506254D2544259B259225A3B
:10CC8000925A025BF24B624C2161828001115AC0C0
:10CC90002A8B1305100326CA4AC84EC652C456C270
:10CCA00006CE22CCAE8A328AB684BA893E899750A3
:10CCB000FE1FE780209225C1B7470201938717E93D
:10CCC0001CC1930785002A8423046501A304550130
:10CCD0005CC1D285194629059750FE1FE780A09EAA
:10CCE000CE8504A81305140126869750FE1FE78001
:10CCF000809D23082403A2856244F240D244424925
:10CD0000B249224A924A024B172500200345456C3E
:10CD100005616F20BFF0F2406244D2444249B249FB
:10CD2000224A924A024B05618280011152C42A8A2A
:10CD3000314522CC26CA4AC84EC606CEAE893289B3
:10CD4000B6843A849750FE1FE780C0880DCD916766
:10CD5000938717E91EA18D473CA1A301450122A598
:10CD60006244231235012313250106A5F240D24463
:10CD70004249B249224AAA85172500200345456544
:10CD800005616F20BFE9F2406244D2444249B24992
:10CD9000224A0561828001114EC6AA89394526CAF8
:10CDA0004AC806CE22CC2E89B2849750FE1FE78057
:10CDB000608221C19167938727E91EA19147A30152
:10CDC0003501231225012A843CA1A6851905214697
:10CDD0009750FE1FE780208FA2856244F240D24424
:10CDE0004249B249172500200345855E05616F2041
:10CDF000FFE2F2406244D2444249B2490561828076
:10CE000001114AC82A89414526CA06CE22CC2EC61F
:10CE1000B2849740FE1FE780E07B15CD9167B24555
:10CE2000938727E91EA195472A84231225013CA157
:10CE3000214619059750FE1FE780E088A28566A469
:10CE40006244F240D24442491725002003457558F8
:10CE500005616F20BFDCF2406244D2444249056163
:10CE60008280011152C42A8A394522CC26CA4AC876
:10CE70004EC606CEAE893289B6843A849740FE1FEC
:10CE8000E78040750DCD9167938717E91EA19947FB
:10CE90003CA142A56244231245012313350123140A
:10CEA000250126A5F240D2444249B249224AAA8528
:10CEB000172500200345C55105616F203FD6F2407C
:10CEC0006244D2444249B249224A05618280797162
:10CED00022D426D24AD04ECE52CC06D62A842E8ACE
:10CEE000B2893689BA849770FE1FE78040A611CDBB
:10CEF0001306F00F2C002285231441012315310164
:10CF0000231621016487EFC03F87B2502254925408
:10CF10000259F249624A45618280011152C42A8A4B
:10CF2000394522CC26CA4AC84EC606CEAE893289B9
:10CF3000B6843A849740FE1FE780C0690DCD9167A3
:10CF4000938717E91EA19D473CA142A56244231285
:10CF50004501231335012314250126A5F240D244AF
:10CF60004249B249224AAA85172500200345454671
:10CF700005616F20BFCAF2406244D2444249B249BF
:10CF8000224A056182805D715AD82A8B13054002BE
:10CF9000A2C4A6C2CAC04EDE56DA62D466D26AD035
:10CFA0006ECE86C652DC5ED6835D0105035D41050B
:10CFB000834C8105034CC105835A0106AE89328931
:10CFC000B6843AC43EC042C246849740FE1FE78002
:10CFD000606069C911672A8A130717E91AA19307C4
:10CFE0004A011307900238A13EC6A2452105930BC2
:10CFF000EA0063020B0813071003A301EA001946B5
:10D0000081459740FE1FE7808072194681455E8505
:10D010009740FE1FE780A0711946814513054A011C
:10D020009740FE1FE780A07023032A01A3039A0004
:10D0300023009A03A3008A03231D8A002644231297
:10D040003A01231EBA01231FAA0123115A03B64035
:10D0500096440649F259D25A425BB25B225C925C1A
:10D06000025DF24DD285625A1725002003454536F0
:10D0700061616F20BFBAA3010A0019469740FE1FE5
:10D08000E780606482455E8519469740FE1FE78011
:10D0900080639245194613054A019740FE1FE780B9
:10D0A000806259B7B640264496440649F259625AFE
:10D0B000D25A425BB25B225C925C025DF24D6161CE
:10D0C000828079714ECEAA89614552CC56CA5AC81F
:10D0D0005EC662C406D622D426D24AD02E8AB28A2E
:10D0E000368BBA8B3E8C9740FE1FE780A04E35CD25
:10D0F000B7470B01938717E91CC1930785002A8462
:10D100005CC19304A50001493C306364F902A28527
:10D110002254B25092540259F249624AD24A424BC6
:10D12000B24B224C172500200345852A45616F200C
:10D13000FFAE2685238F34FFA38F44FF1946D68583
:10D140009740FE1FE78020581385740023836401F5
:10D150001946DE8505099740FE1FE780C056137902
:10D16000F90FA3868401C10445B7B25022549254EA
:10D170000259F249624AD24A424BB24B224C4561B3
:10D18000828001114EC6AA89214522CC26CA4AC8EE
:10D1900006CE2E89B28436849740FE1FE7808043F6
:10D1A00015C99167938717E91EA1B1473CA1A30157
:10D1B000350164A160B1624423122501F240D244DA
:10D1C0004249B249AA85172500200345652005611B
:10D1D0006F20DFA4F2406244D2444249B249056163
:10D1E00082805D71A6C28344C10552DC3E8A8657A7
:10D1F0005ED6AA8B13854402CAC04EDE56DA5AD8D0
:10D2000062D466D26AD06ECE86C6A2C4035D010522
:10D21000834C4105664C2EC6B28D368BBA8AC289C4
:10D2200046893EC49740FE1FE780C03A51C9B245C7
:10D23000B7470D01938717E91CC1930785002A841E
:10D240005CC1230475010CB51946EE85290597408C
:10D25000FE1FE7804047E28523086401A3085401CC
:10D2600023094401A3093401230A2401231BA40137
:10D27000230C94011305940119469740FE1FE78083
:10D280008044A2451305440264BC08D0268697401A
:10D29000FE1FE7804043A2852644B64096440649D7
:10D2A000F259625AD25A425BB25B225C925C025DD6
:10D2B000F24D172500200345A51161616F201F96CF
:10D2C000B640264496440649F259625AD25A425B05
:10D2D000B25B225C925C025DF24D61618280411121
:10D2E00026C2AA84614506C622C49740FE1FE78075
:10D2F000602E3DC99167938717E91EA193074002ED
:10D300003CA19C302A84938564003CB1BC30B82099
:10D310002105A207D98F231EF5FEDC201946230F15
:10D32000F5FEDC30A30FF5FE9740FE1FE780A03925
:10D33000DC24A28517250020034585097CA4FC2454
:10D34000D834A207D98F1EA8FC343CA89C283CB82E
:10D350009C385CA8BC285CB8BC387CA82244B2408D
:10D36000924441016F209F8BB2402244924441017C
:10D370008280411122C42A84194506C69740FE1FA7
:10D38000E780402515C19167938717E91EA1C14722
:10D390003CA142A12244B240AA85172500200345A2
:10D3A000250341016F209F87B240224441018280C2
:10D3B00041110D4506C69740FE1FE780A02115C10B
:10D3C000930710F91CA19307E0031CB1C5473CA1CA
:10D3D000B240AA8517250020034585FF41016F2033
:10D3E000FF83B2404101828001114EC6AA892945BE
:10D3F00022CC26CA4AC806CE2E89B28436849740EB
:10D40000FE1FE780201D15C99167938717E91EA1AC
:10D41000C9473CA1A30135012302250100A56244AF
:10D4200066A1F240D2444249B249AA85172500209C
:10D43000034505FA05616F206FFEF2406244D24455
:10D440004249B2490561828001114EC6AA892D4523
:10D4500026CA4AC806CE22CC2E89B2849740FE1F27
:10D46000E780401731C1930710F91CA19307E0032F
:10D470001CB1CD47A3013501230225012A843CA11B
:10D48000A685150519469740FE1FE780C023A28593
:10D490006244F240D2444249B24917250020034574
:10D4A00025F305616F208FF7F2406244D244424970
:10D4B000B24905618280411126C2AA84214522C455
:10D4C00006C62E849740FE1FE780C01005C59167F1
:10D4D000938717E91EA1D1473CA160A1224446A130
:10D4E000B2409244AA8517250020034565EE41010C
:10D4F0006F20CFF2B2402244924441018280411118
:10D5000026C2AA84714506C622C49740FE1FE78042
:10D51000600C59C19167938717E91EA193076002B8
:10D520003CA19C302A849385A4003CB1BC30B82037
:10D530003105A207D98F231CF5FEDC30D82019460F
:10D54000A207D98F231DF5FEFC30F820A207D98F42
:10D55000231EF5FE9C24230FF5FE9C34A30FF5FE3D
:10D560009740FE1FE78020169C28A28517250020E3
:10D57000034505E63CA8BC289838A207D98F5EA8C9
:10D58000BC38A30B0400230C04007CA82244B24046
:10D59000924441016F208FE8B240224492444101FD
:10D5A0008280411126C206C622C49724002093849B
:10D5B00024E2F8309307F00F630FF7022A8419452D
:10D5C0009740FE1FE7800001AA8515C5930700FD5F
:10D5D0001CA193077002A30005003CA11C303CB1C4
:10D5E0003C205CA13C305CB12244E830B240924423
:10D5F00041016F20AFE2B240224492444101828057
:10D600009727002083C737DD1307F00FAA8563969D
:10D61000E7001763FE1F6700C3BA1307000D1AA1C6
:10D620001307800238A13E856F204FDF411126C2CB
:10D63000AA84714506C622C49740FE1FE78080F980
:10D6400059C59167938717E91EA1930760023CA112
:10D650009C302A849385A4003CB1BC30B8203105AD
:10D66000A207D98F231CF5FEDC30D8201946A2076B
:10D67000D98F231DF5FEFC30F820A207D98F231E79
:10D68000F5FE9C24230FF5FE9C34A30FF5FE974076
:10D69000FE1FE78040039C28A28517250020034534
:10D6A00025D33CA8BC289838A207D98F5EA8BC38DF
:10D6B0007CA8DC287CB8DC381CACFC281CBCFC3802
:10D6C0003CAC2244B240924441016F202FD5B2407D
:10D6D000224492444101828041114AC02A89214555
:10D6E00022C426C206C6AE8432849740FE1FE7805D
:10D6F00060EE05C5930710591EA12301250160A105
:10D70000224446A1B24092440249AA85172500202E
:10D71000034505CC41016F206FD0B24022449244B2
:10D72000024941018280411126C2AA84214522C4B6
:10D730004AC006C62E8932849740FE1FE78080E9E2
:10D740001DC59167938727E91EA1A1473CA164A14C
:10D7500060B1224423122501B24092440249AA85B5
:10D76000172500200345F5C641016F202FCBB2409D
:10D7700022449244024941018280011152C42A8A02
:10D78000314522CC26CA4AC84EC606CEAE89328959
:10D79000B6843A849740FE1FE780C0E31DC98567C1
:10D7A000938717C91EA1230145012303250122A543
:10D7B00062442312350106A5F240D2444249B249DF
:10D7C000224AAA8517250020034585C005616F20E0
:10D7D000EFC4F2406244D2444249B249224A056150
:10D7E000828001114AC82A891385C50026CA06CE3F
:10D7F00022CCAE8432C69740FE1FE780A0DD0DCD5F
:10D800008567B245938717E924A1231225012A844D
:10D810001EA1310508C426869740FE1FE780A0EAB6
:10D82000A2856244F240D2444249172500200345B4
:10D8300025BA05616F208FBEF2406244D24442494E
:10D8400005618280411126C2AA84194522C406C6F8
:10D850002E849740FE1FE780E0D705C58567938734
:10D8600017F91EA1854724A13CB142A12244B24030
:10D870009244AA8517250020034585B541016F20F4
:10D88000EFB9B2402244924441018280411122C446
:10D890002A840D4506C69740FE1FE780A0D30DC120
:10D8A000930710F91CA1E9471CB120A12244B24002
:10D8B000AA85172500200345A5B141016F200FB6A9
:10D8C000B240224441018280411122C42A84214570
:10D8D00026C206C6AE849740FE1FE780A0CF0DC5C6
:10D8E0009167938727E91EA1930700033CA160A1DC
:10D8F000224446A1B2409244AA8517250020034540
:10D9000055AD41016F208FB1B24022449244410194
:10D9100082804111214522C426C206C6AE843284CB
:10D920009740FE1FE78000CB15C1856793870739B5
:10D930001EA185473CA162A1224446A1B240924467
:10D94000AA8503C521AF41016F204FADB2402244EB
:10D95000924441018280011122CC26CA4EC652C493
:10D9600056C25AC01304F5FF06CE4AC8094BAA890D
:10D97000AE84328AB68A3344040863946513138BE9
:10D98000F1AE83470B00C9CB03C916009C222209C4
:10D990003369F9009717002083D70773F517635B86
:10D9A000F91C9307C6FF6314F90831459740FE1F21
:10D9B000E78040C22A8439CD23134501930700F93B
:10D9C000150AA1651EA12311350144A185055285C3
:10D9D0009750FE1FE780807208C405C983470B007B
:10D9E0009385EAFF13562A00FD172300FB0097409A
:10D9F000FE1FE78000D01C44A28503C521AF890724
:10DA00001CC4EF20AFA1814401A822859750FE1FBE
:10DA1000E780207B9304F00FF24062444249B24910
:10DA2000224A924A024B2685D2440561828093079E
:10DA3000D6FFE341F9FEB1473304F4029384C1AD4C
:10DA40009C40A297B82719C7884309C59750FE1F65
:10DA5000E7802077A16513054900850583A90400A7
:10DA6000334505089750FE1FE78040699C40A29906
:10DA700023A0A900A297884351DD0547B8A7834793
:10DA80000B005286D685FD172300FB009740FE1F32
:10DA9000E78060C39C40A29723934701239227010C
:10DAA0009DB78547E398F5F6B1473304F40213892F
:10DAB000C1AD83270900A297FA23884351CBDE2307
:10DAC000B306C700910763C5D7083A95D685974036
:10DAD000FE1FE78040BF83270900A297FA23330681
:10DAE000EA0033460608F2A3DE239107E31DF6F0B1
:10DAF00031459740FE1FE780E0ADAA851DC9930719
:10DB000000F91EA1832709002302650123113501B5
:10DB1000A297FA239C437AA11CC503C521AFEF202D
:10DB2000EF8F83270900A29723930700238507001F
:10DB3000D9BD83270900A297884365D59750FE1F5A
:10DB4000E780206883270900A29723A00700D1BFA0
:10DB500011C99750FE1FE780C06683270900A2976E
:10DB600023A0070083270900A2972393070023859A
:10DB700007005DB591444DB56FC070786FC0B07946
:10DB80006FD000206FD0003F6FC0107C411106C6DF
:10DB9000EFC0B078B2400145410182806FC0507D36
:10DBA0006FC0307F6FD0C0016FD080036FD0200571
:10DBB0006FD0E0066FD0A0086FD0600A6FD0200C45
:10DBC0006FD0C00D1C321822A20733E6E7006FD0D9
:10DBD000000F6FD040106FD0A0126FD000156FD023
:10DBE00060176FD0A01C6FD0801E6FD060206FD0E8
:10DBF00040226FD02024411122C60344C10226C412
:10DC00008344010303430101030E4101834E81015B
:10DC1000034FC101834F01028342410283438102CA
:10DC200022D6324426D8A2441ED416D27ED07ACE32
:10DC300076CC72CA1AC841016FD0C0386FD0A0210B
:10DC40006FD080236FD060256FD040276FD0002A1F
:10DC50006FD0E02B6FD0C02D6FD0A02F6FD040328F
:10DC60006FD020346FE0D05D85672A871388A7C7FF
:10DC7000691533450508636EA802138807C8014576
:10DC8000636AB80263E8E5021307301F6364C702E2
:10DC9000138766FF938767C73347070863ECE7007E
:10DCA000050633460608B305B6028E0633A5D50031
:10DCB00082800145828017180020130828720345CE
:10DCC000180003A781B483A681B21375F507D1C5E7
:10DCD000904283274800137606F8498E90C213F6C7
:10DCE000150001CA93F5050341466385C506938770
:10DCF00087C14165130505A0B3D5A7025057B708E2
:10DD000010FEFD181366260050D7704333761601B7
:10DD1000B3F7A702FD89D2054D8E70C31306A00F7D
:10DD2000B705FCFFAA07B3D7C70270436D8EBA07C9
:10DD3000B983D18F7CC383470800898B99CB9842E4
:10DD40009C421377F7071367070493F707F8D98FF7
:10DD50009CC282809387078369BF5C57F59B5CD721
:10DD60009C4293F707F8C98F9CC2F1B7411106C6D0
:10DD700097170020238B07689770FE1FE78060C706
:10DD8000B2400145410182807971B7E700E026D2B7
:10DD900084433707200006D622D44AD04ECE52CC38
:10DDA00056CA5AC85EC662C466C26AC0F98C23A04D
:10DDB000E7180F1000001714002013042462184401
:10DDC00015E323A097100545B250225492540259EE
:10DDD000F249624AD24A424BB24B224C924C024D1B
:10DDE00045618280171700200327C76D09C723A04C
:10DDF00097100945D1BF1C20328BB68A858BADC3E5
:10DE0000171900201309895F832749002A8AAE89E0
:10DE100099EB483C9305900409059750FE1FE78055
:10DE2000E02D2322A9008327490099E7B7E700E006
:10DE300023A097100D4549BF0347290098A38327C6
:10DE40004900630D0A04638B0904A380370103258D
:10DE500049004E86D28509059740FE1FE780A086BF
:10DE6000971900209389097F03A7C9019547630A81
:10DE7000F70083C7090219476385E7000D476392DE
:10DE8000E70283C7190289E7930780102390F902FC
:10DE9000B7E700E023A0971001453DB7A380070036
:10DEA000C1B7138A81B383270A0098430D8B1DC322
:10DEB000238E01A0B84B1377F78FB8CB9843136725
:10DEC000870098C39C4393D7374889C70100010056
:10DED00001000100832C0A00B7070200834B0400F5
:10DEE00023A20C0623A4FC009717002023AC07767E
:10DEF0009717002083C74751918B171900201309EA
:10DF0000E94F89E793F70B04639A071008308145BE
:10DF1000EFF07FDA138D81B203270D00138C81B4EB
:10DF2000B70633001C4313D54B40014693F7F7CF98
:10DF30001CC31C430D8993F7F7CF93E707201CC33D
:10DF400003270C001C47D58F1CC74C2CB7070300B8
:10DF50009387871523A8FC049750FE1FE780600D68
:10DF600083270D001844142098C75844858AD8C3C5
:10DF700003270A005C43F99BD58F5CC383274900C4
:10DF80003CDF03270C005C4393F7F7EF5CC3010011
:10DF9000010003270C005C4393E707105CC3834731
:10DFA000E900A30169012301590193E74700230711
:10DFB000F9009307000423A0F9009717002023A37A
:10DFC000076AA14723AEF9009717002083A74711DE
:10DFD00081CB0345090113060064C145EF103FE6FC
:10DFE00083270A001705000013058529DC43858B6C
:10DFF00089E717050000130565039740FE1FE780BA
:10E00000A0B49717002023A107669717002023A527
:10E01000076483270A00054798C39DBD93F50B034A
:10E02000484093E51500EDB5797122D4171400200E
:10E03000130444625C4006D626D24AD04ECE858B6D
:10E040006387071E9717002023A807608329C4034E
:10E05000A3070100EFF09FD19717002083C7C73AAD
:10E06000918B9714002093846439171900201309A9
:10E07000E9366384071683C71900CE979823930760
:10E0800000086318F7008347090093E7870023001F
:10E09000F9005C580D476377F70EF1175CD85C58B0
:10E0A000984463E7E70E3387E74083C71900D42419
:10E0B000CE979C33939646608E0763DA060E63FF15
:10E0C000E70C1D8F9306000263E8E6005858636A68
:10E0D000F70CB307F7409CC4882889459750FE1F6A
:10E0E000E78060718345090093F78500F5C383A637
:10E0F00081B39307800CFCD21C5C1307F00F37062A
:10E10000330098C39717002023AA075497170020BD
:10E1100023A807549717002023A607549717002019
:10E1200023A4075403A781B21C4391858D8993F7DB
:10E13000F7CF1CC31C43014593F7F7CF93E70720A4
:10E140001CC303A781B41C47D18F1CC7B7070300AA
:10E1500093878725BCCA05469750FE1FE78000D4E9
:10E1600083470900B420B030DD9B81450145230081
:10E17000F900EFF07FC1B250225492540259F24993
:10E180004561828017170020032787F8BA9731B7B7
:10E190009716002083A6C6F7B69731B73387E740B6
:10E1A00015B79716002083A6A6F636971DB75858C0
:10E1B000636AF700B307F7409CC4DC2493E70708C1
:10E1C000DCA419BF9716002083A686F43697DDB726
:10E1D00083C71900F917A380F900485C014693052D
:10E1E000F1009750FE1FE780E0B65C5C9306F00FED
:10E1F00098236303D702BC306380D702630EF70015
:10E20000936525009395456083270901505C93F53C
:10E21000F50F0D45829785B7830709009315456073
:10E22000E3C407FEF5F19C872380F900F1BF83A7C3
:10E2300081B3FC5385EFEFF07FB39717002083A7DE
:10E24000A7EA89C7854513051008829722549717B6
:10E2500000209387A71AB25092540259F249B4236E
:10E26000B0338145014545616FF01FB2584CA1475D
:10E27000E313F7F08547238EF1A0F5BD797126D21F
:10E28000971400209384043D9C4006D622D44AD0A3
:10E290004ECE52CC858B6383072083A9C4030146ED
:10E2A0009305F1004E85A30701009717002023A3D3
:10E2B000073A9750FE1FE780E0A9171400201304C7
:10E2C000E4131719002013096911131A4560631F1D
:10E2D0000A123C309306F00F6389D700D85C1823EC
:10E2E0006305D700094A6313F7128307090063C562
:10E2F00007009C872380F9005C24918BADCFDC580C
:10E300000D476373F714F117DCD8DC58184463E346
:10E31000E7143387E74083C719005424CE979C3312
:10E32000939646608E0763D6061463FBE7121D8F33
:10E330009306000263E8E600D8586366F712B30755
:10E34000F7401CC4082889459750FE1FE780A04A63
:10E3500083C719003387F900142313070008639B50
:10E36000E6129C5C1307F00F98C38347090093E7FC
:10E3700087002300F90003A781B45C5793D717489F
:10E38000A1C383274900C165938505A033D6B70291
:10E390007443370510FE7D15E98EB3F7B7027D8A09
:10E3A0005206D18E74C39306A00F3706FCFFAA074E
:10E3B000B3D7D7027443F18EBA07B983D58F7CC324
:10E3C0005C40034509008C3311850D899750FE1F71
:10E3D000E78020A217050000130525129730FE1FC5
:10E3E000E780807683A781B298431317772998C373
:10E3F000D857719BD8D783470900A18B9DEB832702
:10E400000901D05C81450D45829725A09760FE1FCC
:10E41000E780205ED05C832709010D459375FA0FD4
:10E42000829748403420303009CD0C310905EFF097
:10E43000BF95B250225492540259F249624A456142
:10E44000828081450145E5B717170020032747CC97
:10E45000BA9755BD9716002083A686CBB69755BDB3
:10E460003387E740F1B59716002083A666CA369732
:10E47000F9B5D858636AF700B307F7401CC45C24A9
:10E4800093E707085CA47DBD9716002083A646C8C5
:10E490003697DDB7F917A380F900F1BD83A781B3E3
:10E4A000FC53B1E3EFF09F8C9717002083A7C7C3FD
:10E4B00089C789451305100882979717002093870D
:10E4C000E7F3C843B033B42301CD0C31090522541E
:10E4D000B25092540259F249624A45616FF0DF8AA4
:10E4E00081450145EDB7D84CA147E314F7F48547C2
:10E4F000238EF1A03DBF41119717002083A7C715B8
:10E5000006C622C4858B95C79717002023A607143B
:10E5100017140020130484ECEFF05F851C20A18BFE
:10E520008DEF1C480146814511452244B24041010E
:10E53000828783A781B3FC53B9E79717002023A3F1
:10E54000071217140020130464E91C20A18B91E723
:10E550001C48014681455145C9BF97170020938744
:10E56000E7E9C843B033B42301CD0C310905EFF01E
:10E57000BF811C20DD9B1CA0B2402244410182804F
:10E5800081450145EDB78547238EF1A0F5B7814759
:10E5900017860100130686989306F00F3307F600DE
:10E5A00018236364E5006313D700828003D8050055
:10E5B000636407019AA18280850793F7F70FF9BF7B
:10E5C000411122C406C626C22E849397556063DA91
:10E5D00007029730FE1FE7800006AA8401CD1C21A8
:10E5E000054793C707086364F700EF70A07E268590
:10E5F000EF10AFDD1315F468B2402244924441019C
:10E60000828093F7850099CB9717002083A707E9AD
:10E61000BC5B91C3829713458400F9BF93F7450013
:10E6200099CB9717002083A767E7FC5791C3829780
:10E6300013454400D1B793F7050281CF9717002007
:10E6400083A707E783A7070991C3829713450402AD
:10E6500065B793F7050181CF9717002083A747E59A
:10E6600083A7C70891C382971345040171B7096551
:10E670006D8D59D1971700209387C7DAF433F023B3
:10E68000CC33C823EFC0D0221315D468B5B74111DD
:10E6900022C48145130600122A8417150020130591
:10E6A00065D806C626C223A801B09730FE1FE780B2
:10E6B00000080145EF10D00F0145EF101017971714
:10E6C0000020A388879CB707D707171400201304DE
:10E6D00064D5B5075CC8B7C70D0D938707141CCC6C
:10E6E000B7C7D707938707145CCCF17793870714D4
:10E6F0001EB08147232EF40C97170020938787DAEA
:10E70000B4477D47232CE40C37772D071307F71FF9
:10E71000D98EF84709661306E6B9518F9714002081
:10E7200093848499B4C7F8C7B4CBF8CBFC24A30C6A
:10E730000402A30CF40AA300F40CF977FD17231FBD
:10E74000F40E2310F410FD472301F410930730302A
:10E750003EBC5EBCEF101FE19307C01C231BF406F8
:10E76000DE206D461307B00FA983A300F4089E288E
:10E7700028B023220404B3D7E70A3EB47EB49386BC
:10E78000E700B3F7C70AB3C606083EB08E06930784
:10E79000801433C706085AB41AB83377F70A854786
:10E7A000A30FF402B70703009387C71C3CC0B71739
:10E7B0000706938707443CC4B70716009387079062
:10E7C0005AB076B01AB45CD8EFB0F019EF30E0511F
:10E7D000EFA0307D2244B240924441016F70302C52
:10E7E000411126C206C622C44AC097140020938451
:10E7F00064C303C7E40383C7F403636AF7000144F7
:10E80000B2402285224492440249410182802A89F1
:10E81000930510241305000C9750FE1FE780008E0F
:10E820002A8471DD1306000C81459730FE1FE780B6
:10E8300000F063140900C1571CA4FC4CA1EBA0CC50
:10E84000E0CCA0D0232004008547238FF402854725
:10E850001CB4930700F93CB497170020938787DF17
:10E86000985FDC5F171500200345458678C43CC8D7
:10E87000FD577CA8A30EF40683C7A4042304A406B2
:10E88000230AF40AEFB0802648B89DBFBC5080C36D
:10E89000A0D02320040083C7E403850793F7F70F74
:10E8A0006DB7011122CC06CE9717002083C797B70A
:10E8B0002A8485EB18288547631BF70C8347D4030C
:10E8C00003475404858B6312F70C194693056404BF
:10E8D0001305E4039730FE1FE78080F03335A00076
:10E8E00099A883475504D9CB8347B504130700047F
:10E8F00093F7070C6394E708085931C19305640442
:10E900001305A5022EC69740FE1FE78040FB8547F2
:10E91000B2456316F502085889472302F4043C31D6
:10E92000194693E72700A302F40451059730FE1F10
:10E93000E78060D90545F240624405618280142871
:10E9400005478347C403638BE60203470406118B24
:10E95000D98F8DE7130544049740FE1FE780A0027E
:10E9600008D809CD89472302F4043C3119469305A0
:10E97000640493E72700A302F40445BF8347C4035C
:10E98000898B8DDB1C589C3395F701456DB7834708
:10E990000406918B85F75C3413F7170011CF3438D8
:10E9A0000D47639BE60068402C446244F2400561D9
:10E9B0001743FE1F6700C30D898BADDF38389547BD
:10E9C000E31AF7F6CDB701119717002083A707C9FF
:10E9D00022CC06CE26CA858B171400200324C4AA95
:10E9E000BDC79717002023AB07C6938401B59C4091
:10E9F0009DC7DC438DC789475C8283475404130558
:10EA000061001946DC825C28930564045C869730BB
:10EA1000FE1FE78040CB9C404800DC438297834741
:10EA20007406858B81CB8345540408241306640443
:10EA3000EFE0C01B83477406898B91CB228562442B
:10EA4000F240D24405611753FE1F670023F7228569
:10EA50006244F240D24405611753FE1F670003F27F
:10EA600041114AC0171900201309C99B8327090BBC
:10EA700006C622C426C281EB0545B2402244924418
:10EA8000024941018280AA849760FE1FE78060F6F8
:10EA90008327090B8297EF20B07E2A8471DDDC503A
:10EAA000AC482324F508B8349307A009631BF70E7C
:10EAB00085472300F51483C734062303F514A30305
:10EAC000F514FC35F8250148A207D98F9829154679
:10EAD000F90542075D8F83C735FF13058413E207ED
:10EAE000D98F232CF40883C755FF03C765FFA207FE
:10EAF0004207BA9703C745FFBA97232EF40883C786
:10EB000075FFA30BF40283C795FF03C785FFA20718
:10EB1000D98F1EBC83C7B5FF03C7A5FFA207D98F36
:10EB20003EBC83C7D5FF03C7C5FFA207D98F5EBC14
:10EB300083C7F5FF03C7E5FF232E0413A207D98F70
:10EB40007EBC8147232CF4129730FE1FE780A0B7CC
:10EB5000B84883473702FD8BA30AF4020347370204
:10EB6000ED1793F7F70F15832308E4022D4763652C
:10EB7000F7023E3C05679306A7C7E917B3C7070826
:10EB800063ECF600563C9307301F63E7D7007E3CEA
:10EB9000130707C86375F7020A24EF30600D0145BB
:10EBA000E9BD8327090D1167F98F81DFFC449823A4
:10EBB0009C21F98F93D757482300F51419B7832761
:10EBC000490B228582978327890D0A24294693F7CA
:10EBD000072091E3054693050008EF7080368327F0
:10EBE000090D1167F98F99C70A245146930500084A
:10EBF000EF70203583278905F84BB7070008F98F98
:10EC0000E38C07E68824238C04004946930500081A
:10EC1000EF70203395B5011122CC930545012A846C
:10EC2000284901464EC606CE26CA4AC89740FE1F4E
:10EC3000E780401289496318052083044401AA89AA
:10EC400013050004EF203FDB1315456063CFA420BC
:10EC50002C4831479C3193F7F7033CA86399E72090
:10EC60009C210D47BD8B3CB86395E72013096403D5
:10EC70001946A1054A859730FE1FE78060B6630CF0
:10EC8000051E2C481305640419469C21890593D759
:10EC90006748A302F4049730FE1FE780C0A22285D4
:10ECA000EFF03FC0630B051C64449D471CA89CA06B
:10ECB0008547BCA0BCB0CA8519461385440097306F
:10ECC000FE1FE78040A0BC20B8300149990793F7A8
:10ECD000F70F13678700BCA0B8B07844BA97035702
:10ECE000C406B8B3BC207844834614063E978357C5
:10ECF000C4069206A183BD8BD58F5CA3B8200907FB
:10ED00001377F70FB8A0762CD1CE83470406795934
:10ED100093F7070491C375593309E9401379F90F43
:10ED20006372D90883463406751985471379F90F3C
:10ED30006393F61293078042F9469387371AB3C755
:10ED4000D7021706002003462675136606019705AD
:10ED500000202383C574C16503A681B30CC6B386A6
:10ED6000D702860634D2B43093E60601B4B07444B8
:10ED700003462406369730B3B420784436975CA314
:10ED8000B8207C44BA97034734061607D8B3BC2092
:10ED90008D07BCA05C54CA973CDC7E2CB38727410E
:10EDA0002319F4068347040693F7070489CFB83084
:10EDB0007C44B42013670704B8B05838B697B8B38A
:10EDC000BC208507BCA0BC206844722C8D074C5425
:10EDD0003E9551C66365C9089730FE1FE780A08E37
:10EDE0000349E401B8209377F70385073E99A30808
:10EDF0002401B8A083475403858B91E7034744035C
:10EE000089476317F70078441C2393E707041CA382
:10EE10007C4418388145170500001305E53A98B37E
:10EE20009730FE1FE78020D38347B406834534061E
:10EE300010380D45DD8D9740FE1FE7802006976056
:10EE4000FE1FE78000BBF2406244D24442494E8537
:10EE5000B24905618280856793878784F1BD4A86C0
:10EE60009730FE1FE7802086B5BFAD49E9BF9149C5
:10EE7000D9BF8D49C9BF9549F9B7A549E9B701116E
:10EE800022CC930545012A842849014626CA06CE8C
:10EE90004AC84EC652C49740FE1FE780A0EB894483
:10EEA000631605142C481307200291449C3193F7F4
:10EEB000F7033CA8639CE71284219547BD8824B8DA
:10EEC000639FF412130A64031946A1055285973013
:10EED000FE1FE780E090630B05102C4813096404C3
:10EEE00019469C214A85890593D76748A302F404F3
:10EEF0009720FE1FE780207D2285EFF09F9AA54492
:10EF000075C5970900209389292083D7C900130765
:10EF1000003293870719B3D4E70283A709008297C9
:10EF200083A68900B30795003E8763E4A70063E4E6
:10EF3000D7003387D7406444A1471CA858D09CA071
:10EF40008547BCA0BCB01946D285138544009720E4
:10EF5000FE1FE7804077BC209907BCA0BC3093E738
:10EF60002700BCB08347540491C778441C2393E71F
:10EF700007F81CA31946CA851385A4009720FE1F15
:10EF8000E7806074BC20990713F7F703050718B8EA
:10EF9000BCA083475403858B91E70347440389470B
:10EFA0006317F70078441C2393E707041CA3183861
:10EFB0007C448145171500001305A5E098B393071D
:10EFC000A0F93CB49730FE1FE780E0B88347B40651
:10EFD0008345340610380D45DD8D9740FE1FE780D0
:10EFE000E0EB81449760FE1FE780A0A0F2406244FE
:10EFF0004249B249224A2685D244056182808D4425
:10F00000F5B741114AC0138981B38327090022C48F
:10F010001307800706C626C2F8D32A840945238E23
:10F0200001A09760FE1FE78060A483A781B2D85734
:10F03000370500827D15719B13671700D8D783258C
:10F040000900D84113671700D8C183068406D85732
:10F0500013F6F603698F6606518FD8D71307A003FE
:10F06000138581B46351D712144137060007F84E57
:10F07000518FF8CE9843370633001377F7CF98C3F4
:10F0800098431377F7CF1367072098C318411447A5
:10F09000D18E14C7B706030093868625B4C954578A
:10F0A000F59A54D7984383462406137707F893F6C6
:10F0B000F607558F98C337C7898E130767ED98C732
:10F0C00037575500644413075755D8C39D471CA8AC
:10F0D0009CA08547BCA0A147BCB07C440357C40694
:10F0E000D8A3BC207844834614063E978357C406B1
:10F0F0009206A183BD8BD58F5CA3A8209307E00F58
:10F1000009051375F50FA8A003562407898F63C45A
:10F11000C7047C442C5C0D053E959720FE1FE780BC
:10F12000805AB820835724079376F7038507B6974C
:10F130001CB8B8A083475403858B91E70347440369
:10F1400089476317F70078441C2393E707041CA33F
:10F150007C44183898B3832709007844B24092441D
:10F16000B8DF9707002023AD074E83453406834759
:10F17000B406103822440249DD8D01454101174390
:10F18000FE1F6700A3D1130620021841635CD6005E
:10F19000744F370600F97D16F18E37060005D18EC3
:10F1A00074CFC9BD370600F969487D166357D8008A
:10F1B000744FF18E37060003DDB7744FF18E9396CE
:10F1C0008629F9BF01119707002083A7274922CC80
:10F1D00026CA06CE970400209384C424858BE05071
:10F1E000C9C79707002023AB074683C74407C18BD5
:10F1F0009DC383C7440793F70702E5DF2285EFF03D
:10F200005FE083C7440793F7F70C238AF40697500F
:10F21000FE1FE780007E22859740FE1FE780007674
:10F22000938401B59C409DC7DC438DC789475C82B0
:10F2300083475404130561001946DC825C2893055A
:10F2400064045C869720FE1FE780E0479C404800EE
:10F25000DC43829783477406858B81CB83455404B6
:10F26000082413066404EFD070189750FE1FE7803F
:10F27000407822856244F240D24405611743FE1F64
:10F280006700C36F39714ED6938981B383A6090095
:10F2900022DC26DA06DE4AD852D456D25AD0930758
:10F2A0008007FCD2238E01A083A781B2D857B7056F
:10F2B00033002A84719B13671700D8D798431377BC
:10F2C000F7CF98C398431377F7CF1367072098C3F6
:10F2D00003A781B410474D8E10C7370603001306ED
:10F2E0008625B0CA5057759A50D7984303462506CD
:10F2F000137707F81376F607518F98C3DC420D4752
:10F3000093E71700DCC264459D471CA99CA0854774
:10F31000A3810400BCA08347F5056384E70AFD17B9
:10F3200093F7F70F1547636BF70017770100130783
:10F3300067C0B3C7E7209C43BA9782870149BC20C6
:10F3400013F7F70305073A990347E405A3082401D7
:10F350001A07D98FBCA083475403858B91E70347D5
:10F36000440389476317F70078441C2393E7070495
:10F370001CA37C44183881451745FE1F1305656999
:10F3800098B383A709007844B8DF9707002023A922
:10F39000072C9720FE1FE780007C834534068347B7
:10F3A000B40610386254F250D2544259B259225A1B
:10F3B000925A025BDD8D014521611743FE1F6700F4
:10F3C000E3AD8547BCB0194693056403138544003B
:10F3D0009720FE1FE780202FBC209907BCA0034781
:10F3E000F4059947631FF702BC301385A40093E727
:10F3F0002700BCB083475403898B6387072A0C58C6
:10F40000BC296383072A1946D1059720FE1FE78090
:10F41000802B78441C2393E707F81CA3BC20990792
:10F42000BCA0BC30B82093E78700BCB07C44BA973E
:10F430000357C406B8B3BC207844834614063E97ED
:10F440008357C4069206A183BD8BD58F5CA3B820D9
:10F4500009071377F70FB8A0562C638B062683474E
:10F460000406795993F7070491C375597C48330909
:10F47000E9401379F90F918B81C739191379F90F85
:10F4800081476372D9088346340675198547137915
:10F49000F90F639BF62293078042F9469387371A48
:10F4A000B3C7D70217060020034606FF13660601FE
:10F4B000970500202382C5FE03A60900C1650CC67E
:10F4C000B386D702860634D2B43093E60601B4B0D0
:10F4D000744403462406369730B3B42078443697F4
:10F4E0005CA3B4207844369783463406960654B31A
:10F4F000B8200D07B8A018544A9738DC5A2C3307A7
:10F5000027412319E406784811469376C700638B98
:10F51000C60031466396C610034614068346F407B8
:10F520006310D610218B630B071A032A840983A763
:10F5300041A2829717070020130707BD636DAA1821
:10F54000B7470F00938707243305AA40B335F50268
:10F55000522781463305F502EF306178B7074B003B
:10F56000130745ED9387B7C7AA8A63EBE70A2A8A90
:10F570004946814568009720FE1FE780401BB7C7BA
:10F580000300938737FC63D55719B7872500138786
:10F5900037ED6346571FB247938A6A099397D72876
:10F5A0003EC69307C012B3CAFA02CE0A93D73A01F5
:10F5B0003247F976CE07758FCD83D98F035764080C
:10F5C000B3C70708930604084207D98F3EC69C526A
:10F5D000D052D8463EC89707002083C7D7E49D8BFA
:10F5E0007D8A960793158700D18FCD8F3ECA9C4A9E
:10F5F00061834946A2075D8F3ACC835784086844EB
:10F600006C00FC86BC208D073E959720FE1FE7808E
:10F61000800BBC3093E70702BCB0BC20C907BCA07C
:10F620008347040693F7070489CFB8307C44B4209D
:10F6300013670704B8B05838B697B8B3BC2085072D
:10F64000BCA0BC30684493F707029DCF0327C40ACF
:10F6500005CFB420254693873600AA9790A31306BA
:10F66000200390B31023A906B0A31033B0B3302306
:10F67000D0A33033D0B35023F0A35033F0B3702372
:10F6800090A7783398B7B4A0522CE30906CABC20DF
:10F690000C548D073E95636AC9109720FE1FE780C2
:10F6A00080020349C40161B98347D40391C77844F8
:10F6B0001C2393E707F81CA319469305E40397203E
:10F6C000FE1FE780400099BB856793878784F1B36D
:10F6D000814701490DBD1C473E9A9DB5B830834610
:10F6E0003406418B29C379470546B387E7020357A0
:10F6F00024076397C602130787070587BA97138AFB
:10F7000047294946814568009720FE1FE78020026F
:10F710009307FA007947B3C7E702CE07CD8349BD07
:10F7200013070707E1BFBC205A2C05463E979307F5
:10F73000070F6396C6001307870F935717401707E5
:10F740000020034777D51367170017060020A3058D
:10F75000E6D403A6090037070800138A875218C6A3
:10F7600093875754794733E7E702998F86077CD60A
:10F77000834714062300D408A30FF40659B763C8BF
:10F780005701B2479397E7283EC6814715B598863B
:10F79000B787DAFF938767091377F7F913670706C7
:10F7A000D886D6971307C012BDB74A869720FE1F8A
:10F7B000E78060F169B68547BCB0930565031946DB
:10F7C000138544009720FE1FE780E0EFBC20B8308F
:10F7D000170A0020130A0AC5990793F7F70F136752
:10F7E0008700BCA0B8B078440149BA970357C40653
:10F7F000B8B3BC207844834614063E978357C406AA
:10F800009206A183BD8BD58F5CA3B82091470907D1
:10F810001377F70FB8A08346F405639CF608834777
:10F820000406795993F7070491C375595E2C33097F
:10F83000E9401379F90F637EF9068346340675199A
:10F8400085471379F90F6399F60C93078042F946BF
:10F850009387371AB3C7D70203464A07C1651366B1
:10F860000601230ACA0603A609000CC6B386D702FE
:10F87000860634D2B43093E60601B4B0744403462D
:10F880002406369730B3B420784436975CA3B8206A
:10F890007C44BA97034734061607D8B3BC208D07BB
:10F8A000BCA01C54CA973CDC5E2CB38727412319AB
:10F8B000F4068347040693F7070489CFBC30B820C9
:10F8C00093E70704BCB07C44BA975838B8B3BC205F
:10F8D0008507BCA00347F40591476319F704522C30
:10F8E00031C6BC2068440C548D073E95636AC9023A
:10F8F0009720FE1FE78020DD0349C4010347F4057C
:10F900009147631FF71E83474A0793F7070F93E753
:10F910005700230AFA0625B485679387878405BFB5
:10F920004A869720FE1FE78000DAC9BF0149F9B770
:10F930008547BCB09305650319461385440097209D
:10F94000FE1FE78040D8BC209907BCA0BC3093E7DD
:10F950002700BCB08347D40391C778441C2393E7A6
:10F9600007F81CA3834754031385A400898B638D78
:10F9700007140C58BC29638907141946D105972030
:10F98000FE1FE78040D478441C2393E707F81CA3AC
:10F99000BC20B830170A0020130ACAA8990793F7A9
:10F9A000F70F13678700BCA0B8B078440149BA9735
:10F9B0000357C406B8B3BC207844834614063E9768
:10F9C0008357C4069206A183BD8BD58F5CA3B82054
:10F9D000854709071377F70FB8A08346F405639CA2
:10F9E000F60883470406795993F7070491C37559BC
:10F9F0005E2C3309E9401379F90F637EF9068346DB
:10FA00003406751985471379F90F639FF60C930730
:10FA10008042F9469387371AB3C7D70203464A078D
:10FA2000C16513660601230ACA0603A609000CC6AF
:10FA3000B386D702860634D2B43093E60601B4B05A
:10FA4000744403462406369730B3B420784436977E
:10FA50005CA3B8207C44BA97034734061607D8B392
:10FA6000BC208D07BCA01C54CA973CDC5E2CB3871D
:10FA700027412319F4068347040693F7070489CF27
:10FA8000BC30B82093E70704BCB07C44BA97583820
:10FA9000B8B3BC208507BCA00347F4058547631FA6
:10FAA000F704522C21CEBC2068440C548D073E959F
:10FAB0006360C9049720FE1FE780E0C00349C401CA
:10FAC0000347F405854735BD8347D40391C7784480
:10FAD0001C2393E707F81CA319469305E40397201A
:10FAE000FE1FE78040BE6DB585679387878415B795
:10FAF0004A869720FE1FE78000BDD9B70149C9B7E4
:10FB000083474A0793F7070F93E7670019B57E2DE0
:10FB1000411122C406C699071CB97C45114718A992
:10FB200098A37C4518392A8498B383475503858B5D
:10FB300091E70347450389476317F70078441C237F
:10FB400093E707041CA36844930564031946090559
:10FB50009720FE1FE78020B76844722C4C54224443
:10FB6000B240210541011723FE1F6700C3B5AA87D4
:10FB7000170500200325C59011E182801825E30EAA
:10FB8000F7FE0841D5BF411106C622C426C24AC0AD
:10FB9000EFF0FFFD630C0518834755032A84970493
:10FBA00000209384248889EF1946970500209385C7
:10FBB0006595130564039720FE1FE780C0B09DA8DC
:10FBC0000547639CE700BC20494563820716194638
:10FBD0009705002093856593E9BF1C59B9E78347D2
:10FBE000C503230A050291EB034754038547230A03
:10FBF000F4028947E319F7FC45BF1305C5039730A5
:10FC0000FE1FE78080D308D80DC1EF6060450C5817
:10FC1000BC2581CF8947230AF4021946B105130593
:10FC200064039720FE1FE78000AA03474403894727
:10FC3000E31CF7FA9C308DCB8347C40395C78347F9
:10FC40003404130700041305C40393F7070C6396E9
:10FC5000E70E9730FE1FE78000D308D811C53C2976
:10FC600081C78947230EF4025C24E9E317F7FF1FDD
:10FC7000230A077A854778245CA41CB497F4FF1FF5
:10FC800083C41445231B94061376F7009946035941
:10FC9000E40663F9C60A5A2C9306A00F97070020C2
:10FCA00083C7679DB367F7203357D7029387970EB3
:10FCB00017F5FF1F0355054637460F0013060624A8
:10FCC000814691042607BA97B3A5A7023305F5022A
:10FCD000EF30E1002695231BA406231804066307D2
:10FCE000090268289307F00F6306F500EF006FC75D
:10FCF000FD577CA80356E406930664011206A2850C
:10FD0000170500001305A521EF002FA883A741A226
:10FD100082971A302A8693067401A2851745FE1F22
:10FD20001305A52D9740FE1FE780E09C0145B240DA
:10FD3000224492440249410182809730FE1FE780AD
:10FD4000C0BF21BF23180406E31D09F8E310F7FC28
:10FD500068289307F00F6306F500EF008FC0FD578A
:10FD60007CA8930664011316B02851BF411106C642
:10FD700022C42A849750FE1FE780A0C7228523064D
:10FD80000400A3050400A30404009740FE1FE780BD
:10FD9000E0BE68389307F00F6306F500EF006FBC14
:10FDA000FD577CB868289307F00F6306F500EF0055
:10FDB0004FBBFD577CA8B2402244410182804111D3
:10FDC0009707002083A7878922C406C6858B17F46E
:10FDD000FF1F0324646B99CB22859707002023AF74
:10FDE0000786EFE0FFC72285EFF05FF82285224407
:10FDF000B24041011743FE1F670043B8411122C4BE
:10FE000017F4FF1F03248467284801469305440123
:10FE100006C626C29730FE1FE780C0F375E12C4866
:10FE20007D479C3193F7F7033CA8E91793F7F70F49
:10FE30006368F70C9C21BD8B3CB8F51793F7D70F7F
:10FE4000E1E31946A105130564039720FE1FE7802F
:10FE500020995DC52C488544230294049C211305F8
:10FE60006404194693D767488905A302F4049720D0
:10FE7000FE1FE78040852285EFE0BFA251C13438E4
:10FE800015471C286394E60263ECF40683A741A29D
:10FE9000829748D02285EFE0BFBC63139506228588
:10FEA0002244B240924441016FF05FEC81C7194790
:10FEB0006398E7048304440113050004EF10BFB303
:10FEC0001315456063CEA4022285EFF05FC481451F
:10FED00017F5FFFF130565AF9720FE1FE780A0C74A
:10FEE0001038834544060D459730FE1FE78000FB20
:10FEF0002244B240924441011753FE1F670063AF92
:10FF00009750FE1FE780E0AE22852244B240924423
:10FF100041011743FE1F670063AA011122CCFD5760
:10FF200006CE7CA98357E5062A849DC7834605072C
:10FF30000C259307C0031CAD01461305C003EFC099
:10FF4000B04A09459750FE1FE78040B222856244BF
:10FF5000F24005616FF09FE17C250547BD8B63860C
:10FF6000E70083470506918BE9DF97F7FF1F83A71B
:10FF7000E75893F7072085C302C402C202C0814834
:10FF80000148814701478146054681451305C00365
:10FF9000EFC0D03D7DB702C081480148814701478D
:10FFA0008146054681451305C003EFC0D03951BFD6
:10FFB00023A2A1B0828097F7FF1F83C7970D85EF1B
:10FFC000411117E5FFFF1305E55F06C6EF008FBB84
:10FFD000EFE0EFEBB24097F7FF1F9387A74417F7C7
:10FFE000FFFF13072780B8D7170700001307E7B9EB
:10FFF000F8D74101828097F7FF1F9387A74217E741
:020000022000DC
:10000000FFFF1307277EB8D7170700001307E7B7CE
:10001000F8D7828011C98327050A93E707082320B0
:10002000F50AFD572303F502828023A6A1B0828042
:1000300017F7FF1F03274744AA87085719C51A2D2A
:100040006305F70013058505DDBF8280011122CC11
:1000500006CE2A84034565029307F00F2E866309B6
:10006000F5002EC6EF00EF8F3246FD572303F40252
:100070008347A402035784049306640293E70706A8
:100080002305F40283570404A285F240BA97231390
:10009000F404624417050000130505F805616FF0CC
:1000A000DEEE011122CC06CE2A84034575029307A9
:1000B000F00F2E866309F5002EC6EF008F8A3246B8
:1000C000FD57A303F40293067402A2856244F24032
:1000D00017150000130585E205616FF01EEB011195
:1000E00022CC06CE2A84034585029307F00F2E8684
:1000F0006309F5002EC6EF00CF863246FD57230474
:10010000F40293068402A2856244F24017150000AF
:10011000130565E105616FF05EE797F6FF1F9386B3
:100120006630F236B7054801ED05BE329A3A232C07
:10013000B51CF632232EB51CED452318C51C3356CD
:10014000B60A2310C51E13068014231AF51C2319A2
:10015000E51CB3D7B70A231BD51C3357C70AB3D640
:10016000C60A2312F51E2313D51E2311E51E2307ED
:10017000F50482808346651405478357651E6390A6
:10018000E6029387C7FB1147B3C7E7020357451E33
:10019000B3C70708B357F70A2307F504828093878C
:1001A00007FB2147D5B78357051D0356C51D0357C8
:1001B000E51D8356851D3356F60A8357251D835545
:1001C000651D41113357F70A8357451D1318B02891
:1001D00006C6B3D6F60A8357A51DB3D7B70A83253B
:1001E0000510B3F5050181ED856593858584335749
:1001F000B70AB3D7B70A33470708B3C70708835509
:10020000051E1376F60F93F6F60F6396C502835517
:10021000251E6392E5028355451E639ED5008355D6
:10022000651E639AF500230E0506EFF0BFF409453D
:10023000B240410182808545230EB5062310C51EBC
:100240002311E51E2312D51E2313F51EEFF09FF296
:100250000145F9BF0357651D8357A51D411106C60A
:10026000B3D7E70A0567130787846379F700832606
:1002700005101316B028F18E91E2BA870357651E58
:100280006307F7002313F51E8547230EF506035772
:10029000251D8357E51DB3D7E70A05671307878434
:1002A0006379F700832605101316B028F18E91E2CA
:1002B000BA870357251E6307F7002311F51E8547EC
:1002C000230EF506EFF01FEBB2400145410182809D
:1002D0000357A5049547723DB307F702363D93D502
:1002E0003740635BB600118F0E073347D702B34721
:1002F00007082314F5048280B3C7D702B3C70708E1
:10030000CDBF832745110D469306F00F98230D8B23
:1003100058B56313C700B42374B99823418B38A927
:100320009C337CA982805C25CD9B5CA58280832741
:10033000451158259C23935637408987B58F858B67
:1003400091C71347870058A50145828005458280E3
:100350008327451158259C23935627408D87B58FB9
:10036000858B91E71347470058A5014582800545D5
:1003700082808327450E85072322F50E91E7832788
:10038000850E85072324F50E8327850E93F707082E
:1003900091C785472322F50E2324050E8347A50226
:1003A00093F7070491CF8357050403578504BA9741
:1003B0002313F5048327450A93F7F7BF2322F50A91
:1003C00082808327C50E85072326F50E91E78327B4
:1003D000050F85072328F50E8327050F93F70708D8
:1003E00091C785472326F50E2328050E8347A502CE
:1003F00013F7070409C793E707022305F502828074
:1004000097F7FF1F83A7470B0145054791E38280BC
:10041000B4376393E60005059C43CDBF411122C468
:1004200091452A84014526C206C697F4FF1F93848E
:1004300064FFEF008F9703D7C40A231BA4048547EA
:1004400063F9E7060357641E8357241E17F5FF1F41
:10045000035545CC37460F00BA9793878757B3A506
:10046000A7021306062481463305F502EF20310763
:10047000835704040357E4058355840503A3440903
:100480001D8F3307B7028327040905469388F5FFBC
:10049000130E80023E97637E16013308C6039A87C7
:1004A000FD563A9889C7631BF4001C4081EB231B5F
:1004B000C404B240224492444101828083AEC70802
:1004C0006398BE0083A60709B306D840B3F6B60208
:1004D00063E4A6009C43F9B7090675BF411126C223
:1004E00097F4FF1F938404F403D7C40A06C622C4FA
:1004F000854763F1E7060357651E8357251E2A8447
:1005000017F5FF1F035505C1BA9793878757B3A502
:10051000A70237460F001306062481463305F5026D
:10052000EF20E17B0346540583A8440985467D16E8
:100530001303800263F0C60233876602832704092F
:10054000FD553E97C68789C7631BF4001C4081EBAD
:10055000231BD404B240224492444101828003AE62
:10056000C7080328C408631A0E0103A80709B305C6
:10057000E84063640701B305074163E4A5009C43B9
:10058000D9B7850645BF797156CA97FAFF1F938A76
:100590006AE9163D03D6CA0A97F7FF1F9387C7B6C5
:1005A00022D44ECE52CC83D9C70003AA870006D6E8
:1005B00026D24AD05AC85EC662C466C2854703279F
:1005C00085082A84850663F5C710B386360393072A
:1005D0000032014993860619B3D6F6023697BA84DB
:1005E0006364D70063644701B30447418357641EC3
:1005F0000355241E37460F00232894083E95130503
:100600008557B3253503130606248146130B0032A4
:10061000814B3385A902EF20816C2A8C83AC4A0977
:10062000814A8146130600645A85DE85EF20216BDE
:100630003387A400E687FD56A1EBB3855903130663
:1006400000648146B3BA590313850532B335B5004A
:10065000D695EF20C168AA9433B5A400A687631489
:10066000A90063E44401B3874441B2502328F4084D
:10067000225492540259F249624AD24A424BB24B36
:10068000224C924C45618280639487009C43D5D76D
:1006900083A5C7080326C408639AC50003A60709F3
:1006A000B306E6406364C700B306C74063E486014F
:1006B0009C4359B7B3073B0133B767013E8B834770
:1006C0007403850ABA9B8607FD17E3ECFAF4B5B705
:1006D0008347750393B7270093C71700B697B3876F
:1006E00037039306003293870719B3D7D7023E9793
:1006F000BA866364F70063644701B3064741B6876F
:10070000ADB797F7FF1F9387E7D183D6C70A41118B
:1007100026C206C622C40547AA846377D70003A46D
:100720004709A28789EB01EC238E0400B2402244E2
:10073000924441018280D83F75FB9C43E5B7631426
:100740009400004075D03C34C1E70327C40883A758
:10075000C408630FF706D82C930700086316F70444
:100760003E3C8A241946239AF406239BF4065E3CF9
:1007700093050008239DF4047E3C239EF404EF506F
:10078000407C8547DCBCDC2C93F7F707DCAC130519
:1007900084062244B240924431469305F00F410151
:1007A0001713FE1F6700A3F8BE3C0A241946231A3C
:1007B000F406231BF406DE3C93050008231DF40415
:1007C000FE3C231EF404EF50C07789475CBCC1B7E0
:1007D000004091BF17F7FF1F1307C7C48356C70A0E
:1007E000411126C206C622C48547AA8463FFD716D4
:1007F00083278510898B638A071683274709BE855F
:10080000BDE503D6441E01447D5813062602058625
:100810002D067D55ADE3630004103C343A3CC5E73A
:100820008947231CE404A30AF404035704068357EE
:1008300004042285BA97C1071D8B998F231FF404E6
:100840005E3C231DF4047E3C231EF404EFF01FBD28
:100850008327440A93E717002322F40A85475CA8FC
:100860008D475CBCB2402244924441018280D83D15
:1008700075FB8C4171B7639497009C43C9DF83A6D5
:10088000070903A7040963E2E6023387E64083A66B
:10089000C40863F4E6003377D7026376A7003A858D
:1008A0006373C700BE859C43B5B7158F83A6C70881
:1008B00063F4E6003377D702E37707FF3A88E374FF
:1008C000C7FE3E84CDB7BE3CB3F7E702C1FF9D46ED
:1008D000994763F5E6000583930737000567231AF8
:1008E000F406130707C88A07B3C7E70A231BF406F1
:1008F0005E3C0A241306C002231DF4047E3C9305CB
:100900000008231EF404C9475CBC2244B240924450
:1009100041016F500063B1C9BA3CBE3DB3F7E70275
:10092000A9E78387C40163D207049D46994763F50D
:10093000E6000583930737000567239AF40613073B
:1009400007C88A07B3C7E70A239BF406DE3C8A245C
:100950001306C002239DF404FE3C93050008239E69
:10096000F404CD47DCBCEF50C05D238E0400DDBD38
:10097000411122C406C617E4FF1F1304E4781C28A3
:100980008DCF938781B0984319EB184497F6FF1FDA
:1009900023AEE6B21727FE1F1307478D98C388437F
:1009A00017F7FF1F232E07B09710FE1FE780803A2E
:1009B0005C402244B240410182875A2403566508B4
:1009C00023A401B097F7FF1F23AC07AE3306E6025E
:1009D00037470F009306F7231307072483270509DA
:1009E000AA8536963356E60217E7FF1F0347576E70
:1009F0003A9663E3C7022244B24003A7C508338690
:100A0000C740938695021725FE1F1305A580410157
:100A10001733FE1F670023CE1844BA97E9BF0111B0
:100A20004EC69389C1B083A7090026CA4AC806CE1C
:100A300022CCAA8417E9FF1F1309096DB5CF17F758
:100A4000FF1F0357E7A885476318F7060357C90038
:100A500003546508832705093304E40237470F0070
:100A60009306F7231307072436943354E40263E410
:100A700087083384874083A741A282976361A408D3
:100A8000B307A44003A4090063CF070617E7FF1FBD
:100A90000347176405836378F70637450F00998F7E
:100AA00013050524B3B5A7020356C9008146338553
:100AB000A702EF20C1220294930700FBFCA481450A
:100AC00001459710FE1FE78000098347090195CF74
:100AD00003A581B097F7FF1F23A4079E9710FE1F61
:100AE000E7804027624483274900F240D2444249CC
:100AF000B2490561828703278900BA979DBF832782
:100B000089003E94B5BF01457DB7624483C5940218
:100B1000F240D2444249B24901450561B315B028BB
:100B2000B3C505081733FE1F6700E3CC411106C6A5
:100B3000EF00107519C983278511014581E7B2407F
:100B4000410182809C430505D5BF7D55CDBF411134
:100B500022C426C206C697F7FF1F83A7A7962A843A
:100B6000AE846396A70097F7FF1F23AD07948327F2
:100B7000041299C70A24014693050008EF50603C0F
:100B80008357440499C70A244D4693051008EF5033
:100B9000403B0A24154693051008EF50803A230580
:100BA000040023080400230A940417F7FF1F0327F7
:100BB00027AC95476316F70097F7FF1F23AA07AAEC
:100BC000B240224492440145410182803C25638326
:100BD000073283570508011122CC06CE26CA8507A5
:100BE0002310F5087C35230C05002A8413F7270011
:100BF00015E303570504954763FDE7269305E003D6
:100C0000EFF0FFF4A305A4020945F2406244D24488
:100C10000561828013F7070221CF93F7F7FD7CB5BA
:100C20008327050A3835A305050293E747002320EB
:100C3000F50A8547631EF7023E3D9306204E0327C3
:100C40004509B387D702B3D7E70217E7FF1F03476A
:100C500027481307C703BA9703477503B3C70708A5
:100C60002312F5083307D702B3A7E7202311F508AD
:100C70001C38858BE9C78357E40503570404639642
:100C8000E7245E3C8355C405034584022310F40623
:100C9000834754056EBC9205A30BF4028357640589
:100CA000F91597E4FF1F938424461EBC8357A405BF
:100CB0005EBCEFF04E8B3834231004081E3C035604
:100CC0008405631A071ADA248C44B387E7021307F2
:100CD000003293870719B3D7E70203270409D10726
:100CE0003E97BA866364F7006364B700B306B74003
:100CF0005C3C2328D40832BC81C72285EFF00FFE6C
:100D0000DA243E3C9306003223110402B387E70243
:100D100033D6D702B3F7D7029306204E2326C40852
:100D2000B387D702B3C7E7021EB0835704045EB08F
:100D30007C3493E707027CB41C38F99B1CB81C3840
:100D4000898BA9C78356E41203570404B387E6408E
:100D50009397576063C00718639AE602814701487A
:100D6000232CF41213058413232E04131546930524
:100D700084122AC69710FE1FE780E0943245EF00E8
:100D800010781C38A306A412F59B1CB81C3813F766
:100D900007012DC70356C414835604043307D640F5
:100DA0001317576063480712631AD604BD9B1CB81B
:100DB0008347A41499C7898B638807128547230347
:100DC000F4148347B41499C7898B6382071285474B
:100DD000A303F4142285EFF0EFC78347C40799C734
:100DE0008327040A93E707102320F40A8327040AC1
:100DF000A305040293E707202320F40A1838937709
:100E0000070285CF97E7FF1F83A70767D423130641
:100E100080059C57B386C602B697D62F8357040425
:100E2000B387F6409397576063C907008357C4148C
:100E30006395D7001377F7FD18B88347A40293F79B
:100E4000070485CB03576404835704046313F70234
:100E500018289307A0046314F70085471CA883276C
:100E60008410C18B99C78327440A93E70740232244
:100E7000F40A014559BB0347E418218B11CF83566F
:100E80000404035704192E3C158F3307B702334768
:100E9000C702BA962318D4189DC7DA248C44B30726
:100EA000F7021307003293870719B3D7E702032726
:100EB00004093E97BA866364F7006364B700B3061B
:100EC000B7402328D40832BC25BD998F939757602B
:100ED000E3D707E6930580022285EFF05FC7A305FD
:100EE000A4021305800215B323030414D9BDA30380
:100EF0000414CDB50545828005C541119305200236
:100F000022C406C62A84EFF09FC4FD57A305A4029D
:100F100023080400A303F402B2402244410182806A
:100F2000828005C9411122C406C67C352A849305F6
:100F3000E003898B91C3A145EFF07FC1FD57A30565
:100F4000A402230804002304F402B2402244410115
:100F5000828082808327050A797122D406D626D220
:100F60004AD04ECE52CC56CA2A846380074213F729
:100F7000270011CBF59B2320F50A0A251946930576
:100F80000008EF40107C8327040A13F7470051CF75
:100F90008344A402ED9B2320F40A93F7040491CF29
:100FA00083278410C18B99C78327440A93E707409E
:100FB0002322F40A2285EFF0AFB138348547502858
:100FC00083562406631AF7743E3C1307204EB387FA
:100FD000E70203274409B3D7E70217E7FF1F0347D8
:100FE000270F1307C703BA970347B402B3C707080D
:100FF0002312F40886072311F4089307000419E369
:10100000930700085CAC09E693E4140023059402FE
:1010100099E60A240D4693050008EF4090722311CB
:101020000406230A0400A30E04008327040A13F70E
:10103000870005C30A24DD9B2320F40A1546930587
:101040000008EF4010708347A40293E74700230590
:10105000F4028327040A13F7070131C7BD9B23203D
:10106000F40A8347D4040A24214689C7A30604044A
:101070001306000393051008EF40B06C8347C404C7
:1010800089CF83278410C18B89CB8355A404228503
:101090009205B3C50508EFE07FFB8347A40293E701
:1010A00017002305F4028327040A13F7070405CB6E
:1010B0000347F40493F7F7FB2320F40AA14763FAEC
:1010C000E7003C3499E78327440A93E7070123228A
:1010D000F40A0A24314693051008EF4090668327EE
:1010E000040A13F7070205CF93F7F7FD2320F40A4C
:1010F0003434832784100327C41093F70702638EC8
:101100000662638807680A24114693050008EF40C9
:1011100050638347A40293E717002305F402832753
:10112000040A13F707101DC30A2493F7F7EF2320CF
:10113000F40A230E04061D4693050008EF40706074
:101140008347A40293E717002305F4028327040AC8
:1011500013F7070801CF0A2493F7F7F72320F40ABF
:101160001306700593051008EF40B05D8327040A4D
:1011700013F7072029C393F7F7DF2320F40A8347E7
:101180006414230F0400A29703850718A301A41475
:10119000EF80301C2301A4142285EFE0BFFD0A2458
:1011A000314693050008EF40D0598347A40293E7E6
:1011B00017002305F4028327040A11677D8F630952
:1011C00007129397E74897E9FF1F83A9292D23204A
:1011D000F40A638A0952835744151167139637013D
:1011E0007D8F4D82630C075A1307C0123306E60247
:1011F0009397576063D50700B78725003E9603583D
:1012000004048355841517EAFF1F130AEAEF8327A6
:1012100004098326C408832A8A0003554408014927
:101220006314B85863E0D758B384D7408357CA00D3
:10123000329537460F00B335F50281461306062472
:101240003305F502EF10B129B306950033B5A600BA
:101250002E95B6846314A90063E45601B384564105
:10126000938A41A283A70A00829763E3A45A338535
:10127000A44017E9FF1F130929E483479901860752
:10128000637EF55803A7C90D8356CA0083576415BA
:101290002183334707083307D702930600328507B7
:1012A00003268A00B3C70708130707193357D70265
:1012B000B3069700B68463EEE65C63FCC65C2394D9
:1012C000F90823A0990A0347E414854683C729082F
:1012D0006311D76493E727002381F9084E85EF80D7
:1012E000A0200A241306600293050008EF40704511
:1012F0008327040A09677D8F09C79397D74823205E
:10130000F40A0327040AA167F98FB9C783450403C8
:1013100017E5FF1F03453511EFF0CEA03E3C130744
:10132000204E232AA408B387E70233D5A70297E704
:10133000FF1F83C7E7D99387C7033E958347A4025E
:101340002312A40893E717002305F4028327040A55
:101350009397F7482320F40A8327040A858B91CFBB
:101360008347A40283454405228593E7170023059C
:10137000F402EFF0CFFDA305A4028327040A63D68D
:1013800007009397F7492320F40A8307B4179DC3F6
:101390000307440399463306F74063D6C6588327AC
:1013A000440A939747292322F40AED57A30FF41612
:1013B000A30DE4168347441813F7270049CF83068B
:1013C00044030307C41763DBE6000327440A13172B
:1013D00047292322E40A1147A30FE4160307D41771
:1013E000635BD7000327440A131747292322E40A23
:1013F0007157A30FE4160307A4171306F007630C35
:10140000C7020346741803458418158F13174760E5
:10141000B306A6406354D75293F607016390065271
:1014200093F7F7F893E707012302F4188357A418FA
:1014300085072316F4188357C41891CFFD17B3C737
:1014400007082316F41881EB0A24130600029305FB
:101450000008EF40102F3C249DCF8327041281CF3A
:101460003C2C91EB0A24014693050008EF40702DB7
:1014700019E185473CAC8357440491CF834714035B
:1014800099EB0A244D4693051008EF40902B01E597
:101490008547A308F4028347E41813F7070179C3CB
:1014A0008324440ABD9B2307F4188988C5EC1828B7
:1014B000D5476309F70A1C38898BCDE78149014973
:1014C0008D4A130A5002939744608987A29783C775
:1014D000771913F7340006073397EA00F98F630B87
:1014E000F700268605458145EF10413EB3E9A90086
:1014F0003369B9008504E39844FD032784138327E7
:10150000C413280033773701B3F727013EC63AC426
:10151000EF00E07E8347541363EEA70003454403C6
:101520007D57854759152C003AC43EC613154560B2
:10153000EF80007503278413A2476317F700032782
:10154000C413B2476300F70215462C00130584123A
:101550009700FE1FE78020178327440A93E72700A0
:101560002322F40A8346E418A54713F79600631470
:10157000F7040357040483570419636EF702B30793
:10158000F7409397576063C807028347F418130620
:10159000000A0507B387C702323CDD9A2307D41837
:1015A000B3C7C702BA972318F4188327440A93973E
:1015B00077292322F40A8347A402E9C7918B89CFB4
:1015C0001028C165938505A02285EFE09FAD834774
:1015D000A402ED9B2305F4028347A402858B8DC3EF
:1015E000034574029307F00F6307F500EFE07EB741
:1015F000FD57A303F4028347A402F99B2305F402D9
:101600008347A402898B89CF6E3C034584029205EF
:10161000F915EFE04EF58347A402F59B2305F4028C
:101620008347A402A18B99CF6E3C0D46228592057B
:10163000F915B3C50508EFE0DFA68347A402DD9BDB
:101640002305F4028347A40213F7070101CF0345E2
:10165000640293F7F7F82305F402EFE09EB0FD571C
:101660002303F4028347A40213F7070201CF835533
:10167000A4040345640293F7F7FD2305F4029205E1
:10168000EFE06EEE582C9307F00363F9E70038346F
:10169000854722856314F72EEFF0CF938357040418
:1016A000BDC313074006B3F7E702B1EF83A701B14B
:1016B000898BB1C397E4FF1F938404A0985805CF8A
:1016C00017E9FF1F130909D683570901835529011B
:1016D0002545C207DD8D02979C588355E9002945B1
:1016E00082979C58831524032D4582979C58830527
:1016F00044033145829797E7FF1F239C07D297E762
:10170000FF1F23A907D2B250225492540259F24922
:10171000624AD24A45618280930700045CAC09E6C4
:1017200093E4140023059402E39D068E0A240D46DB
:1017300093050008EF40F000EDB01377070819C7D4
:101740000327440A131767292322E40AB9C38357DE
:10175000241D0357241E6313F7028357641D035788
:10176000641EE302F79A13078014E37EF798832739
:10177000440A9397B7282322F40A71B213078014FE
:10178000E37DF7FC8327440A9397B7282322F40AC2
:10179000E9B78327440A9397B748F1BFF94733065F
:1017A000F602B1BCD69749B41307180063F60505D5
:1017B0000D8F3307D70263EFE702B384E740835707
:1017C000CA00329537460F00B335F50213060624DA
:1017D00081463305F502EF108150B307950033B50C
:1017E000A7002E95BE846314A900E3EB57A7B3842A
:1017F0005741BDB4D697D1B7998DB385D502AE9771
:10180000BE8463E4B700E3EC57FBB384574145BFA4
:1018100083278A00A6973385A740A1BC83A70A0027
:101820006350050882978347990103268A00814502
:101830001397170033A5A720AA876364E5006364A4
:10184000C500B307C54063E99704858F03A7C90D99
:101850000355CA00835664152183334707083307AD
:10186000A70213050032130707193357A702138580
:101870001600B3D7E702AA97B3C70708B386D740C5
:101880003387E602B306970033B7E600B684E386F3
:10189000E5A2B384C64025B433079640BA977DB716
:1018A00082978347990103268A001397170033A56F
:1018B000A720AA876364E5006364C500B307C54039
:1018C00063E2F404B387F44083A6C90D8355CA00CC
:1018D00003576415A182B3C60608B386B602930502
:1018E000003293860619B3D6B602B3D7D702B30730
:1018F000F740B3C707081D8F3307D70263E9E40039
:10190000998C75BA3387C400B307F74075BFB2949A
:10191000C5BF89466315D70093F7970F75BAF59B36
:1019200093E7470055BA998FE3D6F6A88327440A70
:10193000939747292322F40A95478DBC8346541870
:10194000834564183388B600635BE80013F8070426
:101950006317080093F7F7F893E70704F1B42A96A2
:10196000E34BC7AC8D8EE3C8E6AC13F70702E31474
:1019700007AC93F7F7F893E707027DB4EFE07FD861
:1019800031BB411122C406C62A8483278411CDEBC2
:1019900083270412F1E70325041109C59720FE1FD0
:1019A000E7802082034574029307F00F6304F5007B
:1019B000EFE02EFB034564029307F00F6304F5008C
:1019C000EFE02EFA034584029307F00F6304F5005D
:1019D000EFE02EF9034594029307F00F6307F5003B
:1019E000EFE02EF8FD57A304F4020A24512497E7F0
:1019F000FF1F938727A303D7C70A1DEF23A401B0B6
:101A000017D7FF1F0327C77023A4E70A97D7FF1F25
:101A100083A7076B95C317D5FF1F0325656909CDFC
:101A20009710FE1FE780E07997D7FF1F23A2076872
:101A300097D7FF1F23A00768B2402244410182804C
:101A4000C84309C59710FE1FE780A077832784113C
:101A5000BA27136707F0BAA79C43232CF41035B7B5
:101A6000C84309C59710FE1FE780A075832704129D
:101A7000BA27136707F0BAA79C432320F41209BFC3
:101A8000AA8717E5FF1F032525A311E182801A25E8
:101A9000E30EF7FE0841D5BF97D6FF1F83C6B66297
:101AA00017D6FF1F034646672A879387160017E558
:101AB000FF1F032565A119C2939716009207C166FF
:101AC000AA97FD166394A700014582803225E30E94
:101AD000E6FEE30CD6FE4105F5B701114EC697E9C7
:101AE000FF1F9389299483A7490A06CE22CC26CAD0
:101AF0004AC852C4ADEB17DAFF1F130AEA5B8347EB
:101B0000FA0017D7FF1F034727611389170019C36E
:101B10001399170003D4E9023305F94093144900DF
:101B20001304140215841604334404083305A40274
:101B3000930540242695334505089710FE1FE7803E
:101B4000E05B15C10346FA00C16623A2A90AB307E8
:101B50009500938846F53306C940110501479386E1
:101B600026F5631AE900F2406244D2444249B24980
:101B7000224A05618280637DC700BE853688A297B0
:101B8000231305010CC1A302050005074105D1BFC0
:101B900081454688F5B74111930530261305801E0F
:101BA00006C622C426C29710FE1FE78020551306E2
:101BB000801E81452A849700FE1FE78040B70145BB
:101BC0001DC497E4FF1F9384E48583A644098547D9
:101BD00085CE368712276301F602184365FF1EA4DF
:101BE000B1E722859710FE1FE780A05D0A24B2406E
:101BF000224492444101828085072167B3C70708C8
:101C0000E399E7FC8147E1BF1EA423AA840823AC23
:101C100084082396F40AEFF05FEC83A7840923A0DD
:101C200007002305040023070400C9B783A784091C
:101C300080C383D7C40A23AC840885072396F40A9B
:101C4000E9BF17E5FF1F0325258811CD411106C601
:101C50009710FE1FE780E056B24097E7FF1F23A5CD
:101C600007864101828097E7FF1F23AF07848280A8
:101C7000411122C417D4FF1F1304C47A83264409D8
:101C80002A8706C63685814731C91225631CE604BA
:101C90008DEB9C42232AF4089710FE1FE7806052C8
:101CA0008327840923A007008357C40A8DE7EFF038
:101CB0005FF997E7FF1F23A10780B240224441014B
:101CC0008280032784096315A700232CF408E9B751
:101CD000184198C3D1B7FD172316F40A8357C40AD5
:101CE000E9FFF1B7AA87084145B77146814517D585
:101CF000FF1F1305657C1703FE1F670043A31C31FC
:101D000018215421A207D98F3821FD8A930500029A
:101D100042075D8F3C310145E207D98F01473316F9
:101D2000E0287D8E01C605051375F50F0507E3183C
:101D3000B7FE8147214733D6F64801C6050513751E
:101D4000F50F8507E399E7FE828001114AC84EC668
:101D5000032985138329C51322CC26CA52C406CE73
:101D60002A84A30B0512A30605128144130A50020C
:101D700026864A85CE85EF001133058911C5834734
:101D8000D4128507A306F4128504E39344FFF240BE
:101D90006244D2444249B249224A05618280834763
:101DA000651313D737002A97834607139D8B33D6C5
:101DB000F640058A630C0610011122CC06CE1C39B0
:101DC0002A84898BC1E78327450A898BC1E31305E0
:101DD0008513EFF0DFF20347541383474403636D29
:101DE000A7087D56FD46138567FF2C0032C436C612
:101DF00013154560EF70D0680326841322478326AD
:101E0000C413B247718FF58F6314E600638AF6003E
:101E10002800EFF0DFEEA54763EEA702A30AA412A5
:101E20008347E41885E7034664132245B245EF0073
:101E30009127058901CD8327C41093F7070899C717
:101E40008327440A939767292322F40AF2406244C5
:101E5000056182806D15A30AA41215462C00130596
:101E600084129700FE1FE78000868327440A93E7C9
:101E700027002322F40A6DB783456413138547FFB7
:101E8000131545609730FE1FE780C0A951F903463E
:101E9000641305458145EF00712393070410985F93
:101EA000DC5F15463375A740B3F5B7402AC42EC68C
:101EB000130584122C009700FE1FE780C0801307D3
:101EC00004085C5393E727005CD399BFB396F628C8
:101ED0002308D7128280411122C426C206C64AC0F6
:101EE0008347650338392A848507230BF5029384D9
:101EF00081B35C25631C074C1439B19B93E7370011
:101F0000130700045CA5A30D050038B9939746603C
:101F100063D8070093F6F60714B9EF30606D39A85F
:101F20008327850A13F7270031C7F59B2324F50A79
:101F300083270510918B85CFEF108036343C854781
:101F400058246390F60E83278411DC4398A38327DB
:101F500084115838DC4398B3032784119C405843BC
:101F6000B2402244B8DF9244024941018280EF101E
:101F70002031E9B713F7170019C7F99B2324F50A95
:101F8000EF10802365BF182905466314C724D5C701
:101F900013F7070119C7BD9B2324F50AEF10B00FF3
:101FA00071BF13F7070401CB93F7F7FB2324F50A5E
:101FB000EF10A03361B713F7070801CB93F7F7F7DA
:101FC0002324F50AEF10C03E95BF13F7071009CB85
:101FD00093F7F7EF2324F50A2285EF10C056B9BF17
:101FE00013F7074001CB93F7F7BF2324F50AEF203F
:101FF0002003A9B71317B0287D8F01CB9397B7485B
:102000002324F50AEF10C06315BF09677D8F01CB4C
:102010009397D7482324F50AEF10407005B723247F
:10202000050A83270411582498A3832704115838DC
:1020300098B39C400327041125B78327450A638D75
:10204000073613F7070119C7BD9B2322F50AEF10C6
:10205000E07FEDB513F7070401CB93F7F7FB2322DD
:10206000F50AEF10A01BD9BD13F707200DCBCD8AC1
:10207000639806188327451A89EF8327440A232289
:10208000041A228593F7F7DF2322F40AEF10F009F0
:1020900075B59700FE1FE78060EE65F145B513F753
:1020A000170019CBCD8A639D0614F99B2322F50AEC
:1020B0002285EF00907E59B513F7270011CBCD8A0A
:1020C00063900614F59B2322F50AEF10406DBDB511
:1020D00013F7074001CB93F7F7BF2322F50AEF1060
:1020E000401EA9BD1317B0287D8F01CB9397B74829
:1020F0002322F50AEF10C02091B513F707020DC394
:102100009700FE1FE78080E7E30A05E28327440A81
:10211000228593F7F7FD2322F40AEF10E00B39BD77
:1021200013F7870001CBDD9B2322F50A2285EF10F0
:10213000105D29B563DD07009397F7492322F50A5F
:102140008327050A93E727002320F50AD9BD0567F1
:102150007D8F11CBCD8ACDE69397C7482322F50A10
:10216000EF10A02DE1BB09677D8F11C79397D7486A
:102170002322F50A95B541677D8F01CB93970749D7
:102180002322F50AEF10300E55BB370702007D8F72
:1021900001CB939717492322F50AEF10604879BBCA
:1021A000370710007D8F01CB939747492322F50A0B
:1021B000EF10A05161B3370740007D8F01CB93979B
:1021C00067492322F50AEF10C05A8DBB2322050A66
:1021D00089BD1DC79307700563E7E7069307600392
:1021E00063E2E7029307100363ECE70093075002F2
:1021F00063EBE702E9476302F714F5476305F71459
:10220000228521BB130797FC1377F70F9307000272
:10221000E3E8E7FE97460100938646D33347D7208D
:102220001C43B69782871307A7FD1377F70FAD47B7
:10223000E3E8E7FC97460100938686D93347D72029
:102240001C43B69782879307200763E6E70493074A
:10225000000763ECE700930760066306F71663EA7E
:10226000E70093071006E31DF7F82285EF304038AA
:10227000A1A8130767F91377F70F0549E362E9F897
:10228000EF3000378327040A230824019397B728E7
:102290002320F40A65B193076007E305F7D6930797
:1022A0006008E31FF7F4EF10604739A88347B502D1
:1022B00079476391E70283270510918B89CBBD474E
:1022C0002306F502EF00D07D85471CA885B9EF00F5
:1022D000307BDDBF0549639B2701835745070357C3
:1022E0006507BA978587231CF504D9B3EF304030D2
:1022F0008327040A2308240193E727002320F40AF4
:1023000035B90347B502F947631DF700EF00507771
:1023100085471CA88347A40293E717002305F4020E
:1023200031B983574407035764072285BA978587D5
:10233000231CF404EF007056F1BFEF00D061D947C1
:10234000230AF404E5BE2285EF30802A8327040A9D
:102350002308040093E717002320F40AC5B6EF0012
:10236000306AE9BE8547A306F5049305C50A4146D0
:102370001305C50C97F0FD1FE780E03445BB8D4782
:102380002306F5042322050E2324050E2326050E1D
:102390002328050EEF00906055B6EF3060251C38FD
:1023A000DD9B1CB88327040A93E707012320F40A66
:1023B00021BFEF00907309BF9700FE1FE78000BCAC
:1023C000E30E05B635BDEF10B045FDBD17D7FF1FB5
:1023D000130747051E2B85071EAB8DB679714ECEB0
:1023E00097D9FF1F9389090422D403A4C90952CCA9
:1023F00056CA5AC8370A0300370B0082B70A00F9D9
:1024000026D24AD05EC606D662C466C217D9FF1F5E
:1024100013094924938481B3930B8A157D1BFD1AFC
:102420007C241307100C639EE7189C4098430D8B87
:102430001DC3238E01A0B84B1377F78FB8CB9843F9
:102440001367870098C39C4393D7374889C7010017
:1024500001000100010097D7FF1F83C7E7CB89E781
:102460009700FE1FE78020DA9040938C81B203A78B
:102470000C00930780077CD2238E01A05C57138C3D
:1024800081B4F19B93E717005CD78347241454571A
:102490009395476093F7F703B3F66601E607D58F88
:1024A0005CD79306A00383270C0063D0B606F44FD5
:1024B000B7050007CD8EF4CF83268409228514C783
:1024C0008326C40954C3544293E6160054C2D45719
:1024D000F59AD4D7834664131C4393F6F60793F713
:1024E00007F8D58F1CC3EFF01F9F5C38C5C7834723
:1024F000C404898BC5C3A2850545EF7080461DCDF8
:102500009720FE1FE780E04EADA39306200263D81C
:10251000B600F44FB7050005B3F6560161BFE946B2
:1025200063D8B600F44FB7050003B3F6560159B7A8
:10253000F44FB3F6560193968629B5BF03A70C0056
:10254000B70633001C4393F7F7CF1CC31C4393F724
:10255000F7CF93E707201CC303270C001C47D58F38
:102560001CC79C4013078A27B8CB93070008232673
:10257000F90097D7FF1F23AB070E5038834564142B
:10258000930730FC7CA4110601459710FE1FE780DD
:10259000E09079B503A70C00B70633001C4393F70E
:1025A000F7CF1CC31C4393F7F7CF93E707201CC357
:1025B00003270C001C47D58F1CC79C4013078A2596
:1025C00065B71307400C6392E7508327C900858BDA
:1025D0006380074C8327C90093F7070889CF034717
:1025E000641393573700A29783C607131D8B339745
:1025F000E6482388E7127C3413F7270019EB93E7AA
:102600002700130700F858AC7CB497D7FF1F23AB03
:1026100007EA032544111306240393054403970096
:10262000FE1FE780207303D7690483474403232CEC
:10263000A900998F230AF40283278901858B63936C
:1026400007368347A402A30C04002310040893E771
:1026500027002305F4022285EFD07FCD29ED8327C3
:102660008411A30904009DCF383C0DCF9837058B0A
:1026700015EBBA27C843136707F0BAA79710FE1FD8
:10268000E78020B48357440485072312F40483278A
:1026900084119C43232CF4108327441A81C7FD170F
:1026A0002322F41A5C3881CB8347C404898B81C709
:1026B0002285EFD01FCC83278901898B638F070E7A
:1026C0008347C404858B638A070E1C3C85071CBCAA
:1026D000228597D7FF1F23A507F89700FE1FE780E5
:1026E00060A685476311F5302285EFF0CFFE834762
:1026F000C404898B6381072C5C38638E072AA2850A
:102700000545EF700026E31D05DE03A781B21C43DB
:10271000B706330093F7F7CF1CC31C4393F7F7CFEB
:1027200093E707201CC303A781B41C47D58F1CC7A0
:10273000B707030003A781B3938787273CCB4C38A7
:102740000345641491059700FE1FE780806A83A704
:1027500081B298431317772998C3D857719BD8D75C
:10276000930730FC7CA497D7FF1F83C7E79AA1E3A8
:10277000832704128DCF7834058B15CBD443D02713
:102780008C270A248906EFA0C03B15E18327041299
:10279000BA27A3840700136707F0BAA79C43232036
:1027A000F4128357240481C7FD172311F404503811
:1027B0008345641409451106C9BB2285EFD05FB972
:1027C000E31805F02285EFD0DFB31C3813F787003C
:1027D00021CB782831C7743805461387B6FF1377A5
:1027E000F70F637FE60245476369D700372702008A
:1027F00011073357D700058B05E79307D003230A4A
:10280000F404930770021CA88347C404858BE381FA
:1028100007EC7C28E38E07EA2285EFD09FBA4DBDF6
:1028200054340D47639FE6027C381307A002637F90
:10283000F7007C381D47E389E7FCA306F4028327F1
:10284000840A93E717002324F40A7DBF1747010089
:102850001307C784B3C7E7209C432285829771F989
:1028600065B7383805EF1828C1466318D70093E7D5
:1028700017001CB885471CA815A0D5466315D700BE
:1028800093E72700FDB7F1466314D7028327040AB4
:102890002308040093E717002320F40A7C28ADD70F
:1028A000228597F0FD1FE780E07CE31305E2A9BFD6
:1028B000930690056315D70A0347A41421CB8346DA
:1028C0006414B316D0286306D70093E707011CB839
:1028D00021A80346B4142DEA7C2C99C78327040A47
:1028E00093E707202320F40A058B8357641E25C72E
:1028F000938707FB2147B3C7E7020357441EB3C7BB
:102900000708B357F70A2307F404ADB70346B41416
:1029100011EA7C2CA5D38327040A93E70720232000
:10292000F40A89BF8346741493E70701B316D028CD
:10293000E391C6F47C2C99C78327040A93E7072008
:102940002320F40A05DB4DB783467414B316D02850
:10295000E39DC6F6C5B79387C7FB114769BF9307C9
:1029600070066316F70203A781B23C57ED9B3CD774
:1029700097D7FF1F238107D0371700401E2FC607A8
:10298000C5831EAF5C2493F7F7FD5CA4E5B5930700
:102990005009E315F7F08347E41893E7470023074E
:1029A000F418C9BD1C2C85071CAC83D7E90085072A
:1029B0002397F90031BB03A781B21C43B70633004C
:1029C00093F7F7CF1CC31C4393F7F7CF93E7072088
:1029D0001CC303A781B41C47D58F1CC79C40130799
:1029E0008A25B8CBA9BB9720FE1FE780800097C738
:1029F000FF1F83C7677295EF832704129DCB78343E
:102A0000058B05CBD443D0278C270A248906EFA059
:102A1000401305E183270412BA27136707F0BAA70A
:102A20009C432320F4128357240481C7FD172311EC
:102A3000F4042285EFE00FD21C3C85C73D47637943
:102A4000F7009305D0032285EFE06F90A305A40261
:102A500097C7FF1F83A7476989C795451305600876
:102A600082971C2C99C783C7290581C72285EFF05F
:102A70000FB322852254B25092540259F249624A4D
:102A8000D24A424BB24B224C924C45616FD03FF937
:102A90009C40FC53E39607989720FE1FE78060F563
:102AA0008327C90093F7070891C783D729018507B2
:102AB0002399F9002285EFE0EFC98327C90093F736
:102AC0000708C5DBEFD09EB579BF1307300CE3993B
:102AD000E7A283278900858BF9CF97D7FF1F23AF04
:102AE00007B68327040A858B85C79720FE1FE780DA
:102AF00040F003457402EFD0CEE683454405FD5710
:102B0000A303F4022285EFE08F84A305A40295B706
:102B10008355041E0356241E034574149105B3C542
:102B200005089700FE1FE780C0508347C404938CBC
:102B300081B2138C81B4858BA1CBA2850145EF6056
:102B4000506803A70C00B70633001C4393F7F7CF78
:102B50001CC31C4393F7F7CF93E707201CC303273D
:102B60000C001C47D58F1CC79C4013078A17B8CB95
:102B70000356041E930740FC8345741411067CA47D
:102B800005453346060811B403A70C00B706330009
:102B90001C4393F7F7CF1CC31C4393F7F7CF93E77E
:102BA00007201CC303270C001C47D58F1CC79C4063
:102BB00023A8770575BF9C40FC53E393078689B231
:102BC000011106CE22CC26CA4AC84EC697D4FF1F92
:102BD00093844485BC3097C9FF1F9389E95203D77A
:102BE000C900A307F5023E3D130900322A84B387CA
:102BF000E70237460F001306062481468145B3D706
:102C000027032326F5081305C0123305A702EF009A
:102C1000010D2312A4082285EFD0FF9603D7C90027
:102C20003E3C9306204E2285B387E702B3F7270385
:102C3000B387D702B3C7E7021EB08357440886079D
:102C40002311F408EFD06FCD2285EFD06FE86E3CF2
:102C500022859205F915B3C50508EFD04FC8228526
:102C6000EFF0AF8EE147A30AF41283A701B123A0CE
:102C7000840A898B85C397C4FF1F9384E4439C58BF
:102C800091CB83258409354582979C588325C409B7
:102C90003945829722856244F240D2444249B24982
:102CA00097C7FF1F2397077897C7FF1F23A40778AD
:102CB00005616FD0FFCB411126C206C622C4AA848B
:102CC000EFE01FDC19C52A842685EFD03FE62322DA
:102CD000A41AB2402244924441018280411126C28A
:102CE00006C622C44AC0EFE01FEBAA8431C9EFE058
:102CF0003FD92A8463000516C1473EA5930700FB10
:102D00007CA585471CA917C9FF1F1309E93A8357FA
:102D10000901130740109305D024950713050004FB
:102D2000B3C70708B3D7E70A33F5A70A9700FE1F12
:102D3000E780C03C2328A41019E90A24EFE05FF3E0
:102D4000B24022440249268592444101828097D7AD
:102D5000FF1F83A7E793232AF41097C7FF1F9387CA
:102D6000676C83A6470D03A7070D232ED40E94335B
:102D7000232CE40E89E61377F7F3232CE40EBA3FF5
:102D80008326C40F0326840F2312E4142326D410B1
:102D900003C7A7048346E4022324C410A304E41653
:102DA00093E616FC0327440A2307D40283A6870C64
:102DB000136607042322C40A3706000223130414EF
:102DC000F18E89C6136707052322E40A83C7270506
:102DD00099C78327440A939767292322F40AFD574A
:102DE0002310F4047EB02304F4028567938787BB25
:102DF0002315F4042285EFD00FD3034549012301A5
:102E0000A414EF60B04ED147A303F41893078002D7
:102E1000A302F4189307C04E231CF4169307F0077F
:102E2000230DF416F5779387A7EB231EF41683275B
:102E3000C40FA301A4142300A418A300A41893F79B
:102E4000070881C785472307F41897C7FF1F239FEB
:102E5000075CFDB58544EDB5411106C6EF5000494C
:102E6000EFE0207AB24097F7FFFF9387675723AAD6
:102E7000F1B041018280782989476304F700054554
:102E800082808327451113070004BC33A305F50294
:102E90001C2993F6B70F6396E600930750041CA90C
:102EA0000DA0130750056390E7028327050A93E7F7
:102EB00007202320F50A85471CA91C3993E707F84A
:102EC0001CB901458280130750066395E7009307FC
:102ED000A006F1B713075008639BE70085471CA9BC
:102EE0008347A50293E717002305F502F9B73835A4
:102EF00059F7130700026386E70013073002639552
:102F0000E7009307600261BF1307A007E399E7F6A4
:102F1000930710F869B778298D4683274511631107
:102F2000D706D423A305D502BC336392E7023C3510
:102F3000A1EB1C29130700026386E7001307300288
:102F40006395E700930760021CA9014582807D47D5
:102F50006364F70235476375F702C91793F7F70FF4
:102F60004547636FF7001737010013076709B3C7B9
:102F7000E7209C43BA97828713073002638BE706EA
:102F8000054582801C291307000493F7B70FE39EC1
:102F9000E7FA930750044DBF182993070003E31184
:102FA000F7FE854755B7182993070005CDBF1829A7
:102FB00093075005E316F7FC8327050A93E70720DC
:102FC0002320F50A85471CA91C3993E707F81CB98B
:102FD000ADBF182993075006E314F7FA9307A0062C
:102FE000A5B718299307A007E31CF7F8930710F873
:102FF000A1BF182993075008E314F7F885471CA9C7
:103000008347A50293E717002305F50275BF7829CA
:1030100089476304F700054582808327451117C758
:10302000FF1F130727400346A704BC330347970439
:1030300093F6F7019983636AD70003478516218BBE
:1030400009C73357F640058B0DE76947B317F028DA
:10305000F18F2306E5028D8B1307000291E3794778
:103060008327850AA305E50293E727002324F50AB1
:103070005DB718292307F516A306D51685476317EC
:10308000F700930760061CA9014582808327850A03
:1030900093E707402324F50AC5BFB1475CB98327EE
:1030A0000511C5CB0947A30AE5048356E505035777
:1030B00005048355050663E7E60013865500998EDF
:1030C0006343D60297C6FF1F83D686400D4811463C
:1030D0006365D800850613F6F60F2E972107A30A1D
:1030E000C504231FE5042381070003475505B8B332
:1030F00003476505035685058356A505D8A30357E1
:103100006505F0A394A72183D8B313578600F8B3BD
:1031100013D7860098B70357C50593558700ACB7FA
:103120008345E505B8A7CCA78355E505A181CCB7B4
:103130002E3D81476399C500523D6316D6007E3D02
:10314000998F93B717002311F506C1471CA90145B4
:1031500082800545828083270511094758B999CF98
:10316000B8A303474505B8B38347A50293E7870093
:103170002305F502F1471CA9014582801D45828087
:1031800085475CB98327051181CB1547B8A3930701
:10319000B0021CA9014582800545828085475CB943
:1031A0008327051181CB1947B8A39307D0021CA927
:1031B000014582800545828089475CB983270511D6
:1031C00091CB1D47B8A3832705110347D5020145BD
:1031D000B8B382800545828085475CB98327051195
:1031E00091CF2947B8A38347A50293E7470023055A
:1031F000F502930750031CA9014582800545828092
:1032000085475CB98327051181CB2D47B8A3930768
:1032100070031CA9014582800545828099475CB9ED
:10322000832705113147B8A317C7FF1F1307871F4F
:10323000562BB4B3742BD4A3762BA182D4B3142F02
:10324000F4A3183FF8B38347E50213F7070401CF4F
:103250009307A0031CA98347E50293F7F707230709
:10326000F50201458280858BFDD78327050AA305DA
:1032700005022307050293E707042320F50AE1BFAF
:1032800089475CB98327051191CB3547B8A38327BC
:1032900005110347B5020145B8B382800545828018
:1032A0008D475CB98327051199CB4547B8A30347E0
:1032B000C502B8B30347B5020145D8A382800545CE
:1032C000828085475CB98327051191CF4947B8A310
:1032D0009307A0041CA98347A50293E74700230591
:1032E000F502014582800545828085475CB98327C8
:1032F000051189C74D47B8A30145828005458280E5
:1033000083270511C5C7254758B95147B8A30347B7
:10331000051D8356251DB8B30347151DD4B3D8A387
:1033200013D78600F8A30347451DF8B30347551D7F
:1033300098A70357651D13568700B0A798B7834514
:10334000751409466383C502032605109315B0283A
:103350006D8E01EE056613068684B3D6C60AD4B315
:1033600033C6060893568600F4A3034665148946BF
:103370006303D602832605101316B028F18E81EE62
:103380008566938686843357D70A98B7B34607086D
:1033900013D78600B8A78347A50293E74700230504
:1033A000F502930700051CA901458280054582802E
:1033B00083270511C9C3254758B95547B8A3034703
:1033C000051D0356251D8566B8B30347151D938655
:1033D00086843356D60AD8A30347451DB34506084D
:1033E000F8B30347551D98A70357651DD0B313D6EF
:1033F00085003357D70A98B7B346070813D7860016
:10340000F0A3B8A78347C507A305050299C783277B
:10341000050A93E707102320F50A8327450A1317A7
:10342000B0287D8F09C79397B7482322F50A8547AF
:103430001CA90145828005458280032705118D471F
:103440005CB9D9473CA38346451434B3834755142C
:10345000918A5CA30357651EA1C69306F034814789
:1034600063FDE600930787E80357851405CB85873E
:10347000938757FD8D87B3C707080357451EB3577A
:10348000F70A2307F5048347A50293E747002305BE
:10349000F502930750051CA9014582808D87C9BF9D
:1034A000858B89CB130707FBA1473347F702B34747
:1034B0000708E1B71307C7FB9147C5BF03270511ED
:1034C0008D475CB9DD473CA3834745143CB3834635
:1034D000551454A30347B514F98F93F647000357C7
:1034E000651EA1C69306F034814763FDE60093078D
:1034F00087E80357851405CB8587938757FD8D870C
:10350000B3C707080357451EB357F70A2307F50447
:10351000930780051CA98347A50293E7470023056D
:10352000F502014582808D87C9BF858B89CB130742
:1035300007FBA1473347F702B3470708E1B7130773
:10354000C7FB9147C5BF95475CB98357050403275F
:103550000511E146A107B3C707082316F51434A3E4
:103560008346A51434B30346B514A302070023030E
:10357000070050A383258514416663F3C500814786
:103580005CB3A1837CA393F746000357651E95CFD8
:103590009306F034814763FDE600930787E80357FD
:1035A000851415C38587938757FD8D87B3C7070893
:1035B0000357451EB357F70A2307F50493079005F1
:1035C0001CA9014582808D87F9BF858A89CA1307A6
:1035D00007FBA1473347F702B3470708D1BF1307DB
:1035E000C7FB9147C5BF032705118D475CB9E54768
:1035F0003CA38346751483476514B317F028B3972B
:10360000D7283CB3834715145CA38347A50293E7EF
:1036100047002305F502930700061CA90145828097
:1036200089475CB9832705117547B8A317C7FF1FE2
:10363000034777DFB8B3930750071CA90145828081
:1036400089475CB9832705117947B8A30347F50279
:10365000B8B38327050A9397F7282320F50A8547EF
:103660001CA90145828017C7FF1F0327E7E05C23E1
:1036700093068005B387D702145703270511BE961A
:10368000A5475CB9930700023CA30356651E835708
:10369000251EB297D05A9387C712B3F7C70A3CB317
:1036A00013D68700C18350A35CB39C5E7CA313D662
:1036B0008700C18370B31CA7DC2E1CB7DC3E3CA77F
:1036C0009307C0071CA90145828091475CB98327F5
:1036D000051113073002B8A303472517118B1DC727
:1036E000034745177D173317E028B8B30147D8A320
:1036F00003473514D8B38347A50293E74700230552
:10370000F502930750F81CA9014582800347751400
:103710003317E028B8B30307F517D1BF0327051106
:1037200095475CB9930740023CA383063514830791
:103730009517958F93B7170086073CB30306851737
:103740006315D60093E717003CB30306751750A323
:103750008347651754B37CA383472517858B81CB9B
:1037600019C68327050A939707292320F50A0145DF
:10377000828091475CB98327051113078002B8A3A3
:1037800017C7FF1F034727CFB8B32947D8A313078D
:103790002003D8B3930750F91CA901458280411139
:1037A00026C28324051106C622C4A1475CB9A1C460
:1037B00083570504035705062A8493058512BA9793
:1037C000A9072317F5128547BCA0138534001546B9
:1037D00097E0FD1FE78020EF8347E41201459CA49A
:1037E0008357E412A1839CB4D5471CA8B24022445D
:1037F0009244410182800545D5BF411126C28324F0
:10380000051106C622C4B5475CB99DCC91472A84F0
:10381000BCA09305451C21461385340097E0FD1F8D
:10382000E78060EA1385B40011469305C41C97E055
:10383000FD1FE78040E9930720021CA80145B24024
:1038400022449244410182800545D5BFA5475CB919
:10385000832705119DCF411122C406C62147B8A375
:103860002A84032505119305840F21460D0597E051
:10387000FD1FE78040E58347A402014593E7470029
:103880002305F402930700031CA8B240224441011F
:1038900082800545828083270511A9C3411122C476
:1038A00006C6254758B9B8A32A84032505119305F0
:1038B000840F21460D0597E0FD1FE780C0E08327B8
:1038C000040AA3050402014593E707022320F40A32
:1038D00085471CA8B2402244410182800545828070
:1038E000A5475CB9832705119DCF411122C406C6A7
:1038F0003947B8A32A84032505119305840F21466F
:103900000D0597E0FD1FE78000DC8347A402014519
:1039100093E747002305F402930700031CA8B24075
:1039200022444101828005458280411122C406C69D
:10393000E1472A845CB90325051141C9BD473CA173
:103940008347440739053146A30AF5FE83475407E8
:1039500093058406230BF5FE83476407A30BF5FE4E
:1039600083576407A183230CF5FE8347A405A30CAA
:10397000F5FE8357A405A183230DF5FE8347C405F7
:10398000A30DF5FE8347D405230EF5FE83574406A9
:10399000A30EF5FE83476406230FF5FE83576406E6
:1039A000A183A30FF5FE97E0FD1FE780C0D18347F9
:1039B000A402014593E747002305F402930700049E
:1039C0001CA8B2402244410182800545DDBF41115F
:1039D00022C406C6E1472A845CB90325051151C1FA
:1039E000C1473CA18347440739053146A30AF5FE88
:1039F0008347540793058406230BF5FE834764072A
:103A0000A30BF5FE83576407A183230CF5FE8347C0
:103A1000A405A30CF5FE8357A405A183230DF5FE91
:103A20008347C405A30DF5FE8347D405230EF5FE99
:103A300083574406A30EF5FE83476406230FF5FE65
:103A400083576406A183A30FF5FE97E0FD1FE7806F
:103A500080C7930740041CA80145B240224441019D
:103A600082800545DDBF011122CC26CA4EC606CE96
:103A70004AC8930730025CB993070510804B714721
:103A8000AA8438A00347051583A9070638B0034761
:103A9000151558A06389091C832705090325C50846
:103AA00017B7FF1F1307476663E1A71A3385A740BF
:103AB00083A7090A63EEA7183385A740B7470F000D
:103AC00093870724B335F502522781463305F50263
:103AD000EFF0E020B7C703000967938747FC7D1725
:103AE00063FBA7169307C012B357F502F98F05477A
:103AF000B3C707085CB01607A183D98F13890908DB
:103B00007CA08327C90519469385690DA1837CB0E4
:103B100033C70708935787001CA48347090313057D
:103B2000D4011CB4834719033CA4834729033CB444
:103B3000834739035CA4032749035C347D8B819B55
:103B4000D98F5CB403C7F90D93F7F70FFD8B1607F8
:103B5000D98F5CB4834749017CA4834759017CB465
:103B6000834769011CA8834779011CB883478901F1
:103B70003CA8834799013CB88347A9015CA883D737
:103B800089089386170033C70608218354B878A89C
:103B900003C7040478B803C714041CBCA18318AC81
:103BA0003CAC83C7F40203C7490D9607D98F03C7FE
:103BB000590D1207D98F3CBC83C7C90DFD17B31728
:103BC000F0285CAC97E0FD1FE780E0AF83C7090EEB
:103BD000A9C71307B002D8B81307A00238A003473B
:103BE0000904A302E402034719042303E402034780
:103BF0002904A303E40203473904A304F4022304C1
:103C0000E40283C7190E2305F40283C7290EA30516
:103C1000F40283C7390E2306F40223A00416138787
:103C200004081C5301459397F7291CD383C7040448
:103C3000A301F40283C714042302F402F240624495
:103C4000D2444249B249056182801447B697B9BD52
:103C50001447B69795B5F947B357F502F98FB3C72F
:103C60000708014741BD032945160545E30809FC3E
:103C700083A7040903A5C40817B7FF1F1307C74884
:103C800063EEA7143385A7408327890963EBA71444
:103C90003385A740B7470F0093870724B335F50254
:103CA000522781463305F502EFF06003B7C70300E2
:103CB0000967938747FC7D1763F8A7129307C01223
:103CC000B357F502F98F0547B3C707085CB016076D
:103CD000A183D98F7CA0834769081946930569039E
:103CE0007CB0835769081305D401A1831CA48347C2
:103CF000090A1CB48347190A3CA48347290A3CB427
:103D00008347390A5CA40327490A5C347D8B819B75
:103D1000D98F5CB483C7F402583496077D8B5D8FCE
:103D200058B40347C90878A40347D90878B40347AF
:103D3000E90818A80347F90818B80347090938A87B
:103D40000347190938B80347290958A803578908B0
:103D50009356870058B874A883C604047D1774B8B6
:103D600083C6140418BC14ACB346070813D78600E6
:103D700038AC0347F907D98F034759031207D98F86
:103D80003CBC83470908B317F0285CAC97E0FD1FE3
:103D9000E78060938327C90A9DCF1307B002D8B884
:103DA0001307A00238A09823A302E4029833230348
:103DB000E402B823A303E402B8332304E402D823C3
:103DC000A304E402D8332305E402F823A305E402A4
:103DD000FC332306F40223A2041691B51447B697C8
:103DE00055B51447B6976DB5F947B357F502F98F36
:103DF000B3C707080147D9BD411106C6AD475CB935
:103E0000832705111307900293057519B8A313852D
:103E10003700294697E0FD1FE780E08AB240014560
:103E20004101828083254511411122C426C206C664
:103E3000DC21B8312A84A207D98F05651387A7FF33
:103E40009306A5C7F9443347070863E4E60AF82157
:103E5000D431130505C82207558FF944636BE50873
:103E60006369F7089025F4312206558E9306301FBA
:103E700063E1C608B42503C89500A206B3E60601AF
:103E80006369D50613051600334505083305F502A9
:103E900013983600635F0505A83519C1636BA70445
:103EA0000358A4038144639C0701631AF700035875
:103EB000C4036316C800663C958C93B41400231D9C
:103EC000C4042312A406231AF406231BE406231EAB
:103ED000D404DC35D8253146A207D98F2313F40644
:103EE000B9051305840697D0FD1FE780C07D914773
:103EF0005CBCB240224426859244410182807971A3
:103F00004AD00329051106D622D426D24ECE52CC51
:103F1000DD475CB9630409108D472301F9002A8449
:103F2000EFB01EDA9304541B2AC4EFB07ED92146A9
:103F30002C002AC6268597D0FD1FE780C0788347CE
:103F4000741B0347641B9309D41BA2074207BA974B
:103F50000347841BBA970347541B6207BA9723246D
:103F6000F40C0347A41B8347B41B4207A207BA976C
:103F70000347C41BBA970347941B6207BA972322CF
:103F8000F40CEFB0FED32AC411462C004E8597D016
:103F9000FD1FE78040738347E41B0347D41B214682
:103FA000A207D98F0347F41B9305B41A13053900F0
:103FB00042075D8F8347041CE207D98F232EF40C40
:103FC00097D0FD1FE78020708347441B0347341BB5
:103FD00021462306F900A305E900A6851305D900AB
:103FE00097D0FD1FE780206E130559011146CE853D
:103FF00097D0FD1FE780206D8347A402014593E71A
:1040000047002305F402930700021CA8B250225473
:1040100092540259F249624A456182800545FDB7D2
:10402000411122C406C685475CB98345D5162A844A
:10403000032705110345E516854693176500CD8FC7
:104040003CA3ED473CB35C240346C41693E7070248
:104050005CA4EF501036930770061CA8B2402244AF
:10406000014541018280832745111303000ECC23B3
:10407000B433A205D58D938655FEB3C60608636199
:10408000D306F023D43311682206558E930686EBAF
:1040900013088814B3C606086364D804942783C839
:1040A0007700A206B3E61601938856FEB3C8080847
:1040B0006368130383C89700BC27A207B3E71701FF
:1040C000938887EBB3C80808636C1801231CB51CE0
:1040D000231DC51C231ED51C231FF51C6FC0AF8CD0
:1040E00005458280AA87283505476310E50AF42B29
:1040F0003147639DE60803A747113433A38AD704E9
:1041000054335023A206D18E239BD7046C337423DF
:10411000A205D58D239CB704103714272206558E8F
:10412000239DC70434372827A206C98E239ED704AF
:10413000482758372207498FAA3F239FE7040147A2
:104140006319B500CE3F6396C500FA3F158F13374C
:1041500017002391E706982B930600046300D7020B
:10416000930640046314D700054798AB983B9546E7
:10417000D4BF136717F898BB0145828003C7A70215
:10418000136717002385E702C5B7054582807829A4
:104190008947631BF70083274511BC33230AF504C5
:1041A000F5471CA9014582801D4582802A87283554
:1041B0003DE5742BB5476394F606142B9307000274
:1041C000639FF6048327471193050708D433D02350
:1041D000A2064206B296F023B296B0336206B296B9
:1041E000B4C194379027A2064206B296B027B29681
:1041F000F0336206B296D4DDD027B4372206558E4E
:10420000D437FC27C206D18EE207D58FBCD11C3B28
:1042100093E787001CBB930730021CAB82800545E7
:1042200082803835AA8719EF68290547631CE500A5
:10423000942B130730026398E6001307C00298AB73
:104240000145828005458280AA8768290547631851
:10425000E502982B9306B0026319D7001307E0021A
:1042600098ABA3850702014582809306D0026319AB
:10427000D7001307E002A385070298ABEDB7054509
:104280008280782989476315F706E947A305F50277
:10429000832745113947BC336390E70218299307F8
:1042A00000036317F7048327050A93E70702232017
:1042B000F50A85471CA979A0C51793F7F70F514751
:1042C0006368F70217270100130707D8B3C7E72071
:1042D0009C43BA978287832785101829F59B23244E
:1042E000F510930700046315F700930760041CA9F9
:1042F0000145828018299307A004E31BF7FE854738
:104300001CA98347A50293E717002305F5021C3972
:1043100093E707F81CB983270510C18BF1FB8327AE
:104320008510BD9B2324F510E1B7182993070005DC
:10433000E310F7FC85471CA98327050A93E70710BC
:104340002320F50A1C3993E707F81CB955B718293B
:1043500093075005E31EF7F88327050A93E7072024
:10436000B9B7182993075006E314F7F88327050A0D
:104370009397B7282DBF182993075007E31AF7F62C
:104380008327050A9397F7281DB718299307500824
:10439000E310F7F685471CA98347A50293E71700AA
:1043A0002305F50245B7AA8728350547631DE500B3
:1043B000F82B631BA700982B6318A7001307600353
:1043C00098AB0145828005458280AA876829054708
:1043D000631EE504982B930670036314D70203C78A
:1043E000A702238607049376070499C61377F7FB81
:1043F000136707012385E7021307800398AB014584
:104400008280930650036314D7021307800398AB8E
:1044100003C7A7022386070493760704EDD2137718
:10442000F7FB136707012385E702D1BF05458280AB
:10443000782999476315F70883274511B833A307EF
:10444000E504D833D4232207558F2318E504F82335
:10445000FC331429A207D98F2319F5041307A003ED
:104460008347E5026392E604858B99CB8327050A8F
:10447000A30505022307050293E707042320F50A95
:104480008347A50293E717002305F50285471CA97A
:104490001C3993E707F81CB98347E50293F7F7FB4C
:1044A0002307F5020145828093974760E3D207FE18
:1044B0008327450A93E707042322F50AD1BF054560
:1044C0008280AA87682905476310E50403A787103F
:1044D000418B05CF982B6317A7001307B00498AB47
:1044E000014582809306A0046319D70003C7A70281
:1044F00088AB136717002385E70203A7870A1367B2
:10450000070423A4E70AE9BF05458280AA87682932
:1045100005476310E502942B1307A004639CE60093
:1045200003C7A70288AB0145136717002385E7027D
:1045300082800545828078298D476315F71A1C39DA
:10454000832645118D8B89EB0C292147938705FC28
:1045500093F7F70F6361F702D9472306F502930734
:10456000A002A305F5028327850A93E727002324E9
:10457000F50A014582803C35639A0714930750057C
:104580006398F500D9472306F50293073002D1BF9F
:1045900097B7FF1F938707E9D02203C7A70383C7F5
:1045A000B703718F2305E514B432F58F8346651484
:1045B000A305F514B318D0286314170123050514B7
:1045C000034675143318C02863940701A305051426
:1045D0008347A5140347B514E9CF45CB93F62700CD
:1045E0009DCA1376270039C6930720202315F5149A
:1045F0008347A5146394F800230505148347B51475
:104600006314F800A30505148547639CF50A930716
:1046100060051CA9B9BF13F647001DE6858BB9E7F5
:1046200085472305F51493772700B9CB8947A30560
:10463000F5147DBF13F6470015C21376470001EE4F
:10464000858B8DEB8947F1BF1376470009E6858B93
:1046500095E39147F9B79307404049BF858BFDD358
:1046600093771700E5D39307101049B79376170097
:10467000FDFA45BF93771700FDF79147E1F655B76F
:10468000118B85474DD791475DB733D6C740058A13
:1046900001C623050515A9BF13F7270009C78947D8
:1046A0002305F514B1B7918B99C39147D5BF8547C1
:1046B000C5BF1DDFB356D740858AB5D6A3051515EE
:1046C00005BF8327850A93E7071055B5854763968D
:1046D000F500DC22A305F5141DBF8327850A93E7A7
:1046E000072071B50545828074290D47AA87639C10
:1046F000E61414291307500505456397E614A837F7
:104700006313051483C6471403C7571403A6471140
:1047100033F8E6004C22631E08006396B600034897
:1047200036006308E800239507141307700598AB5B
:104730008280ED8E2385D7143032718F03C66714C3
:10474000A385E714B318C0286394160123850714C2
:1047500083C577143318B02863140701A3850714A1
:1047600003C7A71483C6B71479C7D5C21376270029
:104770000DC693F52600A9C1130720202395E71441
:1047800003C7A7146394E8002385071403C7B7146D
:10479000E31DE8F8A385071449BF937547009DE51D
:1047A000058B39E705472385E71413F7260039CB36
:1047B0000947A385E714E9B79375470095C193F5B9
:1047C000460081ED058B0DEB0947F1BF93F54600DF
:1047D00089E5058B15E31147F9B71307404079BF09
:1047E000058B7DD313F7160065D31307101079B727
:1047F00013F616007DFA45BF13F716007DF7114733
:1048000061F655B7918A0547CDD611475DB7B355C7
:10481000B740858981C5238507159DB79376270005
:1048200089C609472385E714A1BF118B19C3114716
:10483000D5BF0547C5BFA9D633D6C640058A35D6EC
:10484000A385171535BF05458280AA8728350547FA
:104850006317E506F42B15476394E606982B930639
:1048600050056306D70093068005631BD70403C772
:10487000A70283A54711136717002385E702D021FC
:104880001147636BC702B4316368D7021307F6FFA1
:104890001388F6FF718F3378D8003367070109EF6B
:1048A000F821C8312385C7142207498F2396E714BE
:1048B000A385D7141305A00588AB01458280054563
:1048C0008280AA87283509EDF42B0D47639AE6000C
:1048D000942B05476396E6001307100698AB828079
:1048E00005458280782989476317F7028327451198
:1048F0001829BC332308F50285476317F70093078F
:1049000060071CA9014582808327850A9397B728F1
:104910002324F50AC5BF0545828078298947631A93
:10492000F7021829930750076313F70283274511ED
:10493000BC332308F5028327050A9397F728232021
:10494000F50A85471CA91C3993E707F81CB90145EE
:1049500082800545828074291547AA8705456390A2
:10496000E60C942B130750080545639AE60A03A743
:1049700047113433A38AD71683064700A38FD7166F
:1049800003065700238DC7167823238FE71603C726
:10499000271793754700A5C98946A389D71683A60B
:1049A000070A6D9B2389E7169396062923A0D70A49
:1049B00003C747189376170099CE9306F00763064E
:1049C000D600136727002382E71803A7070A1317E7
:1049D000172923A0E70A17B7FF1F0347D7A4A38708
:1049E000E70203C747030145A38DE716054798ABC8
:1049F00003C7A702136717002385E702983B1367D5
:104A000007F898BB8280098B45D7DDD203A7070A38
:104A1000A389A7161317072923A0E70A51BF82808D
:104A2000782995476311F70A03274511BD463C33A2
:104A300063E0F60697B6FF1F83C696A2FD8EA9CA4D
:104A4000742313F61700230DD51683065700A30F02
:104A5000D51639C2814711A085478507230AF51667
:104A60005C23A30AF5168347251713F747001DCFCC
:104A70000947A309E5160327050AED9B2309F51647
:104A8000131707292320E50A83474503A30DF516CD
:104A9000014582808947D1B713D6174855FE13D6F2
:104AA00027486DFA8D87CDDF8D4745BF898BE9DFBC
:104AB000E1DE8547A309F5168327050A93970729A1
:104AC0002320F50AD1B70545828074291147AA87AA
:104AD0000545639EE608B037054705456319E608B6
:104AE00083A64711A8326364A602D82213081009CE
:104AF0009305B7FF93F5F50F636BB800CC3293863F
:104B0000B5FF93F6F60F6364D80063F1E5027947C9
:104B1000A385E702130780022386E70203A7870A1B
:104B20001367270023A4E70A0145828083A6C710E4
:104B300093F60608F5DA83C6E7186316C50293E60E
:104B400016002387D7189306000AA387E7183307B0
:104B5000D702B63F3347D70283D607048506369778
:104B60002398E718D1B7D99A2387D71875BF8280C1
:104B700078299307B0026319F71C8357051E41116A
:104B800026C206C622C44AC09306A002AA8463F3C2
:104B9000F61A17B9FF1F032969900545630D091817
:104BA0008327C901B98B6398071803A444111946D8
:104BB0005C2C1387F7FF9375F70F636DB6167D8F27
:104BC000631A071603C7E414630607169028130731
:104BD00000046313E60203A7040AA385D402136743
:104BE000470023A0E40A1307200798A803C7A402DC
:104BF000136717002385E40293D717488507230E10
:104C0000F90C3C3C19469305D40113F7F700230A2D
:104C1000E90C93D747481305690DA30AF90C97D0FF
:104C2000FD1FE78040AA5C349583A30FF90C783010
:104C30001C243438A30EE90C7834230FF90C7C249F
:104C40002207A2065D8F1C28C207D98F1838620779
:104C50005D8F93070908D8CB3828D98E582842078A
:104C6000558F98CF382414342207558F3434C20618
:104C7000D98E58246207558F543498DBFD8AD4DBD3
:104C800003476402834654022207558F8346740209
:104C9000C206D98E034784026207558FB8C3834783
:104CA00094022300F90E8347A402A300F90E834760
:104CB000B4022301F90E8347C402A301F90E5C205C
:104CC0003830A207D98F2399F4147C205830FD8BFB
:104CD000A207D98F7820239AF4149376070281CA09
:104CE0001377070439EF9397E728239AF4147C2865
:104CF0005838A207D98F239BF4141C2C7838A207AC
:104D0000D98F239CF4143C2C183CA207D98F239DE7
:104D1000F4148347440203473402A207D98F239E29
:104D2000F41483A7040A9397E72823A0F40A9307AF
:104D300010079CA80145B240224492440249410117
:104D400082807177D98F55B7054582807829AD4724
:104D50006318F702411106C68347E51883254511FC
:104D6000294693E707012307F5188D0513057519E3
:104D700097D0FD1FE7802095B24001454101828018
:104D800005458280782993073002631EF718035780
:104D9000051E411126C206C622C44AC0930720023E
:104DA000AA8463F8E71617A9FF1F0329296F054591
:104DB000630209168327C901B98B639D071403A4F5
:104DC000441199465C2C1387F7FF1376F70F63E2C3
:104DD000C6147D8F631F071203C7E414630B071209
:104DE0009428130700046395E6021307A002A38525
:104DF000E40203A7040A1367470023A0E40A130789
:104E0000200798A803C7A402136717002385E402AC
:104E100093D717488507230EF90C3C3C1946930598
:104E2000D40113F7F700230AE90C93D74748130579
:104E3000690DA30AF90C97D0FD1FE780C0885C3488
:104E40009583A30FF90C1C247830230FF90C7C34C4
:104E5000A30EE90C7824A207D98F182842075D8F8A
:104E60001C38E207D98F3838232AF9083C28220752
:104E70005D8F5C28C207D98F232CF9083C24183495
:104E8000A207D98F383442075D8F5C24E207D98F9F
:104E900058342328F90A7D8B232AE90A5C2038300C
:104EA000A207D98F2399F4147C205830FD8BA207D8
:104EB000D98F7820239AF4149376070281CA137746
:104EC000070439EF9397E728239AF4147C2858387D
:104ED000A207D98F239BF4141C2C7838A207D98FF2
:104EE000239CF4143C2C183CA207D98F239DF41466
:104EF0008347440203473402A207D98F239EF41448
:104F000083A7040A9397E72823A0F40A93071007BE
:104F10009CA80145B240224492440249410182804A
:104F20007177D98F55B7054582807829E147631994
:104F3000F70C03278510411122C406C626C2098B2F
:104F40002A84854719CF2435639CF404EFE09FED54
:104F50001C28A305A402639C9700930710041CA8B7
:104F60008147B240224492443E854101828013072A
:104F70000004639CE700930710041CA88347A40265
:104F800093E717002305F402E1BF8327040A93E7A0
:104F900027002320F40A1C3893E707F81CB8C9B788
:104FA00018390D8B19CF9307A002A305F402BD4752
:104FB0002306F4028327840A93E727002324F40AB4
:104FC00045B718296317F700EFE0DFE5A305A40252
:104FD00069B793060002631ED700EFE0BFE4A305A4
:104FE000A4023DFD8327440A9397F7292322F40A5C
:104FF00085BF93060004E316D7F69307300275B712
:1050000085473E858280411106C622C426C24AC019
:105010000349B500631B09067829A5472A8463164E
:10502000F7068327850FA18BADC393040510CC48E9
:10503000214626858D0597C0FD1FE780C0689C40EE
:10504000373778081307070D13060408D98F385E21
:10505000D4407D8F7C5E93E6060198C4F58FDCC456
:1050600018288547631CF700930710031CA8B2405B
:10507000224492444A850249410182808327840A5E
:1050800093E707012324F40ADDB70549CDB74111A1
:105090004AC006C622C426C27829A547054963111D
:1050A000F7061829930700032A840549631AF704B1
:1050B00093040510CC48214626858D0597C0FD1F19
:1050C000E78060609840B73778089387070D5D8F59
:1050D00093070408B45FD040F98EF85F13660601A9
:1050E00094C4718FD8C4A3050402985313670702B0
:1050F00098D31C3823082401014993E707F81CB80A
:10510000B240224492444A850249410182804111C1
:1051100022C406C626C22A84283585476318F506A8
:105120007828A5476318F7041C28639AA7049304FA
:105130000410CC48214626858D0597C0FD1FE780C9
:1051400080589C40373778081307070D130604086A
:10515000D98F385ED4407D8F7C5E93E6060198C47B
:10516000F58FDCC4930710031CA81C38014593E796
:1051700007F81CB8B2402244924441018280832740
:10518000840A93E707012324F40AC5B70545DDB770
:10519000411122C406C626C22A84283585476311D8
:1051A000F5047828A1476318F702832444111305F6
:1051B000841215469385340097C0FD1FE780A050E8
:1051C0009C3498240145A207D98F2317F4121C3868
:1051D00093E727F81CB8B2402244924441018280F0
:1051E0000545D5BF011122CC06CE26CA4AC82A845D
:1051F00028358547631CF5107828DD476312F710C2
:105200008324441121461305B41A9385340097C0B2
:10521000FD1FE780404BB834DC24A309E41A230ABD
:10522000F41AEFA0FEA92AC4EFA09EA92AC621461F
:105230002C001305441C97C0FD1FE780C048FC34B8
:10524000F8241305C41CA2074207BA9798281146F0
:105250002C00BA97D8346207BA972324F40CBC38D0
:10526000B828A2074207BA97D828BA979838620791
:10527000BA972322F40C0347541C8347641C42074B
:10528000A207BA970347741CBA970347441C6207E6
:10529000BA972320F40C0347941C8347A41C4207AD
:1052A000A207BA970347B41CBA970347841C620746
:1052B000BA97232EF40AA247374703001307D73FB4
:1052C000B387E70237A72600130737ECBA973EC427
:1052D00097C0FD1FE780203FFC28D8380145A20772
:1052E000D98FF83842075D8F9C2CE207D98F232E87
:1052F000F40C8327C41C2320F40E930710021CA86F
:10530000F2406244D2444249056182800545CDBFE6
:1053100078299147631DF712411126C28324451154
:1053200022C406C6BC302A8481CB1387F7FF7D8F49
:1053300001E73D476376F70293070002A305F402F5
:10534000930730022306F4028327840A93E7270099
:105350002324F40AB2402244924401454101828050
:10536000D4301307E0076387E60013F7170021C363
:10537000814721A0F947D9B785478507230AF41645
:1053800083874400C9C303053414A30BF416330701
:10539000F5001375F50F6356F0028307941763D673
:1053A000E702898FA30BF4160DA08947F9B713D72D
:1053B000174879F313D727486DFB8D87F1D38D47B5
:1053C0006DBF83078417E34EF7FC834774173E9540
:1053D00013154560EF40E0772301A414EF400071FE
:1053E00003473414A301A4143307E540A30BE416C8
:1053F000EF40207683474417034734142301A41455
:10540000A297A38FE716830744038306C4170147B7
:1054100063D5F600958F13F7F70F230BE416DC30F6
:105420000547230DF4161C286396E700930760F8E0
:105430001CA80DB7130750086396E700FD57230B10
:10544000F416EDB78327840A9397D72811B705453B
:1054500082807829A547631AF704411122C406C641
:105460001429130700052A8485476394E602EFE0B8
:105470009FBF0DE58327040AA305040293E70710E5
:105480002320F40A1C3893E707F81CB885471CA8AA
:105490008147B24022443E85410182808347A40275
:1054A00093E717002305F402F1BF85473E8582800C
:1054B0007829A5476309F700054582800545B24074
:1054C00022444101828083278510411122C406C6EF
:1054D00093F707022A84FDD3EFE0FFB88547E30F77
:1054E000F5FC18286317F700930710051CA8014561
:1054F000F9B78327840A93E707082324F40AC5BF72
:1055000005458280411106C622C426C22435F9E031
:105510007829E1472A84631FF70A182993070004B2
:10552000631AF70A8325451105659306A5C7D82197
:10553000BC3122075D8F9307A7FFB3C7070863E25B
:10554000F608FC21D431130505C8A207D58F636A7C
:10555000F50663E8E7069025F4312206558E93069A
:10556000301F63E0C606B42503C89500A206B3E663
:1055700006016368D5041305160033450508330595
:10558000E50213983600634EA802A83519C163EAF4
:10559000A702231DC4042312A406231AE406231B16
:1055A000F406231ED404DC35D8253146A207D98F52
:1055B0002313F406B9051305840697C0FD1FE78081
:1055C0008010930770041CA8B240224426859244A0
:1055D000410182808544CDBF05458280054582809A
:1055E000054582800545828005458280054582808B
:1055F0005C25A30A0500F19B93E717005CA5032532
:10560000051113351500828001458280411106C6BF
:10561000EFC00FC7B2401335150006054101828067
:105620006FF0DFFE411106C6EFC08FC505C10357FD
:10563000C5058356A50503566507835545070A2505
:10564000EF7040520145B240410182800945E5BFFB
:1056500001111375F50F06CEEFA06FD129C997A7D9
:10566000FF1F83A7A7E993F707209DC302C402C2C7
:1056700002C081480148814701478146054681456E
:105680001305C003EF70804E0145F2400561828032
:105690008346D5031307E50302C0814801488147CB
:1056A000054681451305C003EF70E049F1BF094588
:1056B000E9BF97A7FF1F9387E7D603A7C708094548
:1056C00029CB83A7870D011106CE93F707208DC341
:1056D00002C402C202C08148014881470147814695
:1056E00001468145EF708048F240014505618280A6
:1056F000835807020358A7018357070583465707B6
:10570000014602C01307670781450945EF70A043B2
:10571000E1BF8280011106CE22CCEFC06FB625CD4D
:10572000303505472A8497A7FF1F9387A7CF6312B9
:10573000E604F853094515CB034604038346570492
:105740008358E4030358C4033E3C0E240345B402CB
:105750001307670432C00546EF70E03E7C34A305B2
:105760000402014593E717007CB4F24062440561EE
:10577000828003A7C70809456DDB83465707835816
:10578000E4030358C4033E3C0E240345B40213074C
:10579000670702C0D1B70945C9BF397106DE22DCEF
:1057A00026DAEFC0EFAD71C938352A8497A7FF1FFD
:1057B000938747C72DEBE4530945ADC01946814592
:1057C000081097C0FD1FE78080F619468145281014
:1057D00097C0FD1FE780A0F5C167FD178358A4039C
:1057E00083C6540430340E240345B4023EC89C24BE
:1057F00013088102138764043EC6834704033EC432
:105800007E3C3EC25E3C3EC01C10EF70A0387C3433
:10581000A3050402014593E717007CB4F2506254DB
:10582000D25421618280A45F0945EDD81946814593
:10583000081097C0FD1FE78080EF194681452810AA
:1058400097C0FD1FE780A0EE83D7240D8358A403E3
:1058500083C6540530340E240345B4023EC8930772
:10586000F00F3EC602C47E3C130881021387640514
:105870003EC25E3C3EC01C1049BF094545B7397168
:1058800006DE22DC26DA4AD8EFC08F9F630F0514AC
:10589000343505472A8497A7FF1F9387A7B8639AD3
:1058A000E60AE4530945C1C083C744041946898BFD
:1058B000C9C38C58BC25B5CFB105280897C0FD1FBA
:1058C000E78060E083C75404138964041946898B18
:1058D000A5CBCA85081097C0FD1FE780C0DE8C5895
:1058E00019469105281097C0FD1FE780C0DD83474A
:1058F00004038358A40383C6540430340E240345A0
:10590000B4023EC47E3C1308010238103EC25E3C25
:105910003EC03C08EF7080257C34A305040201459D
:1059200093E717007CB4F2506254D254425921617B
:1059300082808145280897C0FD1FE78040DF59B766
:105940008145081097C0FD1FE78060DE1946CA85B3
:1059500051BF83A4C7080945F9D483C74406194633
:10596000898BB9CF93856406280897C0FD1FE7800F
:1059700080D583C74407138964071946898BA1CB57
:10598000CA85081097C0FD1FE780E0D383A54408AF
:1059900019462810910597C0FD1FE780C0D283A744
:1059A0004408BC3393E72700A38AF4068358A40372
:1059B00083C6540730340E240345B40202C499B799
:1059C0008145280897C0FD1FE78060D65DB70810A5
:1059D000814597C0FD1FE78080D51946CA852810EC
:1059E00097C0FD1FE78020CED1B709452DBF797143
:1059F00022D426D206D6AA84EFC08F8817A4FF1F10
:105A00000324C4A939C5AA8709451DCC83D7271506
:105A100019469305640D7C8685477C878357440D22
:105A200013052101A3040100FC80648597C0FD1FBC
:105A3000E78060C98327C40D28003ECC8327040E6D
:105A40003ECEEF70A01B0145B250225492544561E6
:105A500082800945D5BF011122CC06CE2A84EFC031
:105A60002F823DC18347B502034745176083DC821F
:105A700083473517D8845C8495EF834775170307F0
:105A800095175C86830735145C85631CF70089478E
:105A9000DC854800EF7060160145F2406244056104
:105AA0008280030785176314F7008547D5B7A305E0
:105AB0000100C5B78347A5175C8583475517DC856B
:105AC0008347F5175C86F1B70945C1BF011122CCA8
:105AD00006CE2A84EFB0DFFA29C58307A517C08454
:105AE000218040851307F0076389E70203474503D8
:105AF000998FDC858347451813F707010DE393F76A
:105B0000070293B71700850728005C86EF70C00E68
:105B10000145F240624405618280FD57DC85814782
:105B2000E5B70945FDB7797122D426D206D6AA84F5
:105B3000EFB01FF517A4FF1F0324449621C5AA87C1
:105B4000094505CC83D7271519469305640DFC80BC
:105B50008547FC818357440D13056101A3060100AD
:105B6000FC82648797C0FD1FE780E0B58327C40DE2
:105B700068003ECEEF7000080145B25022549254A6
:105B8000456182800945D5BF411106C6EFB05FEF80
:105B900011C9834505140A25EF7080050145B240FF
:105BA000410182800945E5BF9375F50F01112E85EE
:105BB00006CE22CC2EC6EF909FFB05C1834605077B
:105BC0002A84B245082D0546EF7000020145230CDA
:105BD0000400F2406244056182800945DDBF411145
:105BE00006C6EF702000B24001454101828041119C
:105BF00022C406C617A4FF1F0324448A094509CC02
:105C00000355240DEF60D07D0325C40C9307F00FDE
:105C10002319F40C11E50145B24022444101828070
:105C200097D0FD1FE780E059A304040CEDB797A7B8
:105C3000FF1F83A7A78699CB41111385070D06C6C1
:105C4000EF60D079B24001454101828009458280F0
:105C5000411106C622C4EFB0BFE205C983467514E0
:105C6000034665140E252A840345B50285060506FC
:105C700093F6F60F1376F60FEF6030740145A30527
:105C80000402B2402244410182800945DDBF411136
:105C900006C6EFB0FFDE05C10357251E8356051E5D
:105CA0000356651E8355451E0A25EF60F06B0145BE
:105CB000B240410182800945E5BF411106C622C4B8
:105CC000EFB01FDC15C52A840357C5058356A5050B
:105CD00003566507835545070A25EF6070681C3831
:105CE000014593E747001CB8B2402244410182803D
:105CF0000945DDBF411106C6EFB09FD805C18347F6
:105D0000451B0346351B9305B51A0A25A2075D8E70
:105D1000EF60D0640145B240410182800945E5BF92
:105D2000411106C622C4EFB0BFD505C10E252A8495
:105D3000130605100345B502EF6010620145A30587
:105D40000402B2402244410182800945DDBF411175
:105D500006C622C4EFB0DFD205C50357C50583567A
:105D6000A505035685050E252A840345B502EF6077
:105D7000705E0145A3050402B240224441018280C5
:105D80000945DDBF01458280014582800145828051
:105D900001458280014582800145828001458280E3
:105DA00001458280014582800145828001458280D3
:105DB00001458280014582800145828001458280C3
:105DC00001458280014582800145828001458280B3
:105DD00001458280411106C622C41821930600089D
:105DE000AA876313D70218319306C002054563E3FF
:105DF000E60497060100938626353347D720AA2369
:105E00001843029701453DA093061008054563130A
:105E1000D7029833E9466309D71063E5E604B14633
:105E20006303D70E63ECE60095466304D706A146EC
:105E3000630AD70AB240224441018280CD46E31B67
:105E4000D7FEAA23EFB0DFC32A8429C9035645042D
:105E500019C60E250545EF60F04D23120404A30872
:105E600004024DB7930670056309D70C9306F00F33
:105E7000E30AD7F893060003E31ED7FAAA23EFB08C
:105E80003FC02A8401CD0E250345B502EF60104BBB
:105E900085A8AA23EFB0DFBE2A8419E1094559BFBE
:105EA000032785110DC7835745048507B3C7070826
:105EB00018433E868507B3C707087DFB2312C40439
:105EC00019C60E240545EF60F0462312040403456D
:105ED000B402034644050E24EF6090442285EFB0DF
:105EE0005FAA0DB7AA23EFB0BFB92A8445D90346EC
:105EF000C5040E250345B5023336C000EF6090425D
:105F0000A305040201B7AA23EFB09FB72A8459D58D
:105F100003572505835605050346F5040E2503455D
:105F2000B502EF607040E9BFAA23EFB07FB53DD561
:105F30000345B502EF605040F1B5AA23EF60504031
:105F4000D1B5011122CC37E400E026CA04404AC88A
:105F50004EC652C406CEB70720002A892E8AB289BF
:105F6000FD8C2320F4180F100000114597B0FD1F81
:105F7000E78040661DC523004501A30035012311BC
:105F80002501232094106244F240D2444249B24990
:105F9000224AAA851795FF1F0345B50F05616F902B
:105FA000FEC723209410F2406244D2444249B249D1
:105FB000224A11450561828041114AC037E900E05B
:105FC00026C28324090006C622C4B7072000FD8C20
:105FD0002320F9180F100000EFB09FAA11E9232029
:105FE00099100945B24022449244024941018280FD
:105FF00083270512230D05002A84A9CF78340A25AA
:10600000058B11EF0A24014693050008EFF07FF39A
:1060100029C5B7E700E023A097100145E1B7D443B5
:10602000D0278C278906EF60D03115E18327041231
:10603000BA27A3840700136707F0BAA79C4323205D
:10604000F4128357240481C7FD172311F404832716
:106050000412CDFB231104046DBF85473CAC55BF32
:10606000411122C406C62A849797FF1F83A7C747FA
:1060700089E7B24022444101828063848700DC5F6B
:10608000C5BF3C2499C79305C4001305A401EFA024
:1060900060093C28F9DF930544011305A40222445A
:1060A000B24041016FA00008AA862E86AA85170576
:1060B00000001305C5006F905EED411126C2979454
:1060C000FF1F9384243683A7440C22C406C62A8467
:1060D00091E7B24022449244410182806384870068
:1060E000DC5FFDB73C2499C79305C4001305A401E8
:1060F000EFA040033C2899C7930544011305A4026F
:10610000EFA0400222852244CC58B2409244410183
:106110006FF09FF901114AC81799FF1F13098930C1
:1061200022CC0324490C26CA4EC652C456C206CEFF
:10613000AA84014A93094500854A65E09305202514
:106140001305000497D0FD1FE78040FB2A841D45FE
:1061500045CCBC30194693854400130544003CB03F
:1061600097B0FD1FE7802056938AA40141468145E0
:10617000568597B0FD1FE780C06E79E19309A401B1
:10618000D68541464E8597B0FD1FE780206A85473A
:106190003CA43C309305C4004E8593E727003CB4F3
:1061A000EF9050789384A40241468145268597B0AC
:1061B000FD1FE780006B41E99307A402A6853E8599
:1061C0004146BE8497B0FD1FE780406685473CA8E6
:1061D0003C3093054401268593E727003CB8EF90B7
:1061E0007074A3000400832549032285EFF0DFEBE0
:1061F000631E0A042322890C232E04028347090C00
:10620000014585072300F90CF2406244D24442491B
:10621000B249224A924A056182803830BC30630517
:10622000F700228A405C11BF4146CE851305440029
:1062300097B0FD1FE780C05AE31555FF4945E9B700
:106240002305040085B72309040061BF232E8A02B9
:1062500065B7411122C426C206C64AC01794FF1F63
:1062600003248428FD5419ECB24022449797FF1F61
:1062700023AC07269797FF1F2386072692440249DF
:10628000410182800820EF90DEED0329C40304A0C1
:10629000228597D0FD1FE780C0F24A84E9B797971F
:1062A000FF1F938727182380070C23A2070C6F90EA
:1062B000307141114AC01799FF1F1309A91626C250
:1062C0008324890706C622C483C7D404858BA9CB3F
:1062D0008347290049459DCF19469795FF1F938510
:1062E000C5221385E40497B0FD1FE780C03D8547B4
:1062F000BCB49CB8BCB8BC28094798A4C1CBEF90EB
:106300002034832789052A8485C79307004063EFDB
:10631000A7001D45B24022449244024941018280B7
:1063200019469795FF1F9385E51D65BF130405C0AA
:106330008357C90A81CF1797FF1F1307E7D71E2B73
:106340007837B387E702E3F687FC1D8CEF900037C0
:106350008D473354F4023355A40A1181334505089F
:106360002391A4045DD512059305E0243345050867
:1063700097D0FD1FE78080D803D62404E8C02A8781
:106380001308F6FF814763CBC704A8C483C7040280
:106390001794FF1F1304C4CF0D472830639CE704F4
:1063A000F228BE383E969145EF903ECA283091457E
:1063B00097D0FD1FE7802044923C19CA93861403AE
:1063C0001206A685172500001305A5F0EF90FEBB69
:1063D0009797FF1F2388070401452DBF63D9070145
:1063E00093060701B6850CC38507368769BFBA8651
:1063F0008145D5BF09476394E700B2386DB7F228ED
:106400005DB741119305E0261305800E22C406C630
:1064100097D0FD1FE78080CE2A842DC91306800EF9
:10642000814597B0FD1FE78080309797FF1F23A716
:10643000870623050400230404009797FF1F938712
:106440006721985FDC5F78D83CDCFD571EB8A30E4F
:10645000F406A300F408970700009387C7E53CD42F
:1064600097270000938767AE7CD497270000938717
:10647000A7993CD89797FF1F83C707CA81EB8D4523
:1064800003A581B197B0FD1FE780E06CB240228583
:10649000224441018280411122C406C626C283479C
:1064A000C5052A84A5C79305E50519461305E50426
:1064B00097B0FD1FE780C032AA8429E91C28898B88
:1064C000A5E39797FF1F83C7F7F585CF8347D405CB
:1064D0008DCB834734061307000493F7070C6392B0
:1064E000E7021305C40597C0FD1FE780404D68D043
:1064F00009C98947230EF4048347D40493E727008E
:1065000089A80347C40589476316F70083474405F4
:10651000A1E78544B240224426859244410182800D
:106520008347D405E5DB834734061307000493F75C
:10653000070CE391E7FE9797FF1F83C7B7EEF9D7E4
:106540001305C40597C0FD1FE780604768D0F95761
:106550004DF1A30EF4045DBF9797FF1F83C797EC1F
:10656000CDDB8347540513054405A9CB8347B40508
:106570001307000493F7070C6392E70497C0FD1F0D
:10658000E780604068D051D593046405A68519461C
:10659000510597B0FD1FE78000136C508D47230A0B
:1065A000F404BC311946910593E72700A30AF404CB
:1065B000268597B0FD1FE7800011A1BF97C0FD1F82
:1065C000E780A03768D031D58947230AF4043C29F5
:1065D000A9D38D47230AF4040431B33490001DBFBE
:1065E000034745051DC31829AA870545058B05C323
:1065F000E84BAC4F411106C697C0FD1FE7804049EC
:10660000B2403335A00041018280054582808280FE
:10661000797122D406D63C292A84BDC303570504C8
:1066200083572504637EF70497C0FD1FE780A03CD5
:1066300085476307F5000145B250225445618280C9
:106640005C341D4728446394E700834784025CA1BF
:10665000834754051946930564055CB1834794024A
:1066600019057CA13E341EA597B0FD1FE780A0054B
:106670008357040485072310F4043C449C433CC422
:10668000584CA1674834F98FE1C7994763E7A704DD
:106690007C2413075002E360F7FA97060100938603
:1066A000E6B53345D5201841369702874D47230478
:1066B000E4027D57E917A304E402231F0402A306A2
:1066C00004022307F40211A8930750F11EB4231FFC
:1066D0000402A306040223070402034EE40201435A
:1066E00063090E007C2403238407B387C74189070D
:1066F0003E93034584028346C4020347D402834782
:10670000940203083402835EE4038345540583083E
:1067100054018506137F45001AC872C61306640526
:1067200093F6F60F63030F021303E4051AC4034341
:10673000D4051AC276C0EF6080480545F5BD4147D3
:10674000BDB76D47ADB749479DB702C402C2DDB7BB
:1067500085476316F5041797FF1F032727D4182BC7
:106760008345540583075401098B1306640515C33B
:106770008346D40599CE03473406130500041377E6
:10678000070C6318A7001307E4050545EF60A04256
:106790006DB7014781460545EF60803B79BF7424A2
:1067A00093075002E3E9D7E889476307F500994763
:1067B0006315F500094511A00D45E91693F6F60F8E
:1067C0002307D402014799C2385C2107830754018B
:1067D0008345540513066405C1B7411106C622C49A
:1067E0002A8497E0FD1FE780C020930700FA3CA4AD
:1067F000A1451795FF1F0345D589EF903E8D17974B
:10680000FF1F130727C21C237628850793F7F70F6E
:106810001CA3130700643347D70263C8E700EF9057
:10682000FEDF9797FF1F238F07BEB240224441012E
:106830008280411122C406C6B1475CA57C590D4730
:106840002A8498A35C25785993F7F7031CB38347F0
:10685000D50423060504898BA1C383474505898B8D
:10686000A1C76C5189ED6C50BC299DCB6858194665
:10687000D105210597B0FD1FE780E0E415A0BC25F8
:10688000FDD389472306F50468591946B105090562
:1068900097B0FD1FE78020E383474405898BE1F72C
:1068A0008347C404898B91EB685819469305E40427
:1068B000090597B0FD1FE78000E1034744058D47B8
:1068C000630BF7006858194693056405210597B0D6
:1068D000FD1FE78040DF8347D404858B91E70347A2
:1068E000C40489476317F70078581C2393E707040B
:1068F0001CA383475405858B91E7034744058D47C7
:106900006317F70078581C2393E707F81CA3583443
:106910009D474C24631EF70003455402930760FA19
:106920003CA42244B240410117C3FD1F6700634CE1
:10693000930720FA3CA40145EDB7411126C2938488
:1069400081B28C409797FF1F23A807D022C4979746
:10695000FF1F23A107D006C6D8559787FF1F83C7FF
:10696000E776B7060082FD161396476093F7F703A4
:10697000758FE607D98FDCD51307A0032A8483A778
:1069800081B4635CC704F84FB7060007558FF8CF92
:106990002285EFF01FEA785883A781B32285B8DFFC
:1069A0009C4098431317772998C3D857719BD8D721
:1069B000EFF01FC697C0FD1FE78060379797FF1F56
:1069C00083A787C9858BB1C79797FF1F23A607C8E1
:1069D000B240224492444101828013072002635A4C
:1069E000C700F84FB70600F9FD16758FB70600050A
:1069F00071BFB70600F96947FD166357C700F84F26
:106A0000758FB706000359B7F84F758F131787298D
:106A1000BDBF930700FA3CA465BF797122D49305EA
:106A200055012A84285D014626D206D697C0FD1F4F
:106A3000E7804032894463140518305C9D46A144C8
:106A40001C22BD8B5CB4183278A4639AD7163C2202
:106A5000914493D6670093F7F70363F2E7169944DE
:106A6000639F06149305F7FF9D8D93F5F50F23079C
:106A7000B4022832C54493763500639206149376A7
:106A800045006397061093064600FD1793F4F70F31
:106A90009377850095CB9C328348940213D84700A6
:106AA000639408170568130808F083C80600A20756
:106AB000B3F707010358A402B3E717016316F814EC
:106AC000F914890693F4F40F418935C19C220965B4
:106AD000130505F093F7F7032302F402BC22A20783
:106AE000E98F8832C98F939757607EB08DCF038529
:106AF00006006353050A1305C01203485402B38706
:106B0000A7020545631CA8082D070A07998F13855E
:106B100047ED13084051034784026374A8081367C4
:106B200007042304E402F5148D0693F4F40F3C32B9
:106B300013F7070261EF93F7070499C79C22FD142E
:106B400093F4F40FA301F402E1E40346E4027C248D
:106B5000385C8346C402918F8907BA9732C63EC813
:106B600002C402C27E3C850693F6F60F3EC083083F
:106B7000540103083402834794020347D402834537
:106B800054050345840213066405EF60400305A81D
:106B900093065600F917DDBD794585B729070E071D
:106BA000B5B74A3CAA951795FF1F0355A58B635EA1
:106BB000B500136707042304E40293040002B250F3
:106BC000225426859254456182801367070223046C
:106BD000E402138781B308434EBC4C451398154912
:106BE000232605010F100000184337050200938784
:106BF00057ED08C7130500081798FF1F2324A8A600
:106C000086077CD34CC705B7D14455BFD94445BF8F
:106C1000E14475B75D71A6C2B7040300A2C4CAC03F
:106C20004EDE52DC56DA5AD85ED686C61794FF1F5F
:106C30000324C486138981B3370A02009799FF1F82
:106C4000938949A1930A0008138B81B2938B81B475
:106C50009384841583270900F8537DFFD447139745
:106C60001649D8C70F1000000327090093072030EA
:106C7000B70533002324470123A859017CD354C707
:106C80009797FF1F23A8079C8347840293F7F7F980
:106C90002304F4029797FF1F23A8079C9797FF1FD1
:106CA00023AC079A85471CC383270B00944393F6B4
:106CB000F6CF94C3944393F6F6CF93E6062094C39D
:106CC00083A60B0090464D8E90C624CBD856759B5C
:106CD000D8D6984383464402137707F893F6F6070D
:106CE000558F98C397C0FD1FE780600497E0FD1F94
:106CF000E78020D083A70900858B89CB22859797D1
:106D0000FF1F23A90794EFF05FD131C5930700FA65
:106D10003CA4034584028346C402830854011375CE
:106D2000F5F9136505042304A4020308340283471C
:106D300094020347D4028345540502C802C602C424
:106D400002C2723C850693F6F60F32C01306640544
:106D5000EF50F06609A8834784021307000293F7F7
:106D60000706638DE700B640264496440649F2596B
:106D7000625AD25A425BB25B6161828038249307C7
:106D8000500AE309F7EC71B75971A2D49305550184
:106D90002A84285D014686D6A6D2CAD0CECED2CCD1
:106DA000D6CADAC8DEC6E2C4E6C2EAC06EDE97C062
:106DB000FD1FE78020FA094759ED032B84071D4684
:106DC0001307000883460B00BD8A54B483471B0099
:106DD0007CA46392C60883442B00114713DC640033
:106DE0002304840393F4F40363F7F4061387140075
:106DF0006376F70089461947630FDC04FD17858F1A
:106E00002307F40283473B0013094B00858B9DE762
:106E1000FD1483473B0093F4F40F898BC5CB0347E4
:106E2000C4053C5C6300071689469C236318D7069B
:106E30009397476063C90706494731A883474405CC
:106E4000130564058DCB1946CA8597B0FD1FE780F1
:106E50002099454721E1B650265496540659F649E3
:106E6000664AD64A464BB64B264C964C064DF25DCA
:106E70003A85656182808547230AF40483470B00C5
:106E80001946CA8593D76748A30AF40497B0FD1F33
:106E9000E78060831309AB00E514A5BF0347D40561
:106EA0009D83E31BF7F81946CA851305E40597B0DF
:106EB000FD1FE780E09249D183478402E914190954
:106EC00093E7470093F4F40F2304F4022285EFF0D4
:106ED0008FDC254749D183463B0093F7460089C79D
:106EE000FD14050993F4F40F93F7860095CB8347BF
:106EF000190083459402514713D64700E39DC5F41A
:106F00000567130707F0A207F98F03470900D98F18
:106F10003A346303F7003EB4F914090993F4F40F0B
:106F200093F70601C1C35547E3170CF283470900E5
:106F30000967130707F093F7F7032302F402834767
:106F40002900A207F98F03471900D98F939757603B
:106F50007EB003070900635507006177D98F7EB0C3
:106F60007E30F5140D0993F4F40F93F6060299C7D9
:106F70008347840293E707022304F40295EA231F60
:106F800004029DA80547230EE4049C231946CA85E4
:106F90009D83A30EF4041305E40597A0FD1FE7806D
:106FA000807219BF93F60602F9DA5947E3150CEA25
:106FB0004946CA85680897A0FD1FE780C070BC8756
:106FC00009477EBC5C4CB98B6394E7028347240875
:106FD000858B6383071A9789FF1F83A9E94C930563
:106FE0006405054A6390090C8347C407639B071037
:106FF000B914490993F4F40F83473B0093F707044E
:1070000089CB83470900FD140509A301F40293F419
:10701000F40FC9C013062003A54505450347190011
:1070200083470900631BC7046399B7040347C40778
:107030006315A70403473900834629002207558FAB
:1070400083464900C206D98E034759006207558F0F
:107050002320E40C034769002300E40E0347790072
:10706000A300E40E034789002301E40E03479900BF
:10707000A301E40E0947230EE40663FD970013877E
:107080001700B387F440FD171377F70F93F4F70F4A
:107090003A99C9F42285EFF0AFD48547630BF52EFA
:1070A000054755BB03C74900834794026313F70C98
:1070B0008347540503C75900858B631CF70A19469B
:1070C000138569002EC697A0FD1FE7806071B24549
:1070D0006311450B83479402A308040C2319440D44
:1070E000230AF40C8347540519461305640DA30ABB
:1070F000F40C97A0FD1FE780005D2320040E230EF3
:1071000044079257A2561305040B13D757001D8B43
:10711000A30FE40C0347540213968601A1820507CE
:10712000230EE40C7A3CA30EE40C2183230FE40C21
:1071300013D78700598E1307040814CF8356C10252
:1071400050CBFD8B2314D40882565CDB14DBEFA0FC
:107150001FBB0347D1018967A307A40893760702E1
:10716000F249FD17A1EEB3F9F900F947B389F90225
:1071700095A083A90900BDB50347440D8347940238
:10718000E314F7E6834754050347540D858BE31D4D
:10719000F7E41946930564051305640D97A0FD1FD8
:1071A000E78000648547E311F5E4A308040C231984
:1071B000A40C2320040E230EA406A1B7B3F9F900F2
:1071C000137707049307C012B389F90201C7B78781
:1071D0002500BE998346540205477C246393E61834
:1071E000AD078A07B389F940B7074B00138749ED0C
:1071F000938777DAE3EEE7DE978BFF1F938BCBF075
:1072000003D5CB0037460F008146B3A5A90213066C
:1072100006242300040833053503EFB0502C83A760
:107220000B002A8AAE8A8297B307450133B5A700BF
:10723000B305550183A68B003E8799E163E4D7002F
:107240003387D74083A741A22320E40A82971307FC
:10725000204E33CDE90223A0A1B283D7EB00B74D76
:107260000F00938D0D249387471F178AFF1F034A32
:107270003AE683DCCB00814681456686B3C7FD02D2
:10728000B30AED023305BA03135A1A00B3DAFA024D
:10729000EFB0F024930600321307204E6686B387C2
:1072A000AC03AA9AB3F7D7028146B387E702B3C704
:1072B0009703B335BA03B3C70708BE9A3305BA03B9
:1072C000EFB0F02156956371350BD289B3B55C03ED
:1072D000032A040A37460F002326540B13060624FC
:1072E000814633855C03EFB0901F636CAA083305B9
:1072F000AA402322A40A0345D4079307F00F63048E
:10730000F500EF801EE68327440A1785FF1F03253B
:10731000E51963EC3707338637418327C40D03D75C
:10732000CB009306D407A183B3C70708B387E7024E
:1073300013070032A2859387071933D7E70297C056
:10734000FD1FE780403B0347D4079307F00FE3019D
:10735000F7CAFD572319F4085C4C93E747005CCC4F
:1073600041B9A9078E07BDBD37153D006686814628
:10737000130505908145EFB09016B38AA9408D4959
:10738000B1B783A78B003E9A9DB703A78B00BA972E
:1073900059B78947631CFC007C34858B81CB8347BC
:1073A000440589C71C38CDC3FD171CB897D0FD1FF5
:1073B000E78020642285EFF0AFA58347840293F72E
:1073C0000702E38F07CC7E3013975760635207089C
:1073D000CE07CD831307C012034654028546B387F8
:1073E000E70278246318D6062D070A07998FB70697
:1073F0004B00138647ED938686DA13071002E3EC01
:10740000C6A413070064E36DF7C8138781B3104364
:107410005446939516494CC60F1000001843370682
:107420000200938757ED10C7130600089785FF1FCA
:1074300023AAC52286077CD354C7930750FA3CA4DD
:107440008347E4025EBCA9B92285EFF00FCF89B96A
:10745000794759B729070E0751BF411122C4930537
:1074600055012A84285D014626C206C64AC097C037
:10747000FD1FE780208E894435E5032984079D465A
:1074800093040008034709003D8B58B48347190053
:107490007CA46319D70403478402994413678700C7
:1074A0002304E402034729009376F70319831DEBB5
:1074B0001387160091446377F702FD17958F230712
:1074C000F4028347390093054900858B8DCF8346AD
:1074D00044050D47834709006392E61293F70704BA
:1074E00089EBC544B24022440249268592444101B9
:1074F000828068501946510597A0FD1FE780402EF5
:107500009305A90079DD83473900C94413F72700A3
:1075100071FB230E040413F74700CD4461F793F485
:107520000702639F041213F7870005C3983185662D
:10753000938606F02207758F94218905558F3AB4FA
:1075400003C7F5FF1183A304E402C18BB9CF9C21CB
:107550000967130707F093F7F7032302F402BC212E
:10756000A207F98F9831D98F939757607EB0038720
:107570000500635F07081307C012034654028546DF
:10758000B387E70278246317D6082D070A07998F77
:10759000138747ED9306405163F1E6088347840261
:1075A00093E707042304F4028D058347390093F71A
:1075B000070481C79C21A301F402030744013C385E
:1075C000634AE00885475CA82C380545EF80FEFD3E
:1075D00008B82285EFF0CF838547E315F5F08347A0
:1075E00084021307000293F70706E39DE7EE930773
:1075F00050FA3CA48347E4025EBCEDB50347540552
:1076000093D76748E31FF7EC194613056405EDB5FA
:107610007947A5B729070E079DBF138781B310438C
:1076200054461395164948C60F10000018433706F4
:107630000200938757ED10C7130600081785FF1F38
:107640002322C50286077CD354C78347840293E76D
:10765000070289BF858399C33CB8BDB78547EDBF95
:10766000D94449B5011126CA938481B4984022CCEB
:107670004AC84EC606CE5C57138981B2938981B33E
:10768000F59B5CD703270900834645021784FF1F3B
:10769000130444FC1C4393F6F607014693F707F8DE
:1076A000D58F1CC3B7C7898E938767ED1CC7B757A3
:1076B0005500938757555CC303A709009305F00F46
:1076C0005C4393E717005CC3930710FA3CA503459E
:1076D00055022320040097C0FD1FE780809583A6F4
:1076E0000900232A040003270900232204008547F8
:1076F0009CC21C433706330093F7F7CF1CC31C43CF
:1077000093F7F7CF93E707201CC39840F2406244F9
:107710001C47D2444249D18F1CC7B7070300938747
:107720008715BCCAB24905618280411106C622C4D0
:10773000FD572308F502834715022A842301F50229
:10774000A147A300F502354597D0FD1FE780003221
:107750002285EFF03FF1938781B398435447139606
:10776000164950C70F1000009C433707020098C706
:10777000130700081786FF1F2326E6EE0567130789
:1077800027A8F8D3D4C7930740FA3CA4B2402244B8
:1077900041018280011122CC930555012A84285D84
:1077A000014606CE26CA4AC84EC652C497B0FD1F2F
:1077B000E780405A63110542832984071307F007C5
:1077C00083C60900BD8A54B483C71900A301E4022B
:1077D000230A040493F7F7037CA4230E04041D4733
:1077E0006399E632544C1167758F6318073E03C9DD
:1077F00029009374F903138714006392E73E135929
:1078000069002304240383C73900138A490013F74E
:10781000170051CB6317093CC18B91C70347140272
:1078200089476300F73C8547230AF40483C70900AE
:10783000D285194693D7674813056405A30AF40453
:1078400097A0FD1FE78020E883C73900E514138A5D
:10785000A90013F7270093F4F40F25EB83C7390031
:1078600013F747006311073893F60701A18BC5C3CF
:1078700083471A000567130707F0A207F98F03472C
:107880000A00D98F3EB483471A009183A304F402FF
:10789000FD572301F402C1E6F914090A93F4F40F29
:1078A000A3060402F9A0FD1413F7270093F4F40FC4
:1078B00055D7630C09008D44F24062444249B249F5
:1078C000224A2685D24405618280C18B91C7034735
:1078D00014028947E301F7FE8547230EF4043C5C5C
:1078E000D28519469C231305E405E9149D83A30E54
:1078F000F40497A0FD1FE78000DD83478402190A86
:1079000093F4F40F93E747002304F40281BFFD577B
:10791000A304F4022301F402C1D6D54471BF97D069
:10792000FD1FE780000D83472A000967130707F052
:1079300093F7F7032302F40283474A00A207F98F63
:1079400003473A00D98F939757607EB003072A0008
:10795000635507006177D98F7EB083474A00094796
:107960009583A302F402E36AF7FAED14150A93F47F
:10797000F40F83C7390013F707026318072613F7BC
:10798000070405C313F7070111C78346140209470B
:10799000638FE62403470A00FD1493F4F40FA30158
:1079A000E40263980424631A09022285EFE0BFAE63
:1079B00019E1A54411B72285EFE09FC27DD983C7A5
:1079C0003900C18B95E397D0FD1FE78080022285A7
:1079D00023070402EFE0DFC389B7C18B91E797D09B
:1079E000FD1FE780000115BF834754027230230654
:1079F00004028507A306F4029317566063DF070CA1
:107A00004E064D829307C012034714023306F60256
:107A100085476316F7007C24A9078E071D8EB707DC
:107A20004B00130746ED938787DA63E6E71C93075D
:107A3000005063E6C70A938481B39C40D8479316ED
:107A40001749D4C70F1000009C40B70602001789E1
:107A5000FF1F130929C094C7130656ED93060008AB
:107A60002328D9000606F0D3D8C7F8537DFF8347F3
:107A7000140222852301F402A147A300F402EFF0CF
:107A80007FBE9C40D84793161749D4C70F100000FB
:107A90009C40B70602009304000294C793060008B6
:107AA0002328D9009306A032F4D3D8C797B0FD1F7E
:107AB000E780E02783270900858BE38F07DE228597
:107AC0006244F240D2444249B249224A9787FF1F9A
:107AD00023A207B805616FF02FABF94735B703470D
:107AE00004039307F00F93041002E317F7DC9307E6
:107AF00010271306F6D83356F60293060403A28520
:107B0000170500001305A5C29304F007EF80EEC728
:107B100065B3130770043357D700058B930400082F
:107B2000E30C07D8E91793F7F70F7D47E366F7D81B
:107B30008544230A940483C70900194693852900C4
:107B400093D7674813056405A30AF40497A0FD1FA3
:107B5000E78060B75C34230E0404639197022C5CC9
:107B6000230EF40419469C211305E405A1059D8309
:107B7000A30EF40497A0FD1FE780E0B42285EFE098
:107B80009F918547AA84E316F5E22285EFE05FA581
:107B9000E31195E25C3481C71947639CE7006434C4
:107BA000858881C88347440589C71C3889CFFD175C
:107BB0001CB897D0FD1FE780C0E358349147631885
:107BC000F7009D44D5B92285EFE03FD7F5B1228576
:107BD000EFE01FA4FDB78944C5B1A144F1B99144B8
:107BE000E1B9C544D1B9CD44C1B9D944F1B1DD44FD
:107BF000E1B1E144D1B1930410027DB9411122C435
:107C0000930555012A84285D014626C206C697B011
:107C1000FD1FE7802014894429E12C5C7D479144B5
:107C20009C31230E040493F7F7037CA4E91793F720
:107C3000F70F6364F7029C211147A144BD8B5CB42C
:107C4000639DE700834644050D479C21AA84639504
:107C5000E60493F7070481EBC544B240224426852D
:107C6000924441018280685019468905510597A0C8
:107C7000FD1FE780E0B66DD1030744013C3863483F
:107C8000E00285475CA82C380545EF801E9208B8B5
:107C90002285EFE0FF97D1B70347540593D7674894
:107CA000E31CF7FA1946890513056405C9B78583EE
:107CB00099C33CB8C9BF8547EDBF011122CC1784D9
:107CC000FF1F13042499584C26CA06CE4AC84EC634
:107CD00095479774FF1F83A4647C6306F700584C94
:107CE0008D47631FF7008347140281E793076010F5
:107CF0001EB0F2406244D2444249B24905618280DA
:107D00005C4C138981B383270900370702001945AA
:107D100023A2070698C79787FF1F23A50794938977
:107D200081B297D0FD1FE78060D403A70900B7C7D1
:107D3000898E938767ED1CC7B757550093875755B2
:107D40005CC383C724021307F00F6387E700A38097
:107D5000F402FD572381F40203270900014693052D
:107D6000F00F5C43014593E717005CC3930710FADB
:107D7000BCA499475CCC9787FF1F23AD078C138465
:107D800081B497B0FD1FE780C02A18405C57F59B6F
:107D90005CD783A6090098349C421377F70793F7C2
:107DA00007F8D98F9CC29777FF1F83C7E73699C71B
:107DB00003A581B197A0FD1FE78000D903A70900A3
:107DC000B70633001C4393F7F7CF1CC31C4393F74C
:107DD000F7CF93E707201CC318401C47D58F1CC75B
:107DE00003270900B7070300938787153CCB9787C4
:107DF000FF1F23AB07869787FF1F23AF07848547A5
:107E00001CC3C5BD411122C406C626C21774FF1F7C
:107E10000324C46803471402A147630BF70A97863B
:107E2000FF1F83A6E68499476394F60A89441C34AD
:107E30006315970A130770026380E7101307500257
:107E4000930570026394E700930560020CB483A766
:107E500081B298433706CEFF7D161377F7CF1367AD
:107E6000071098C303A781B4144703A581B337084B
:107E70003300F18E14C73706030030C99776FF1F11
:107E800023AA067C9776FF1F23A0067E9776FF1F06
:107E900023A4067C854614C194431306861593F6E5
:107EA000F6CF94C3944393F6F6CF93E6062094C39B
:107EB0001447B3E6060114C730C95457F59A54D78E
:107EC0009843137707F84D8F98C3930710FA3CA493
:107ED000B2402244924441018280130770026386BB
:107EE000E702930650026394D7001307600218B4A8
:107EF00083A681B4DC56F59BDCD683A681B29C4276
:107F000093F707F8D98F9CC2C9B783470402898BBE
:107F100085C77238A1451775FF1F03459517EF8078
:107F2000CE9293075002A30094021CB42244B240A4
:107F3000924441016FF07FD822852244B24092449E
:107F400041016FE09F899777FF1F9387A74D03A794
:107F5000070A25E31777FF1F1307C76F504FA9467E
:107F60006309D604544F2D476385E604411122C4AA
:107F7000A05F06C61775FF1F0345B51183470402AE
:107F800013F7170011C78547322CA300F40239A05C
:107F9000898BF5DB72388947A300F402A145EF8095
:107FA000CE8A930750021CB42244B24041016FF0C4
:107FB000DFD08280011122CC26CA4AC84EC652C4E4
:107FC00056C25AC006CE1774FF1F0324244D930ACD
:107FD000200A1309100A9304600A130B400A93093C
:107FE000500A177AFF1F130AEA663C246398570B5E
:107FF000938781B3984354471396164950C70F107F
:1080000000009C43370702009774FF1F9384846429
:1080100098C71307000898C803A781B218431357DD
:10802000774835C31307E018F8D3D4C797B0FD1FBE
:10803000E780E0CF9C40858B8DCB9777FF1F23ABEC
:10804000076097D0FD1FE780C09A2285EFF01FBB25
:1080500009CD030744013C38634A0702FD575CA879
:108060002C380545EF806ED408B81C2463880712AD
:108070006244F240D2444249B249224A924A024BF7
:1080800005616FF09FC31307E01A79BF860793F766
:10809000F70F99C33CB8E9B7FD57EDBF63912703CC
:1080A00083270A00858BF1D322859777FF1F23A3AF
:1080B000075AEFF02FEE3C24E39927F37DB7639244
:1080C000970A938781B3984354471396164950C72C
:1080D0000F1000009C43370702009774FF1F938422
:1080E000645798C71307000898C803A781B21843BC
:1080F0001357774821CF1307E018F8D3D4C797B0A8
:10810000FD1FE780C0C29C40858B89CF9777FF1FFA
:1081100023A2075497D0FD1FE780A08D2285EFF0A2
:10812000CFB309CD030744013C3863440702FD5730
:108130005CA82C380545EF804EC708B83824930753
:10814000500AE314F7F2EFE0FFAC05B71307E01AAB
:108150006DB7860793F7F70F99C33CB8D9BFFD57A2
:10816000EDBF639A670397B0FD1FE78040BC83278C
:108170000A00858B81CB22859777FF1F23AC074CA4
:10818000EFE09FC03C2463943701EFE0BFA83C249C
:10819000E38D97E4D9BDE38A37FFC1BD9777FF1F11
:1081A00083C787F799CF6244F240D2444249B2492B
:1081B000224A924A024B0145056117A3FD1F670041
:1081C000A398F2406244D2444249B249224A924AB8
:1081D000024B056182804111B7E700E026C284436B
:1081E0003707200006C622C44AC0F98C23A0E7182E
:1081F0000F1000009777FF1F9387C74503C717022B
:1082000011CB83C6070209476396E6001777FF1F65
:10821000A3020746D44F21476386E600D44F1D478B
:108220006398E600D84F2380E7020547A380E70262
:1082300097C0FD1FE780E07B1774FF1F032404260F
:108240006840231504002304040097B0FD1FE78055
:1082500040F71779FF1F1309A9E30345390091453A
:10826000231004042322040423240404EF701EE6D4
:1082700003453900A145EF707EE5034514039307DC
:10828000F00F6307F500EF70DEEDFD57A308F40271
:10829000034504039307F00F6307F500EF707EECCE
:1082A000FD572308F4029777FF1F83C7E7E691C7BE
:1082B000014597A0FD1FE7802089B2402244B7E71F
:1082C00000E023A0971002499244410182804111AD
:1082D00006C6FD57A308F50245469305000801456B
:1082E000EFD03FC6B24041016FF0FFEE9777FF1F1E
:1082F00083C737DA85EF41111765FFFF1305852C1A
:1083000006C6EF802E88EF608FB8B24097E7FFFF78
:108310009387670F1777FF1F2324F718970700002D
:10832000938787C923ACF1B04101828097E7FFFFB3
:108330009387670D1777FF1F2324F7169707000011
:10834000938787C723ACF1B08280411126C206C64D
:1083500022C44AC0EF903F84AA8439C9EF904FF2FB
:108360002A8463050510930710113EA5930700FBAF
:108370007CA585471CA91779FF1F1309E9D38357EB
:1083800009011307401093053025A50713050004C4
:10839000B3C70708B3D7E70A33F5A70A97B0FD1F9D
:1083A000E780C0D52328A41019E90A24EF905F8C38
:1083B000B240224402492685924441018280977747
:1083C000FF1F83A7E72C232AF4109777FF1F9387BB
:1083D000670503A6070D83A6470DBA3F83C7A70409
:1083E000232CC40E232ED40EA304F416FD57231001
:1083F000F4047EB01EB48347E4022324C410232671
:10840000D41093E707FC2307F4028567938787BBA3
:108410002315F4042312E414228523130414EF70AB
:108420009FF0034549012301A414EF10206CD147AC
:10843000A303F41893078002A302F4189307C04E15
:10844000231CF4169307F007230DF416F577938792
:10845000A7EB231EF416A301A4142300A418A30061
:10846000A4189777FF1F239307FC99B7854489B712
:10847000411122C426C24AC006C69774FF1F9384C6
:1084800064FA2A84A830834504031779FF1F13096F
:10849000A9C2A307A402EF80EE889775FF1F9385FA
:1084A000A5C6D2253E3C93060032232AA408338772
:1084B000C7028C453358D7023377D70223260409E5
:1084C0001308204E33070703B38707033347C70258
:1084D000B3D7A7021AB003478901BA971A3C93870A
:1084E0008716B3C7070805073307C7022312F40826
:1084F000130707193357D70283268408BA9663E512
:10850000E600368663E4B6003386B640034774035C
:108510009306204E2313F4083307D7022328C408F8
:1085200022852311E408EF705FBF2285EF705FDAC8
:108530006E3C22859205F915B3C50508EF703FBA68
:108540002285EF909F8083A701B123A0840A898BA5
:1085500091CF8327090399CB8325840935458297D9
:10856000832709038325C40939458297228522443C
:10857000B240924402499777FF1F239C07EA9777FE
:10858000FF1F23A907EA41016F808FBE835745086B
:108590000357050889463357D70AB397E7002313D3
:1085A000F5086F80AE87011122CC26CA4AC806CED4
:1085B0004EC68347650338392A848507230BF502A5
:1085C000138981B35C25938481B2631A07501439EF
:1085D000BD9B93E73700130700045CA5A30D0500BE
:1085E00038B99397466063D8070093F6F60714B935
:1085F000EFD00F8039A88327850A13F7270025C3FA
:10860000F59B2324F50A83270510918BB1C7EFA0B2
:108610003FC9343C854758246399F6048327841165
:10862000DC4398A3832784115838DC4398B303278D
:108630008411832709005843B8DF9C4098431317DF
:10864000772998C3D857719BD8D7F2406244D24457
:108650004249B24905618280EFA09FC25DBF13F716
:1086600017000DC3F99B2324F50A8327041158240E
:1086700098A383270411583898B383270900032748
:1086800004115DBF182985496310371DE1C313F735
:10869000070119C7BD9B2324F50AEFB0CF9F95BFF3
:1086A00013F7070201CB93F7F7FD2324F50AEFB088
:1086B0000FB285B713F7070401CB93F7F7FB232419
:1086C000F50AEFA09FC2B1B713F7070809CB93F7DC
:1086D000F7F72324F50A2285EFA09FCD1DBF13F7DE
:1086E000072009CB93F7F7DF2324F50A2285EFA0B3
:1086F000FFDC05B713F7074001CB93F7F7BF23243F
:10870000F50AEFB0FF9131B71317B0287D8F01CB79
:108710009397B7482324F50AEFA09FF2DDBD0567C4
:108720007D8F01CB9397C7482324F50AEFA0BFF3B1
:10873000CDB509677D8F01CB9397D7482324F50AE0
:10874000EFA0DFFDF9B52324050A05B78327450A05
:108750006384073013F7070401CB93F7F7FB232259
:10876000F50AEFA0BFAB75B513F7071001CB93F770
:10877000F7EF2322F50AEFB0AF9661BD13F707209C
:1087800019CBCD8A6391060E93F7F7DF2322F50A02
:10879000EFB0AF99BDBD13F7074001CB93F7F7BF1B
:1087A0002322F50AEFA0FFB1ADB51317B0287D8FD6
:1087B00001CB9397B7482322F50AEFA07FB491BD70
:1087C00005677D8F11CBCD8AD9EE9397C7482322B9
:1087D000F50AEFA09FC635BD11677D8F01CB93973A
:1087E000E7482322F50AEFA01FE025B541677D8FFA
:1087F00001CB939707492322F50AEFB0CFA611BD0D
:10880000370702007D8F01CB939717492322F50A82
:10881000EFA01FE1FDBB370710007D8F01CB9397C1
:1088200047492322F50AEFA05FEAE5B33707800046
:108830007D8F01CB939777492322F50AEFB0CFDBE9
:10884000C9BB2322050A15B519CF1306A005636716
:10885000E6041306F003636AE60015171377F70FB3
:10886000F54763F4E702228561B3130707FC13772A
:10887000F70F6946E369E6FE17E600001306C6999E
:108880003347C72018433297028797E60000938644
:10889000669F3347D7201C43B697828793072007EC
:1088A00063ECE7029307000763E8E722930760069B
:1088B0006301F722130767F91377F70F8549E3E49C
:1088C000E9FAEFC0FFD28327040A9397B728232041
:1088D000F40A2308340135BB93076007E30EF7E27F
:1088E00093076008E311F7F8EFA05FE33DA01317CB
:1088F000B0287D8F2DDB9397B7482324F50AEFA08E
:108900003FD4930700041CA829B38347B5029DC335
:1089100005476396E700EFB08F8B8547EDB7832758
:108920000510918BC5C7BD472306F4022285EFA031
:108930003F97E5B7EFC0DFCB8327040A93E7270013
:108940002320F40AD9BFEFC0BFCA85471CA88327DC
:10895000040A2311040693E747002320F40A55B9BB
:10896000EFA06FFFD947230AF40465B1EFC05FC8D9
:108970008327040A93E717002320F40A230804003E
:1089800049B99790FD1FE780605FE30405C88547FC
:10899000A306F4042285EFA0BF868347C404F99B95
:1089A0002306F404BDB1EFC0BFC4C9BF832785103F
:1089B000858B81C7EFA07FE4A9B9E947A305F5023C
:1089C00083270510918B99C38D47B9BF2285EFA0EE
:1089D0003F8BA1B7EFA0CFFA8347D40491CB414698
:1089E0009305C40A1305C40C9790FD1FE780A0CD22
:1089F0008347C4042326040E2328040E93E717009C
:108A00002306F40439B183270510918B91CB8D4750
:108A10002306F502EFA0DF881C38DD9B1CB8F5BDEE
:108A2000EFA01F86D5BF8347C5042322050E23244C
:108A3000050E93E727002306F504EFA02FF61C3858
:108A4000A3050402DD9B1CB88327040A93E70701F2
:108A5000C5BDEFA09F89D1B59790FD1FE78000525B
:108A6000E30905BA09B50347A51411CB834765147B
:108A7000B317F0286385E70093E6060114B90347AE
:108A8000B41419CB83477414B317F0286386E70036
:108A90001C3893E707011CB87C2C91CF1C38C18B84
:108AA00099EB8327040A93E707202320F40A228501
:108AB000EFC01FB49DB58307B417F5DB83274410BF
:108AC000898BF5D78327440A939747292322F40AF1
:108AD000F9BFEFB0EFD491B5EFC09FB1DDBB177711
:108AE000FF1F130727941E2B85071EAB1DB6834758
:108AF000E518858B638C070E397122DC06DE26DAD9
:108B00004AD84ED652D456D25AD05ECE62CC834783
:108B100065132A8413D737002A97834607139D8B42
:108B200033D6F640058A55CE034545037D57FD47AC
:108B300059152C003AC43EC613154560EF10401479
:108B40000326841322478326C413B247718FF58FFF
:108B50006314E6006386F6062800EF904F9A894773
:108B600063F0A70629468145130574199790FD1FE8
:108B7000E780E0BB2249B249814A0D4C930B500279
:108B800056864A85CE85139A4A60EF90D051135B82
:108B90002A40229B137A3A00058983447B19060AEE
:108BA00005CDB394442993F4F40FA30B9B18850AC5
:108BB000E3987AFD8347E41893E787002307F418C6
:108BC000F2506254D2544259B259225A925A025B1C
:108BD000F24B624C21618280331A4C01B3E44401B0
:108BE000D9B7B396F6282308D712D9BF8280397136
:108BF00026DA9774FF1F9384E48222DC03A4C4095D
:108C00004AD84ED656D237090300B74A0F00B709E3
:108C1000008252D45AD006DE5ECE62CC66CA6AC8E2
:108C20006EC6130A8915138BFA23FD197C241307CA
:108C3000000D639BE71E938B81B383A70B009843C2
:108C40000D8B1DC3238E01A0B84B1377F78FB8CBC4
:108C500098431367870098C39C4393D7374889C7C5
:108C600001000100010001009767FF1F83C7C74A89
:108C700089E79790FD1FE78000598347C404858BDF
:108C800089C7A2850545EF00D053138C81B2032715
:108C90000C0083472414938C81B4545793954760F8
:108CA00093F7F703B3F63601E607D58F5CD7930643
:108CB000A00383A70C0063D8B610F44F3706000753
:108CC000D18EF4CF8327840983A60B00177DFF1F65
:108CD000130D4D981CC78327C4095CC3DC4293E77E
:108CE0001700DCC25C57F19B93E717005CD78355F4
:108CF000041E0356241E03457414930710FD7CA420
:108D000091059307000C2320FD00B3C5050897A02B
:108D1000FD1FE780003283457414054683A60B00CF
:108D20000357240883576408639BC50C1307170374
:108D3000D046B3A7E72013171649D8C60F10000076
:108D400003A70B00B7060200860714C793060008A6
:108D50002328DD007CD350C79777FF1F23A60790F9
:108D600003A60B009777FF1F23A8078E85471CC219
:108D70008346C40483270C0003A70C00858AD9C24C
:108D80009443B705330093F6F6CF94C3944393F618
:108D9000F6CF93E6062094C31447CD8E14C79306EE
:108DA000891734CA5457F59A54D7834664139843A5
:108DB00093F6F607137707F8558F98C397A0FD1F12
:108DC000E780E0F6A5B59306200263DAB600F44F1B
:108DD000370600F97D16F18E37060005D5B5370642
:108DE00000F9E9467D1663D7B600F44FF18E3706D9
:108DF0000003F9B5F44FF18E93968629D9B5130780
:108E000017043DB79443B705330093F6F6CF94C3E8
:108E1000944393F6F6CF93E6062094C31447CD8E81
:108E200014C723284605BDBF1307100D6390E752F2
:108E3000977BFF1F938B0B8283A70B00858B638C23
:108E4000074483A70B0093F70708CDCF7C34176C3A
:108E5000FF1F034CEC2793F7070299CF3E3C130703
:108E6000204EB387E70203274409B3D7E70213076D
:108E7000CC03BA972312F408976DFF1F938DCD286A
:108E80000355440803DDCD0037460F0013051504D4
:108E9000B325A50313060624814683AC4B03330593
:108EA000AD02EF90D0638327C40803A68D003385FD
:108EB000A740B3079501BE8563E4A70063E4C7003C
:108EC000B385C74003270409636FB712835664084C
:108ED0008357240813850A240D8FB3A7F620B38780
:108EE000A703DA97B3D7A7026365F7001D8E6374F3
:108EF000E6002328B4088582B3F6860B2310040805
:108F00002313D408032544111306240393054403B3
:108F100097A0FD1FE78000E403D764048347440360
:108F200023ACAB00998F230AF40283274411130763
:108F3000F0039C236364F7008D8B81E7854723ACA6
:108F4000FB0083A78B01858B639907268347A402C7
:108F500093E727002305F40283A70B0093F7070884
:108F600089CF0347641393573700A29783C607132B
:108F70001D8B3397E6482388E7127C34898BD5C351
:108F80002285EF70CFBA51ED7C34A309040093E73A
:108F900047007CB4832784118DCB383C1DC798379C
:108FA000058B05E7BA27C843136707F0BAA797A050
:108FB000FD1FE78000218357440485072312F40432
:108FC000832784119C43232CF4105C3881CB834786
:108FD000C404898B81C72285EF70AFB91C281307A1
:108FE00020026394E7028327040AA305040293E79F
:108FF00087002320F40A1C3893E787001CB89307E6
:1090000040021CA839A83297D1B513070006639C0B
:10901000E70A85471CA88347A40293E717002305A6
:10902000F40283A78B01898BF5C38347C404858B26
:10903000F1CF1C3C85071CBC7C3413F7270031E3BF
:1090400093E727007CB4930700F85CAC3E3C130721
:10905000204EB387E70203274409B3D7E702176717
:10906000FF1F0347E7061307C703BA97B3C70708ED
:109070002312F40886072311F4089767FF1F23A320
:10908000074422859767FF1F23A6075CEFF0AFD147
:109090004C3803456414910597A0FD1FE78060D507
:1090A0005C386381071C8347C404898B638C071A6F
:1090B000A2850145EF00F00A6308051097C0FD1F67
:1090C000E78020939DA4130770066397E70203A728
:1090D00081B23C57ED9B3CD79767FF1F238D075804
:1090E000371700401E2FC607C5831EAF5C2493F7B9
:1090F000F7FD5CA4854731B77147E394E7F2832716
:10910000040A93E717002320F40A21BF2285EF7099
:109110002FA41DF1A30C04002285EF708F9E1C3834
:10912000A18B8DCB7C289DC77C38094793F7B70F5F
:109130006382E7029307D003230AF40493077002C3
:109140001CA88347C404858BE38807EE2285EF7053
:109150004FA7DDB55C340D476394E7047C381307F3
:10916000A0026372F7027C381D476388E702A306FA
:10917000F4028327840A228593E717002324F40A44
:10918000EFA08F8319A817D70000130727F1B3C7E3
:10919000E7209C432285829779F57C28DDF369BD21
:1091A000E38C07E87C28E38907E822859790FD1F78
:1091B000E78040ECE31205E8CDB71C2C85071CAC1A
:1091C000FE248507FEA48DBD03A781B21C43B7060C
:1091D000330093F7F7CF1CC31C4393F7F7CF93E704
:1091E00007201CC303A781B41C47D58F1CC7B70732
:1091F000030003A781B3938787273CCB83A781B262
:1092000098431317772998C3D857719BD8D79307DA
:1092100020FD7CA49767FF1F83C707F0E39007BA80
:1092200083270412E38C07B87834058BE30807B86A
:10923000D443D0278C270A248906EF309010E31FEF
:1092400005B683270412BA27136707F0BAA79C4311
:109250002320F41283572404E38207B6FD17231159
:10926000F404A9BE03A781B21C43B706330093F7E9
:10927000F7CF1CC31C4393F7F7CF93E707201CC31A
:1092800003A781B41C47D58F1CC783A781B31307DD
:109290008925B8CBA5B783A781B3FC53E39807987A
:1092A00097B0FD1FE780E07483A70B00228593F73A
:1092B00007086381071EEFF06FADBE282285850782
:1092C000BEA8EFF0DF8283570404A5C3130740064E
:1092D000B3F7E702B9EB83A701B1898B9DCF17697B
:1092E000FF1F130969DD0327090305CB9E28AE285C
:1092F0002545C207DD8D029783270903EE24294502
:10930000829783270903831524032D45829783279A
:10931000090383054403314582979767FF1F239A0A
:1093200007109767FF1F23A7071022856254F2508A
:10933000D2544259B259225A925A025BF24B624CB1
:10934000D24C424DB24D21616F706FED1307200D6D
:10935000E396E7D6976BFF1F938BCB2F83A74B002A
:10936000858B638C07120327040A9767FF1F23A5C9
:10937000072E8967F98FEDE722859790FD1FE7801B
:1093800060DC8547631EF50C8355041E0356241EBE
:10939000034574149105B3C5050897A0FD1FE78028
:1093A00040C98347C404138C81B3938C81B2858BED
:1093B000138D81B4BDCBA2850545212503A70C00E3
:1093C000B70633001C4393F7F7CF1CC31C4393F736
:1093D000F7CF93E707201CC303270D001C47D58F49
:1093E0001CC783270C0013078917B8CB930710FD00
:1093F0007CA483270C00D44713971649D8C70F10B5
:10940000000083270C003707020098C713070008E5
:1094100023A8EB0003A70C0018431357774815CF78
:109420001307E018F8D3D4C751BA03A70C00B70646
:1094300033001C4393F7F7CF1CC31C4393F7F7CFBC
:1094400093E707201CC303270D001C47D58F1CC7BB
:1094500083270C0023A8470551BF1307E01AD9B78B
:1094600097B0FD1FE780E0581C3C85C73D476379F6
:10947000F7009305D0032285EF706FEDA305A402DA
:109480009767FF1F83A747C689C7954513055008EF
:1094900082972285EF701FAC49BD83A781B3FC532F
:1094A000639607F897B0FD1FE780A054DDB7411120
:1094B00006C6EF605FB09767FF1F9387A7F617F7A1
:1094C000FFFF1307C7E823A8E70AB24017F7FFFF1B
:1094D000130747FA23AAE70A97F7FFFF93876771F5
:1094E00023AEF1B041018280797122D42A84130520
:1094F000050B06D626D24AD05AC84ECE52CC56CAF2
:109500005EC662C4138941A2EF806FFF8327090002
:109510008324040AA307A4088297176BFF1F130B69
:10952000ABBE63EAA416B74B0F00938B0B243385B5
:10953000A440B33575030356CB008146130C204E6F
:1095400033057503EF90A0798327090023000408F1
:10955000AA89829723A0A1B28357EB008324C40D6C
:10956000176AFF1F034ADAB69387471FB3C7FB0288
:10957000A180B3C404080359CB00814681454A86C3
:10958000B38A840333057A03B3DAFA02EF902075C5
:10959000130700324A8681468145B30799029354E6
:1095A0001A00AA9AB3F7E702B3878703B3C7270362
:1095B00033857403B3C70708BE9AEF90407256957F
:1095C000636E350137153D004A86814613050590C7
:1095D0008145EF90C070B38AA9408D44B3355903DB
:1095E0008329040A37460F002326540B130606244A
:1095F000814633055903EF90806E63E2A90A3385F3
:10960000A9402322A40A0345D4079307F00F63045B
:10961000F500EF601EB58327440A1765FF1F032579
:10962000E5E863E29708338697408327C40D035724
:10963000CB009306D407A183B3C70708B387E7021B
:1096400013070032A2859387071933D7E70297A043
:10965000FD1FE780400A0347D4079307F00F630F0D
:10966000F7005C4C05472300040893E76700A30854
:10967000040C2319E40C5CCC230EE406B2502254F3
:1096800092540259F249624AD24A424BB24B224C9E
:1096900001454561828083278B00BE9469B583278D
:1096A0008B00BE99A9BF03278B00BA97ADBF0111EC
:1096B0004AC81769FF1F1309E9D622CC0324C90B36
:1096C00026CA4EC652C456C206CEAA848149130A7F
:1096D0002500854A39E093057025314597A0FD1F87
:1096E000E780C0A12A84014539C89C30194693857A
:1096F00024001CB0130524009780FD1FE780A0FC08
:109700008327C90BB1E7232E890A2324040083474A
:10971000890B8507230CF90A15A018309C306305C6
:10972000F700A28900447DB71946D28513052400AD
:109730009780FD1FE780C00AE31555FF0545F240FD
:109740006244D2444249B249224A924A0561828027
:10975000E38D09FA23A489004DBF1765FF1F032578
:1097600025D811E99767FF1F23AC07D69767FF1F1E
:10977000238607D68280411106C622C4004597A0E1
:10978000FD1FE78000A4228575F8B2402244976748
:10979000FF1F23A707D49767FF1F238107D4410129
:1097A00082809767FF1F9387E7C723AE070A238C42
:1097B000070A8280138741B21C439306001094C3AA
:1097C00001000100010001001C4323A00700143127
:1097D00003480500A206B3E6060103482500420837
:1097E0003368D8003431E206B3E6060194D7543129
:1097F00003484500A206B3E6060103486500420897
:109800003368D8007431E206B3E60601D4D71435C4
:1098100003488500A206B3E606010348A5004208F6
:109820003368D8003435E206B3E6060194DB5435DC
:109830000348C500A206B3E606010348E500420856
:109840003368D8007435E206B3E60601D4DB943100
:109850008821A206C98EA8214205558DB431E206A1
:10986000C98E94CFD431C821A206C98EE821420501
:10987000558DF431E206C98ED4CF88259435A206E1
:10988000C98EA8254205558DB435E206C98E94D3FC
:10989000D435C825A206C98EE8254205558DF43574
:1098A000E206C98ED4D3D443F59AD4C3D44393E605
:1098B0001600D4C3944393E6160094C31443DC42C9
:1098C000858BBDE39C4E01451CA21C439C4FA1838C
:1098D0001CB21C439C4FC1833CA21C439C4FE183A0
:1098E0003CB21C43D84F58A2D84F218358B2D84F0E
:1098F000418378A2D84F618378B2985318A69853C1
:10990000218318B69853418338A69853618338B69B
:10991000D85358A6D853218358B6D853418378A634
:10992000DC53E1837CB68280010049BF011122CC67
:109930002A84354506CE2EC632C497B0FD1FE78077
:10994000E01203A781B33C4B228593E707083CCB89
:109950002246B245EFF01FE6F24062440145056140
:10996000828003A781B33C4B93E707083CCB0100FF
:1099700001000100010093850508F851160583A731
:1099800041B21365050888C398CBB8550145D8CBBB
:10999000D85D98CFB841D8CFF84198D3B845D8D33F
:1099A000F84598D7B849D8D7F84998DBB84DD8DBEF
:1099B000F84D98C7B851D8C798431367070498C3A0
:1099C000828003A781B33C4B93E707083CCB01009F
:1099D00001000100010093850508F855160583A7CD
:1099E00041B21365050888C398CBB8590145D8CB57
:1099F000D85D98CFB841D8CFF84198D3B845D8D3DF
:109A0000F84598D7B849D8D7F84998DBB84DD8DB8E
:109A1000F84D98C7B851D8C798431367070498C33F
:109A2000930700081767FF1F2322F7C4828083A7CC
:109A300081B29843370600827D161317772998C3A1
:109A40001307F03F98DF13070005D8DBD85713172B
:109A5000F729D8D7D4571757FF1F03472767931500
:109A600047601377F703F18E6607558FD8D79306B3
:109A7000A00303A781B463DFB602744F3706000763
:109A8000D18E74CF370702001307C720D8DF984B59
:109A9000137707FC1367E70098CB37E700E0D1475F
:109AA000A309F7049797FD1F9387271593E71700DE
:109AB0007CD782809306200263DAB600744F3706A3
:109AC00000F97D16F18E370600055DBF370600F9F7
:109AD000E9467D1663D7B600744FF18E3706000352
:109AE00045B7744FF18E9396862961BF1307A00383
:109AF000AA87636EA7041307A0020D45636AF704E3
:109B00001307200209456365F7046947054563614A
:109B1000F70451470145636DF70249477D55636975
:109B2000F702394775556365F70229476D5563613B
:109B3000F70219476155636DF7001147595563697D
:109B4000F700094745556365F70031558280114597
:109B500082803557AA87634CE50449570D4563C990
:109B6000E7045D57154563C5E70465571D4563C1A7
:109B7000E70471572D4563CDE70279573D4563C929
:109B8000E7024D4563C6070255459DC305476D4530
:109B90006380E702094713053002638BE7000D4736
:109BA0001305B0026386E7001305B0038280054504
:109BB000828019C5371700401E2F9397F7281EAFD4
:109BC0008E0522069767FF1F2387B7AA498E83A7B2
:109BD00081B24D8E13164629B0D7B8571367470088
:109BE000B8D7B85789C613172729B8D78280131753
:109BF0002749E5BF411122C406C61764FF1F13049D
:109C000064A503470402A1476318F7021757FF1F13
:109C10000347C77C9757FF1F9387477E058BB03359
:109C2000B42321CBC84331C50C310905EF40CF9592
:109C300001C58547A300F402034704029947631A4C
:109C4000F7009767FF1F83A76785BC3795C7EFE0CD
:109C5000CF86034704029D476310F7029767FF1FF3
:109C600083A70785FC3389CB2244B24041016F6052
:109C70003008814501455DBFB240224441018280E8
:109C80005D71B7E700E0CAC003A90700A6C24EDEB7
:109C90003707200086C6A2C452DC56DA5AD8AA84F6
:109CA000AE893379E90023A0E7180F100000138470
:109CB00081B21840138A81B4938A81B31C43370B55
:109CC00003001306800293F7F7CF93E707101CC336
:109CD00083260A003707CEFF7D179C4693051008A0
:109CE0002800F98F9CC683A70A0023A867059780E0
:109CF000FD1FE780C0A3354597B0FD1FE78000D763
:109D00001C4093F6F41F3706330023A40700984B3A
:109D1000130B8B15130510F81367F70398CBF84F47
:109D2000130E401F914E137707E0558FF8CF9843DD
:109D3000130380021367070898C31767FF1F2325C3
:109D4000079283A60A001767FF1F2327079005477E
:109D500098C298431377F7CF98C398431377F7CFF8
:109D60001367072098C303270A001C47D18F1CC71D
:109D700023A866053800814613F8F60F13563800FD
:109D80004E961C2213787800B3D70741858BD1CB30
:109D90001C4083280A0023AC070423A0070683A5E0
:109DA000C802F59923A6B80283A8070093F5F60721
:109DB00093F808F8B3E8B80023A01701CC539395A3
:109DC000F528CCD303AF0A0081452322CF0783A80F
:109DD00007066382150383A807038305070093D84A
:109DE000F8009398486063D515018C5BBD810CA386
:109DF000AC5393F5F50F83284F066386080083A8BC
:109E00008705E3F41EFDCC539395F548CCD3830529
:109E1000070063D6B4001C22B39707491CA233E5A0
:109E2000A50A85060507E39966F418401C4B93F7CD
:109E300007FC93E7E7001CCBB6402644B7E700E0F9
:109E400023A0271196440649F259625AD25A425B1E
:109E500061618280011122CC2A84114526CA4AC838
:109E600032C62E89B68406CE97B0FD1FE78000C0AB
:109E7000938681B29C42138581B3938581B4D85770
:109E800037033300719B13671700D8D78328050069
:109E90001307800723A2E80698431377F7CF98C3E8
:109EA00098431377F7CF1367072098C303A80500DB
:109EB000324603278800336767002324E80037070A
:109EC00003001307872523A8E8040327C802759B0E
:109ED0002326E8026305090A9843136404041374F3
:109EE000F407137707F8418F98C337477671130744
:109EF000971298C78327480093F7F7EF2322F800BB
:109F00000100010098411754FF1F1304A474A68593
:109F10005C4393E707105CC39842B757550093879B
:109F200057555CC31C41185C0145B8DF1757FF1F2C
:109F3000232607721757FF1F23240772D843799BE4
:109F4000D8C391475CCC9790FD1FE78020F503A70D
:109F500001B311C7544318479C42D98F9CC25C443B
:109F6000858B81CB1757FF1F1307C74B1E2785070C
:109F70001EA7F2406244D244424905618280984360
:109F80001374F407137707F8598C37C7898E80C389
:109F9000130767EDB9BF011126CA4AC84EC6C1648E
:109FA0003709006AB70900AC22CC52C456C206CEAB
:109FB0001304F00FFD141309690E9389E90C614A2B
:109FC000930A0002A6850145EF60AEE09317850075
:109FD00013F7071033E5270119C333E5370181472C
:109FE0000147B356F54885073356F5486307D60051
:109FF00005071377F70F6364EA04E39457FF81477B
:10A000001306F003ED463357F5001377F70305CB3E
:10A010006307C7028507E398D7FE13578500937738
:10A02000F50F1377F70F639BE702135705011377BB
:10A03000F70F6395E702135785016391E7027D14DB
:10A040001374F40F41F09305000F4145EF60EED516
:10A05000B7B7006A4205938767CE5D8DF2406244D0
:10A06000D2444249B249224A924A056182809757B6
:10A07000FF1F9387275ED44F11476385E60E83C782
:10A0800037026391070EB7C7004003A741B2938719
:10A0900007306319F70C011122CC37E400E026CA1F
:10A0A000044006CE4AC84EC652C456C2B707200066
:10A0B000FD8C2320F4180F100000354597B0FD1FCC
:10A0C000E780C09A938A81B21522A522EFF03F96CD
:10A0D00083A70A00138A81B4B70633009843938993
:10A0E00081B3370903001367070898C398431377B0
:10A0F000F7CF98C398431377F7CF1367072098C318
:10A1000003270A001C47D58F1CC783A70900130724
:10A110008955B8CBAD24EF00B01D7522352403A7B7
:10A120000A001C4393F7F7CF93E707101CC383265D
:10A130000A003707CEFF7D179C46F240224AF98F6E
:10A140009CC683A70900924AB24923A827059757BE
:10A15000FF1F23AF0750232094106244D24442498A
:10A16000056182808280B7C700401387073023A231
:10A17000E1B213870720411123ACE1B293870710A6
:10A1800037D7004022C406C61754FF1F1304844C5F
:10A1900023A4E1B423A4F1B285475CCC9757FF1FF9
:10A1A0009387473A5CDC9757FF1F83A7E7F01CDCD7
:10A1B0009797FD1F9387C7A423AAF1B2EFF03FEB57
:10A1C000B7E700E0A301040203C75741136707087C
:10A1D000A38AE740B24022443707100023A0E710CB
:10A1E0003707200023A0E7104101828083A781B3B5
:10A1F0001307C008D8CB93066007D4CFD8D3130673
:10A20000E006D0D7D8DBD0DFF8C3F4C7D843059B2E
:10A21000D8C30547FAA323AA07041757FF1F03272C
:10A220002747F8DF7D5798C737071F003D07D8C776
:10A23000828083A781B41307004898D7D85FB706F8
:10A2400000F9FD16758F13179729D8DFD85F9D6623
:10A250003706FDFF0E070D831317E729D8DF985B3C
:10A260007D161367077098DB985B558F98DB985BBA
:10A27000B7060700558F98DB985BB7060090FD1670
:10A28000758F1317C72998DBB4473707F9FF7D1778
:10A29000F98EB4C7F447E19AF4C7F44793F6F6F899
:10A2A000F4C7F447F18EF4C7F44F758FF8CFF84F29
:10A2B000B70690FFFD16758FF8CF93074006010093
:10A2C000FD17F5FF8280138781B41C43B44B93962E
:10A2D0000649B4CB94479396562994C7D44793E63E
:10A2E0000601D4C7D447BD9AD4C7010001000100BC
:10A2F00001001C43D44793E60601D4C7D443939688
:10A30000C628D4C303A681B39306400674D2745200
:10A3100091C683A6C70993D68648F5DA01000100E5
:10A32000010001001C4313870708544FB84BFD8AF6
:10A3300013170729B8CBB84B019B558FB8CB98475B
:10A340001317574998C7828083A781B4B44F4177C8
:10A350007D17F98EB4CF94479396062994C7D447B6
:10A3600093F6F6EFD4C7D443758FD8C3D847136795
:10A370000710D8C7D84313170729D8C3828039716B
:10A3800022DC4ED652D406DE26DA4AD856D25AD02D
:10A390005ECE62CC66CA6AC86EC603A481B45C4055
:10A3A000938971B4138A51B493F7F7EF5CC01C54CE
:10A3B0009397C7481CD45C54BD9B5CD41C449397B2
:10A3C00017291CC45C4093E707015CC0B7573412DF
:10A3D00003A7C1B3938787676309F7705C4001796E
:10A3E0001309F90FF99B5CC01C5C3167130707F078
:10A3F000B3F72701D98F1CDC5C409304040893E772
:10A4000017005CC09790FD1FE780A0CC9C4893F795
:10A41000F7032380F900DC48A98393F7F707238328
:10A42000F1B45C403D6713070780F99B5CC01C5C7E
:10A43000B3F72701D98F1CDC5C4093E717005CC0A1
:10A440009790FD1FE780E0C89C4893F7F703A3812E
:10A45000F1B4DC48A98393F7F7072381F1B45C409A
:10A46000356713070740F99B5CC01C5CB3F72701F5
:10A47000D98F1CDC5C4093E717005CC09790FD1FF0
:10A48000E78020C59C4893F7F7032300FA00DC48D7
:10A49000A98393F7F7072382F1B45C404167130760
:10A4A00007C0F99B5CC01C5CB3F72701D98F1CDC8B
:10A4B0005C4093E717005CC09790FD1FE78060C188
:10A4C0009C4893F7F703A380F1B4DC48A98393F782
:10A4D000F7072380F1B4834C0A0003C709009307F0
:10A4E00060021306500233079741B307F702930641
:10A4F0007002930540021305300213082002130E68
:10A500001002F94E754FFD4FF14A3306C7026D4BED
:10A51000E94B654CD942D543DD48D14DCD4449493D
:10A52000B3C7D7023D43B949294D354A3346D60210
:10A5300092072206D18F3306B702D98F954533464D
:10A54000D6023206D18F3306A7021305040833461C
:10A55000D6024206D18F330607033346D60252068F
:10A56000D18F3306C703254E3346D6026206D18FFC
:10A57000131657003346D6027206D18F1CD133060C
:10A58000E703194FB307D7039D4EB3C7D70233462E
:10A59000D60292072206D18F3306F7038D4F33463A
:10A5A000D602D18F33065703B14A3346D60232065C
:10A5B000D18F330667032D4B3346D6024206D18F27
:10A5C00033067703E14B3346D6025206D18F33066A
:10A5D0008703454C3346D6026206D18F3306770394
:10A5E0003346D6027206D18F5CD133067702B307A9
:10A5F00057023346D602B3C7D70222069207D18F3D
:10A60000330617033346D602D18F3306B7033346DA
:10A61000D6023206D18F330697023346D60242065F
:10A62000D18F330627033346D6025206D18F330625
:10A6300087033346D6026206D18F1316470033468E
:10A64000D6027206D18F1CD5B30767023346F703D3
:10A65000B3C7D7022206D18F330637033346D6025B
:10A660001206D18F330657033346D6023206D18FF6
:10A67000330667033346D6024206D18F3306A7035B
:10A680003346D6025206D18F3306C7033346D6026D
:10A690006206D18F131637003346D6027206D18F69
:10A6A0005CD5B307D70333464703B3C7D702420687
:10A6B000D18F3346D7026206D18F3306E703334684
:10A6C000D6021206D18F3306B7023346D6022206CF
:10A6D000D18F131627003346D6023206D18F1316B8
:10A6E00017003346D6025206D18F1CD983C731B426
:10A6F000B387FC4033C6A70393FCFC03B3CDB70379
:10A700003206920DB3EDCD001306800233C8C702A6
:10A71000B3ED0D01214833C80703420833E80D01AA
:10A72000B3CDB702F20D3368B801B38DF703B3CDE3
:10A73000CD02A20D3368B801B38DE703B3CDCD02CE
:10A74000D20D3368B801B38DD703B3CDCD02E20D7E
:10A750003368B801338B6703232A05031148B38D8F
:10A76000C703B38A5703338A4703B389370333C810
:10A770000703B3CDCD021208334BCB0233E80D01F2
:10A78000B3CACA02220B336B6801334ACA02B20A47
:10A79000B36A5B016D4BB3C9C902420A33EA4A018D
:10A7A000F14AD20933683A01B3896702754A130343
:10A7B0004002B3C9C902E209B369380113984700DE
:10A7C0003348C802338C87037208B3E9090109488A
:10A7D000232C3503F94933892703B3849702B383C4
:10A7E0007702B3825702B3881703B38B770333C85A
:10A7F0000703334CCC0232083349C90233680C01D9
:10A80000654CB3C4C402120933692801B3C3C3023F
:10A81000A204B364990013091002B3C2C202C203B6
:10A82000B3E3740093046002B3C8C802D202B3E277
:10A83000530093032002B3CBCB02E208B3E812012A
:10A8400093023002F20BB3E87801E94B232E150393
:10A8500033887703B38867033348C802B3C8C80294
:10A860001208A20833681801B3888703B3C8C80266
:10A8700033681801B3885703B3C8C802B2083368F5
:10A880001801B3884703B3C8C802C2083368180167
:10A89000B3883703FD49B3C8C802D208336818012A
:10A8A000B3883703B3C8C802E20833681801939825
:10A8B0005700B3C8C802F208336818012320050501
:10A8C000338827039398C7013348C80233681801B7
:10A8D000B3887702B3C8C802920833681801B388F6
:10A8E0005702B3C8C802A20833681801B3886702C8
:10A8F000B3C8C802B2083368180193085002B3887D
:10A900001703B3C8C802C20833681801B388970296
:10A91000B386D702B3C8C802B3C6C602D20833682A
:10A920001801E206B366D80074C193069002B3869C
:10A93000D70203288504137808FFB3C6C602BD8A70
:10A94000B366D80034C59306A002B386D702B3C657
:10A95000C60230451376F6F0BD8A9206D18E34C514
:10A9600003C641B403C821B433080641B306A803A3
:10A9700003238504B308B802B3C6F602B3C8F802CD
:10A98000A206F208B3E61601B308C803B3C8F8027A
:10A99000B208B3E6160193183800B3C8F802C2082B
:10A9A000B3E61601B308D803B3C8F802D208B3E679
:10A9B0001601B308E803B3C8F802E208B3E61601CB
:10A9C000B798888893880880B3E61601B3E66600D6
:10A9D000931828003343F80234C583C661B4918EBE
:10A9E0001376F6076206B3C8F8023203B3E86800CC
:10A9F0003383F6033343E302B30FF8037203B3E880
:10AA00006800060833C3E602B3CFFF025203B3E87F
:10AA100068003348F802920FB3E8F8012208B3E760
:10AA20000801139816003348E8026208B3E70701EB
:10AA3000256813088888B3E707017CC5338FE603D0
:10AA4000B387B60293952600B3C7E702334FEF02F0
:10AA50009207B3C5E502220FB3E7E701B38ED60331
:10AA6000CD8F93953600338EC603B386A603B3CE3F
:10AA7000EE02B3C5E502B20EB3E7D701334EEE02E4
:10AA8000C205CD8FB3C6E602520EB3E7C701370742
:10AA900000817D17E206D58F3CC95C40BD9B5CC040
:10AAA0005C40F99B5CC01C549397C7281CD45C5431
:10AAB00093E707015CD41C5C93F707FCB3EC9701A8
:10AAC000232C94031C5CF98FD18F1CDCF250625450
:10AAD000D2544259B259225A925A025BF24B624CFA
:10AAE000D24C424DB24D2161828023AE01B2E5B21B
:10AAF00003A781B45C4393E707105CC382804111D4
:10AB000006C6EF00206D93056040EF206002B24062
:10AB10000145410182806F00E07011C589C501C601
:10AB20001E2201458DE301110565C9471306F10099
:10AB3000130555C3854506CEDC87EF10307FF24004
:10AB4000888705618280828001119757FF1F2384C7
:10AB5000A79205651306F100130595C4854506CE39
:10AB6000A3070100EF10907CF24088870561828086
:10AB700001111305910006CEEF00406D4884056574
:10AB8000300025059D45EF10707AF240088405617C
:10AB9000828001119305F10006CE22CC2A84C12DBA
:10ABA00048860565C0867000218013055540914593
:10ABB0004087EF10B077F2406244088605618280DA
:10ABC00001111305D10006CEE12548860965700004
:10ABD00009059145EF109075F24008860561828065
:10ABE000011106CED925C88709651306F1001505A0
:10ABF0008545EF10B073F2408887056182800111AE
:10AC000006CEEF008074C88709651306F100290598
:10AC10008545EF10B071F24088870561828001118F
:10AC200006CEEF00B000C88709651306F1003905AC
:10AC30008545EF10B06FF24001450561828001113A
:10AC400006CEEF00F03FC88709651306F100410505
:10AC50008545EF10B06DF240888705618280011153
:10AC600006CEEF00901FC88709651306F100450561
:10AC70008545EF10B06BF2408887056182804111F5
:10AC800006C622C4EF00B0248965CD052A84EF10E2
:10AC9000306AB240228522444101828001111305AD
:10ACA000510006CEEF00503E488209655000610514
:10ACB000A545EF10B067F240014505618280411162
:10ACC00006C6EF00B03F8965E505EF107066B2403B
:10ACD000014541018280011106CE22CC2A84EF0079
:10ACE000F04E48860965C0867000218069058D4553
:10ACF0004087EF10B063F2406244014505618280F5
:10AD0000011106CE22CC2A84EF00905A48860965AC
:10AD1000C086700021806D058D454087EF10106161
:10AD2000F2406244014505618280011106CE22CCC9
:10AD30002A84312F48860965C0867000218013055A
:10AD400005028D454087EF10705EF2406244014578
:10AD500005618280011106CE22CC2A84EF007003A7
:10AD600048860965C08670002180130515028D454F
:10AD70004087EF10B05BF24062440145056182807C
:10AD8000011106CE22CC2A84EF0090044886096582
:10AD9000C08670002180130525028D454087EF1085
:10ADA000F058F2406244014505618280011106CEEF
:10ADB000EF00B054C88709651306F100130575024A
:10ADC0008545EF10B056F2408887056182800111F9
:10ADD00006CEEF00B05BC88709651306F1001305C6
:10ADE00095028545EF109054F24088870561828076
:10ADF000011106CEEF00705DC88709651306F100EA
:10AE00001305D5028545EF107052F2408887056121
:10AE10008280011106CEEF003060C88709651306F5
:10AE2000F1001305E5028545EF105050F240888788
:10AE300005618280011106CEEF005062C887096566
:10AE40001306F100130515038545EF10304EF2404F
:10AE5000888705618280011106CEEF10A00DC8879A
:10AE600009651306F100130575038545EF10104CB5
:10AE7000F240888705618280011106CEEF10C02163
:10AE8000C88709651306F100130585038545EF1092
:10AE9000F049F240888705618280011106CEEF10EB
:10AEA000C038C88709651306F10013059503854569
:10AEB000EF10D047F240888705618280797102C027
:10AEC000814801488147014706D6EF10E050A30FA3
:10AED000A10009651306F1011305E5038545EF108F
:10AEE000F044B2500345F10145618280011106CE64
:10AEF000EF102068C88709651306F1001305F503F4
:10AF00008545EF10B042F2408887056182800111CB
:10AF100006CEEF10407BC88709651306F1001305C4
:10AF200005048545EF109040F240888705618280D6
:10AF3000011106CEEF10100AC88709651306F1004B
:10AF4000130515048545EF10703EF24088870561B2
:10AF50008280011106CEEF101019C887096513060B
:10AF6000F100130525048545EF10503CF240888719
:10AF7000056182809747FF1F2396A74E0145828077
:10AF8000011106CEEF10B01FC88709651306F10046
:10AF9000130515058545EF107039F2408887056166
:10AFA0008280011106CEEF105026C887096513066E
:10AFB000F100130525058545EF105037F2408887CD
:10AFC000056182805D711303D1031AD20343010727
:10AFD00086C61AD00343C1061ACE034381061ACC93
:10AFE000034341061ACA034301061AC80343C105B5
:10AFF0001AC6034381051AC4030341051AC2034359
:10B0000001051AC0EF005049230EA102096570180E
:10B01000130565038945EF107031B6400345C10340
:10B02000616182809746FF1F9386C63FBE2681E7F7
:10B030009307F01FBEA6BE262146014513F7071051
:10B040003357C7408607B3C70708598D93D5574074
:10B0500013D797402D8F058B7D161375F50FD98F5C
:10B0600071FEBEA682801747FF1F1307A73B5E270E
:10B0700089E7E17793C7F7FF5EA75E27B9460145E9
:10B080009168994533F617013356D6408607518D9E
:10B0900033C8070813D6E748FD1693D7F748B18F92
:10B0A0001375F50FB367F800E39EB6FC5EA78280C8
:10B0B000797126D24AD04ECE52CC06D622D456CA68
:10B0C0005AC85EC6AE84B289368A1749FF1F032963
:10B0D000E95B2DC5AD472A8463E8A7021304F5FF99
:10B0E0001374F40F138BD1B483470B00C9E39D474E
:10B0F000494563EA370317B700001307A721B3C711
:10B10000E9209C43BA978287B147630CF502930705
:10B11000600263E5A7001304E5FFD9B79307700247
:10B120004945E301F4FCB250225492540259F249C9
:10B13000624AD24A424BB24B4561828013045002AC
:10B1400055B71304600279BFCA8AB38B2401638D9B
:10B150005B01EFF05FF12381AA00850ACDBFCA8AA7
:10B16000B38B240163965B0385472300FB0093F9AF
:10B17000F9009306FAFF228523003901A300990004
:10B1800093F6F60F26868545EFE0DFCC014561BFDB
:10B19000EFF05FE92381AA00850AE9B726869305C7
:10B1A000000F130529009760FD1FE78040586DBF11
:10B1B00026869305A00AF5B726869305F00FD5B726
:10B1C00026868145F9BF2686BD45E1BF26869305C3
:10B1D0005005C1BF41119317B02806C622C4E98F9C
:10B1E00095C3EF40FFE4AA87094589CB9423114713
:10B1F00031456395E600154798A34945B24022447E
:10B20000410182802E84EF60BF8765D93C25C18BC8
:10B21000EDD73C35230A8504B337F000E9071CA9B4
:10B220000145E9BF011106CE22CC2EC6EF605F8535
:10B2300001CDB2452A84EF509F91A305A402014598
:10B24000F2406244056182804945DDBF1747FF1F18
:10B250001307471D814799468345070E3306F500BE
:10B2600085070CA20507E399D7FE014582804111AD
:10B2700022C406C62E84EF60BF8009C98307450338
:10B2800001451CA0B2402244410182800945DDBF36
:10B290009747FF1F938747E29A2B18A19A2B218388
:10B2A00018B1FC373CA10145828019E149458280F3
:10B2B0009747FF1F93870717B84FAA8501C75827DD
:10B2C000314575F7B85F01C7383731456DF303A7CE
:10B2D000C70801C77833314579FB0111054706CE10
:10B2E00019461745FF1F13054522B8A32EC69760C0
:10B2F000FD1FE780403DB2459306000CD83193779F
:10B30000070C639FD70019461745FF1F13054520FB
:10B310009760FD1FE780203B0145F2400561828078
:10B320009306F00363E8E60019461745FF1F13056F
:10B33000851EF9BF130700044945E390E7FE19464F
:10B340001745FF1F1305851DE1B7411126C297441C
:10B35000FF1F9384240D22C4A04C06C639E4BC54BC
:10B3600099E74945B240224492444101828035CD5B
:10B370000547E318E5FE014582972A8455C59317D2
:10B38000B0281EB1930700707EA58D471CBDA30A8F
:10B39000050219469745FF1F9385C51613056503DA
:10B3A0009760FD1FE780203221A87848B707000882
:10B3B000F98FADEBBC54D5D70DC98547E313F5FA2A
:10B3C00058248547E30FF7F87C24B98B95CB742478
:10B3D00005478947639FE6021EB02244FC54B240F1
:10B3E00092441305000F410182871305000FEF40BF
:10B3F0000FF825D95C25B5D7EF405F9701459DB77C
:10B40000EF500F809747FF1F83C767CCE311F5FC10
:10B4100089BF1E3013070002B3F7E70A1167B3D7DD
:10B42000E70A5DBF31453DBF1D452DBF9747FF1F53
:10B4300083A70708314599CBFC3389CB411106C658
:10B44000EF60E013B240014541018280828001112A
:10B4500026CA4AC84EC652C456C25AC02E89368A17
:10B46000BA893E8B06CE22CCB284C28AEF604FE10D
:10B4700085671307A9FF9386A7C73347070863E8C3
:10B48000E610938707C82A84494563E4970A63E274
:10B49000240B1307301F636E470963EC37099307CA
:10B4A0001A00B3C70708B38797021397390063D20E
:10B4B000E70841C01C3813F747003DC3ED9B1CB89B
:10B4C0003C34231A2407231B9406D5EB0357840628
:10B4D000C167FD176309F706631799063E3C231BF6
:10B4E000E404231CF4049747FF1F83D767FE8D46AF
:10B4F000114763E5F600850713F7F70FA30AE40485
:10B500002285EF40BFF183570404A907231FF404E9
:10B510008327440A93E717002322F40AC5475CBC3B
:10B52000231C6407231D5407231D4405231E3405D3
:10B530000145F2406244D2444249B249224A924A09
:10B54000024B056182800356440601CEB3D4C40287
:10B5500033069602334606083376260B231CC404B2
:10B5600059B7B305990085814A85EF508E86231C13
:10B57000A404930584052685EF306F81ADB783273A
:10B58000840A93E707022324F40AC14749BF4945C7
:10B590004DB7411122C406C62E84EF606FCE11E56F
:10B5A0004945B2402244410182801C39A3058502ED
:10B5B00013F7470075D7ED9B1CB9BD472306F5026D
:10B5C0008327850A93E727002324F50A0145D1BF85
:10B5D000411122C426C206C62E84B284EF604FCA2F
:10B5E00003278510137707023DC7130754FE930600
:10B5F000000EAA8733470708494563E0E602116752
:10B60000938684EB13078714B3C606086367D700D5
:10B6100003D7471E631887000145B2402244924475
:10B62000410182809746FF1F9386C6DFBA36A38EFC
:10B630008706239F97063357870A239AE71CDA3633
:10B640003357970A239BE71C03A7470A1317B7280A
:10B6500023A2E70AD1B74545C9B79747FF1F93878C
:10B6600067DCB44F2A8791C6D02601C6D436494537
:10B6700085EAB45F99C6B03609C6942A4945858AD9
:10B6800085E283A6C70891C6F03201C6D436494583
:10B6900081EA83C6870B83C7970B63E8F6001D45D5
:10B6A00082801D45F2400561828001111946130513
:10B6B000A10006CED8849760FD1FE780C000280057
:10B6C000EFD0FFFE8547E31EF5FC0145E1BF797130
:10B6D00026D24AD04ECE52CC56CA5AC85EC606D6DC
:10B6E00022D42E89B289B68A3A8ABE8B428BEF6009
:10B6F0002FB9C94455C105679307A9FF9306A7C78A
:10B70000C944B3C7070863E9F608130707C86365A8
:10B71000370963E329099307301F63EF5707636D08
:10B72000470713871A003347070833072703931780
:10B730003A006353F70604392A848588639E040E11
:10B740008327450A93F71720E5EB3835231A250799
:10B75000231B3507231C7507231D6507231D55056E
:10B76000231E45055C3D4DE385EB83270510898B42
:10B77000A1C331469305F00F130585069760FD1FA1
:10B78000E780E0FA8327440A2314040693E707209E
:10B790002322F40AC9475CBCB25022540259F24930
:10B7A000624AD24A424BB24B26859254456182800E
:10B7B00063093905B385290185814A85EF407EE11A
:10B7C000231CA404930584054E85EF205FDC974776
:10B7D000FF1F83D7E7CF8D46114763E5F600850746
:10B7E00013F7F70FA30AE4042285EF403FC3835702
:10B7F0000404A907231FF4048327440A93E71700CE
:10B8000041BF231C2505E1B7C1FB83278510898B28
:10B8100095C731469305F00F130585069760FD1F08
:10B82000E780E0F08327440A2314040693E7072007
:10B830002322F40ACD4785B7B144B9BFE944A9BF73
:10B840009747FF1F938707BEB84F11C7542781C67C
:10B85000583749450DEBB85F19C7343789C6182BDF
:10B860004945058B0DE383A7C70891C7F83301C786
:10B87000DC37494589EB411106C6EFD01FEEB240D7
:10B880000145410182808280411122C426C24AC002
:10B8900006C6AA84014421499305F00F0545EF40EF
:10B8A000DED0B387840088A30504E31724FFB240E9
:10B8B000224492440249014541018280797122D497
:10B8C0004ECE06D626D24AD02EC6B2893684EF6036
:10B8D0002F9B7DC90349B500B245AA846316090EA2
:10B8E00021461305B51A9760FD1FE780C0DDA389C7
:10B8F000341B93D98900238A341B7C2450346C3444
:10B900005424A207420603C5C404B297E206AE97C8
:10B91000B69703A7440A9386040835C1DCD63C24B5
:10B92000103413670702A2074206B2973034B29769
:10B9300010246206B2979CDA7C205030A20742069F
:10B94000B2977030B29750206206B297DCDA3C2092
:10B950001030A2074206B2973030B297102062062C
:10B96000B2979CDE8547A386F40423A2E40AB25072
:10B9700022549254F2494A85025945618280FCC69C
:10B980003C24103413678700A2074206B297303474
:10B99000B29710246206B297BCCA7C205030A2072E
:10B9A0004206B2977030B29750206206B297FCCA36
:10B9B0003C201030A2074206B2973030B2971020D8
:10B9C0006206B297BCCE55B7094955B7411122C49A
:10B9D00006C62E84EF60CF8A71C9343585472A8721
:10B9E0000545639CF606142B930740026396F60602
:10B9F0007C245434A207C206B6977434B6975424F4
:10BA0000E206B6978346D704A9CE93060708DCD68C
:10BA10003C241034A2074206B2973034B297102467
:10BA20006206B2979CDA7C205030A2074206B29799
:10BA30007030B29750206206B297DCDA3C201030AA
:10BA4000A2074206B2973030B29710206206B29732
:10BA50009CDE9307A0021CAB0145B2402244410189
:10BA6000828093060708FCC63C241034A2074206D5
:10BA7000B2973034B29710246206B297BCCA7C20C9
:10BA80005030A2074206B2977030B297502062063B
:10BA9000B297FCCA3C201030A2074206B297303061
:10BAA000B29710206206B297BCCE65B7054575B750
:10BAB000411106C6EF50DFFC1DCD34350547AA877E
:10BAC00009456397E602942B130740026392E6024E
:10BAD0000D472386E7021947A385E70213075002A3
:10BAE00098AB03C7A7020145136717002385E70238
:10BAF000B240410182800945E5BF5D71A2C4A6C282
:10BB000086C69747FF1F9387E791368494332A8729
:10BB1000B2848DC2B44F81C6D4263145BDE2B45F34
:10BB200081C6B4363145B1EE83A6C70881C6F4326A
:10BB30003145A1EA03C6070C83C6170C1D45637285
:10BB4000D60483A7070D494593F707049DCB1946F3
:10BB50002800D8839760FD1FE780E0B64146A685A0
:10BB60001305E1029760FD1FE780E0B51305E101D1
:10BB70004146A2859760FD1FE780E0B44800EFA032
:10BB80006FD9B64026449644616182809747FF1F73
:10BB90009387478998330DC3B84F01C75827494544
:10BBA00005E7B85F01C73837494519EF83A7C708CC
:10BBB00081C7FC33494589EB411106C6EFA06FE907
:10BBC000B24001454101828082809747FF1F9387E1
:10BBD000678594332A878DC2B44F81C6D4264945E0
:10BBE0009DEAB45F81C6B436494595E683A6C70889
:10BBF00081C6F432494585E203A6870D98B383A533
:10BC0000C70D9376F69F19C39366066023ACD70CD5
:10BC100023AEB70C01458280930700643305F5021B
:10BC2000411126C29734FF1F9384C47F22C403A40A
:10BC3000440C4AC006C61309F00FC8D801E8B24048
:10BC40002244924402490145410182800820630553
:10BC50002501CC58EF402E91405CCDB79737FF1FA0
:10BC60009387477CA38CA7021377150011EB03C7BA
:10BC7000C7036D8F6304B70049458280238DE702B7
:10BC8000098919C10145828003C7D703718FE31564
:10BC9000C7FEA38DC702FDB75D716ECE973DFF1F36
:10BCA000938D4D7852DC3E8A83A78D05A6C2CAC00B
:10BCB0004EDE56DA5AD85ED662D46AD086C6A2C4A0
:10BCC00066D246C6B684830B410583468105834907
:10BCD00001062A8D2E89B28A3A8C428B99C7EC4B89
:10BCE000B70700043145ED8F85EF8D4763E94701C4
:10BCF000937C090163870C0085476389F6044945F5
:10BD000005A093753900E38CF5FE93758900E5F97C
:10BD10006397F60283C7CD033145918B6393072068
:10BD2000B640264496440649F259625AD25A425BBA
:10BD3000B25B225C925C025DF24D61618280639431
:10BD4000F91E83C7CD03918B3145F9DB6A85EF304E
:10BD50001FE22A8411E983A78D06054582972A846C
:10BD60001D455DDC2304A40193070002639FF400DA
:10BD70008D476399F904562C9307900F13055004CF
:10BD8000E3E0D7FA762CE3EDD7F89376F90F2300AA
:10BD9000D406638E0C101379F9009547631BF902E2
:10BDA000930710F87CA44545E3EC54F7FD4745455F
:10BDB000E3F857F79167E3E597F6D6948580B3C427
:10BDC000040831A88547E392F9FC562C9307D02E3E
:10BDD00075B7B5476313F90C85477CA4894406B051
:10BDE000A307840163160C1085471CBC93F606025A
:10BDF00099E2A30A44033245194681459760FD1F25
:10BE0000E78020A663140510B2458547230EF4028F
:10BE1000A30E640319461305E4039760FD1FE78032
:10BE2000808A834701055CB49307F0076393FB0E98
:10BE300056579737FF1F83C767291CA30305540173
:10BE4000EFD03FD12304A406EFD05FCAD65748B83D
:10BE500088A38347C1052305040623020406A30221
:10BE6000F40683470406C18B99EBFD1993F9F90F8A
:10BE70008947E3E637E9A3050406A30134078347AE
:10BE800041060145A300F40683478106A303F40697
:10BE90007C489397B7297CC861B589476314F9003A
:10BEA000994709B7E30009F023070400EDBD9D475A
:10BEB0007CA493F5160093F7460089C991E3914558
:10BEC000A30FB4048547230FF404F1BD93F52600B6
:10BED00081C9894591C39545A30FB4048947E5B746
:10BEE0008D4591C39945A30FB404230F040465BD88
:10BEF000A30C040081478D453356FC4801C6103C15
:10BF0000050610BC8507E399B7FECDB5230E0402E4
:10BF100009BF914763C57701A30A740105B75CB8EF
:10BF200031BFE385D9E28947E392F9E283C7CD03C4
:10BF3000898B19BD01114EC69739FF1F9389894E10
:10BF400083A7890526CA4AC852C406CE22CC2E89A8
:10BF5000B6843A8A99CFF84BB7070004F98F91CB92
:10BF60003145F2406244D2444249B249224A056115
:10BF70008280EF30DFBF2A8419E583A78905130586
:10BF80002004F9FFF9BF782585473D8B630EF70E36
:10BF900003470506418B41CF8D476304F9004945AE
:10BFA000C9B7FD47E3ED97FE231E0400F1C85E2CE0
:10BFB00003D769071D45B3869700E344D7FA582491
:10BFC00005C71630130700026390E60203473406E4
:10BFD0008D46631DD70A1307900F13055004E362C3
:10BFE000F7F87E2CE36FF7F68D471D45E31BF9F656
:10BFF00037E900E083290900B70720002320F9185A
:10C00000B3F9F9000F1000009305800C0545EF40CF
:10C01000CED98357C4061205232444038507BD8B5C
:10C02000C98F2316F40646AC23203911B1A8631A30
:10C03000F900231E0500A5D458248547E319F7F617
:10C0400005B70D47E302E9F61147E316E9FE744927
:10C0500037070001758F21F75825E312F7F45E2D9D
:10C060009DDF95FC9305800C0545EF400ED483576A
:10C07000C40612058507BD8BC98F2316F40629A0B7
:10C080007C48939787497CC80145E1BD8546E31DFF
:10C09000D7F41307D02E91B701114EC69739FF1F61
:10C0A0009389493883A7890526CA4AC852C406CE4F
:10C0B00022CC2E89B6843A8A99CFF84BB707000470
:10C0C000F98F91CB3145F2406244D2444249B249A2
:10C0D000224A05618280EF309FA92A8419E583A74F
:10C0E000890513052004F9FFF9BF782585473D8BA5
:10C0F0006304F71203470506418B71C38D47630440
:10C10000F9004945C9B7FD47E3ED97FE231F040039
:10C11000638004107E2C03D769071D45B386970002
:10C12000E343D7FA582405C716301307000263907B
:10C13000E602034734068D466312D70E562C1307CA
:10C14000900F13055004E360D7F8E36EF7F68D47C0
:10C150001D45E31AF9F65C5485C783476406898B4D
:10C1600085C3085811CD3C2581CFEF901FF50C58A1
:10C17000194613056403B1059750FD1FE780A054CD
:10C1800037E900E083290900B70720002320F918C8
:10C19000B3F9F9000F1000009305800C0545EF403E
:10C1A000CEC08357C4061205232644038507BD8BE2
:10C1B000C98F2316F40666AC23203911B1A8631A7F
:10C1C000F900231F050095DC58248547E314F7F494
:10C1D000D5BD0D47E30CE9F21147E316E9FE7449BA
:10C1E00037070002758F11FF5825E31CF7F07E2DED
:10C1F00089DB81F89305800C0545EF400EBB835722
:10C20000C40612058507BD8BC98F2316F40629A025
:10C210007C48939797497CC8014575B58546E318D6
:10C22000D7F2562C1307D02E29BF5D71CAC017391B
:10C23000FF1F1309291FAA8703258905A6C286C6E1
:10C24000A2C44EDE52DC56DA5AD85ED662D466D22A
:10C250006AD06ECE32C23AC4B68405E5858B95EFBE
:10C26000A9C10145B640264496440649F259625A8E
:10C27000D25A425BB25B225C925C025DF24D61611C
:10C280008280744937070004758F63120714858B09
:10C2900089E781C9EF309FADE9B7639D050E494538
:10C2A000D1B70324C90555DC2285EF303FAC0040EF
:10C2B000DDBF78493377EC00631B07100347F505B2
:10C2C000630497016316A70103D7EA01630107100E
:10C2D00003C75A03630E370703C7EA006317370122
:10C2E000332794201A23E3ECEDFA0327C9067D14C3
:10C2F0001374F40F79CFA247B3249A209A203E9A60
:10C300009305800C2397EA0603470A000545239806
:10C310000A06A384EA06EF404EA903D7CA0612050F
:10C32000264405073D8B498F2396EA068327C906D5
:10C3300003C50B00B64096440649F259625AD25AD8
:10C34000425BB25B225C925C025DF24D616182876E
:10C3500093878A05194681453E853EC69750FD1F45
:10C36000E7802050631D350119469735FF1F9385DF
:10C37000C51913858A059750FD1FE780C0341946FB
:10C38000814513858A059750FD1FE780804DE31591
:10C3900035F531B7FD1513F4F50F370C0003894C53
:10C3A000154D8549930D0008130BF00F9247228A13
:10C3B000B38B870003C50B00EF306FFBAA8AE31A2B
:10C3C00005EE8327890513052004E38D07E8314531
:10C3D00051BDE31D64FDE1B539714AD84ED656D240
:10C3E0005AD05ECE62CC66CA6AC83E8B06DE22DCBC
:10C3F00026DA52D49737FF1F83A74708834B0104DF
:10C40000AE8A3289368CBA89C28C468D95C7F84B74
:10C41000B7070004F98F8DC3314AF2506254D254E9
:10C420004259B259925A025BF24B624CD24C424D85
:10C430005285225A21618280EF306FF3AA84130A59
:10C44000200461DD63745901494AC1BF9547E3FD8A
:10C4500057FF8347050693F73703FDF7034AE505C2
:10C46000E31C0AFA7C49918BC5FBEF302025F94784
:10C4700063E4A7001D4A55B783C7340691EB03D781
:10C4800044089307D02E63F5E700994763F0270F20
:10C490006384090CB3C73A03E3C867FB639B0B02D1
:10C4A00003A4C40A2DC42302340123047401A3028B
:10C4B0006401FC4856991359194093E72700FCC8BA
:10C4C00083C7040623932409B3E787012380F40676
:10C4D000A9B7E3FB6CF785476383FB02B3079B4176
:10C4E0002947B387E702B3C77703E3CFA7F503A4D0
:10C4F000C40A11CC23023401A303A40131A003A474
:10C50000C40A11C4230234012303940179BF1386A2
:10C51000190012069305E010328532C69770FD1F90
:10C52000E780C0BD2A8439D5324681459750FD1F2A
:10C53000E780E01FB7C7898E23A6840A938767ED3B
:10C540001CC0930704015CC423023401E38F0BF485
:10C550008547E393FBFA4DBF03A5C40A39D9977009
:10C56000FD1FE78000C623A6040AA1B7130A5004E2
:10C570006DB5011126CA4AC84EC606CE22CC52C499
:10C580009737FF1F83A787EFAE843289B68991C79B
:10C59000F84BB7070004F98FA9E3EF304FDD2A8489
:10C5A0001305200459C07C48898B8DC3834734060A
:10C5B00091EF035744089307D02E63F9E700035720
:10C5C000640899471305500463F1E70693F7D40F05
:10C5D00005476386E700630209063145B9A0B7E75E
:10C5E00000E003AA07003707200023A0E718337AEA
:10C5F000EA000F1000000325840A19C59770FD1F7B
:10C60000E78020BC2324040A23120408B7E700E0D3
:10C6100023A047116312090A8D476393F4027C48F3
:10C6200023120408F99B7CC80145F2406244D244BD
:10C630004249B249224A056182809147E38FF4F86A
:10C640004945E5B7F51493F4F40F8547E3E797F808
:10C65000930550104A859770FD1FE78020AA232478
:10C66000A40A25DDB7E700E084433707200023A0B4
:10C67000E718F98C0F1000007C4893F7074091CF22
:10C680009305800C0545EF305EF28357A408120530
:10C690008507BD8BC98F2315F4080325840A4A86B4
:10C6A000CE859750FD1FE7800002B7E700E0231218
:10C6B000240923A097108DBF7C48918BC1F78D472B
:10C6C000E388F4F819BF41114AC01739FF1F130955
:10C6D00069D58327890526C206C622C4AA842E8569
:10C6E00089CFF84BB7070004F98F81CB3145B240B1
:10C6F00022449244024941018280EF304FC72A848C
:10C70000130520046DD413F714007C484DCB13F7A8
:10C71000170069FF034704061377370361FB898815
:10C72000C1CC0327490D454593E70740418B61D3B1
:10C73000C1657CC8FD150145EF30BEE92314A4088E
:10C74000EFD07F8593040408B7050001C8C4FD1528
:10C750000145EF309EEA88C89304040A15469735D0
:10C76000FF1F938505DC26859750FD1FE780A0F508
:10C77000A685130500FBEFD0AFD02685EF502FD84C
:10C780007C485824A300A408DD9B93E747007CC89D
:10C790008547631FF7009305800C0545EF30FEE0E9
:10C7A0008357C40612058507BD8BC98F2316F4066F
:10C7B000EF60400E014525BF93F7F7BF95BF0345D6
:10C7C000D407CD9B7CC89307F00FE303F5FEEF3051
:10C7D0005E99F9BF01114AC83A891737FF1F13073D
:10C7E00067C40328870722CC26CA4EC652C456C245
:10C7F00006CE2A8AAE8A3284B684BE8963080800CF
:10C800008326C80191673145F58F9DE3785F3145F7
:10C8100005C39377A4FF454581EF937754003145D5
:10C8200081CB6310080202972A880D45631F080018
:10C83000F2406244D2444249B249224A924A0561D6
:10C8400082808347B8003145E5F78D474945E3E1EC
:10C8500047FFA306480523085801230008029375E3
:10C86000140085C99C20A307F80083570900231BE7
:10C87000F80003D609003356F60A93075005231C27
:10C88000C8003306F60285472300F8022186231DDF
:10C89000C800118829C0AE949C2033A92521B3A5D6
:10C8A0003521A307F800A307F8020357090023194D
:10C8B000E8029E21B3D7E70A13075005231AF802AE
:10C8C000B387E702A187231BF8028347080293E797
:10C8D00027002300F8028327C80101459397F72812
:10C8E000232EF800B1B71737FF1F1307A7B33C5F1C
:10C8F000011122CC26CA4AC806CE2E89B2843684BB
:10C9000089E77C5F8DEB314521A8D04F9166F18E90
:10C91000FDFA785F6DDB19C905476309E5024945F2
:10C92000F2406244D2444249056182802AC6EFB097
:10C930009F8A3245F5B70547E313E5FE8297AA873C
:10C940000DCD1147A30605047AA91AADB4370547E2
:10C95000E387E6FC85C086BFA2BF01C41E04E3D006
:10C9600084FC238927016244F240D2444249BC57E7
:10C970000561828723AC0702EDB70D4555B701115C
:10C9800022CC26CA4AC84EC606CE2E893284B68923
:10C99000BA84EF30CF9D3DC503284505AA873145B0
:10C9A0001377082029EB1737FF1F1307A7A7834624
:10C9B0009704454563E1260503C6470B3356864079
:10C9C000058A15CA8326070D37060800F18E85C62D
:10C9D0000347870463619702238B870AA38A270B87
:10C9E000A38B370B11C0268413680810238C870A89
:10C9F00023AA07050145F2406244D2444249B249A4
:10CA00000561828013052004FDB7411122C406C6CA
:10CA10002E84EF30CF9515C17849AA87314593769A
:10CA2000270081CA9376F7DF19C093660720F4CBFD
:10CA30000145B24022444101828013052004D5BF44
:10CA4000011126CA4AC852C406CE22CC4EC62E8A2E
:10CA50003289B684EF50CF8271C19387C1B4631D10
:10CA60000900054798A30145F2406244D244424977
:10CA7000B249224A05618280982385472A8463153A
:10CA8000F700238601B4094AB7E700E083A907004D
:10CA90003707200023A0E718B3F9E9000F100000C2
:10CAA0004165130545F5EF403FFF29C93C253EA5EB
:10CAB00083278411A1E3232CA410232EA410930711
:10CAC00010F8F9141CB523200500231625012304B2
:10CAD000450144C1834594020145B315B028B3C54F
:10CAE00005089770FD1FE78000D1B7E700E023A09D
:10CAF000371195BF8327C41188C3C1B79727FF1F7C
:10CB000083A7875E91C7956593855555054582979F
:10CB1000B7E700E023A037111D45B9B70945A9B70C
:10CB20006F009FBB6F003FC06F003FC56F007FCBA2
:10CB30006F005FD16F00FFDD6F005FD56F00DFD842
:10CB400082806F005FE1034301001AC06F00CF874E
:10CB50006F00CF936F006F9D6F00EFA36F004FAA20
:10CB60006F002FB06F00AFB66F002FBB797113034A
:10CB7000F00F1AC81AC60343810306D61AC403531A
:10CB800041031AC2035301031AC0EF00CFBFB250D2
:10CB90004561828003530100035E4100834E8100A2
:10CBA000034FC100835F010176C47AC67EC872C29A
:10CBB0001AC06F004FBD6F00CFD06F008FDC0353E2
:10CBC0000100034E4100834EC10093F8F80F137823
:10CBD000F80F76C672C21AC06F00AFE06F002FF078
:10CBE0006F002FF96F00CFFC6F001F806F00DF8593
:10CBF0006F007F8C6F00BF90828082806F001FA3C8
:10CC0000411126C206C622C4AE849397556063DAEA
:10CC1000071603C581B59750FD1FE780C0A12A8480
:10CC200009CD1C21130710096380E7021307000DCB
:10CC30006387E7082285EF205EF91395F468B24018
:10CC400022449244410182801C3139476397E702B4
:10CC50005A21856793875740E31EF7FC1C45A8239C
:10CC60009833AC33220583A741B5598DE1D79C4356
:10CC7000F1D393954560829775BF1307E003E39B5B
:10CC8000E7FA38219D47E317F7FA4A219770FD1F0D
:10CC9000E780E0CB45D15825A147E31DF7F883A7EE
:10CCA00041B5C9DB9C47D9D732246E204A20711682
:10CCB000F11533460608B3C505088297A5BF3C2188
:10CCC00019476383E702636EF70095C315476380D6
:10CCD000E70A83A741B5B9DFDC43A9DF2285829744
:10CCE00091BF3147E397E7FEEF10D01CDDB71C3151
:10CCF000EDF383C791BAB9E341469735FF1F93859A
:10CD0000659C1735FF1F1305E59D9750FD1FE780B4
:10CD100020AD1DED1736FF1F1306C69CC145094502
:10CD2000EF303ED41736FF1F1306C69AC1450D4596
:10CD3000EF303ED303C5C185EF307ECD1946930554
:10CD40003400138581BB9750FD1FE780C09751B712
:10CD500041469735FF1F9385E5951735FF1F13054E
:10CD600065979750FD1FE780A0A74DD5C1BF1C3127
:10CD7000ADF33225930545002831A146EF10001F81
:10CD800089BF11656D8DE30C05EA138601BC9145E1
:10CD90001145EF301ECD03C5C185EF305EC7139539
:10CDA000E46871BD411122C406C69727FF1F238482
:10CDB000A762328481C52E85EF10601319C023AAA3
:10CDC00081B483C791BA8DE72244B24003C6A1BAA9
:10CDD00003C581B5938701BC1737FF1F1307878FE2
:10CDE0009736FF1F93860690A14541016F70BEE400
:10CDF000B24022440145410182800111C88683C7A7
:10CE000081B5680006CE5C864C87D087EF606EE700
:10CE1000F2400561828003C581B56F600EE3238413
:10CE2000A1BA03C701BD9307F00F6308F700854758
:10CE3000A384F1BAB147A384F1BC82809727FF1F76
:10CE400083C7F72881EB614582806145B240224467
:10CE5000410182804111170500001305A5DA22C4A3
:10CE600006C6138481B5EF30EED108A01307F00F8A
:10CE7000E30DE5FCA147A384F1BCEFF05FFA83C7A3
:10CE800091BA99C30145D9B71736FF1F1306868596
:10CE9000C1450945EF30DE961736FF1F130686831E
:10CEA000C1450D45EF30DE9541469735FF1F93850F
:10CEB00065831735FF1F1305E5809750FD1FE78039
:10CEC000808041469735FF1F9385C5801725FF1F3A
:10CED0001305457E9740FD1FE780E07E138601BC69
:10CEE00091451145EF30DE910820EF40FEB759BF64
:10CEF000130705031E21110593C7F7FF231EF5FE37
:10CF00008347E5FF93C7F7FF230FF5FEE314E5FE24
:10CF1000828099473305F50201110A86C14506CE84
:10CF20001305052033450508EF309E8D09E5088679
:10CF3000F240056182800145E5BF011122CC26CA7D
:10CF40004AC84EC606CE81440144138951B793891D
:10CF5000C1B783470900636AF400F2406244424962
:10CF6000B2492685D2440561828083A70900131542
:10CF7000440019469305F00F3E959750FD1FE7803A
:10CF8000408E01E5850493F4F40F05041374F40F47
:10CF9000C9B703A501B711CD411106C6EF20FEC2E6
:10CFA000B24023A801B683C751B7238AF1B6410125
:10CFB000828083C751B7238AF1B682805971A6D285
:10CFC00086D6A2D4CAD083C741B7AA84639EA700DD
:10CFD0001384C1B908208545EF20FED40820894577
:10CFE000EF207ED4EFF0FFFA194933892403500073
:10CFF000C145130409202285EF309E8009C90144F0
:10D00000B650228526549654065965618280194689
:10D010009305F00F48009750FD1FE780808465F16D
:10D02000480041469305F00F9740FD1FE7802070B0
:10D03000480871469305F00F9740FD1FE780206F69
:10D040000818130600039305F00F9740FD1FE780B3
:10D05000006E5000C1452285EF30BEA050082A84E2
:10D06000F14513051920EF30DE9F5008498CF1453A
:10D0700013052920EF30FE9E1374F40F5008498CDD
:10D08000C14513053920EF30DE9D1374F40F5008AD
:10D09000498CC14513054920EF30BE9C1374F40F31
:10D0A0005008498C914513055920EF309E9B13740D
:10D0B000F40F498C1D651018930500032695EF3079
:10D0C0005E9A1374F40F498C03C5C1851374F40F71
:10D0D000EF30FE9335B7011122CC26CA4EC606CEDC
:10D0E0004AC80144EF001FAD938951B79384C1B77B
:10D0F00083C709006369F400F2406244D2444249A4
:10D10000B24905618280884013194400194693058D
:10D11000F00F4A959740FD1FE780A07411E58C4001
:10D12000CA95E835EF005FA905041374F40FC9B779
:10D13000397122DC26DA4ED652D406DE4AD80144B2
:10D14000EF007FAA938951B79384C1B7194A83C767
:10D150000900636AF400F2506254D2544259B25941
:10D16000225A216182808840131944001946930590
:10D17000F00F4A959740FD1FE780A06E1DE533052F
:10D1800044030A86C1451305352033450508EF30B1
:10D190002EE71008C1450945EF308EE68C40140893
:10D1A0000A86CA95E835EF00DFA305041374F40F6F
:10D1B00079BF011106CEEFF05FD805478947636359
:10D1C000A700A9471306F100854513052004DC8755
:10D1D000EF702ED9F24005618280011122CC26CA5F
:10D1E0004EC652C406CE4AC80144938951B79384AF
:10D1F000C1B7194A83C709006367F402EFF0FFD390
:10D2000083C781B799C3EFF01FED83C771B799C387
:10D21000EFF01FF26244F240D2444249B249224A3E
:10D2200005616FF01FF93305440390401319440062
:10D23000C1454A961305052033450508EF304EDCFD
:10D2400005C9884019469305F00F4A959740FD1F80
:10D25000E780E04D884019469305F00F4A9519057F
:10D260009740FD1FE780A04C9C40CA97239607007B
:10D2700005041374F40FBDBF2A2183C5C1B96F80A3
:10D280001EF89947B385F502397122DC26DA4AD8AF
:10D290004ED606DEA1472A84B2843A899389252096
:10D2A0006384F600938915207146814548009740B4
:10D2B000FD1FE780C0475000F1454E85EF304ED44A
:10D2C00005E18347E1012547E51793F7F70F636908
:10D2D000F700CA86500093F514002285EF406EE7F0
:10D2E000F2506254D2544259B2592161828079710C
:10D2F00022D426D24AD0AE842A89328481451306AC
:10D3000000020A8506D69740FD1FE780404283C78A
:10D31000E18523102101230EF100B4843DCC83C7A5
:10D32000B1B903C781B95C8283C7A1B9DC82135646
:10D330004748937777002206D18F13565748260621
:10D34000D18F135767482A07D98F93F6868FD58FC9
:10D3500041469725FF1F9385E53413056100FC8442
:10D360009740FD1FE780203683C791B913F7170058
:10D3700011C789C4B88413672700F8840347610183
:10D38000A2850A85D98F230BF100EF408ECEB250D3
:10D390002254925402594561828083C731B903C730
:10D3A00001B95C8283C711B9DC8213564748937771
:10D3B00077002206D18F135657482606D18F135770
:10D3C00067482A07D98F93F6868FD58F41469725D0
:10D3D000FF1F9385252C13056100FC849740FD1FDA
:10D3E000E780602E83C721B951B7011122CC06CE48
:10D3F0002A842EC632C49760FD1FE780405505C5BC
:10D400005825A1472246B245631CF70083A701B8FF
:10D4100099CBDC4389CB22856244F2400561828747
:10D4200083A741B8F5B7F2406244056182800111DB
:10D4300022CC26CA4AC84EC606CEAA840144138905
:10D4400051B79389C1B783470900636BF4003E84E9
:10D45000F24022856244D2444249B2490561828049
:10D4600083A70900131544001946A6853E959740E9
:10D47000FD1FE780E03669FD05041374F40FE1B782
:10D480005D71A2C4138401B71C40CAC04EDE86C6BB
:10D49000A6C252DC56DA5AD82A89AE89A1EF6300B7
:10D4A000051A638E0518EFF09FF8938A51B783C76A
:10D4B0000A00138A41B72300AA00636DF502814474
:10D4C000138BC1B70DA083270B0013954400194699
:10D4D0009305F00F3E959740FD1FE780803809E9DE
:10D4E000850493F4F40F83C70A00E3EEF4FCBE84D2
:10D4F00023009A00938441B79C2003C751B763F07F
:10D50000E71418403DEB1947B387E7024A86C14547
:10D510009387072033C50708EF30AED41306000306
:10D520009305F00F0A859740FD1FE7804020882073
:10D530009D670A863E959305000333450508EF3045
:10D540004ED29C2003A5C1B741469207CA853E959D
:10D550009740FD1FE78020172320340103C5C185B4
:10D56000EF30EECA0145B640264496440649F259CA
:10D57000625AD25A425B616182801047014719CEDC
:10D5800019473385E702F145130515203345050892
:10D59000EF302ECD1C40054723A407001C40904BC4
:10D5A00039CE88209947F1453305F502130525202A
:10D5B00033450508EF30EECA1C40D04B23A80700C6
:10D5C00029E2D04741DE88201949C14533052503AA
:10D5D0001305452033450508EF30AEC888201C40B0
:10D5E000914533052503D0474106130555203345A2
:10D5F0000508EF300EC71C4023A6070085B7D04BA7
:10D6000005C288209947C1453305F5021305352029
:10D6100033450508EF30EEC41C4023AA070055B778
:10D62000D04755F205FF83C781B799C3EFF0BFAA72
:10D6300083C771B799C3EFF0BFAFEFF09FB7054550
:10D640001DB70111994722CC3304F50226CA0A8678
:10D65000AE84C14506CE1304042033440408228559
:10D66000EF300E9A19C50145F2406244D24405617B
:10D67000828019469305F00F0A859740FD1FE780C9
:10D68000401E75F138869377D70F89C49377F70FCB
:10D6900093E72700630CF7000A86C14522857C8644
:10D6A000EF302EBC03C5C185EF306EB605456DBFAA
:10D6B000411122C426C206C601450144938451B7D4
:10D6C0009C206373F40011C5B2402244924441018E
:10D6D000828022850504EFF07F8E1374F40FCDB79E
:10D6E00083C751B7637EF502011122CC06CE2E848A
:10D6F00085C599473305F5020A86C14513050520FE
:10D7000033450508EF30CE8F01E919468A85228519
:10D710009740FD1FE78020FBF24062440561828054
:10D7200082809947B307F5021D71A2CCCEC6328420
:10D73000AE890A86C145A6CA86CE93870720CAC885
:10D74000AA8433C50708EF30AE8B11C90149F640F2
:10D750006644D644B6494A854649256182801946C1
:10D760009305F00F0A859740FD1FE780800F79FD34
:10D770009D67BE941008930500032685EF304E8800
:10D780002A8919C10549E1B70808EFF06FF66394DB
:10D79000090413060003814508089740FD1FE78030
:10D7A000400C6DF113060003814508089740FD1FEA
:10D7B000E780E0F7854708082384F1B8EFF04FF3DE
:10D7C0001008930500032685EF30AEA903C5C18577
:10D7D000EF30EEA345BF1C083E8716236385360352
:10D7E00011079400E31BD7FE3DD09A2311C7910780
:10D7F0009800E39CE7FEA1BFB82323903701E30321
:10D8000087F8A0A345BF3C23E38E87F620A35DF0F5
:10D810002310070045B7011126CA4AC84EC606CED6
:10D8200022CC52C49729FF1F9389098903C5E900B7
:10D83000FD57930520041205238EF1B89384C1B7D8
:10D84000A38A01B623AE01B69760FD1FE780008B67
:10D8500088C0138951B705C183C7E900014423007B
:10D86000F900834709006360F40C83A78900638B88
:10D87000070E238601B683470900054441468145CA
:10D880001725FF1F130505E2238AF1B6A3808186C1
:10D8900023A801B6A38D01B8238D01B89740FD1FC1
:10D8A000E780E0E893047007414681451725FF1F94
:10D8B000130545DE238C91B823808186A38C01B8A3
:10D8C00023AA01B8238901B8A38901B8A38801B8A4
:10D8D0009740FD1FE780A0E5238891B823A601B8F3
:10D8E000A38401B89547A38FF184C147238FF184A6
:10D8F000238401B88947A38EF184F240238E81846A
:10D90000A38D8184238D8184624423A201B823A046
:10D9100001B8238C01B6238B01B6D2444249B249E7
:10D92000224A056182808840131A440019469305F3
:10D93000F00F52959740FD1FE78060DF8840194641
:10D940009305F00F529519059740FD1FE78020DEE3
:10D950009C4005041374F40FD29723960700238785
:10D96000070001B7930700F82386F1B629B71971AC
:10D97000A6DACAD8CED6D2D4D6D286DEA2DC8144EC
:10D98000938951B71389C1B7194A9D6A83C70900A2
:10D9900063E3F40203C5C185EF306E8783C70900D6
:10D9A000F6506654238AF1B6D6544659B659265ACB
:10D9B000965A096182800325090013944400194690
:10D9C00022959305F00F9740FD1FE78040D6032571
:10D9D000090019469305F00F229519059740FD1F80
:10D9E000E780E0D48327090041469305F00FA29712
:10D9F0003384440323960700238707004800974099
:10DA0000FD1FE780C0D271469305F00F480897408C
:10DA1000FD1FE780C0D1130600039305F00F08181F
:10DA20009740FD1FE780A0D0334404085000C14553
:10DA30001305042033450508EF30AE825008F14548
:10DA40001305142033450508EF30AE815008F14529
:10DA50001305242033450508EF30AE805008C1453A
:10DA60001305342033450508EF20BEFF5008C1459B
:10DA70001305442033450508EF20BEFE50089145AC
:10DA80001305542033450508EF20BEFD33855401AE
:10DA900010189305000385043345050893F4F40F2B
:10DAA000EF203EFCE5B5411122C4930705C006C630
:10DAB000130720022E84B3C70708636EF70C17976D
:10DAC000000013072787B3C7E7209C43BA978287D4
:10DAD00083C711861CA08147B24022443E85410184
:10DAE000828083C791B993D72748EDB783C7B1B96F
:10DAF000D5B783C7A1B9F9BF41469725FF1F9385C5
:10DB000065BA22859740FD1FE780E0BBE9B783C770
:10DB100091B9858BC1B783C781B96DBF83A741B95F
:10DB20001CC055BF83C7018675B783C721B965BFC0
:10DB300083C731B945B783C711B969BF4146972536
:10DB4000FF1F938525B575BF83C721B9D9B783C793
:10DB500001B949B783A7C1B8E1B783C791B89DBFE1
:10DB600083C7F18585BF83C7E185ADB783C781B71B
:10DB700095B783C771B7B9BFEFF02FBC08A0A1BF9D
:10DB800083C7A18581BF83C791B993D7374899B718
:10DB900083C721B9DDBF130700048947E36EA7F2ED
:10DBA000EF307EE50AA005BF011106CE22CC26CAC1
:10DBB0004AC84EC652C4EF402EB53DED03C761B70B
:10DBC00085472A84938451B7630CF7021389C1B740
:10DBD000054A9C206370F4048327090093194400CC
:10DBE000CE97FC27639A47012285EFF02FBD83274C
:10DBF0000900CE972387070005041374F40FD1BFE3
:10DC0000EFF01FAB9820238B01B683A7C1B7B907EC
:10DC1000631DE400EF30CE8A6244F240D2444249B0
:10DC2000B249224A05616FF04FDB050423800700EB
:10DC30001374F40FC107E9BFF2406244D244424971
:10DC4000B249224A0561828079714AD04ECE52CCC7
:10DC500006D622D426D256CA938951B7894703C41F
:10DC600009002E8A3289630AF50663F1A7028D47FF
:10DC70008144994A630AF506B2502285225492548F
:10DC80000259F249624AD24A456182802E85EFF0FC
:10DC90000FFA83C709002A84E370F5FEE30E09FC3E
:10DCA0001946D2854A859740FD1FE780C0A1E9B794
:10DCB00003A50A009397440019463E95D28519059D
:10DCC0009740FD1FE780C0B129ED850493F4F40F60
:10DCD00003C40900E3EE84FC45B78144938AC1B7CD
:10DCE000C5BF850493F4F40F03C40900E3F684F878
:10DCF000338554030A86C14513053520334505088D
:10DD0000EF201EB079FD41469305F00F0A8597403C
:10DD1000FD1FE78000B571F5D2850A85EF307ED50D
:10DD200069F183C7090063E4F4002684B1B7E30E08
:10DD300009FECA852685EFF0BF9AC5BF797126D244
:10DD400006D622D44AD0AA8402CC231E01009760B2
:10DD5000FD1FE780C0BF0DCD138901860347090071
:10DD600089476307F702930565002A844831300824
:10DD7000EFF09FED83C751B76372F5022AC6EFF04B
:10DD80004F99B2452A860547A1462685EFF06FCF09
:10DD9000B25022549254025945618280834709004F
:10DDA00091E795452685EF404E93DDB70547E39112
:10DDB000E7FE4C3001462685EFF06FD3D1BF01114D
:10DDC000C16726CA06CE22CC4AC84EC6FD17AE840D
:10DDD0006309F5069760FD1FE78060B72A84514903
:10DDE00029C993056500483101465549EFF0DFE543
:10DDF00083C751B76376F500A685EFF09F8401498C
:10DE00008DC82285EFF04FC72DA0A6852285EFF0A3
:10DE10005F8311C1014905041374F40F83C709001E
:10DE2000E365F4FE99C417F5FFFF13052545EFB030
:10DE3000BECAF2406244D244B2494A8542490561B1
:10DE4000828001445549938951B7C9BF0111C16707
:10DE50004AC84EC606CE22CC26CA52C4FD172E8909
:10DE6000B2896300F5069760FD1FE78040AED1449C
:10DE700021C19305650048310146D544EFF0DFDC50
:10DE800083C751B76376F5024E86CA85EFF07F8966
:10DE9000814439A84E86CA852285EFF09F8811C13A
:10DEA000814405041374F40F83470A00E364F4FE0D
:10DEB000F24062444249B249224A2685D244056171
:10DEC00082800144D544138A51B7F9BF411122C45D
:10DED00006C61384C1B90C2023A2A1B86145EF4046
:10DEE0006E8B08202244B24041016F90BEC34111A5
:10DEF00022C406C61384C1B90C2023A0A1B8614571
:10DF0000EF404E8908202244B24041016F909EC1EB
:10DF1000411106C622C426C28DEDAA85AA843745C2
:10DF20000F00130505243375A602EF30BEAE2A8418
:10DF300001E90144B2402285224492444101828099
:10DF40009307E00FE308F5FE85452685EF30FEF8E0
:10DF5000D5B7EF309EF8F1BF138711861C2383C518
:10DF600091B993E707F81CA36F30FEEB5971A2D467
:10DF700032845000CAD0D2CC86D6A6D2CECE2A8940
:10DF8000368A02C223140100EFF01FCC83C751B7B9
:10DF90006374F50EAA84EFE0DFF79147AA89631650
:10DFA000FA0C03C7118679171337170091461949E0
:10DFB000338924034E86A6852285EFF08FAC514627
:10DFC000814568009730FD1FE78060767000334917
:10DFD0000908C1451305492033450508EF205E8235
:10DFE00005E941469305F00F68009740FD1FE78063
:10DFF000408719ED700891451309592033450908E8
:10E00000EF201E80700093F519002285EF305EE648
:10E010009D67BE9410109305000333C50408EF20DC
:10E020002EFE19ED0810EFE0BFEC04108E2089C51C
:10E03000B0202285EF807E8091049C08E398F4FE56
:10E0400093F929006387090083C5C1B92285EF8050
:10E050000E9B91476314FA0403C711868947631F17
:10E06000F7022285EFF05FEF15A803C70186791745
:10E0700013371700D28625BFA147E31CFAFC03C75C
:10E0800001868947631CF7000146CA852285EFF0A7
:10E090000FA6014681452285EFF02FB5B6502654D4
:10E0A00096540659F649664A0145656182804111D8
:10E0B00022C42A8406C6EFF00FF6238E81B82244CC
:10E0C000B24041016FF06F911D7186CEA2CCA6CAFD
:10E0D000CAC8CEC6D2C4D6C2EFF0FEB083C7B185DF
:10E0E00099CB0144138A51B71389C1B7994A834721
:10E0F0000A00636BF400F6406644D6444649B649CC
:10E10000264A964A25618280032509009319440016
:10E1100019469305F00F4E959730FD1FE780607408
:10E1200029E9B30454035010F145B3C4040813851E
:10E13000142033450508EF20AEEC05ED0347F1034D
:10E140009307F00F6317F7025000C1451385342081
:10E1500033450508EF20CEEA5008C1450945EF20B8
:10E160002EEA8325090054085000CE95E835EFF0DB
:10E170005EA705041374F40F9DBF5D71A6C2CAC0EB
:10E18000930705C086C6A2C44EDE52DC56DA5AD8C2
:10E19000130720022A89B284B3C707086368F74EC1
:10E1A000178700001307C721B3C7E7209C43BA971E
:10E1B0008287854761446393F5021C220947636F98
:10E1C000F700A380F186014411A885476144639755
:10E1D000F5001422138791B963FAD50CB640228555
:10E1E000264496440649F259625AD25A425B61610A
:10E1F000828085476144E393F5FE1C221147E36F5B
:10E20000F7FCA38DF1B8C1B785476144E398F5FCED
:10E210001C22E3E5F5FC238DF1B875B7C1476144D5
:10E22000E39EF5FA4146A6851715FF1F130585479E
:10E230009730FD1FE780204979B785476144E39F08
:10E24000F5F81422138791B9E3EAD5F81C2363810A
:10E25000062093E71700B9A885476144E390F5F8D5
:10E260001C22238CF1B885B791476144E398F5F6F9
:10E270001842B7470F009387F723E3E1E7F623AA95
:10E28000E1B891B785476144E39AF5F41C22094748
:10E29000E366F7F42380F1863DB785476144E39F49
:10E2A000F5F21422E3ECD5F2138721B91C2389C6B9
:10E2B00093E747001CA301BFED9BEDBF8547614479
:10E2C000E39EF5F01C221147E36AF7F0A389F1B849
:10E2D000DDBD85476144E393F5F01C22E3E0F5F0F2
:10E2E000A388F1B8CDB5C1476144E399F5EE414645
:10E2F000A6851715FF1F1305E5391DBF8547614426
:10E30000E39EF5EC1422E3EBD5EC138721B93DBF76
:10E3100085476144E394F5EC1C222388F1B865B588
:10E3200091476144E39CF5EA1842B7470F00938791
:10E33000F723E3E5E7EA23A6E1B871B56144E39F7B
:10E3400005E8EF307EBC01E9EFF08FB6EF205E9775
:10E35000EFE0BFE88DBD8547238BF1B6ADB59D4796
:10E360006144E39DF5E693851400194668009730F3
:10E37000FD1FE7804035882050086C00EFF0DF8CEF
:10E3800083C751B7AA840944E37AF5E44808EFB09B
:10E390000ED52A8409E92685EFE05FC2EF205E9260
:10E3A000EFE0BFE325BD83A7C1B79204A697054759
:10E3B000F8A7594425B59D47639EF50819469385EE
:10E3C000140068009730FD1FE780E02F8820014689
:10E3D0006C00EFF07F8783C751B76377F5049947E7
:10E3E000B304F5025008F14593841420B3C4040823
:10E3F0002685EF20EEC02A8415E51307A041930778
:10E40000F00F6313E90085475008F1452685A307FF
:10E41000F102EF200EE503C5C185EF204EDFEFF0DE
:10E42000BFCA6DBB0944E5BF83C7C1B60944E387D2
:10E4300007DA1387B1B69306A0411C23631AD900EB
:10E4400093E717001CA31D46A685138541B6CDB3DF
:10E45000F99B8DB585476144E392F5D81387B1B632
:10E460009306A0411C236315D50093E7270099B5B7
:10E47000F59B89B5A38D0184EFF01FC5A9B385472E
:10E48000A38DF1840144138951B79949130AF00F00
:10E49000FD5A138BC18583470900E37FF4FCB30465
:10E4A00034035008F14593841420B3C4040826852E
:10E4B000EF200EB505E18347F102638D4701500857
:10E4C000F1452685A3075103EF20AED903450B0084
:10E4D000EF20EED305041374F40F75BF8547614434
:10E4E000E39EF5CE1C22E3EBF5CEA384F1B8E1B9AF
:10E4F00085476144E394F5CE1C222547E360F7CEBF
:10E50000A38FF184C9B185476144E399F5CC182202
:10E51000A546930797FF93F7F70FE3E1F6CC238F18
:10E52000E18455B185476144E39AF5CA138781B701
:10E530001C2214231CA3E39806C8E396B7C809BDA0
:10E5400085476144E39CF5C8138471B71C221820E9
:10E550001CA009E76394B700EFE03FC80820EFF084
:10E56000CEE895B185476144E39AF5C61C220D4774
:10E57000E366F7C6A38EF184B9B185476144E39F92
:10E58000F5C41C22238EF1843DB90545EF202EC829
:10E590001DB985476144E393F5C41C22238DF184A2
:10E5A0001DB1930740026144E39AF5C288300146E9
:10E5B00093852400EFF04FE983C751B76364F500FA
:10E5C000094429B999473305F5029820A1473349F1
:10E5D0000508631FF702130929205008F145334944
:10E5E00009084A85EF20CEA12A8415E59385840089
:10E5F00048086D469730FD1FE780E00C5008F14554
:10E600004A85EF200EC603C5C185EF204EC0F9B67E
:10E6100013091920D9B70544D1B61717FF1F03579F
:10E62000A7AA930740046D44E3FAE7BA854761441B
:10E63000E396F5BA1C22E3E3F5BA81CF83A701B6CE
:10E640005544E38D07B8138791B91C2393E78700DE
:10E6500095B1138791B91C23DD9BA9B91717FF1F2B
:10E66000035787A6930740046D44E3F9E7B685474F
:10E670006144E395F5B61C22E3E2F5B6F9DB83A726
:10E6800001B65544138721B9E9F389BE9307000405
:10E69000E3E827F38947E395F5F226448E20B64058
:10E6A0009644F259625AD25A425B4A8506496161E0
:10E6B0006F305E8E797106D622D426D23C21514726
:10E6C000E91793F7F70F6367F7041787000013073D
:10E6D000E7D7B3C7E7209C432A84BA9782872625C9
:10E6E00050255435268532C636C49750FD1FE78025
:10E6F0000026AA8705C1D827A147A246324613059E
:10E700003400631EF70283A701B8A68599CB9C430A
:10E7100089CB82978544B250225426859254456114
:10E72000828003A5C1B8EF30EEAE6DD59307E00F40
:10E73000E302F5FE85452685EF302EFAE1BF83A77B
:10E7400041B8A68599C39C43E9F703A541B9E1BF48
:10E750002E252E852EC49750FD1FE780401FAA87C7
:10E7600055D9D827A147A245130534001306C40084
:10E770009306C4016319F70083A701B8C1DF9C4762
:10E78000D1DB829741BF83A741B8CDBF10314DEE99
:10E790007C21858BCDCB83A701B7D5E78145414649
:10E7A00008089730FD1FE78080F84C48A5C5FC2974
:10E7B0001946C105A30FF10008089730FD1FE78037
:10E7C00080F0B8867C2093D72748D98FFC86EFE06D
:10E7D000CFF683C751B7639FA70083C7A18599C3AD
:10E7E000EFF0EF989717FF1F83A7079081C7854524
:10E7F00021458297EFE06FF4A2850808EFE05FC83B
:10E80000AA841DE5894503C5C1B99750FD1FE7805E
:10E8100080FE11B74A209750FD1FE7804013E30B9D
:10E8200005EE5C31194693056500A30FF10069B749
:10E8300010304A208545EFE05FBB55468D454A20A4
:10E84000EFE0BFBAC1BD01468545D5BF1830994735
:10E850004A216318F7029750FD1FE780400FAA84F2
:10E860000DC183C7D18509476386E7020D47638DD4
:10E87000E70005476397E7004C314A200146EFE087
:10E880001FA71030894565BF01468145130500412A
:10E89000EFF0BF8E4E2088201546EF302EE7D5B71B
:10E8A0009305450028310146EFF00FBA83C751B7F1
:10E8B000E372F5E699473305F5021306C400914566
:10E8C0001305552033450508EF20AE9903C5C185D2
:10E8D000EF20EE9381B583C791B84A2181C783C5E4
:10E8E000F18599BD83C7118699E39545B1B59750D8
:10E8F000FD1FE780C005AA84E30E05E03C244831F3
:10E90000858B85C7854763F2A7025E2493F70720AE
:10E9100089EF100893856400EFF00FB383C751B7F8
:10E920006395A7004A208D4501BDCC304A201306CF
:10E930008400EFE0DF9B0146814511B74A21EFF0EB
:10E94000EFBFC9BB4A21EFF02FA6138711861C2306
:10E9500093F7F7071CA37DBB797126D206D622D484
:10E960004AD04ECE52CCAE849397556063D90708F7
:10E9700003C5C1B99730FD1FE780E0CB2A8431C1C0
:10E980001C211307100B6389E7041307000D638430
:10E99000E7021307000B6393E7025821F947631658
:10E9A000F7002A218145EFF08FC14C201305840028
:10E9B000EF609EA721A0EFF0FFCF01C52285EF10E9
:10E9C000CEA01394F468B250228522549254025976
:10E9D000F249624A456182805C21EDF312256E2185
:10E9E0002A21238401B8EFF06FC683C781B8F9D715
:10E9F00003C5C185238401B8EF206E81C1B793F7A9
:10EA0000250095C381450145EFE09FA79387C1B9D4
:10EA1000894511C18545882313C424009750FD1FE3
:10EA2000E78060DD4DB793F71500DDCB138901B7A3
:10EA3000832709001384C1B503DA47001C4081EF26
:10EA4000C1651387A1B589461386018DFD1505455E
:10EA5000EF80EE8308C00C4093C4140085E983273F
:10EA6000090001468545CA2333C40408EFE0FF9737
:10EA70008327090001468D45CA23EFE01F9703C590
:10EA8000C185EF10DEF8EFE0CFD035BF9389A1B597
:10EA900003D609009308F00F094881471307E100E6
:10EAA00074005285EF80EECF01E9308611C61C401C
:10EAB0005285AE27EFF08FB9084003D60900C16533
:10EAC0008146FD15EF806EC308C033C4040841D9E8
:10EAD000854503C5C1B99750FD1FE780C0D1E5B595
:10EAE00013F44500E30104EE13C44500E9BD3421ED
:10EAF000F14763EFD726178700001307679AB3C75C
:10EB0000E6209C43411122C4BA9706C626C22A8435
:10EB100082871C319384C1BCD1E741469715FF1F02
:10EB2000938545BA1715FF1F1305C5BB9730FD1F09
:10EB3000E78000CB29E91716FF1F1306A6BAC145C7
:10EB40000945EF101EF21716FF1F1306A6B8C145A0
:10EB50000D45EF101EF103C5C185EF105EEB930567
:10EB60003400138581BB19469730FD1FE780A0B59F
:10EB70008547854503C501BD9CC09750FD1FE780B3
:10EB800080C78840D9A041469715FF1F938585B25D
:10EB90001715FF1F130505B49730FD1FE78040C40C
:10EBA00059D975BF99479CC0E9BF18313C3129E359
:10EBB00009476394E7021387C1BC1C4381450145A3
:10EBC00093F7F7F093E707021CC3EF504EA308B08A
:10EBD000B24022449244410182800547814501456B
:10EBE0006395E700EF504E95DDB7EF508E88C5B7BF
:10EBF0000947E38FE7FC1387C1BC1C43C19B13E5A6
:10EC0000670008C399A01C319384C1BCBDEF8D4738
:10EC1000639FF604138771BC1C239396476063DCE3
:10EC2000060093F7F707894503C501BD1CA397505C
:10EC3000FD1FE78040BC9C40914613F7F70063112D
:10EC4000D702C19B13E5570088C083A701BAC9D377
:10EC50009C43BDDFA2852244B24092444101828799
:10EC60008946E307D7F6C19B13E52700F1BF23844C
:10EC700001BC9C40954613F707FFBD8B1365370019
:10EC8000E394D7FC13654700C1B79C40C19B13E5D3
:10EC900067005DBF9384C1BC9C401831C19B11EFDC
:10ECA00093E747009CC032259305450028319146E3
:10ECB000EFF0CFAB238401BCE9B5930610036317D3
:10ECC000D700238401BC93E73700F1BD93E76700C9
:10ECD000D9BDEFF03F9E1387C1BC1C43954613F688
:10ECE000F700C19B13E53700E31DD6F013E52700BD
:10ECF00009BF9384C1BC9C40183193F7F7F021E31E
:10ED00004D47639AE60293E70701138761BC9CC0F5
:10ED10001C239396476063DC060093F7F707914541
:10ED200003C501BD1CA39750FD1FE780C0AC9C40EC
:10ED30001395872919BF93E707029CC0CDBF93E7BE
:10ED40000703E5BF1386C1BC1842FD770C319387DA
:10ED5000F70F7D8F9367073081E9ED4593670720B3
:10ED60006394B600936707101CC213959729F1BDF1
:10ED700082801821930610096307D7009307000DBE
:10ED8000630EF702828014313947639BE6025621F5
:10ED90000567130757406395E6021C451307F00704
:10EDA00083853700638EE50003A701BA11CB584372
:10EDB00001CB8833BC23A2075D8D02876FF03FD360
:10EDC0008280011126CA06CE22CCAE84939755606C
:10EDD00063DF070A03C501BD9730FD1FE780A085EB
:10EDE0002A8409C983C791BA89EFEFF09FF8228579
:10EDF000EF00BEDD1395F468F2406244D244056131
:10EE000082801C211307000D639BE7043C2181E7EE
:10EE1000EFF03FF601A81547639CE7005825A1478E
:10EE2000E395E7FCA28503C581BAEF003EDFD9B7C1
:10EE30002147E38FE7FC99466394D7007C31CDB737
:10EE40001D47E394E7FA4A219750FD1FE78020B061
:10EE500059DD5825A1472285E319F7F8E1B71307D3
:10EE6000200AE384E7F813071009E393E7FA18315F
:10EE7000B947E31FF7F85A21856793875740E3198D
:10EE8000F7F81C458833BC23A2075D8D75BF9167D9
:10EE9000ED8F91CF138601BC91451145EF107EBCDB
:10EEA00003C5C185EF10BEB61395E468B1B793F7FB
:10EEB0001500BDCB83C781BCA9C7EFA0BEC797070C
:10EEC000FF1F83C7C7206361F5048D475C8283C73A
:10EED000C1BA5C864C0083C7B1BA03C501BDDC86EC
:10EEE000EF405EA719CD9387C1BC88434199136554
:10EEF000650088C383A701BA89C79C4399C381452C
:10EF0000829713C51400CDBD83C771BB5C821946BF
:10EF100083C761BB938501BB13056100DC82972029
:10EF2000FD1FE780407A65B793F7250095CB83C72F
:10EF300071BC858B9DC303C501BDEF403ECE11CD95
:10EF40009387C1BC88431375F5F088C383A701BAC2
:10EF500089C79C4399C38145829713C5240069BD25
:10EF600013F54500E30A05E883C761BC8DC703C5F7
:10EF700001BDEF40BECD05C11387C1BC0843FD777D
:10EF80009387F70F7D8D08C383A701BA89C79C4378
:10EF900099C38145829713C54400B9BD397122DCFC
:10EFA00026DA4AD84ED652D406DE2A8AAE8932896B
:10EFB000B6843A843EC69750FD1FE780409929C128
:10EFC0007E25324663EB37016369F9001E2963969B
:10EFD00097003E296145638D87002C085285231CCC
:10EFE0003101231D2101E486E087EFA0EEF8014501
:10EFF000F2506254D2544259B259225A216182804D
:10F000005145FDB7411122C406C69707FF1FA383D0
:10F01000A73C328481C52E85EFE05FEB83A7C1BC9E
:10F020008DEB19C023A081BA2244B24003C6A1BA15
:10F0300083C591BC03C501BD938701BC1707FF1FA2
:10F04000130747699706FF1F9386C66941016F50F2
:10F050009EBEB24022444545410182809707FF1F72
:10F0600083C7E70689EB614582806145B24022444F
:10F07000924441018280411126C206C622C4938473
:10F0800001BD80209307F00FE311F4FE1705000087
:10F09000130565D3EF100EAF88A0E30885FC23A00D
:10F0A00001BA23A601BC9147A384F1BCEF20DE9BEB
:10F0B000414681451705FF1F1305C5629720FD1FB7
:10F0C000E780E066414681451705FF1F130585600F
:10F0D0009720FD1FE780A06523A001BCA38B01BA88
:10F0E000238B01BA9D471706FF1F1306A65FC14574
:10F0F00009452386F1BAA38501BAEF106EF0170611
:10F10000FF1F1306265DC1450D45EF106EEF41460A
:10F110009705FF1F9385055D1705FF1F1305855A8A
:10F120009720FD1FE780205A41469705FF1F9385D2
:10F13000655A1705FF1F1305E5579720FD1FE78048
:10F140008058138601BC91451145EF106EEB0145C7
:10F1500031BF1707FF1F1307A727FD575CB37CA319
:10F16000A38401BC05472384E1BC23A001BC19474B
:10F170002393E1BA0567130707C82392E1BA2384F2
:10F18000F1BA8D47238501BAA38401BAA382F1BCE9
:10F190002382F1BC19468145138501BB1723FD1F4E
:10F1A0006700E358411122C4930705D006C65D47A6
:10F1B0002E84B3C707086367F70C1777000013079F
:10F1C0006735B3C7E7209C43BA97828783C791BC52
:10F1D0001CA019A841469705FF1F9385A5502285BD
:10F1E0009720FD1FE780204E8147B24022443E8594
:10F1F0004101828041469705FF1F9385A54DC5B704
:10F2000083A701BC9CC1CDB71946938581BBC1BF03
:10F2100083C781BC75BF2E85EF407ECAF1B72E85AE
:10F22000EF401ECCD1B783C771BB5DB783C761BB4D
:10F2300045B71946938501BB5DB783C7C1BA49BFBE
:10F2400083C7B1BA71B783A7C1BC59B783C7A1BA85
:10F2500041B783D761BA1EA041BF83D741BAE5BF8A
:10F2600083C751BCB5B783C741BC9DB72E85EF405E
:10F270001ECA9DBF83C771BC93F7F70791BF83C7B1
:10F2800061BCB9B7130700048947E360A7F6EF2014
:10F290008EF60AA091BF2A879307F7CFD9462E850D
:10F2A000B3C70708B28563EDF6249776000093860E
:10F2B000662CB3C7D7209C43411106C6B6978287F8
:10F2C0004147E147631EE50241461705FF1F13054D
:10F2D00065419720FD1FE780003F15A04147E147AA
:10F2E0006310E50241461705FF1F1305A53ED5B77C
:10F2F0001147E1476316E5001C4223A0F1BC81479A
:10F30000B2403E85410182800547E147E31AE5FEB0
:10F31000138781BC1C2214231CA385C2EDF303A711
:10F32000C1BC3D8B93074002B3D7E700858BE1DB7F
:10F3300003C501BDEF408EF6D9B7F1D383A7C1BC99
:10F340006386A700BD8BF517E36BF5FA854503C50A
:10F3500001BD9740FD1FE780004A55B79307C01CC9
:10F3600063ECA718630A0618B24041016F407E9013
:10F370009307C01C63E2A71863000618B24041015E
:10F380006F409E9B0547E147E31CE5F61822A9461E
:10F39000E3E8E6F6A38BE1BA9DB70547E147E31141
:10F3A000E5F618228D46E3EDE6F4238BE1BA81BF42
:10F3B0001947E147E316E5F41946138501BB11BF70
:10F3C0000547E147E31EE5F218229D46E3EAE6F22F
:10F3D0002386E1BA2DB70547E147E313E5F218228A
:10F3E0008D46E3EFE6F0A385E1BA11BF0547E1479B
:10F3F000E318E5F01C222385F1BA11B70947E1476C
:10F40000E310E5F0122205671307A7C79306A6FFCE
:10F41000B3C60608E366D7EE2393C1BACDB5094754
:10F42000E147E31FE5EC122205671307A7C7930620
:10F43000A6FFB3C60608E365D7EC2392C1BAC1B5EF
:10F440000C2203C641BCA382B1BC0145EFE06EFAB9
:10F450007DB5102283C551BC2382C1BCFDB7930783
:10F46000C01C63EBA70849CAB24041016F403E99F6
:10F470000547E147E316E5E8138771BC14231C2216
:10F48000858A1CA313F6170091C6E31A06E6EF401F
:10F490002EFBB5B5E30506E683A6C1BCB98A89454E
:10F4A000E39706EA93E707F81CA391BD0547E147F8
:10F4B000E318E5E4138761BC1C2214231CA391C646
:10F4C000E39F07E2EF402EFA1DBDE38A07E283A621
:10F4D000C1BC93F6060FF9D6914595BD930700047C
:10F4E00063EEE70089468947E31CD5E0B2400E226F
:10F4F0003A8541016F201EAAE14719B5894709B530
:10F500009307000463E9E700894689476316D5003D
:10F510000E223A85C5B789473E8582806FE04EE866
:10F52000014881476FE08EE9011106CE2AC6974057
:10F53000FD1FE780C04101C9B245F24008214D4698
:10F5400005616F20BE9CF2404945056182804111F2
:10F5500006C6EF90DFF51795FEFF13052510EF00A7
:10F560007EE2EF803EFC1735FEFF1305A5ADEF00F0
:10F570007EE1EF20DEA81765FEFF130585EFEF00A3
:10F580007EE0EF503EEC17B5FEFF1305A556EF00E9
:10F590007EDFEFB0EEE917F5FFFF1305253CEF0026
:10F5A0007EDEEFE0DFB01785FEFF1305A573EF00E9
:10F5B0007EDDEF80CEEFB24041016FF03FAA4111F6
:10F5C00006C6EF307F8983C701BDFD1793F7F70F9C
:10F5D0001307D00F6372F7061795FEFF1305050892
:10F5E000EF005EDAEF801EF41735FEFF130585A5E8
:10F5F000EF005ED9EF20BEA01765FEFF130565E79B
:10F60000EF005ED8EF501EE417B5FEFF1305854EE0
:10F61000EF005ED7EFB0CEE117F5FFFF130505341D
:10F62000EF005ED6EFE0BFA81785FEFF1305856BE0
:10F63000EF005ED5EF80AEE7B24041016FD01F8092
:10F6400083A7C1BD03A741BD01456313F7008280B5
:10F65000F62399E2D62336959C43C5BF1707FF1FB3
:10F66000130787A51C435A23411193860711E117FD
:10F67000BA97856523AED1BC23AAF1BC06C69D0509
:10F680001356370063F4E500130600203387C600E5
:10F6900023ACE1BC611698C2D2A2239306001CC31E
:10F6A000998FE1175EA323130700EFF07FF9B240B3
:10F6B0009707FF1F2391A79E4101828083A7C1BDA9
:10F6C00003A741BD01456313F7008280F62381E65D
:10F6D000D6233375D50A9C43FDB79C211CA1BE21BE
:10F6E0001CB1BE21A1833CA1DC213CB1114582802B
:10F6F00023A201BE23A001BE82800DCD411122C4F0
:10F7000026C206C6AA842E84014585C122854146AB
:10F71000977500009385C5EB9720FD1FE780A0FA41
:10F720009C2005455CA49C305CB4B24022449244C9
:10F730004101828001458280011122CC26CA06CE79
:10F740008947AA843284639FF5006384B6024147E7
:10F7500081476397E6048A85EFF03FFA41468A8540
:10F76000228515A841476393E504638FF600639FE4
:10F77000B6022E86A2856244F2402685D2440561F7
:10F780001723FD1F6700C3058A853285EFF0FFF65A
:10F7900041468A8526859720FD1FE7806004AA8759
:10F7A000F2406244D2443E85056182808147CDBFEC
:10F7B00023A0A1BE828023A2A1BE8280011122CCFF
:10F7C000622106CE26CA4AC84EC63DC88329850096
:10F7D0002A88AE8403C9090081471317496063551D
:10F7E0000702B147054563F6870403552800511405
:10F7F000334404084E8633878900A2868545EFB0DE
:10F800004E9AB337A0008507135569487D141379C4
:10F81000F903334404089CA088B023812401C2A0CA
:10F82000014719C01387190098C409476383E7008B
:10F830000145F2406244D2444249B24905618280A6
:10F840000545C5BFC167F917630AF502D94763F7D4
:10F85000B702011122CC2EC606CE2A84EF80DEBC70
:10F86000B2456368B50022856244F24005616FA02D
:10F87000EEA3F24062440545056182800545828021
:10F88000C167F9176314F5006F801EBA411106C6EF
:10F89000EFA0AE9011E15D45B240410182809147F9
:10F8A000639DF5001C211CA23C211831A207D98FB1
:10F8B0003EA23C3101455CA28280114582803971B3
:10F8C0004ED652D45AD05ECE06DE22DC26DA4AD894
:10F8D00056D22A8A2E8BB289B68B15E7EFF05FFAE3
:10F8E0009145EF805EC12A844D49854A19EDF25059
:10F8F0006254D254B259225A925A025BF24B4A8550
:10F900004259216182803A84814A2300340185442E
:10F91000630A0B00DE8513051400029B9304150097
:10F92000B3C404089399496063D30902C145528561
:10F93000EFA0AE94654915E533069400A6852285AF
:10F94000EFA09ED72A8911EDB104B3C404089147F2
:10F950002C0052857C8422C66485EF905EAC2A8997
:10F9600059D5E3860AF822859740FD1FE780608518
:10F97000BDBF011122CC26CA4AC84EC606CE2A896E
:10F980003284B689EFF0BFF3AA8419ED83A741BE94
:10F9900081CF05476317E40003C40900050413740D
:10F9A000F40FA2854A858297F24062444249B249E7
:10F9B0002685D24405618280AE86014705469705BB
:10F9C00000009385C5D16FF0DFFA9E211CA19E2116
:10F9D000A1831CB1BE213CA1BE21A1833CB1114534
:10F9E00082809E211CA19E21A1831CB1BE213CA12D
:10F9F000BE21A1833CB1DC315CA1FC215CB18A2534
:10FA000019053345050882809E211CA19E21A183F2
:10FA10001CB1094582809E211CA19E21A1831CB19D
:10FA2000BE213CA1BE21A1833CB1114582809E2113
:10FA30001CA19E21A1831CB1AA21090533450508FB
:10FA400082809E211CA19E21A1831CB1BE213CA1CC
:10FA5000BE21A1833CB1CA2111053345050882802E
:10FA60009C211CA1054582809E21411122C406C60D
:10FA70001CA19E212E841105A183A30EF5FEBE219B
:10FA80009505230FF5FE83D7D5FFA183A30FF5FEC0
:10FA900003C6F5FF9720FD1FE780E0C24820B24073
:10FAA0002244110541018280AE8601471146970527
:10FAB00000009385C5F16FF09FE013F73500AA872A
:10FAC00001EB8981114591C50EA25CC2014582807E
:10FAD00011458280D8218947631CF702011122CC8D
:10FAE0002A84C84506CEAE8601C92EC69D459730EC
:10FAF000FD1FE7804079B2462A8722856244F240A2
:10FB0000194697050000938505EE05616FF03FDB10
:10FB100009458280DC210947AE866385E7004147BD
:10FB2000639AE7000147214697050000938505F495
:10FB30006FF0FFD8094582800EA291E1014548C2CD
:10FB400001458280AE8601472946970500009385CE
:10FB5000E5EB6FF0DFD6AE86014731469705000032
:10FB60009385A5EB6FF0BFD5DC210947AE86638591
:10FB7000E7004147639AE7000147414697050000C7
:10FB80009385C5EE6FF0BFD3094582803335B00051
:10FB90000A058280011122CC26CA06CE9825854707
:10FBA000AA842E8449466310F702EFF07FCD3E20F1
:10FBB00049151306200963C8A700F2406244D244E5
:10FBC000094505618280183485476314F700136680
:10FBD0000604484001C98D4532C69730FD1FE780B5
:10FBE000806A3246A2866244F2402A872685D24441
:10FBF000970500009385E5E305616FF05FCC011187
:10FC000022CC2A84884506CEAE8601C92EC69545EB
:10FC10009730FD1FE7802067B2462A87228562441D
:10FC2000F2405946970500009385E5E105616FF0C4
:10FC30001FC93335B0000A058280AE860147614690
:10FC400097050000938505E26FF07FC78547114552
:10FC500063F1D7021C320C220945A207CD8F8145E2
:10FC60006384A60093052600F9161EA336A34CC391
:10FC7000014582809E211CA19E21A1831CB10945C2
:10FC80008280BC2105471CA18A216397E7000A05F1
:10FC90000505334505088280C9473305F502CDBF08
:10FCA0008A210A05334505088280BE211CA18A21CC
:10FCB000BE213305F50205053345050882808A21FA
:10FCC00082808A2182808A218280BE211CA18A2191
:10FCD000BE213305F50205053345050882809E21C6
:10FCE0001CA19E21A1831CB1BE213CA1BE21A183E8
:10FCF0003CB1CA2111053345050882809E211CA113
:10FD00009E21A1831CB1AA210905334505088280E3
:10FD1000894711456398F6001C3214220145A20759
:10FD2000D58F1EA382809A21D947AE8663FAE70059
:10FD300001470D4697050000938505F46FF07FC3DA
:10FD4000094582801145639DA6001C32142201459D
:10FD5000A207D58F1EA33C323422A207D58F3EA323
:10FD60008280BC210547FD1793F7F70F6362F70404
:10FD70009E219DCF011122CC2A84C84106CE2EC6D9
:10FD80001DC189459730FD1FE780E04F2A872285F6
:10FD90006244B246F2401546970500009385A5EEF1
:10FDA00005616FF01FBDF240624409450561828024
:10FDB00009458280954763F0D706411122C426C2C7
:10FDC0004AC006C61C323A841822A207B284D98FD0
:10FDD0001EA03C32382293854400A207D98F3EA052
:10FDE00089475CA009461305540036899720FD1FFA
:10FDF000E780608D194781476304E90093876400B9
:10FE0000691923142401B2405CC42244924402497B
:10FE1000014541018280114582809E219DCF0111C3
:10FE200022CC2A84C84106CE2EC61DC185459730F6
:10FE3000FD1FE78040452A8722856244B246F24092
:10FE40001D46970500009385E5E505616FF07FB2DB
:10FE5000F2406244094505618280094582809947E4
:10FE6000B2856388F600D147114541466384F600A8
:10FE700082800946411106C650A39C319421130586
:10FE80005700A207D58F1EA3BC31B4219105A2074C
:10FE9000D58F3EA39720FD1FE780E082B240014549
:10FEA000410182809E219DCF011122CC2A84C8412C
:10FEB00006CE2EC61DC189459730FD1FE780A03CA8
:10FEC0002A8722856244B246F24025469705000003
:10FED0009385E5DD05616FF0DFA9F24062440945D5
:10FEE0000561828009458280894711456398F60043
:10FEF0001C3214220145A207D58F1EA38280011156
:10FF000022CC2A84C84106CEAE8601C92EC68545BC
:10FF10009730FD1FE7802037B2462A87228562444A
:10FF2000F2402D46970500009385A5D905616FF035
:10FF30005FA46FF03FE1011122CC2A84C84106CEB4
:10FF4000AE8601C92EC685459730FD1FE780A033D8
:10FF5000B2462A8722856244F24035469705000062
:10FF6000938565D605616FF0DFA093F71600114504
:10FF700081EB89476386F600858256A310C301454D
:10FF80008280011122CC2A84C84106CE2EC61DC112
:10FF900085459730FD1FE780002F2A872285624420
:10FFA000B246F2403D4697050000938505D20561B3
:10FFB0006FF03F9CF24062440945056182809E21BA
:10FFC0009DCF011122CC2A84C84106CE2EC61DC168
:10FFD00089459730FD1FE780002B2A8722856244E0
:10FFE000B246F240454697050000938545CE05612F
:10FFF0006FF03F98F24062440945056182800945EF
:020000023000CC
:100000008280854763F4D70208A70CB71C320C2204
:100010000945A207CD8F81456384A600930526007C
:10002000F9161EA336A34CC3014582801145828078
:10003000014781464D4681456FF0BF938D4711457D
:1000400063F5D7021C320C22A207CD8F1EA33C32CF
:100050002C22A207CD8F81456384A600930546001C
:10006000F1163EA356A30CC701458280011122CC94
:100070002A84884506CEAE8601C92EC6954597309E
:10008000FD1FE7804020B2462A8722856244F24065
:100090005D46970500009385C5C405616FF07F8DAF
:1000A000854711456395F6001C2201451CA38280FB
:1000B00001478146654681456FF0BF8B011122CC17
:1000C0002A84C84106CEAE8601C92EC68D4597301A
:1000D000FD1FE780401BB2462A8722856244F2401A
:1000E0006D46970500009385A5C105616FF02FFD52
:1000F000011122CC2A84C84106CEAE8601C92EC683
:100100008D459730FD1FE7800018B2462A8722856B
:100110006244F240754697050000938565BE05610F
:100120006FF0EFF9397126DAAE84B70540004ED68C
:10013000F915AA89054506DE22DC4AD8EF00EECB88
:1001400013146529974500009385453A41460A8571
:10015000EF50BDA341469745000093852539080817
:10016000EF50BDA2931784001359040133470408CC
:100170002183D98F1379F90F10088A854E857C87E2
:10018000A3062101EF908FFA8347E1010347D101D4
:10019000A0B0A2074207BA970347F1012180C0A08F
:1001A000BA979CA013D78700C18398B0BCA0A38244
:1001B0002401F2506254D2544259B25921618280D2
:1001C0000111194697F5FE1F9385A5F017F5FE1F3F
:1001D0001305453306CE22CC26CA4AC891644EC6C2
:1001E0009710FD1FE780204E9385F4FF0145EF0037
:1001F0004EBE2A84FD550145EF002EC0A287FD1496
:100200007D5933F79700B366E500CDC66314250129
:100210006302970A17F4FE1F1304C4202308F40E88
:10022000A18393E707FC1169C1692326A40EA308E3
:10023000F40E7D19FD19CA850145EF008EB9AA8417
:10024000FD550145EF006EBBB3679500EDD7FD5737
:100250006314F500E38124FF0357040E935705014F
:10026000230AF40E93578501A30AF40E8356240E35
:10027000B3470508B98F0357440F230B940EA18091
:1002800093F4F403358FA30B940ED98F8356440E49
:100290000357640F2319A40E358FD98F9397576096
:1002A000B3F73701C9DBF2406244D2444249B24954
:1002B00005618280A6850145EF00AEB12A84FD5517
:1002C0000145EF008EB3A2872DBF41119305902405
:1002D0001305000A22C406C69730FD1FE78000E21E
:1002E0002A842DC91306000A81459710FD1FE78057
:1002F000004417F7FE1F1307E735145F585F97F7A1
:10030000FE1F23A7871A9307040898CFD4CB7D57E5
:100310002300E404130710FB78A02302040017074E
:1003200000001307070498C7170700001307474387
:10033000D8C7170700001307472F98CB97F7FE1F62
:1003400083C787DD81EB914503A581BE9720FD1F03
:10035000E7806080B24022852244410182804111C1
:1003600026C297F4FE1F9384E40B22C403A4C4089E
:1003700006C6834754062302040685E38547230205
:10038000F406194697F5FE1F9385C51713056406F5
:100390009710FD1FE7802033B5A80547639AE70053
:1003A000B8200DE74945B240224492444101828081
:1003B00083254408DDED8347C4068DE303475406D7
:1003C0008947E30DF7FABC20F1DF85472302F406E5
:1003D000194697F5FE1F938545134DBF1305C406B7
:1003E0009720FD1FE78060552322A40819CD3C25E6
:1003F00089CF89472302F40619469305C5001305E2
:1004000064069710FD1FE780002C034744068947C8
:10041000E316F7FAB7050001FD150145EF00EE9D63
:1004200068CCEF905FB728CCC1451545EF00EE973B
:1004300085477CB0834784030D4748A458A097F4B0
:10044000FE1F9384E4C4639EE7025238835764041A
:10045000A830C1453E96EFF05DBFA830C14597304A
:10046000FD1FE7804039014597F7FE1F238C07FAEF
:100470001DBFBC25A1D789472302F4061946B10543
:10048000BDBF0947A8306396E70003566404C14521
:10049000D9B75238EDBF411106C622C42A8497400D
:1004A000FD1FE7800055930700FB7CA09305000229
:1004B00017F5FE1F0345F5BDEFF05DC117F7FE1FF1
:1004C000130747F61C235638850793F7F70F1CA32D
:1004D000130700643347D70263C8E700EF000E94A8
:1004E00097F7FE1F238007F4B24022444101828027
:1004F000011126CA97F4FE1F9384C415D84C22CC50
:1005000006CE4AC84EC6954717F4FE1F032444FA88
:100510006306F700D84C8D47631FF70083C71402AA
:1005200081E7930770109EB0F2406244D244424982
:10053000B249056182800D459740FD1FE780005359
:10054000938981B203A70900B7C7898E938767EDA6
:100550001CC7B7575500938757555CC30347A4037F
:100560009307F00F6305F700FD57230DF40213897D
:1005700081B3032709008547A30CF4025C430145BE
:10058000014693E717005CC3930720FB7CA09D47BF
:10059000DCCC9305500297F7FE1F23AD070A938426
:1005A00081B49730FD1FE780C0A8984001455C5793
:1005B000F59B5CD783A6090058309C421377F70758
:1005C00093F707F8D98F9CC297F7FE1F83C7C7B46C
:1005D00099C303A581BE9710FD1FE780E05603A7CE
:1005E0000900B70633001C4393F7F7CF1CC31C4325
:1005F00093F7F7CF93E707201CC398401C47D58F8C
:100600001CC703270900B7070300938787153CCB56
:1006100097F7FE1F23AA070497F7FE1F23AE0702D2
:1006200085471CC311B7411122C406C626C217F460
:10063000FE1F0324E4E703479403A1476303F70A7B
:1006400089445C306314970A130770026381E710D2
:1006500013075002130570026394E700130560024C
:1006600048B083A781B298433706CEFF7D16137733
:10067000F7CF1367071098C303A781B4144783A566
:1006800081B3F18E14C737060300B0C997F6FE1F79
:1006900023A206FC545713068615F59A54D79443A3
:1006A00093F606F8C98E94C397F6FE1F23AE06FA9A
:1006B00097F6FE1F23A206FA854694C1944393F64B
:1006C000F6CF94C3944393F6F6CF93E6062094C3F3
:1006D0001C47B7063300D58F1CC7B0C9930720FB52
:1006E0007CA0B240224492444101828013077002F0
:1006F0006386E702930650026394D70013076002F3
:1007000058B083A681B4DC56F59BDCD683A681B2B3
:100710009C4293F707F8D98F9CC2C9B783478403DB
:10072000898B95C70356A4049305000217F5FE1F95
:1007300003453596EFF07D9193075002A30C940288
:100740005CB02244B240924441016FF07FDA2285CE
:100750002244B240924441016FF0FFD397F7FE1F4D
:10076000938747CC03A7070A35E3411122C403A4AA
:10077000C70806C69307000B78206306F70097406A
:10078000FD1FE78000278347840317F5FE1F0345FD
:10079000559013F7170011C785473238A30CF402A0
:1007A00001A8898BF5DB0356A4048947A30CF40246
:1007B00093050002EFF07D8993075002230F040296
:1007C0005CB02244B24041016FF09FD2828001119F
:1007D0004EC6938981B383A7090022CC26CA4AC892
:1007E00006CED843138981B22A8413671700D8C371
:1007F0008326090037C7898E130767ED98C63757D8
:10080000550013075755D8C2D84397F4FE1F938459
:1008100064E4014613671700D8C3930730FB7CA13B
:100820000345C5039D47DCCC9305F00F23A00400CE
:100830009720FD1FE780E07F03A6090023AA04009C
:1008400023A2040085471CC283270900B705330093
:1008500098431377F7CF98C398431377F7CF13676D
:10086000072098C303A781B41447CD8E14C7B706D9
:1008700003009386861534CA5457F59A54D7834695
:10088000B403984393F6F607137707F8558F98C388
:10089000F2406244D2444249B249056182807D57A8
:1008A0002300E50403479503411106C6230DE50225
:1008B0002147A30CE5020347B50358B1EFF03FF120
:1008C000938781B3984354471396164950C70F1026
:1008D00000009C4337070200B24098C71307000886
:1008E00017F6FE1F2320E6D80567130727A8F8D3BD
:1008F000D4C741018280011122CC06CE26CA4AC843
:100900004EC652C403479503A1472A84631FF720AC
:10091000930750FB7CA10345C50393052002972054
:10092000FD1FE780004D8347C403094733D9E70A19
:1009300083244409930720021CA495479CA0782097
:100940009307400B97F9FE1F9389C9AD631AF7000F
:1009500083A7090D1167F98F81C7930750029CA0E7
:10096000930720029CB0034744068947130A640694
:10097000631BF7008325440819465285B10597107B
:10098000FD1FE78040D483475406858B91E70347DA
:10099000440689476316F7009C2093E707049CA050
:1009A0001946D285138524009710FD1FE780A0D13A
:1009B0008347540789C79C2093E707F89CA01946F2
:1009C00093056407138584009710FD1FE780A0CF6F
:1009D00083478405FCA483479405FCB48347A4059E
:1009E0009CA88347B4059CB87C4C13D78700BCA84F
:1009F000C183DCA8B8B889476313F9008D47DCB818
:100A0000B327892003C707058325440998AC03D77A
:100A10000705218398BCB82FB8ACBA2F2183B8BC86
:100A200003C707029E33D8ACA183DCBC9C3D982D44
:100A3000A207D98F03D7C90A630707148D47231765
:100A4000F40497E7FE1F9387276C83DEC7009306A5
:100A5000003203D7A90213860E193356D60234503A
:100A60001307270283A2490903AF870005872D07D3
:100A7000814313090032954F369616857D5383576F
:100A8000E40461E1636967008507B3C707082317BA
:100A9000F404E3F4FFFE8347E404B7060082FD1686
:100AA000FCA88357E404A183FCB883C7E90FFCAC1E
:100AB00083C7F90FFCBC83C709102380F40283C7E6
:100AC0001910A380F40283C729102381F4025C2447
:100AD000FD8BA381F40283C7390003C73502960753
:100AE000D98FA381F50283A581B2D85597E7FE1F60
:100AF00083C7C75D1396476093F7F703758FE607C3
:100B0000D98FDCD51307A00383A781B46355C70829
:100B1000F84FB7060007558FF8CFF2406244D24431
:100B20004249B249224A05618280930740FB7CA179
:100B30009305200201459720FD1FE780802B014986
:100B4000C5BBB386D703032E050993860619B3D612
:100B50002603B388C600B3B6D80046886394D30092
:100B600063E4E8013388E841B306C84163690E01D4
:100B7000B3060E4163F5E60085072317F404084128
:100B80003353D30AEDBD8D838D071947B3D7E70AD9
:100B90002317F40409B713072002635AC700F84F5C
:100BA000B70600F9FD16758FB7060005ADB7B70695
:100BB00000F96947FD166357C700F84F758FB706F0
:100BC000000391BFF84F758F13178729B1B74111F3
:100BD00006C622C426C297E4FE1F9384644B2A846F
:100BE000A830C145EFF08DCEA83093050002EFF09C
:100BF000EDCD2302040023130400B24022449244AA
:100C000041018280411106C626C222C44AC0AA847C
:100C1000EF20CF8CEF00DFE679C5B85083A74409F9
:100C200001482324E508B84C2A841546232CE508FE
:100C3000F84C97F5FE1F9385C58E13058513232267
:100C4000E5F6D83B17E9FE1F1309C97DA30FE5EEB2
:100C5000F83BF42B2207558F2310E5F0983F942F93
:100C60002207558F2311E5F0B83FB42F2207558F87
:100C70002312E5F0D82FDC3FA207D98F2313F5F01C
:100C8000DC2423220501A30EF5EE81471CC1971039
:100C9000FD1FE78040A3F8209307600B631DF70456
:100CA00085472300F41483C7C4032303F414A30368
:100CB000F4142285EF10DFF08327890D0A242946DA
:100CC00093F7072091E3054693050008EF506FA7BF
:100CD0008327090D1167F98F99C70A245146930597
:100CE0000008EF500FA62244B240024926859244E4
:100CF00041016FF0DFED8327090D1167F98FD5DB17
:100D000083A74409982383A784099C23F98F93D749
:100D100057482300F41471BF011122CC06CE2A8457
:100D200026CA4AC88347C4070325450899EB03250B
:100D300044084DE158348547631DF71268582C5C10
:100D400019A231C53C25A1C78347D407C9C383472E
:100D500034081307000493F7070C639AE70693051A
:100D6000E40769052EC69720FD1FE78040B50547BB
:100D700083274408B245631CE5020947230EE406B5
:100D800019461385C7009710FD1FE780C0930347DE
:100D9000C4078947E30DF7F819469305E4071305DF
:100DA00064069710FD1FE780A0A351F119A09C33A2
:100DB00089EB8144F240624442492685D244056170
:100DC000828097E7FE1F83C7F765F1D3DDB71C313B
:100DD000DDFFC5B73C29B9DF83475407D9C783472F
:100DE000B4071307000493F7070C6390E708930513
:100DF00064071305A5022EC69720FD1FE78020ACCF
:100E00002A898547AA84B245032544086316F90454
:100E1000194651059710FD1FE780E08A97E7FE1FEE
:100E200083C7576081DB8947230AF4065C34E39368
:100E300027F983274408AA23DA23EE239E274207B3
:100E4000598DC207DD8D6244F240D24442490561AA
:100E50001723FD1F6700C3C31C31A1DF97E7FE1FE7
:100E600083C7575CE38807ECA9B71C31E39407EC10
:100E700089B70347D40683475407E31CF7F21946A2
:100E8000930564071305E4069710FD1FE78040955E
:100E9000B334A00005B7411106C622C42A84EFF07E
:100EA0009FA50327440983A781B3B8DF83A781B235
:100EB00098431317772998C3D857719BD8D7972091
:100EC000FD1FE780C0E6B240224401454101828017
:100ED000011122CC2A84032585090146814506CECD
:100EE00026CA9720FD1FE780E0E671ED8324840980
:100EF0009D469C20BD8B1CB4983038A46397D70CBA
:100F0000BC200346D40393D667006312D60C93F734
:100F1000F7039385440063FEE70A230A0406BC3006
:100F2000858B95C38547230AF4069C201946130533
:100F3000640793D76748A30AF4069700FD1FE7806C
:100F400080789385A400230E0406BC30898B85C766
:100F50008547230EF4068327840919461305E40701
:100F60009C232EC69D83A30EF4069700FD1FE780E9
:100F70008075B2459905BC30A18B99C79C31034758
:100F8000F40391836319F7042285EFF0FFD88547B6
:100F90006309F5001305F007F2406244D24405618D
:100FA00082808347E40389CBFD17230FF402974027
:100FB000FD1FE78000A4F9BF22856244F240D244BD
:100FC00005616FF05FED0945C1BF2145F1B71945D6
:100FD000E1B71145D1B75145C1B7011122CC2A84DF
:100FE000032585090146814526CA06CE4AC84EC654
:100FF0009720FD1FE78000D6894449E90329840929
:10100000A146A14483470900BD8B1CB403471900C6
:1010100038A4639DD7068349290093D46900BDECA9
:101020009387190093F7F70F631CF70603473900FE
:101030008D476319F7068347090019469305490050
:1010400093D7674813056407A30AF4069700FD1FAA
:10105000E78060678547230EF406832784091946D5
:101060009305A9009C231305E4079D83A30EF406B2
:101070009700FD1FE7802065B5476397F902228539
:10108000EFF09FC905C52285EFF0DFB7F24062445B
:101090004249B2492685D244056182809944FDB710
:1010A000E544EDB7C544DDB7E144CDB7A544F9BF8C
:1010B000011122CC2A84032585090146814506CEEB
:1010C00026CA4AC84EC69720FD1FE780A0C86314F1
:1010D0000528032984091D46034709009376F70074
:1010E00014B48347190093F7F7033CA46394C61E16
:1010F0007D57230DE40203472900054693566700F8
:10110000A30ED402639BC6241377F70305076398E5
:10111000E72403473900E1479376F7FB6393F6240E
:1011200093778700AA849309490085C783475900AC
:101130008566938606F0A207F58F834649009309DA
:101140006900D58F2312F404834759009183A30FBC
:10115000F4029377070195E31377070419C7034750
:10116000940389476313F700DD44F2406244424927
:10117000B2492685D244056182809740FD1FE780F1
:10118000408783C7090093F7F703A30DF40203C652
:1011900029008967938707F022067D8E83C719008F
:1011A0005D8E131656602311C40483C729009583EE
:1011B000230EF4028387090063D8070E9307C01239
:1011C000034794033306F60285476316F7003C2471
:1011D000A9078E071D8EB7070080930646ED9387FB
:1011E00037ED63E2D718230DE4028347390093F704
:1011F000070481C78947E309F7F69307F00FE30671
:10120000F7F6130700506363C70A138981B3832776
:101210000900D84793161749D4C70F100000832739
:101220000900B706020097E9FE1F9389A94294C7F7
:10123000130656ED9306000823A8D9000606F0D33E
:10124000D8C7F8537DFFA147A30CF4022285EFF025
:101250000FD883270900D84793161749D4C70F1012
:10126000000083270900B706020094C79306000810
:1012700023A8D90093062030F4D3D8C79720FD1FA8
:10128000E780E0AA83A70900858BE38007EE22852B
:101290006244F240D2444249B24997E7FE1F23AB71
:1012A000073A05616FF0DFC2F94719BF034704042D
:1012B000E31DF7EA930710271306F6D83356F60214
:1012C00093060404A28517F5FFFF1305855DEFE083
:1012D000DDCB61BD398B59EBE91793F7F70F7D47EC
:1012E00093040008E363F7E88544230A94068347E0
:1012F000090019469305290093D767481305640729
:10130000A30AF4069700FD1FE780E03B1C34230E80
:1013100004066392970283258409230EF406194676
:101320009C211305E407A1059D83A30EF4069700F5
:10133000FD1FE78040392285EFF01F9E8547A544B9
:10134000E315F5E222856244F240D2444249B249B3
:1013500005616FF05FB4894409BD994439B5914482
:1013600029B58D4419B59304100201B59304000802
:10137000EDBB797122D44AD04ECE52CC56CA5AC84F
:101380005EC662C466C206D626D26AC017E4FE1FD5
:1013900003240412130A200B930A400B130B600B57
:1013A000930B300B130C500B17E9FE1F1309892AFE
:1013B00097E9FE1F938949D5930C800F7C20639F8A
:1013C000470183270900858BD9C3228597E7FE1F34
:1013D00023A20728EFF0DFCD75D195A8639B5709AD
:1013E00097E7FE1F83A74727858BB5C317E9FE1F25
:1013F000130989D10355C90097E7FE1F23AE0724BF
:101400009307800F3305F50237460F008146130618
:1014100006248145EF10B00C83270900AA84AE8909
:101420008297B307950033B5A700B305350183262E
:1014300089003E8799E163E4D7003387D74038D0ED
:101440009730FD1FE780E05A2285EFF0AFFB5C206C
:10145000638907102254B25092540259F249624AE9
:10146000D24A424BB24B224C924C024D45616FF036
:101470002F88639C6707938781B3984354471396DB
:10148000164950C70F1000009C433707020097E42D
:10149000FE1F9384241C98C71307000898C803A74D
:1014A00081B218431357774815CF1307E018F8D3C4
:1014B000D4C79720FD1FE78080879C40858B89CF0C
:1014C00097E7FE1F23A807189730FD1FE78060529B
:1014D0002285EFF09FB025DD8347E4038507230FC6
:1014E000F402B5B71307E01AD9B7639E77018327D3
:1014F0000900858BA9DF228597E7FE1F23AC07141F
:10150000EFF01F9DD1BDE39487F583274900858BBC
:101510009DDF03D5C90037460F008146330595038B
:1015200013060624814597E7FE1F23A70712EF1035
:10153000007B83A70900AA842E8D8297B3079500AC
:1015400033B5A700B305A50183A689003E8799E1BD
:1015500063E4D7003387D740930760FB38D07CA083
:10156000B1BDB250225492540259F249624AD24A51
:10157000424BB24B224C924C024D4561828041114C
:1015800022C406C697E7FE1F9387C70C03C717023E
:1015900017E4FE1F0324C4F111CB83C607020D47D5
:1015A0006396E60017E7FE1FA306070CD44F2147FA
:1015B0006386E600D44F19476398E600D84F23802E
:1015C000E7020547A380E7029730FD1FE7806042EE
:1015D0002285EFF0CFDF1306A00293050008014536
:1015E000EF403F96034504049307F00F6307F500AF
:1015F000EFE03DB7FD572300F404B240224441011F
:10160000828097F7FFFF938787CC17E7FE1F23237E
:10161000F7EA97070000938707D623A4F1BE8280DC
:10162000411126C2AA8428490146814506C622C422
:101630004AC09710FD1FE780E07189470DEDA04873
:101640002146A14718203D8BB8B81430B4A86314C4
:10165000C7020349240099471357690009EF13078C
:1016600019001377F70FE5476397E60038308D4789
:10167000630AF700C547B2402244924402493E85BE
:101680004101828003A5040B19469305440011050E
:101690009700FD1FE780C01471DD19469305A40073
:1016A000138564039700FD1FE7808013C94761D548
:1016B0003547E147E311E9FCEF104FE2EF004FBC83
:1016C0002A8471C183A6040BD850FC44014823240A
:1016D000E508984E97E5FE1F9385A5E4130585134D
:1016E0002320E5F6D84A17E9FE1F1309A9D32322C0
:1016F000E5F6D83BA30FE5EEF83BF02B2207518F20
:101700002310E5F0983F902F2207518F2311E5F029
:10171000B83FB02F2207518F2312E5F0D82FDC3FBE
:101720001546A207D98F2313F5F0DC2E23220501DD
:10173000A30EF5EE81471CC19700FD1FE780A0F8BE
:1017400085472300F41483C7040822852303F41477
:10175000A303F414EF10CFC68327890D93F7072056
:1017600081CB0A241306900293050008EF406FFD19
:101770008327090D1167F98F99C70A2451469305EC
:101780000008EF400FFC83A7C40A0D47B8B7854790
:10179000DDB5397152D417EAFE1F130AAAEB83276D
:1017A0000A03B706080022DC4ED666CA938981B3C5
:1017B00097ECFE1F938C0CC706DE26DA4AD856D269
:1017C0005AD05ECE62CCF58F03A48C0503A7090026
:1017D0009DE37C5781C78547238EF1A0F250625468
:1017E000D2544259B259225A925A025BF24B624C7D
:1017F000D24C21618280930780070329C40A7CD3DD
:10180000238E01A083479900032CC90092073E9CB8
:1018100083472C0095CB834769009306204E0346EF
:101820001C00B387D702938787FD11CA83467900CE
:10183000B386C6021306D007B386C602B697B706AC
:10184000080014C786077CD71C438D8B91C70945B8
:101850009730FD1FE7808021138B81B283270B0017
:10186000938A81B437063300D857370800827D1831
:10187000719B13671700D8D798431377F7CF98C396
:1018800098431377F7CF1367072098C303A70A007D
:101890001447D18E14C783A6090037060300130628
:1018A0008625B0CA5057759A50D790438345E407B0
:1018B000137606F893F5F5074D8E90C3030584065D
:1018C000D0579375F503E605337606014D8ED0D7D4
:1018D0001306A003635CA628704FB70500074D8E62
:1018E00070CF03270409D8C30327C40898C78327E8
:1018F000C40AB83785476313F72E832B040B0347BD
:10190000990083C71B00631BF72C23A60606B707A5
:1019100008009CC697E7FE1F23A407D6DC421547A4
:1019200093E71700DCC26444930720021CB898A018
:101930009CB083475403858B91E703474403894751
:101940006315F700930750049CA0194693056403A0
:10195000138524009700FD1FE780E0D683C73B0076
:1019600089C79C2093E707F89CA0194693854B00F4
:10197000138584009700FD1FE780E0D483C78B01A7
:10198000FCA483C79B01FCB483C7AB019CA883C79D
:10199000BB019CB883A74B0113D78700BCA8C183A8
:1019A000DCA8B8B80347040889476313F7008D47DC
:1019B000DCB803D7CB0083D7AB00BA97858313D7A6
:1019C000870098BC03C7EB009CAC8D83B8AC03D7F1
:1019D000EB008D072183B8BC03C70B01D8AC03C74C
:1019E0001B01D8BC1947B3D7E70AFCA8A183FCB8F0
:1019F00083C7EC0FFCAC83C7FC0FFCBC83C70C1087
:101A00002380F40283C71C10A380F40283C72C1028
:101A10002381F40283C7CB01FD8BA381F4027844B8
:101A200083C73C00834637029607D58FA301F70290
:101A300097D7FE1F83C7876983250B00B7060082EF
:101A4000FD16D8551396476093F7F703758FE60791
:101A5000D98FDCD51307A00383A70A006354C714EA
:101A6000F84FB7060007558FF8CF103883450408A4
:101A7000014597E7FE1F23A507BE9710FD1FE780CE
:101A8000E04183278A00858BC9C797DAFE1F938AB6
:101A9000AA6703D5CA0097E7FE1F23A107BC9307D7
:101AA000800F3305F50237460F00814613060624E2
:101AB0008145EF10C02283A70A00AA842E8B82974B
:101AC000B307950033B5A700B305650183A68A0067
:101AD0003E8799E163E4D7003387D7400345040884
:101AE00058D00146B9459710FD1FE7808054014644
:101AF000814505459710FD1FE780403A9730FD1F4F
:101B0000E78020EF8327CA00858B81C72285EFF00D
:101B10003FB18347990003474900850793F7F70FC3
:101B2000A304F90063F3E73297D4FE1F9384C45DE6
:101B30009C28638E07268327C40A130770FA17159B
:101B4000FD1F13054577B8A79700FD1FE78080208C
:101B50006254DC40F250D2544259B259225A925A3D
:101B6000025BF24B624CD24C216182871306200249
:101B7000635AA600704FB70500F9FD156D8EB705C5
:101B80000005B1BBB70500F96946FD156357A6000E
:101B9000704F6D8EB705000399B3704F6D8E13169D
:101BA00086293DBB13072002635AC700F84FB706CA
:101BB00000F9FD16758FB706000575B5B70600F973
:101BC0006947FD166357C700F84F758FB7060003C6
:101BD00059BDF84F758F1317872979B5DC42F99BEA
:101BE000DCC264449D47832B8C00834A3C001CA8C4
:101BF0009CA08547A3810400BCA07C4893F70720E4
:101C00009DC79147BCB08347640B8346540B78440F
:101C10009A07D58F5CA3BC2081468507BCA00346EC
:101C2000840B8345540B0345640BEF709FF87C488D
:101C300093F7074095CBB8307C44B42013678700F6
:101C4000B8B00357A408B697B8B3BC20784483460D
:101C5000F4073E978357A4089206A183BD8BD58FC6
:101C60005CA3BC208907BCA08347040693F7070444
:101C700089CFB8307C44B42013670704B8B0583813
:101C8000B697B8B3BC208507BCA08347C4070547F7
:101C9000C11793F7F70F6362F706BC20032BC40448
:101CA00015468D073E9BA1472300FB00930780024A
:101CB000A300FB0097E5FE1F9385A58613052B0067
:101CC0009700FD1FE78020A08346C4074147835744
:101CD00084086395E60CA1072311F408C547230E79
:101CE000F40683472408A303FB0083572408A18339
:101CF0002304FB00BC20A507BCA0638C0B00BC2008
:101D0000684456868D07DE853E959700FD1FE78067
:101D1000809BB82001459377F7038507BE9A93FA15
:101D2000FA0FA3085401B8A07C44A380570183A7ED
:101D300009007844B8DF10388345040897E7FE1F90
:101D400023A007929710FD1FE78040159730FD1FD5
:101D5000E78020CA83A709003707020023A20706ED
:101D600098C717E7FE1F232F078E03472C00E302B7
:101D700007DAFC57E38F07D81715FD1F13056565B4
:101D80009700FD1FE78040DC03A709007C57FDFF9B
:101D900001459700FD1FE78020DBA5BB0357240802
:101DA000B307F7400947E34EF7F2C9470DBF938ADF
:101DB00041A283A70A0082972A8B83A70A008297F1
:101DC000E30D65FF03475900834799009444B387A7
:101DD000E702DA24B387E702130700329387071973
:101DE000B3D7E702032744093E973A846364F700B8
:101DF0006364D7003304D74083A70A008297B307F0
:101E0000A4406374A4009844BA9737450F001305A3
:101E10000524B3B5A702D22481463385A702EF007B
:101E2000106CAD472A84170500001305C596232EB4
:101E3000FA009700FD1FE78020D183A7090037072C
:101E40000800060498C7E0D751BA8327C90088471D
:101E500019ED1C24680023070100DC868327C40ACF
:101E6000DC23DC87EFB0EEF32305090085BA971079
:101E7000FD1FE78000350327C900834649008147DD
:101E800063C5D7001C47EDF3E9B723240700850796
:101E9000C5BF5D714EDE938981B303A60900A2C45C
:101EA00052DC5ED686C6A6C2CAC056DA5AD862D4FA
:101EB00066D26AD06ECE930780077CD2238E01A0B3
:101EC000138A81B283270A00938B81B4B70533004C
:101ED000D8572A84719B13671700D8D79843137774
:101EE000F7CF98C398431377F7CF1367072098C3AA
:101EF00003A70B001447CD8E14C7B70603009386C3
:101F0000862534CA5457F59A54D78345E507944338
:101F100093F5F50793F606F8CD8E94C35442F99ADB
:101F200054C283058506D4573705008213F6F5039E
:101F30007D156606E98ED18ED4D79306A00363D0B3
:101F4000B62A744F37060007D18E74CF13070408E2
:101F50005447184B9305300294C7D8C3054597D70B
:101F6000FE1F23AF076EEFE04DE464449D471CA8BD
:101F7000230FA4069CA08547A3810400BCA07C4835
:101F800093F707209DC79147BCB08347640B8346F6
:101F9000540B78449A07D58F5CA3BC2081468507F3
:101FA000BCA00346840B8345540B0345640BEF70C0
:101FB0005FC07C4893F7074095CBB8307C44B42091
:101FC00013678700B8B00357A408B697B8B3BC200E
:101FD00078448346F4073E978357A4089206A1836A
:101FE000BD8BD58F5CA3BC208907BCA0B020035754
:101FF00044089307D00F918F17D9FE1F1309894208
:1020000063DFE7200347040885476316F72093073B
:10201000804279479387371AB3C7E7028346490757
:10202000C16593E60601230AD90683A609008CC67A
:102030003387E7020607B8D2B83013670701B8B094
:1020400078448346E407329734B3B4207844369713
:102050005CA3B8207C44BA97034704081607D8B39A
:10206000BC208D07BCA08347040693F7070489CFE3
:10207000B8307C44B42013670704B8B05838B6971A
:10208000B8B3BC208507BCA08347C4070547C11768
:1020900093F7F70F6362F706BC20832AC404154642
:1020A0008D07BE9AA1472380FA0093078002A38080
:1020B000FA0097D5FE1F9385C54613852A0097F031
:1020C000FC1FE78040608346C4074147835784086C
:1020D000639EE614A1072311F408C547230EF406F6
:1020E00083472408A383FA0083572408A183238409
:1020F000FA00BC20A507BCA003564408814A21C2AF
:10210000B82068448325840A930737003E95BC3085
:10211000C18B63860712F95AB38AEA4093FAFA0F21
:10212000568697F0FC1FE780005A8327840AD697CB
:102130003CDC83574408B38757412319F406B82081
:102140000145056B9377F7038507BE9A93FAFA0F5B
:10215000A3085401B8A07C44130D8007B70D3300C9
:10216000A380570183A709007844B70A0300938A24
:102170008A25B8DF1038834504081D4C854C97101C
:10218000FD1FE780A0D19730FD1FE78080860327E1
:102190000A00130B8B843C57ED9B3CD797D7FE1F4F
:1021A000238B074C371700401E2FC607C5831EAF71
:1021B00083474907C18BD9EB22852644B640964414
:1021C0000649F259625AD25A425BB25B225C925C77
:1021D000025DF24D61611713FD1F6700237A9306BC
:1021E000200263DAB600744F370600F97D16F18ECF
:1021F0003706000591BB370600F9E9467D1663D71F
:10220000B600744FF18E370600033DBB744FF18E5C
:10221000939686291DBB856793878784DDBB83479B
:10222000490793F7F70E230AF90635BD035724082B
:10223000B307F7400947E345F7EAC94745B597F0C3
:10224000FC1FE7804048834A4408D5BD83474907BF
:1022500093F70702E5DF8347490703A6090093F7D1
:10226000F70C230AF9062322A607238E01A0832751
:102270000A00D857719B13671700D8D79843137774
:10228000F7CF98C398431377F7CF1367072098C306
:1022900003A70B001447B3E6B60114C7232856055D
:1022A0005457F59A54D798438346E407137707F8B1
:1022B00093F6F607558F98C364442308840123805E
:1022C0008401A3810400238194017C4893F7074093
:1022D00095C7A147BCB07C440357A408D8A3BC2031
:1022E00078448346F4073E978357A4089206A18357
:1022F000BD8BD58F5CA3BC208907BCA0B020035741
:1023000024079307E00F918F63D3E7060347040880
:10231000DA87631497019307804279479387371AC6
:10232000B3C7E70283464907C16593E60601230A5E
:10233000D90683A609008CC63387E7020607B8D200
:10234000B83013670701B8B078448346E407329782
:1023500034B3B420784436975CA3B8207C44BA9751
:10236000034704081607D8B3BC208D07BCA003564A
:10237000240781470DCEB82068442C5C93073700B2
:102380003E95BC30C18BA5C3F957998F93F7F70FD2
:102390003E863EC697F0FC1FE780E032385CB247CD
:1023A0003E9738DC035724071D8F2319E406B42019
:1023B000014513F7F6030507BA9793F7F70F1CB813
:1023C000B4A078441CB310388345040897D7FE1F87
:1023D00023A807289710FD1FE78040AC9720FD1F1A
:1023E000E7802061F1B397F0FC1FE780C02D8347A1
:1023F00024072319040665BF8347C507638B073E7F
:10240000797122D406D626D24AD04ECE52CC494734
:102410002A84639CE70203572508835785086316BF
:10242000F7021305050A154697D5FE1F9385650F1C
:102430002AC697F0FC1FE78000293245EFF03E8C5A
:102440009147A300A408230EF40622859700FD1FE0
:10245000E780E01F09459720FD1FE78020610327E3
:10246000C40A138941A28347C40783260900630E67
:10247000071E0D476398E70C9147230EF4067C482E
:1024800093E787007CC897D7FE1F9387A7F903C7F8
:102490005707098B6DDF03C757071377C70FA38A49
:1024A000E706829697D7FE1F938707C6D62703575E
:1024B0006408232AA4089C473307D70293060032F6
:1024C000130707193357D702B306E500368663E4CE
:1024D000A60063E4F6003386F640232CC40897D6A2
:1024E000FE1F83C6F6BE636CD604158E9306D40712
:1024F000A28517050000130565F09710FD1FE78002
:10250000801FAD4717F5FFFF1305E52817D7FE1FFE
:102510002320F71697F0FC1FE780006383A781B3A1
:102520000947F8D783578408B2509254850723147B
:10253000F40822540259F249624A45618280958F1B
:102540003E966DB783298409829697D4FE1F9384A3
:10255000A4BB63E6A9043385A94097D7FE1F83C7B0
:1025600037B763E5A700854763EEA702DA248357F0
:1025700064089044B387E702130700329387071972
:10258000B3D7E702032784093E97BA866364F7004E
:102590006364C700B306C740232CD40861B79C44CA
:1025A000BE9955BF8326C40AA3840600D22483574C
:1025B0006408032784098C44B387C70213060032DA
:1025C000232AE40893870719B3D7C7023E973A86B0
:1025D0006364F7006364B7003306B7409C28232C7C
:1025E000C40899CF930770FABCA61715FD1F1305F1
:1025F00085CC97F0FC1FE780E075DC4082971DB723
:10260000832709008297AA89832709008297E38D8F
:10261000A9FE8327090083294409829763E4A9045A
:10262000AD4717D7FE1F2325F704B7470F00938741
:1026300007243385A940B335F502D22481463305FA
:10264000F502712D83A781B33707080098C70605E7
:10265000E8D717F5FFFF1305051497F0FC1FE78077
:10266000A04EC9B59C44BE9965BF0D47639EE7085F
:102670009147230EF4067C4893E787007CC897D7E0
:10268000FE1F938727DA03C75707098B6DDF03C740
:1026900057071377C70FA38AE706829697D7FE1FBF
:1026A000938787A6D62703576408232AA4089C4744
:1026B0003307D70293060032130707193357D7029F
:1026C000B306E500368663E4A60063E4F6003386CD
:1026D000F640232CC40897D6FE1F83C6769F6362FC
:1026E000D602158E9306D407A285170500001305A0
:1026F000E5D09710FD1FE78000002285EFF06FF90D
:1027000015B5958F3E96F9BF8296AA848327090056
:102710008297E38DA4FE832709008324840917D9B7
:10272000FE1F1309699E829763EEA4023385A440BD
:1027300097D7FE1F83C7D7998359C90063E3A700C2
:1027400015E5835764081307003203268900B38711
:10275000370393870719B3D7E702032784093E9706
:10276000BA862DB583278900BE94C9B797D7FE1FB7
:1027700083C797D293E7170097D4FE1F938484CA28
:10278000A38AF40603AA81B3B70708002324FA003A
:10279000B7470F0093870724B335F5024E8681466D
:1027A0003305F5022D2B06052326AA0683C75407F9
:1027B000898BEDDF83C75407130700320326890096
:1027C00093F7C70FA38AF40683576408B3873703C8
:1027D00093870719B3D7E702032784093E97BA8680
:1027E0006364F7006364C700B306C740232CD408B2
:1027F00029B78280411126C2AA84284922C40146F1
:102800002E84850506C69700FD1FE780A0543DED88
:10281000BC481D4621459423BD8AB4B89833B8A856
:10282000639DC604B423114513D6660093F6F603E0
:1028300063F5E604194531E27D17158F58B0B833BA
:1028400045459376270095EA9376470085EE9107F4
:102850009306F00F34A093768700514599EE937656
:102860000701554599EA137507021DE1137707041F
:102870009306F00711C3942314A0B240224492445B
:1028800041018280D42395078D8AE9B70945F5B7C0
:102890005945E5B797070000938747B617D7FE1F3E
:1028A000232AF7BE828009CE93070002918F635AD4
:1028B000F000B397F5003355C500B3D5C5005D8D65
:1028C0008280011633D5C5008145828009CE9307E9
:1028D0000002918F635AF000B357F500B395C5001D
:1028E0003315C500DD8D82800116B315C500014585
:1028F0008280014863CA050E63DB0600B337C0005F
:10290000B306D0401348F8FF9D8E3306C040B2880E
:102910002A872E83E9E663F5C512C1676360F61C5A
:10292000B7070001B337F600B307F040E19BE107BA
:10293000335EF60097460000938686CAF29683C6F9
:102940000600130E0002B697B306FE40630CFE00AD
:102950003393D500B357F500B318D60033E36700BF
:102960003317D50013D608013355C30293960801D7
:10297000C182935707013373C302B385A602420392
:10298000B3E7670063FAB700C6971303F5FF63E484
:10299000170163EFB7321A858D8FB3D5C70242078F
:1029A0004183B3F7C702B386B602C2075D8F637B6C
:1029B000D70046979387F5FF63651701F9156363A1
:1029C000D700BE8542054D8D814563090800B337A8
:1029D000A000B305B0409D8D3305A040828063FE0A
:1029E000D50081450145D5B7B337A000B305B04048
:1029F0009D8D3305A0407D5801B7C16763E8F61887
:102A0000B7070001B3B7F600B307F040E19BE10759
:102A1000B3D8F60017470000130787BC4697034753
:102A20000700130300023E97B308E3406315E31861
:102A300063E2B6283335C50013451500814571B7EB
:102A400045C6C1676370F62613330610134313009F
:102A50000E03B356660097470000938767B8B69792
:102A600083C60700930700029A96B38ED740639DF2
:102A7000D708B386C54013530601420641828545F7
:102A800033D5660293570701B3F66602330EC502CB
:102A9000C206D58F63FAC701C6979306F5FF63E4B4
:102AA000170163E4C7233685B387C741B3D66702EE
:102AB00042074183B3F767023386C602C2075D8FC0
:102AC000637BC70046979387F6FF63651701F91686
:102AD0006363C700BE864205558DC5BD933706109A
:102AE00093C717008E07A9B58146974700009387C3
:102AF00027AFB69783C607000143930700029A9653
:102B0000B38ED740E387D7F6B318D60133DED500AE
:102B100013D30801B3576E02139608014182B356CE
:102B2000D5003317D501B395D501CD8E93D50601C8
:102B3000337E6E023305F602420EB3E5C50163FB38
:102B4000A500C695138EF7FF63ED151763FBA51659
:102B5000F917C695898D33D56502C206C182B3F5D2
:102B60006502330EA602C205CD8E63FBC601C69672
:102B70009305F5FF63E3161563F1C6157915C6963F
:102B800093950701B386C641C98DDDBD93B7061085
:102B900093C717008E07B3D8F60017470000130736
:102BA00027A4469703470700130300023E97B30884
:102BB000E340E30FE3E6B35EE600B3961601B3EE3F
:102BC000DE0033D3E50013DF0E01B357E303139E9A
:102BD0000E01B3951501135E0E013357E5004D8FBD
:102BE00093560701331616013373E303B305FE0250
:102BF0004203B3E6660063FBB600F6961383F7FF65
:102C000063E3D60D63F1B60CF917F6968D8EB3D546
:102C1000E60342074183B3F6E6033303BE02C2066E
:102C2000558F637B670076979386F5FF6369D709B5
:102C300063776708F9157697C207416FCD8F9306C2
:102C4000FFFFB3F5D70013DE0701F18E4182B38E8B
:102C5000D50233076740B306DE0213D30E01B385F6
:102C6000C502B6959A95330ECE0263F3D5007A9ECF
:102C700093D60501F2966363D7026305D7003E85BC
:102C80008145A1B3C166FD1633F7D5004207B3FEF7
:102C9000DE00331515017697E373E5FE1385F7FF24
:102CA000814525B3B70700016377F6029356060105
:102CB000414355B38145054509BB2E85D1B5B68540
:102CC000A5BFF28741BD9A8791B77915C697E9BB31
:102CD0007915C697D1B1935686016143ADBB328851
:102CE000AA882E87C5EE63F3C510C1676360F61A24
:102CF000B7070001B337F600B307F040E19BE107E7
:102D00003353F600974600009386868D9A9683C6C5
:102D1000060013030002B697B306F340630BF300FB
:102D20003397D500B357F5003318D6005D8FB3182D
:102D3000D500135608013355C70293160801C18206
:102D400093D708013377C702B385A6024207D98F0C
:102D500063FAB700C2971307F5FF63E4070163E165
:102D6000B7323A858D8F33D7C702C20893D808018E
:102D7000B3F7C702B386E602C207B3E8F80063FB05
:102D8000D800C2989307F7FF63E50801791763E35A
:102D9000D8003E874205598D8145828063F5D50074
:102DA000814501458280C16763EAF618B7070001D3
:102DB000B3B7F600B307F040E19BE10733D8F60064
:102DC000174700001307C78142970347070093087E
:102DD00000023E973388E8406397E81863E4B6281A
:102DE0003335C500134515008145828055C6C1673E
:102DF0006372F62613370610134717000E07B356F3
:102E0000E600973700009387A77DB69783C7070032
:102E100093060002BA97B38EF640639FF608B38715
:102E2000C5409356060142064182854533D5D702F7
:102E300013D70801B3F7D7023303C502C207D98FEE
:102E400063FA6700C2971307F5FF63E4070163E6BF
:102E500067223A85B387674033D7D702C20893D831
:102E60000801B3F7D7023306C702C207B3E8F80078
:102E700063FBC800C2989307F7FF63E50801791761
:102E800063E3C8003E874205598D82809337061060
:102E900093C717008E07ADB581469737000093871B
:102EA0002774B69783C70700014793060002BA97B5
:102EB000B38EF640E385F6F63318D60133D3F5002A
:102EC00093560801335ED30213160801B395D5015A
:102ED0004182B357F500CD8F13D70701B318D50141
:102EE0003373D302B305C603420333676700637BC2
:102EF000B70042971305FEFF636D0717637BB71694
:102F0000791E42970D8F3355D702C207C18333779D
:102F1000D7023303A6024207D98F63FB6700C2972B
:102F20001307F5FF63E3071563F167147915C2977B
:102F300093150E01B3876740C98DCDBD93B70610B9
:102F400093C717008E0733D8F60017370000130712
:102F50002769429703470700930800023E9733888A
:102F6000E840E38DE8E6335EE600B3960601336E93
:102F7000DE00B3D8E500935E0E01B3D7D803131378
:102F80000E01B3950501135303013357E5004D8F2F
:102F90009356070133160601B3F8D803B305F302BD
:102FA000C208B3E6160163FBB600F2969388F7FFFA
:102FB00063E3C60D63F1B60CF917F2968D8EB3D5A7
:102FC000D60342074183B3F6D603B308B302C20661
:102FD000558F637B170172979386F5FF6369C70965
:102FE00063771709F9157297C207C16ECD8F938663
:102FF000FEFFB3F5D70013D30701F18E4182338E64
:10300000D50233071741B306D30293580E01B38597
:10301000C502B695C6953303C30263F3D500769314
:1030200093D605019A966363D7026305D7003E8560
:1030300081458280C166FD1633F7D5004207337E95
:10304000DE00331505017297E373E5FE1385F7FF84
:1030500081458280B70700016377F6029356060127
:10306000414745B38145054582803A85D1B5B6854E
:10307000A5BF2A8E41BDC68791B77915C297D9BB26
:103080007915C297C5B19356860161479DBB2E86BF
:10309000AA8503A5418625A8AA8503A54186A9AAD4
:1030A000AA8503A54186B1A801476314E60001453E
:1030B0008280B307E5000507B386E50083C70700F4
:1030C00083C6F6FFE383D7FE3385D740828033B7CC
:1030D000C502011106CE22CC3386C50209CB314789
:1030E00018C10144F2402285624405618280B285A4
:1030F00032C619222A8475D532468145EF205DAA51
:10310000D5B7C5C183A7C5FF011122CC06CE138454
:10311000C5FF63D307003E942AC6EF00F02713874C
:1031200001BF1C43324589EB2322040000C36244E3
:10313000F24005616F00D026637DF4001040B306B5
:10314000C4006396D7009443DC43B29614C05CC0BD
:10315000F1BF3E87DC4399C3E37DF4FE144333069D
:10316000D700631F86001040B29614C33306D70001
:10317000E39FC7FA9043DC43B29614C35CC345BFD8
:103180006375C400B1471CC15DB71040B306C400ED
:103190006396D7009443DC43B29614C05CC040C32E
:1031A00079B7828041114AC01389C1BE83270900C3
:1031B00022C426C206C6AA842E8489E781454524F6
:1031C0002320A900A2852685592C7D59631A250143
:1031D0007D54B240228522449244024941018280BA
:1031E000130435007198E30685FEB305A4402685D7
:1031F000BD24E31025FFE9BF011126CA93843500E1
:10320000F1984AC806CE22CC4EC6A104B1472A89FD
:1032100063F6F406B14463E5B4064A85EF00D017BF
:10322000938901BF83A709003E8435E4A6854A85BA
:10323000EFF05FF7FD572A846317F50C03A409002C
:10324000A287C5EB8329040081454A85A299012CF8
:103250006394A90A1C408D049D8CF198A104B14788
:1032600063F3F400B144A6854A85EFF0BFF3FD5740
:103270006304F5081C40A6971CC03DA8E3DD04F8D4
:10328000B1472320F9000145F2406244D24442494B
:10329000B249056182801440858E63C906042D47BA
:1032A000637ED70204C0330794006397870223A08C
:1032B000E9005C4014C35CC34A85EF00700E13053F
:1032C000B4009307440061993307F540E30EF5FA23
:1032D0003A94898F1CC04DBFD8C3E1BF5840639555
:1032E000870023A0E900C9BFD8C3F9B7A28740402F
:1032F0002DBF3E84DC43B1B7B1472320F9004A8596
:10330000EF00100A49B704C145BF5D7122D406D64B
:103310002A842EDA32DC36DEBAC0BEC2C2C4C6C6C9
:1033200003A5418611C51C4D81E72AC6E92B32450C
:103330000C455418228636CEEF00F00DB2502254C0
:1033400061618280011126CA06CE22CC4AC84EC6CF
:1033500052C4AA8419E11C4502901C4D2E89ADE788
:103360005D239C4C8044BDC3973700009387473B47
:103370006311F406C0407C50858B89EB8357C400F1
:1033800093F7072081E7284CEF00C0708357C400F3
:10339000A18B99C31C48C5E7A2852685D92A45C1BA
:1033A000FD547C50858B81EB8357C40093F7072035
:1033B00099E3284CCD25F24062444249B249224A61
:1033C0002685D24405618280004579BF2685252B5C
:1033D00061BF973700009387A7326314F4008044DD
:1033E00059BF973700009387A72FE316F4F8C0441E
:1033F00059B71CC4050963C907021C40138717008D
:1034000018C02380B7001C4483450900FD17F5F15F
:103410001CC463D907022286A94526855928FD5771
:10342000E300F5F8A944B5BF184C63C4E700E39680
:1034300045FD22862685B528E31735FD95B7FD594C
:10344000294AD1B71C401387170018C02947238089
:10345000E700C9BFAA8503A541866FF0BFEE411101
:1034600022C42A842E8523A001C006C6EF309DB455
:10347000FD576316F50083A701C091C31CC0B2407D
:1034800022444101828005C67D160147B307E5004D
:10349000B386E50083C7070083C606006396D7009E
:1034A0006304C7000507FDF33385D74082800145DB
:1034B0008280011122CC26CA4AC806CE4EC6AA84F2
:1034C0002E89328401C51C4D91E3352997370000C0
:1034D000938707256318F402C0401C4C1CC4835713
:1034E000C400A18B99C31C4895EFA2852685512065
:1034F00015C97D59F2406244D244B2494A854249D5
:1035000005618280973700009387871F6314F4005A
:103510008044E1B7973700009387871CE31FF4FAD4
:10352000C04465BF1C4808409379F90F1379F90F1F
:103530001D8D5C486346F500A2852685B52455F9A6
:103540001C440505FD171CC41C401387170018C038
:10355000238037015C486389A7008357C400858BAB
:10356000D1DBA947E318F9F8A2852685352C59D176
:1035700049B7411122C426C24AC006C683A4418667
:103580002A892E8489C49C4C99E32685AD2E9737D1
:1035900000009387E7186314F402C0408317C40047
:1035A00013F7870035EB13F7070115EB25472320A9
:1035B000E90093E707042316F4007D5561A89737C7
:1035C00000009387E7136314F4008044C1BF97376A
:1035D00000009387E710E313F4FCC044C1B7918B5C
:1035E00095C74C5891C9930744046385F5004A85F3
:1035F000EFF03FB1232A04028357C40023220400C2
:1036000093F7B7FD2316F4001C481CC08357C40071
:1036100093E787002316F4001C4881EF8357C4000A
:103620001307002093F707286385E700A2854A85E2
:10363000C9218317C40013F717001DC3584823245A
:1036400004003307E04018CC1848014501E713F7A0
:10365000070825F3B2402244924402494101828086
:1036600013F72700814611E3544814C4F1BF839730
:10367000C500011122CC26CA06CE4AC84EC613F791
:103680008700AA842E8471E7D8416345E000B841E1
:103690006359E008585451C7B18303A90400858BCE
:1036A00023A004000C50A1CF70488357C400918B15
:1036B00099C75C401D8E5C5899C33C401D8E5C547C
:1036C0000C50814626858297FD57630EF5041C48F1
:1036D0000567232204001CC08357C400F98F91C3DF
:1036E00068C84C5823A024018DCD930744046385FA
:1036F000F5002685EFF0FFA0232A04021DA0014655
:10370000854626850297FD572A86E310F5FA9C40E8
:10371000C9DF75476385E70059476395E70623A02E
:1037200024010145BDA098408317C40001CFF54690
:103730006305D700D9466319D7041C482322040027
:103740001CC045B71848B1832322040018C0858BDC
:1037500079B783A90501E38609FC03A905008D8BD0
:1037600023A0350133093941014791E3D84918C4F1
:10377000E35920FB1C540C50CA864E86268582973E
:103780006340A0028317C40093E707042316F400E4
:103790007D55F2406244D2444249B249056182807B
:1037A000AA993309A940E9B79C49411106C622C428
:1037B00026C281EB8144B2402244268592444101D5
:1037C0008280AA842E8401C51C4D91E32D2A97374F
:1037D00000009387E7F4631EF402C0408317C4001F
:1037E000F1DB7850058B11E793F7072099E3284C1C
:1037F00055242685A285EFF09FE77C50AA84858B0F
:10380000DDFB8357C40093F70720D5F7284C6124CC
:103810005DB7973700009387A7EE6314F4008044E8
:1038200075BF973700009387A7EBE319F4FAC044FC
:1038300075B7411122C406C62A842316B500231782
:10384000C500232005002322050023240500232290
:10385000050623280500232A0500232C0500214600
:1038600081451305C505EF20ADB397070000938789
:1038700067685CD0970700009387C76A1CD49707D6
:1038800000009387076F5CD4970700009387C77188
:10389000B24000D01CD8224441018280970500002C
:1038A0009385C5F051A2411126C2930780069384E7
:1038B000F5FFB384F4024AC02E8922C406C693855C
:1038C0004407EFF07F932A8401CD232005002322B3
:1038D0002501310508C4138684068145EF204DACCF
:1038E000B2402285224492440249410182801385DC
:1038F00081BF4DA2138581BF79AA1385C1BF59AA83
:103900001385C1BF49AA411122C406C62A84EFF01B
:10391000DFFE1C4C91C72244B24041016FF05FFEB4
:10392000970700009387C7F71CD423240404232699
:1039300004042328040483A7018F63948700854728
:103940001CCC2285152848C022853D2008C422852C
:10395000252048C4484001469145EFF09FED0844BA
:103960000546A545EFF0FFEC48440946C945EFF090
:103970005FEC85471CCC45B7411126C24AC006C63C
:1039800022C42A89EFF0BFF683A4018F9C4C81E703
:103990002685EFF05FF7938484048044DC40FD17B4
:1039A00063D607009C40A5C78440C5BF0317C40069
:1039B00021EFC17785075CC4130584052322040623
:1039C000C928EFF03FF321462320040023240400FC
:1039D0002322040023280400232A0400232C0400AB
:1039E00081451305C405EF20AD9B232A0402232C37
:1039F00004022324040423260404B2402285224422
:103A000092440249410182801304840649BF9145D2
:103A10004A85EFF05FE988C02A8459F5EFF09FED01
:103A2000B1472320F900D1BF797122D44AD04ECEBC
:103A300052CC5AC85EC606D626D256CA2A892E8AC3
:103A4000130485048149054BFD5B0444832A44002B
:103A5000FD1A63D00A0200406DF8B250225492540D
:103A60000259624AD24A424BB24B4E85F2494561F5
:103A7000828083D7C400637BFB008397E400638765
:103A80007701A6854A85029AB3E9A9009384840642
:103A9000C1B78280828082805971A2D42E8483959E
:103AA000E500A6D2CAD086D6B284368963D3050291
:103AB0008357C40093F707088DEB13070040B650F7
:103AC00026542320F90098C0065996540145656193
:103AD000828030002523E34D05FC3247BD67F98F16
:103AE0007977BA9793B71700C9BF814713070004C6
:103AF000F9B783D7C500797122D406D626D24AD029
:103B00004ECE898B2E8491CF930774041CC01CC8A1
:103B100085475CC8B250225492540259F24945611B
:103B2000828074003000AA84EFF01FF7A2492A892E
:103B30002685CE85EFF04FEC01ED8317C40013F717
:103B4000072069FBF19B93E727002316F4006DBF64
:103B5000970700009387C7D49CD48357C40008C03C
:103B600008C893E707082316F400B247232A340154
:103B700089CF8315E4002685752101C98357C400C8
:103B8000F19B93E717002316F4008357C40033E535
:103B900027012316A400BDBF138541BF6FF09FEF1F
:103BA000138541BF6FF03FEF1C46FD171CC663DA5B
:103BB0000700184E63C5E700A9476394F5006FF04E
:103BC0005F8F1C422E851387170018C22380B70011
:103BD0008280011122CC26CA4AC84EC652C406CEE3
:103BE0002A89AE893284B304D6007D5A63149400C6
:103BF000014511A8834504004E864A85EFF0DFFA9F
:103C00000504E31545FFF2406244D2444249B249FB
:103C1000224A05618280357122CD26CB4AC94EC722
:103C200006CF52C556C35AC1DEDEE2DCE6DAAA8907
:103C30002E843289B68409C51C4D99E3EFF0BFCCC0
:103C4000973700009387C7AD631BF40403A44900B2
:103C50007C50858B89EB8357C40093F7072081E75D
:103C6000284CEFF03FE38357C400A18B99C31C4855
:103C7000B5E3A2854E85EFF0DF8F29CD7C50858B93
:103C8000A9C37D55FA406A44DA444A49BA492A4AE6
:103C90009A4A0A4BF65B665CD65C0D618280973768
:103CA00000009387E7A56315F40003A489004DB7CE
:103CB000973700009387C7A2E31CF4F803A4C90058
:103CC00041BF8357C40093F70720C5FF284CEFF08E
:103CD0009FDC45BF93070002A304F1029307000392
:103CE00002D22305F10226C6930B5002973A000038
:103CF000938A0AA5054C294BCA8483C7040099C33B
:103D0000639C7709B38C2441638E2401E6864A863E
:103D1000A2854E85EFF0FFEBFD57630EF518925725
:103D2000E6973ED283C7040063870718FD571389BF
:103D3000140002C802CE3ECA02CCA309010482D4F8
:103D400083450900154656853526C2479304190058
:103D500031E513F7070109C713070002A309E104BE
:103D600013F7870009C71307B002A309E1048346CC
:103D700009001307A002638BE602F247CA8481465A
:103D8000254603C7040093851400130707FD6375D8
:103D9000E6068DC63ECE1DA0850485B73305554188
:103DA0003315AC00C98F3EC8268959BF32479306E8
:103DB0004700184336C6634A07023ACE03C70400D9
:103DC0009307E002631EF70403C714009307A002E1
:103DD000631AF702B2478904138747009C433AC627
:103DE00063D30700FD573ECA25A83307E04093E799
:103DF00027003ACE3EC8D9B7B3876703AE8485465D
:103E0000BA9741B7850402CA81468147254603C750
:103E1000040093851400130707FD6374E606E1F6BA
:103E200083C504000D46173500001305E59199245C
:103E300011CD97370000938727911D8DC247130737
:103E400000043317A700D98F85043EC883C504003A
:103E50001946173500001305658F138914002304D4
:103E6000B102092C25CD9307000095E74247B247E0
:103E70001377071009CF91073EC69257D2973ED2CB
:103E8000A5BDB3876703AE848546BA9749B79D073A
:103E9000E19BA107D5B77800970600009386A6D3CB
:103EA00022860C084E8597000000E7000000FD57B1
:103EB0002A8AE314F5FC7C50858B89EB8357C40078
:103EC00093F7072081E7284CEFF0FFBC8357C4002D
:103ED00093F70704E39707DA12556DB37800970656
:103EE0000000938646CF22860C084E854D2CC1B724
:103EF000411122C42E848395E50006C6252363491B
:103F000005007C48AA977CC8B240224441018280C7
:103F10008357C4007D777D17F98F2316F400EDB722
:103F200083D7C500011122CC26CA4AC84EC606CE88
:103F300093F70710AA842E843289B68991C7839596
:103F4000E5008946014611228357C4007D777D171D
:103F5000F98F8315E4002316F4006244F240CE8604
:103F60004A86B24942492685D24405613DA841119D
:103F700022C42E848395E50006C6C1287D57835749
:103F8000C400631BE5007D777D17F98F2316F400CD
:103F9000B2402244410182800567D98F2316F40084
:103FA00068C8FDB78395E5003DA0411122C42A846D
:103FB0002E85B285368623A001C006C6EF201DFDE2
:103FC000FD576316F50083A701C091C31CC0B24022
:103FD000224441018280411122C42A842E8523A0DB
:103FE00001C006C6AD21FD576316F50083A701C0C9
:103FF00091C31CC0B240224441018280411122C4BD
:104000002A842E85B28523A001C006C6B921FD579A
:104010006316F50083A701C091C31CC0B2402244BF
:1040200041018280411122C42A842E8523A001C02F
:1040300006C61529FD576316F50083A701C091C375
:104040001CC0B240224441018280411122C42A8412
:104050002E85B285368623A001C006C61929FD57D4
:104060006316F50083A701C091C31CC0B24022446F
:104070004101828093F5F50F2A966314C50001452E
:10408000828083470500E38DB7FE0505FDB7797192
:1040900056CA9C49BA8A984522D44AD04ECE52CCB0
:1040A00006D626D25AC85EC6AA892E843289368A96
:1040B00063D3E700BA872320F9000347340401C71C
:1040C00085072320F9001C4093F7070291C7832737
:1040D000090089072320F9000440998891E8130B0F
:1040E0009401FD5B5C4403270900998F63CCF404C1
:1040F00083473404B336F0001C4093F70702A5EB66
:1041000013063404D2854E85829AFD576303F50465
:104110001C4011478144998B6399E70044448327ED
:1041200009009D8C63D3040081441C4418486354E7
:10413000F700998FBE94014969047D5B639824055B
:10414000014509A885465A86D2854E85829A631E06
:1041500075017D55B250225492540259F249624A77
:10416000D24A424BB24B456182808504A5BF3307DA
:10417000D40013060003A301C70403475404938724
:104180001600A2978906A381E7049DBF8546228673
:10419000D2854E85829AE30E65FB050945B7797194
:1041A00022D44AD04ECE52CC06D626D256CA5AC8AF
:1041B00003C88501930780072A892E84B289368A2D
:1041C00063E20703930720069386350463E1070340
:1041D0006301081E93078005172600001306865703
:1041E000630BF814930424042301040515A8930712
:1041F000D8F993F7F70F5546E366F6FE1726000049
:104200001306C6578A07B2979C43B29782871C430E
:1042100093842504938647009C4314C32381F504AB
:10422000854755AA90411C4313750608938547009E
:1042300039C19C430CC3584063D307149305D00283
:10424000A301B40418C463500704B307F040172651
:104250000000130626502948B68433F70703FD14DF
:104260003297034707002380E4003E87B3D7070354
:10427000E37507FF8DA09C43137506040CC345DD51
:10428000C207C1874DBF6D9A10C0C1B790411C4392
:10429000137506089385470001C50CC39C4339A0DC
:1042A000137606040CC37DDA83D707001307F006E4
:1042B000172600001306064A6311E80C2148A301E3
:1042C0000404584018C4E34907F80C40ED990CC0A9
:1042D000C1F7B68451F3A147631EF8001C40858BDB
:1042E00091CB58401C4863C7E70093070003A38F96
:1042F000F4FEFD14858E14C85287CE867000A28508
:104300004A85EFF0DFD8FD5A631B550D7D55B2503D
:10431000225492540259F249624AD24A424B4561B0
:1043200082809C4193E707029CC1130880071726EF
:10433000000013066643A30204050C401C4313F857
:104340000508138547006305080008C39C4301A8BE
:1043500013F8050408C3E30B08FE83D7070013F71F
:10436000150001C793E505020CC099C3414881BF00
:1043700018401377F7FD18C0D5BF294889B717260D
:1043800000001306263D29482DBF90411C43CC490F
:1043900013780608138547006306080008C39C438A
:1043A0008CC301A808C3137606049C4375DA2390D6
:1043B000B70023280400B68481B71C43D04181454F
:1043C0009386470014C384432685EFF0BFCA19C102
:1043D000058D48C05C401CC8A301040431BF1448CB
:1043E0002686CE854A85029AE30255F31C40898BC6
:1043F0008DE7B2474844E35CF5F03E8509BF85464A
:104400005686CE854A85029AE30265F185045C44AE
:104410003247998FE3C5F4FEE9BF8144930A9401C2
:104420007D5BF5B7411122C42A842E85B28536867C
:1044300023A001C006C6A120FD576316F50083A77F
:1044400001C091C31CC0B240224441018280930745
:10445000800523A0F1C07D5582809307800523A0AD
:10446000F1C07D5582809307800523A0F1C00145EE
:1044700082809307800523A0F1C07D558280930739
:10448000800523A0F1C07D5582800000000000015E
:1044900000000002000000040000000800000010FE
:1044A0000000002000000040000000800000001B11
:1044B000000000360000006C000000D8000000ABD7
:1044C0000000004D0000009AF401FA00960064001C
:1044D0004B0032001E00140000000000000000002D
:1044E00000000000000000000000000000000000CC
:1044F0000000000000000000DC24FDFF0025FDFF9F
:104500002425FDFF3A25FDFF5425FDFF6625FDFF0F
:104510008A25FDFFAE25FDFFC425FDFFDE25FDFF3D
:104520000000000000000203090B0D0E0406121625
:104530001A1C06051B1D1712080C242C34380A0FF0
:104540002D2739360C0A363A2E240E093F31232AFC
:10455000101848586870121B4153657E141E5A4E3D
:10456000726C161D53457F6218146C745C481A17E0
:10457000657F51461C127E6246541E1177694B5A64
:10458000203090B0D0E0223399BBDDEE243682A6F5
:10459000CAFC26358BADC7F2283CB49CE4D82A3F30
:1045A000BD97E9D62C3AA68AFEC42E39AF81F3CA4C
:1045B0003028D8E8B890322BD1E3B59E342ECAFE0D
:1045C000A28C362DC3F5AF823824FCC48CA83A27C0
:1045D000F5CF81A63C22EED296B43E21E7D99BBA14
:1045E00040603B7BBBDB42633270B6D54466296DCD
:1045F000A1C746652066ACC9486C1F578FE34A6F58
:10460000165C82ED4C6A0D4195FF4E69044A98F1A3
:1046100050787323D3AB527B7A28DEA5547E613564
:10462000C9B7567D683EC4B95874570FE7935A7797
:104630005E04EA9D5C724519FD8F5E714C12F0813B
:104640006050ABCB6B3B6253A2C066356456B9DD9C
:1046500071276655B0D67C29685C8FE75F036A5F77
:1046600086EC520D6C5A9DF1451F6E5994FA481113
:104670007048E393034B724BEA980E45744EF185F4
:104680001957764DF88E14597844C7BF37737A4757
:10469000CEB43A7D7C42D5A92D6F7E41DCA220614B
:1046A00080C076F66DAD82C37FFD60A384C664E0F2
:1046B00077B186C56DEB7ABF88CC52DA59958ACF2F
:1046C0005BD1549B8CCA40CC43898EC949C74E8765
:1046D00090D83EAE05DD92DB37A508D394DE2CB82A
:1046E0001FC196DD25B312CF98D41A8231E59AD72F
:1046F00013893CEB9CD208942BF99ED1019F26F79D
:10470000A0F0E646BD4DA2F3EF4DB043A4F6F45041
:10471000A751A6F5FD5BAA5FA8FCC26A8975AAFF2E
:10472000CB61847BACFAD07C9369AEF9D9779E6774
:10473000B0E8AE1ED53DB2EBA715D833B4EEBC0839
:10474000CF21B6EDB503C22FB8E48A32E105BAE74E
:104750008339EC0BBCE29824FB19BEE1912FF617CC
:10476000C0A04D8DD676C2A34486DB78C4A65F9BDD
:10477000CC6AC6A55690C164C8AC69A1E24ECAAF66
:1047800060AAEF40CCAA7BB7F852CEA972BCF55C08
:10479000D0B805D5BE06D2BB0CDEB308D4BE17C355
:1047A000A41AD6BD1EC8A914D8B421F98A3EDAB716
:1047B00028F28730DCB233EF9022DEB13AE49D2C50
:1047C000E090DD3D0696E293D4360B98E496CF2B2D
:1047D0001C8AE695C6201184E89CF91132AEEA9F46
:1047E000F01A3FA0EC9AEB0728B2EE99E20C25BC38
:1047F000F08895656EE6F28B9C6E63E8F48E8773A5
:1048000074FAF68D8E7879F4F884B1495ADEFA8715
:10481000B84257D0FC82A35F40C2FE81AA544DCC5F
:104820001B9BECF7DA411998E5FCD74F1F9DFEE181
:10483000C05D1D9EF7EACD531397C8DBEE79119446
:10484000C1D0E3771791DACDF4651592D3C6F96B31
:104850000B83A4AFB2310980ADA4BF3F0F85B6B9B9
:10486000A82D0D86BFB2A523038F80838609018CF6
:1048700089888B07078992959C15058A9B9E911BB9
:104880003BAB7C470AA139A8754C07AF3FAD6E51D1
:1048900010BD3DAE675A1DB333A7586B3E9931A486
:1048A0005160339737A14A7D248535A24376298B01
:1048B0002BB3341F62D129B03D146FDF2FB5260909
:1048C00078CD2DB62F0275C323BF103356E921BC16
:1048D00019385BE727B902254CF525BA0B2E41FBA9
:1048E0005BFBD78C619A59F8DE876C945FFDC59AA3
:1048F0007B865DFECC91768853F7F3A055A251F4E8
:10490000FAAB58AC57F1E1B64FBE55F2E8BD42B034
:104910004BE39FD409EA49E096DF04E44FE58DC2FA
:1049200013F64DE684C91EF843EFBBF83DD241ECC7
:10493000B2F330DC47E9A9EE27CE45EAA0E52AC06C
:104940007BCB473CB17A79C84E37BC747FCD552AB2
:10495000AB667DCE5C21A66873C76310854271C4C7
:104960006A1B884C77C171069F5E75C2780D9250A4
:104970006BD30F64D90A69D0066FD4046FD51D724A
:10498000C3166DD61479CE1863DF2B48ED3261DC87
:104990002243E03C67D9395EF72E65DA3055FA20BC
:1049A0009B5B9A01B7EC9958930ABAE29F5D88170E
:1049B000ADF09D5E811CA0FE9357BE2D83D4915413
:1049C000B7268EDA9751AC3B99C89552A53094C65C
:1049D0008B43D259DF9C8940DB52D2928F45C04F26
:1049E000C5808D46C944C88E834FF675EBA4814CB3
:1049F000FF7EE6AA8749E463F1B8854AED68FCB614
:104A0000BB6B0AB1670CB96803BA6A02BF6D18A71D
:104A10007D10BD6E11AC701EB3672E9D5334B16412
:104A200027965E3AB7613C8B4928B56235804426AB
:104A3000AB7342E90F7CA9704BE20272AF7550FF75
:104A40001560AD7659F4186EA37F66C53B44A17C12
:104A50006FCE364AA77974D32158A57A7DD82C56C3
:104A6000DB3BA17A0C37D938A8710139DF3DB36C33
:104A7000162BDD3EBA671B25D3378556380FD13448
:104A80008C5D3501D73197402213D5329E4B2F1DB7
:104A9000CB23E9226447C920E0296949CF25FB34AB
:104AA0007E5BCD26F23F7355C32FCD0E507FC12CB8
:104AB000C4055D71C729DF184A63C52AD613476D3F
:104AC000FB0B31CADCD7F90838C1D1D9FF0D23DC83
:104AD000C6CBFD0E2AD7CBC5F30715E6E8EFF104E8
:104AE0001CEDE5E1F70107F0F2F3F5020EFBFFFD27
:104AF000EB137992B4A7E9107099B9A9EF156B84FB
:104B0000AEBBED16628FA3B5E31F5DBE809FE11CB7
:104B100054B58D91E7194FA89A83E51A46A3978D4E
:104B200052096AD53036A538BF40A39E81F3D7FB22
:104B30007CE339829B2FFF87348E4344C4DEE9CB6C
:104B4000547B9432A6C2233DEE4C950B42FAC34EE1
:104B5000082EA16628D924B2765BA2496D8BD12597
:104B600072F8F66486689816D4A45CCC5D65B6923B
:104B70006C704850FDEDB9DA5E154657A78D9D84DF
:104B800090D8AB008CBCD30AF7E45805B8B34506FF
:104B9000D02C1E8FCA3F0F02C1AFBD0301138A6B19
:104BA0003A9111414F67DCEA97F2CFCEF0B4E67349
:104BB00096AC7422E7AD3585E2F937E81C75DF6EF7
:104BC00047F11A711D29C5896FB7620EAA18BE1B5D
:104BD000FC563E4BC6D279209ADBC0FE78CD5AF403
:104BE0001FDDA8338807C731B11210592780EC5F49
:104BF00060517FA919B54A0D2DE57A9F93C99CEFA5
:104C0000A0E03B4DAE2AF5B0C8EBBB3C83539961A5
:104C1000172B047EBA77D626E169146355210C7DE3
:104C2000637C777BF26B6FC53001672BFED7AB7669
:104C3000CA82C97DFA5947F0ADD4A2AF9CA472C014
:104C4000B7FD9326363FF7CC34A5E5F171D8311581
:104C500004C723C31896059A071280E2EB27B275A2
:104C600009832C1A1B6E5AA0523BD6B329E32F841A
:104C700053D100ED20FCB15B6ACBBE394A4C58CF12
:104C8000D0EFAAFB434D338545F9027F503C9FA8E6
:104C900051A3408F929D38F5BCB6DA2110FFF3D2B4
:104CA000CD0C13EC5F974417C4A77E3D645D197368
:104CB00060814FDC222A908846EEB814DE5E0BDB62
:104CC000E0323A0A4906245CC2D3AC629195E47999
:104CD000E7C8376D8DD54EA96C56F4EA657AAE08F3
:104CE000BA78252E1CA6B4C6E8DD741F4BBD8B8A8E
:104CF000703EB5664803F60E613557B986C11D9EF4
:104D0000E1F8981169D98E949B1E87E9CE5528DF6A
:104D10008CA1890DBFE6426841992D0FB054BB1696
:104D20004E2072633D0000004E207472793D0000F9
:104D30004E2061726D3D00004E206D733D000000FD
:104D40005320683D0000000053206C3D000000002F
:104D50005320613D000000005320623D0000000030
:104D6000532067617465413D000000005320676176
:104D70007465423D00000000494D472046482072BE
:104D800061773D00494D47204648206465633D00FA
:104D9000494D47204648206F66663D00494D4720F3
:104DA000464820656E633D00494D472046482062D5
:104DB000303D0000494D472046482062313D00000B
:104DC000494D47204648206231313D00494D47203A
:104DD0004648207031353D004641554C5420696DA0
:104DE0006720627573792D64726F703D000000005A
:104DF000494D47204D4F44453D000000343FFDFFE5
:104E00007C47FDFF7C47FDFF7C47FDFFBA3FFDFF70
:104E10007C47FDFF7C47FDFF343FFDFF7C47FDFFE6
:104E2000763FFDFF7C47FDFF343FFDFF7C47FDFFE4
:104E30007C47FDFF7C47FDFF7C47FDFF5C3FFDFF9E
:104E40007C47FDFF7C47FDFF7C47FDFFCC3EFDFF1F
:104E50007C47FDFFA443FDFF7C47FDFFB643FDFFFC
:104E6000343FFDFF7C47FDFFE444FDFF7C47FDFF31
:104E70001245FDFFBC3EFDFF0447FDFF0447FDFF5B
:104E80000447FDFF2A3FFDFF0447FDFF0447FDFFE8
:104E9000BC3EFDFF0447FDFFFE3EFDFF0447FDFF56
:104EA000BC3EFDFF0447FDFF0447FDFF0447FDFF37
:104EB0000447FDFF0447FDFF0447FDFF0447FDFFD6
:104EC0000447FDFF543EFDFF0447FDFF2C43FDFF5B
:104ED0000447FDFF3E43FDFFBC3EFDFF0447FDFFD1
:104EE0006C44FDFF0447FDFF9A44FDFF53207265AB
:104EF00066726573682D73746172740D0A00000028
:104F00005320726566726573682D73746172740DD7
:104F10000A0000004641554C5420696D67206669BF
:104F20006E6973682F73746F72650D0A000000005C
:104F30004641554C5420696D67207061636B616711
:104F4000652D6F766572666C6F770D0A0000000044
:104F50004641554C5420696D6720666565642F7322
:104F6000746F72650D0A0000532072656672657376
:104F7000682D646F6E650D0A000000004641554CB7
:104F80005420696D67207472616E7366657220616A
:104F9000626F727465640D0A0000000053206B6537
:104FA000792D72656164790D0A0000004641554C07
:104FB0005420696D6720696E69742D666972737417
:104FC0000D0A0000494D472053573D5634310D0A14
:104FD000000000004641554C5420696D672064650F
:104FE000766963652D626F756E640D0A00000000BE
:104FF0004641554C5420696D67207061636B616751
:10500000652D7A65726F0D0A000000004641554C0F
:105010005420696D672070726F746F636F6C0D0A36
:10502000000000004641554C5420696D67206275B0
:1050300073792D70726F746563740D0A000000003F
:10504000494D472053573D5632340D0A00000000A9
:105050004641554C5420696D6720646563727970D0
:10506000740D0A00532069762D72656164790D0A0A
:105070000000000041598B7B997407A3C149134478
:1050800014FF127B41598B7B997407A3C1491344C8
:1050900013FF127B41598B7B997407A3C1491344B9
:1050A00012FF127B41598B7B997407A3C1491344AA
:1050B00011FF127B41598B7B997407A3C14913449B
:1050C00010FF127B41598B7B997407A3C14913448C
:1050D00009FF127B41598B7B997407A3C149134483
:1050E00008FF127B41598B7B997407A3C149134474
:1050F00007FF127B41598B7B997407A3C149134465
:1051000006FF127B41598B7B997407A3C149134455
:1051100005FF127B41598B7B997407A3C149134446
:1051200004FF127B41598B7B997407A3C149134437
:1051300003FF127B41598B7B997407A3C149134428
:1051400002FF127B41598B7B997407A3C149134419
:1051500001FF127B41598B7B997407A3C14913440A
:1051600000FF127B53206572723D00005320626580
:1051700067696E3D00000000532073746174653DE3
:10518000000000005320736964653D005320706B7C
:105190003D0000005320626567696E2D6F6B3D0016
:1051A00053207768793D00005320757365643D0096
:1051B00053206C656E3D0000532072783D00000066
:1051C000532066696E616C3D0000000053206D61E4
:1051D00078713D005320707573682D6C656E3D00CD
:1051E000532072633D00000053206F75743D000032
:1051F000532066696E3D0000534944453D00000060
:10520000542052583D00000054205A49502B4F550D
:10521000543D000054204445434F44453D000000A8
:105220005420504D41583D00542046494E49534862
:105230003D00000054205350493D0000542045508B
:10524000443D00005420464C4F573D0054204649F1
:105250004E414C3D00000000542050554D503D0043
:1052600054205A494E3D00005420594C443D000002
:1052700054205354503D00005420494E4E3D0000F0
:1052800054204556543D00005420534C4943453D5D
:105290000000000054204156473D000054204D417D
:1052A00058513D00542050524F433D00494D472036
:1052B00062617463683D0000494D47206E3D000007
:1052C000494D472062797465733D0000494D472080
:1052D0006C6173743D0000005320656D7074790D2E
:1052E0000A000000494D4720646F6E650D0A0000FA
:1052F000494D472053573D5634310D0A00000000F8
:105300005320726566726573682D646F6E650D0A51
:1053100000000000A651FDFFFA51FDFFEA52FDFF1B
:105320008A51FDFF5253FDFF3051FDFFCC53FDFF6D
:10533000CA54FDFF4455FDFF6855FDFFB655FDFFFE
:105340001051FDFF2856FDFF9256FDFF5A4C494271
:105350002066696E697368207261773D0000000005
:105360005A4C49422066696E697368206572726F93
:10537000720D0A005A4C49422066656564206572C8
:10538000726F720D0A000000101112000807090662
:105390000A050B040C030D020E010F0000000000B3
:1053A00001010202030304040505060607070808B5
:1053B00009090A0A0B0B0C0C0D0D0000010002007C
:1053C000030004000500070009000D00110019008A
:1053D00021003100410061008100C1000101810113
:1053E00001020103010401060108010C011001186A
:1053F00001200130014001600000000000000000B9
:105400000101010102020202030303030404040474
:105410000505050500000000030004000500060066
:105420000700080009000A000B000D000F00110022
:10543000130017001B001F0023002B0033003B004C
:1054400043005300630073008300A300C300E30024
:1054500002010000464C41534820626C6F636B3D73
:1054600000000000464C41534820757365643D00C0
:10547000464C41534820696E6465783D0000000049
:10548000464C415348206572617365416464723DC6
:1054900000000000464C41534820626567696E2D4C
:1054A000706F733D00000000464C41534820626518
:1054B00067696E2D627974653D000000464C41536A
:1054C00048206163746976653D000000494D4720BE
:1054D0005241573D00000000494D472046533D00D2
:1054E000494D472046423D00494D472044413D003B
:1054F000542046573D000000542046493D0000001E
:1055000054204645543D0000542046503D000000C4
:10551000542046563D000000542056433D000000F4
:10552000542057503D000000542046453D000000E7
:10553000542045413D0000005420455A3D000000E4
:10554000542046523D000000542052503D000000BF
:10555000542046443D000000494D472053573D56D6
:1055600032370D0A00000000464C41534820777244
:105570006974652D6661696C0D0A0000464C4153E3
:105580004820666565642D6661696C0D0A0000003F
:10559000464C41534820626567696E2D626C616EAE
:1055A0006B2D6661696C0D0A00000000464C41538A
:1055B000482065726173652D6661696C0D0A000093
:1055C000464C41534820696E6465782D6661696C6C
:1055D0000D0A0000494D472053573D5632380D0AF9
:1055E00000000000E663FDFFFA63FDFF0C64FDFFB1
:1055F0001E64FDFF3064FDFF5E64FDFF6A64FDFF15
:105600007064FDFF7664FDFF7C64FDFF4348353820
:10561000355F424C455F4C49425F56312E340000A5
:10562000686561642066696C65206572726F722EB0
:105630002E2E00004C494220696E697420657272FA
:105640006F7220636F64653A202578202E2E2E0A13
:1056500000000000464C4153482073746174757318
:105660003D000000464C41534820636F756E743D09
:1056700000000000464C415348206C696D69743D40
:1056800000000000464C4153482053523D000000AA
:10569000464C41534820706F7765724D733D000052
:1056A000464C415348206A656465633D0000000034
:1056B000464C4153482072656164794D733D00004A
:1056C000464C4153482072656164792D74696D655B
:1056D0006F75740D0A000000464C415348207761F5
:1056E00069742D74696D656F75740D0A0000000092
:1056F000464C4153482057454C206661696C0D0A61
:10570000000000004641554C5420627573792D739A
:1057100074617475730D0A0054204550445F504FF6
:105720005745523D0000000054204445565F494E05
:1057300049543D0054204445565F5057523D0000A7
:1057400054204550445F494E49543D005420574130
:10575000495432303D000000494D472053573D56D3
:1057600032340D0A00000000494D4720646F6E6519
:105770000D0A00004641554C542065706420746148
:10578000726765743D0000004641554C54206570B9
:105790006420726177413D004641554C542065704C
:1057A0006420726177423D004641554C542065703B
:1057B0006420627573792D74696D656F75740D0A57
:1057C000000000004641554C54206570642062750D
:1057D00073792D756E737570706F727465640D0AD0
:1057E000000000004641554C5420657064206275ED
:1057F00073792D756E737570706F727465640D0AB0
:10580000000000004641554C5420696D67206772C6
:105810006F75703D000000004641554C5420696D85
:105820006720726F6F6D3D0054205245463D000069
:105830005420414C4C3D0000542057524954453DA2
:1058400000000000542053494E4B4E3D0000000024
:10585000542053494E4B423D00000000494D472023
:1058600053573D5632340D0A000000004641554C56
:105870005420696D67207265706C61793B206E6F92
:1058800020726566726573680D0A00004641554CCA
:105890005420696D6720707265736176652D6D693E
:1058A0007373696E670D0A004641554C5420696D4B
:1058B0006720666C6173682D6275666665722D611E
:1058C0006C6C6F630D0A000043656E7472616C004E
:1058D00000000000000000000000000000000000C8
:1058E0004641554C5420626C652073746174652D7B
:1058F000636F64653D0000004641554C5420626C66
:1059000065207374617475733D0000004641554C09
:1059100054206F7461207374617475733D000000CE
:105920004641554C54206F74612065726173652D3A
:10593000616464726573733D000000004641554C1C
:1059400054206F746120636F6D6D616E643D000063
:10595000F294FDFF2295FDFFF294FDFF2295FDFFDD
:105960002295FDFF2295FDFF2295FDFF2295FDFF6B
:105970002295FDFF2295FDFF2295FDFF2295FDFF5B
:105980002295FDFF2295FDFF2295FDFF2295FDFF4B
:10599000F092FDFF7093FDFF2494FDFF9894FDFFAE
:1059A000CE94FDFF4641554C54206F746120636FC7
:1059B0006D6D616E640D0A004641554C54206F7444
:1059C0006120726573756C740D0A00004641554C78
:1059D00054206F7461207665726966790D0A000043
:1059E0004641554C54206F74612065726173652D7A
:1059F00072616E67650D0A004641554C54206F7404
:105A0000612070726F6772616D0D0A004641554CDE
:105A10005420626C652073746174650D0A00000087
:105A20004641554C5420626C6520646973636F6E07
:105A30006E65637420726571756573740D0A00007C
:105A40004641554C54206F74612065726173650D39
:105A50000A0000001097FDFF2097FDFF2497FDFF2F
:105A60000C97FDFF2897FDFF2C97FDFF4641554CF5
:105A7000542065706420627573792D74696D656F4B
:105A800075740D0A0000000030313233343536377A
:105A9000383941424344454600000000B8A1FAA00D
:105AA00032A0F69F889F609F429FE89E989E3E9EF0
:105AB000029EDA9D9E9D8A9D769D659D589D309D96
:105AC000129DFE9CE09CC29CA49C909C689C409C67
:105AD0002C9C0E9CF09BC89BAA9B769B399BFC9AA6
:105AE000BF9A829A459A089ACB998E99519914999E
:105AF000D7989A985D982098E397A69769972C97DE
:105B00000B97EA96C996A896879666964596249628
:105B10000396E295A59568952B95EE94B1947494AF
:105B20003794FA93BD9380931293A4923692C891BE
:105B30005A91EC907E901090A28F348FC08E4C8E34
:105B4000D88D648DF08C7C8C088C948B208BAC8AE7
:105B5000358ABE894789D0885988E2876B87F48661
:105B60007D860686E885000082C6FDFF02C7FDFF30
:105B700002C7FDFFD6C6FDFF20C6FDFF20C6FDFF04
:105B800020C6FDFF20C6FDFF20C6FDFFE0C6FDFFCD
:105B9000F8C6FDFF1CC9FDFF3CC9FDFFD8C5FDFFD0
:105BA000D8C5FDFF44C9FDFFD8C5FDFFD8C5FDFF21
:105BB000D8C5FDFFD8C5FDFF30C9FDFF98C9FDFF61
:105BC0009EC9FDFFD8C5FDFFD8C5FDFFBEC9FDFFBD
:105BD000C6C9FDFFCEC9FDFFE4C9FDFFD8C5FDFF65
:105BE000D8C5FDFFD8C5FDFFD8C5FDFFD8C5FDFF51
:105BF000D8C5FDFFD8C5FDFFD8C5FDFFD8C5FDFF41
:105C0000D8C5FDFFD8C5FDFFD8C5FDFFD8C5FDFF30
:105C1000D8C5FDFFD8C5FDFFD8C5FDFFAAC9FDFF4A
:105C2000B2C9FDFFF8C9FDFFD8C5FDFFD8C5FDFF0E
:105C300096C8FDFFC0D6FDFF3AD6FDFFB8D6FDFFE2
:105C400036D6FDFF3AD6FDFFACD6FDFF3AD6FDFFB6
:105C50003AD6FDFF3AD6FDFF3AD6FDFF3AD6FDFF14
:105C6000C4D6FDFF3AD6FDFFACD6FDFFE8DDFDFF53
:105C7000DEDDFDFFE4DDFDFF04DEFDFF08DEFDFFF0
:105C80000CDEFDFF1CE5FDFFB0E5FDFFE0E5FDFFDF
:105C900066E6FDFF4AE5FDFF4AE5FDFF4AE5FDFF3B
:105CA0004AE5FDFF76E6FDFF7EE6FDFFB0E6FDFF7F
:105CB00008E8FDFF38E8FDFF24E8FDFF42E8FDFFAE
:105CC00020EBFDFFBCEBFDFFCAEBFDFFD8EBFDFFBA
:105CD000F0EBFDFF00ECFDFFE8EAFDFF0EECFDFF41
:105CE00022ECFDFF84EFFDFF9EEFFDFF18F0FDFFAE
:105CF000AEEFFDFF18F0FDFF18F0FDFF18F0FDFFFF
:105D0000D0EFFDFF18F0FDFF18F0FDFF18F0FDFFCC
:105D1000F4EFFDFF82F0FDFF76F0FDFF82F0FDFF66
:105D200072F0FDFF82F0FDFF72F0FDFF82F0FDFFDB
:105D300072F0FDFF82F0FDFF7AF0FDFF82F0FDFFC3
:105D400072F0FDFF82F0FDFF82F0FDFF72F0FDFFBB
:105D500072F0FDFF72F0FDFF7EF0FDFF7EF0FDFFB3
:105D600072F0FDFF72F0FDFF72F0FDFF82F0FDFFAB
:105D700072F0FDFF82F0FDFF5614FEFF8E14FEFF51
:105D8000AA14FEFFB814FEFF6E20FEFFF61FFEFFF2
:105D9000A020FEFFF61FFEFFAC20FEFFF61FFEFF59
:105DA0006621FEFFF61FFEFF0022FEFFF61FFEFF2C
:105DB0000C22FEFFF61FFEFF1822FEFFF61FFEFF5D
:105DC000F61FFEFFF61FFEFF2822FEFFF61FFEFF56
:105DD0003E22FEFF10FD02009A5F010044FD02001A
:105DE000BE6B0100B4FD0200906B01005EFE02007C
:105DF000626B0100E8FE02004076010032FF020003
:105E0000407601006AFF0200A27501005EFE0200FA
:105E1000166B0100020003001E6E0100000000006E
:105E2000000000003C000300C26E0100A00003005F
:105E3000126001006046FEFF6046FEFFE246FEFF84
:105E4000E246FEFF8246FEFFE246FEFFB646FEFF4A
:105E5000E246FEFFCA46FEFFE246FEFFD246FEFFD6
:105E6000DA46FEFFE246FEFF8A46FEFF010102011E
:105E70000201010201010404060104010101010102
:105E800004010201010000000101020102010102FE
:105E900001020404060104010101010104040201DC
:105EA000040000002053FEFF3453FEFF7253FEFF38
:105EB0008C54FEFF9454FEFFD454FEFF0C55FEFF9D
:105EC0004655FEFF7855FEFF2E54FEFFAC55FEFFF3
:105ED0001C56FEFF8061FEFF8067FEFF2A64FEFF06
:105EE0008A64FEFF6067FEFF9A65FEFFDA65FEFFCB
:105EF0001466FEFF4A66FEFF8466FEFF8067FEFFB3
:105F0000C666FEFF3867FEFF0000000000000000CC
:105F10000000000000000087070B0D1113171D1F64
:105F200025292B2F353B3D4347494F535961FF00EE
:105F3000009AFEFF8698FEFF0C94FEFF8698FEFFF7
:105F4000009AFEFF9294FEFF1CC4FEFF16C4FEFFE3
:105F5000B8C2FEFFB8C2FEFFB8C2FEFFB8C2FEFF65
:105F6000B8C2FEFFB8C2FEFFB8C2FEFFB8C2FEFF55
:105F700064C3FEFFB8C2FEFFB8C2FEFFB8C2FEFF98
:105F8000DAC3FEFFDAC3FEFFBAC3FEFFB8C2FEFFEC
:105F9000B8C2FEFFB8C2FEFF6AC4FEFFB8C2FEFF71
:105FA000B8C2FEFFB8C2FEFFB8C2FEFFB8C2FEFF15
:105FB0007CC0FEFFB8C2FEFFB8C2FEFFB8C2FEFF43
:105FC00070C4FEFF90C0FEFF90C0FEFFCEC3FEFF78
:105FD0007AC3FEFF34C2FEFF34C2FEFF34C2FEFFAE
:105FE00034C2FEFFB2C3FEFF34C2FEFFCEC3FEFFCB
:105FF00034C2FEFF34C2FEFFD0BFFEFF9CCFFEFFC7
:1060000088CFFEFF84CFFEFF84CFFEFF84CFFEFF4C
:1060100084CFFEFFAACFFEFF84CFFEFFB2CFFEFFEC
:1060200084CFFEFF84CFFEFF84CFFEFFD6CFFEFFDE
:1060300084CFFEFF84CFFEFF84CFFEFF84CFFEFF20
:10604000E6CFFEFF92E2FEFFACE2FEFFACE2FEFF17
:10605000B0E2FEFFACE2FEFFE6E2FEFFACE2FEFFD6
:106060000AE3FEFFACE2FEFFACE2FEFFACE2FEFFA5
:106070001EE3FEFFACE2FEFFACE2FEFF32E3FEFFFA
:10608000ACE2FEFFACE2FEFFACE2FEFFACE2FEFFE4
:10609000ACE2FEFF46E3FEFFE44002009051020046
:1060A0008E410200E4510200AC4102002242020093
:1060B00048420200824202000E5102008E5002004D
:1060C000A6430200CA43020030440200762E0200BA
:1060D000065002002A4F020004550200162F02004B
:1060E000C24402000C450200B054020052540200A7
:1060F00036450200E84602004A480200C248020053
:106100000E300200D8550200844D0200E44802001F
:106110001A490200DC550200E0550200E455020075
:10612000E85502001053020056490200204A0200BE
:10613000EC55020000550200CA4A02004C4D020014
:10614000704B0200B85F02001457020008560200AC
:106150004E5D0200205D0200F45C0200BA5C0200A9
:106160008E5C02008C5D0200905D02007E58020091
:10617000945D0200505C0200985D02002E5C0200FB
:106180009C5D0200EE5B0200DE5B0200A85B020089
:10619000A05D0200885B0200A45D0200A85D020011
:1061A000AC5D0200265B02000C5602002056020085
:1061B000B05D0200B45D0200B85D0200BC5D02008B
:1061C000C05D0200CC5A0200565A0200C45D0200B3
:1061D000C85D0200CC5D0200D05D0200EE590200F5
:1061E000845D0200885D02009A570200B2560200E8
:1061F0005056020024560200B404FFFFD004FFFFF3
:106200004605FFFFBA04FFFF4A05FFFFBA04FFFF80
:106210004E05FFFFDA26FFFFF626FFFF5226FFFF9F
:106220005226FFFF5226FFFF3227FFFF3227FFFFD4
:106230005226FFFF5226FFFF5226FFFF5226FFFF86
:106240003E28FFFF5226FFFF5226FFFF5226FFFF88
:106250005226FFFF5226FFFFC224FFFF5226FFFFF8
:106260005226FFFF5226FFFF4428FFFFD824FFFFDE
:106270005226FFFF4428FFFF5226FFFF5228FFFF50
:10628000E026FFFFE625FFFFEC26FFFFE625FFFFE8
:10629000E625FFFFE625FFFF2C27FFFFE625FFFF92
:1062A000E625FFFFE625FFFF8627FFFFE625FFFF28
:1062B000EC26FFFFE625FFFFE625FFFF5427FFFF43
:1062C000E625FFFFE625FFFFE625FFFFA627FFFFE8
:1062D000E625FFFFE625FFFF1A24FFFFE625FFFF67
:1062E000E625FFFFE625FFFFE625FFFF0227FFFF6C
:1062F000E625FFFF2627FFFF43483538355F424C30
:10630000455F4C49425F56312E342E340000000068
:106310004E4EFFFF8C4EFFFFA04EFFFF384EFFFF9B
:10632000A84EFFFFB04EFFFFB64EFFFFBC4EFFFF73
:10633000A077FFFFB277FFFFBC77FFFFC277FFFFB9
:10634000C877FFFFDE77FFFFE677FFFFEC77FFFF01
:10635000F477FFFFFA77FFFF0078FFFF0678FFFF73
:106360000C78FFFF1878FFFF1E78FFFF2478FFFFEF
:106370006678FFFF2A78FFFF3078FFFF3678FFFF4F
:106380003C78FFFF4878FFFF6678FFFF6678FFFFE5
:106390006678FFFF6678FFFF6678FFFF6678FFFF8D
:1063A0006678FFFF6678FFFF5078FFFF4278FFFFB7
:1063B0006678FFFF5678FFFF6078FFFFF67DFFFFEE
:1063C0000E7EFFFF367EFFFF4C7EFFFF607EFFFFED
:1063D0007E7EFFFF9C7EFFFFAC7EFFFFC87EFFFF3F
:1063E000DE7EFFFF007FFFFF167FFFFF2A7FFFFF9C
:1063F000407FFFFF547FFFFF647FFFFF807FFFFF31
:106400002081FFFF3481FFFF4A81FFFF6881FFFF8A
:10641000D082FFFFA881FFFFA27FFFFFBE81FFFFA9
:10642000CE81FFFFFA7FFFFFFA7FFFFFB880FFFFFB
:10643000C280FFFFD681FFFF8481FFFFE681FFFF5F
:106440005E82FFFFA082FFFFFC84FFFFCC82FFFF84
:10645000CC82FFFF5884FFFF4483FFFF9682FFFF3B
:10646000F484FFFFCC82FFFF0484FFFF8E84FFFFD4
:10647000CC82FFFFCC82FFFFCC82FFFFCC82FFFFEC
:10648000CC82FFFFCC82FFFFCC82FFFFCC82FFFFDC
:10649000CC82FFFFCC82FFFF0883FFFF7686FFFFE1
:1064A0003487FFFF0E87FFFF6A87FFFF6A87FFFFC2
:1064B000F887FFFF3688FFFF3487FFFF3487FFFF31
:1064C0003487FFFF3487FFFF3487FFFF3487FFFFE8
:1064D0003487FFFF3487FFFF3487FFFF3487FFFFD8
:1064E0003487FFFF3487FFFF5688FFFF5688FFFF82
:1064F0003487FFFF3487FFFF3487FFFF3487FFFFB8
:106500003487FFFF3487FFFFA888FFFFA888FFFFBD
:10651000BC8CFFFFC48CFFFFE48CFFFFF08CFFFFFF
:10652000F88CFFFF008DFFFF068DFFFF0E8DFFFF34
:10653000168DFFFF1C8DFFFF228DFFFF2A8DFFFFB1
:10654000308DFFFF368DFFFF3C8DFFFF748DFFFF09
:10655000748DFFFF428DFFFF4A8DFFFF508DFFFFBF
:10656000568DFFFF5C8DFFFF648DFFFF6E8DFFFF7B
:10657000508DFFFF6C8DFFFF808DFFFF6C8FFFFF45
:10658000988DFFFFEC8DFFFF008EFFFF148EFFFF45
:106590002A8EFFFF408EFFFF508EFFFF668EFFFFAB
:1065A0006C8FFFFF7C8EFFFF6C8FFFFF6C8FFFFFF8
:1065B0008C8EFFFFAE8EFFFFD08EFFFFE28EFFFFBF
:1065C000EE8EFFFF008FFFFF3C8FFFFFFB349B5FD2
:1065D00080000080001000000000000000010202A6
:1065E000030303030404040404040404050505056B
:1065F0000505050505050505050505050606060647
:10660000060606060606060606060606060606062A
:106610000606060606060606060606060707070716
:1066200007070707070707070707070707070707FA
:1066300007070707070707070707070707070707EA
:1066400007070707070707070707070707070707DA
:1066500007070707070707070707070708080808C6
:1066600008080808080808080808080808080808AA
:10667000080808080808080808080808080808089A
:10668000080808080808080808080808080808088A
:10669000080808080808080808080808080808087A
:1066A000080808080808080808080808080808086A
:1066B000080808080808080808080808080808085A
:1066C000080808080808080808080808080808084A
:1066D000080808080808080808080808000000005A
:1066E00000000000000000000000000000000000AA
:1066F000000000000000000000000000000000009A
:106700000000000000000000000000000000000089
:106710000000000000000000000000000000000079
:106720000000000000000000000000000000000069
:10673000000000000000000000000000232D302BAE
:1067400020000000686C4C00656667454647000005
:106750003031323334353637383941424344454697
:106760000000000030313233343536373839616259
:10677000636465660000000096DAFFFFACDAFFFF95
:106780006CDAFFFF6CDAFFFF6CDAFFFF6CDAFFFFF9
:10679000ACDAFFFF6CDAFFFF6CDAFFFF6CDAFFFFA9
:1067A0006CDAFFFF12DCFFFF14DBFFFFAADBFFFF49
:1067B0006CDAFFFF6CDAFFFF42DCFFFF6CDAFFFFF1
:1067C00014DBFFFF6CDAFFFF6CDAFFFFB2DBFFFFC9
:1067D00070710000EC70000000000000020000007A
:1067E0005C51002001000000E05000200200000089
:1067F00050510020010000007C50002002000000E9
:10680000E8500020030000007A5100200200000040
:106810004C51002001000000884B00204F544120C3
:106820004368616E6E656C00020106110641598B6A
:106830007B997407A3C149134400FF126B00000049
:1068400017095425324637383244344141444641D1
:106850005331464040414530E4860000628B0000E1
:1068600000000000020000005C5100200100000058
:10687000F0500020020000005051002001000000F4
:10688000915000201000000044510300000000005F
:10689000000000000200000048510020030000003A
:1068A000AC56002002000000505100200100000002
:1068B000905000201000000034510300010000003F
:1068C0000000000002000000505100200100000004
:1068D0008F5000201000000024510300020000002F
:1068E00000000000020000005051002001000000E4
:1068F0008E50002010000000145103000000000022
:1069000000000000020000004851002003000000C9
:106910009C560020020000005051002001000000A1
:106920008D50002010000000045103000200000000
:106930000000000002000000505100200100000093
:106940008C50002010000000F450030000000000F4
:106950000000000002000000485100200300000079
:106960008C56002002000000505100200100000061
:106970008B50002010000000E450030002000000D3
:106980000000000002000000505100200100000043
:106990008A50002010000000D450030002000000C4
:1069A0000000000002000000505100200100000023
:1069B0008950002010000000C450030001000000B6
:1069C0000000000002000000505100200300000001
:1069D0008850002010000000B450030003000000A5
:1069E00000000000020000005051002003000000E1
:1069F0008750002010000000A45003000300000096
:106A000000000000020000005051002003000000C0
:106A10008650002010000000945003000300000086
:106A200000000000020000004851002003000000A8
:106A30007C560020020000005051002001000000A0
:106A40008550002010000000845003000200000068
:106A50000000000002000000505100200300000070
:106A60008450002010000000745003000300000058
:106A70000000000086B80000EEB700000000000033
:106A8000020000005C51002001000000F8500020CE
:106A9000020000005051002001000000965000202C
:106AA000020000001051002003000000FF510020F0
:106AB000020000004C510020010000004C4F00205B
:106AC00002000000505100200100000095500020FD
:106AD000020000000C51002001000000FE510020C7
:106AE000020000004C51002001000000384F00203F
:106AF00002000000505100200100000094500020CE
:106B0000020000000851002002000000FD5100209A
:106B1000020000004C51002001000000244F002022
:106B2000020000005051002001000000935000209E
:106B3000020000000451002000000000FC51002071
:106B4000020000004851002003000000F85100201E
:106B5000020000004C51002001000000104F0020F6
:106B6000020000005051002001000000925000205F
:106B7000020000000051002004000000F05100203D
:106B8000020000004C51002001000000FC4E0020DB
:106B900043686172616374657269737469632035F7
:106BA0000000000043686172616374657269737408
:106BB000696320340000000043686172616374659A
:106BC0007269737469632033000000004368617266
:106BD0006163746572697374696320320000000038
:106BE00043686172616374657269737469632031AB
:106BF00000000000F0F1F2F3F4F5F6F7F8F9FAFB13
:106C0000FCFDFEFFE894FCFEE7683F737015F4900E
:106C10000E51D2E0FEDC0000FCDC000000000000B1
:106C2000F2DC0000F2DE0000F4DC00004AE00000CC
:106C300046E000007AE10000544458655461626CFB
:106C4000652D636172643832370000000000000077
:106C5000204401003C45010000000000000000004D
:106C60006E61010000000000020000005C51002085
:106C700001000000C450002002000000505100201C
:106C800001000000D150002002000000245100202B
:106C90000000000000000000020000004851002039
:106CA0000300000000000000000000001C6703005B
:106CB000FC660300DC66030000000000000000002A
:106CC00000000000000000000000000000000000C4
:106CD00000000000000000000000000000000000B4
:106CE00000000000000000000000000000000000A4
:106CF0000000000000000000000000000000000094
:106D0000000000000000000000000000F0F601207C
:106D10000E000000010000000E081C0E0A02080808
:106D20001008100C0210021008020A0148E00000CE
:106D3000CAEE00005EE10000FF010000C3812F01E8
:106D400002020201020000005000A0000000E8035F
:106D5000020802020202000002000000605100204E
:106D60000100FFFFFF2001010102100501010000E9
:106D70001450002002000000EC500020E1FE000052
:106D8000E0FE00001000000054510300020000006B
:106D900014510020E5FF0000E4FF0000E3FF0000C5
:106DA000E2FF0000E1FF0000E0FF0000FFFFFFFF47
:106DB0000200000064510020052A0000882B00001A
:106DC000A62A0000C92A0000042A0000032A0000A5
:106DD000022A0000012A0000002A00000229000007
:106DE00001290000032800000228000001280000FB
:106DF00000280000011800000018000014500020B6
:0400000300001000E9
:00000001FF
